Workbook

Sheet takvim
A1: f | C1: TARİH | D1: Randevu Alan | E1: ID | F1: RESTORAN | G1: SAAT | H1: İLÇE / MAHALLE | I1: YETKİLİ KİŞİ / TELEFON | J1: ADRES | K1: Notlar | L1: Fotoğraf Adeti | M1: Toplam ürün | N1: Şubeli | O1: İptal
C2: 44285
B3: Çukurova | N3: FALSE | O3: FALSE
A4: =E4 -> 5ff302a74f55ab6f4e9ea62f | C4: Nazmi Okbaz | D4: Özlem arslan | E4: 5ff302a74f55ab6f4e9ea62f | F4: BIG-S Burger, Çukurova (Güzelyalı Mah.) | G4: 0.45833333 | H4: Çukurova Mahfesığmaz | I4: Süleyman 5426752656 | J4: güzelyalı mah turgut özal blv. aksa gaz karşısı sturbacks yanı kenanaoğlu apt altı çukurova adana | K4: Kendi ajanslarına çektirmişler | M4: =VLOOKUP(E4,'hedef liste'!A:I,8,false) -> 46 | N4: FALSE | O4: FALSE
A5: =E5 -> 604538b0075e9b5c86b52986 | C5: Nazmi Okbaz | D5: Özlem arslan | E5: 604538b0075e9b5c86b52986 | F5: Hataylım Döner & Tantuni (Yüzüncü Yıl Mah.) | G5: 0.52083333 | H5: Çukurova Yüzüncüyıl | I5: mehmet bey 5442582307 | J5: hacı bektaş veli bulv. no 77 | M5: =VLOOKUP(E5,'hedef liste'!A:I,8,false) -> 9 | N5: FALSE | O5: FALSE
A6: =E6 -> 600605867441fc14ff7f7c0a | C6: Nazmi Okbaz | D6: Özlem arslan | E6: 600605867441fc14ff7f7c0a | F6: Fırat Cafe Pandora,Yurt Mah. - Turgut Özal Blv.) | G6: 15:00 | H6: Çukurova Yurt | I6: ferhat bey 3222398595 | J6: yurt mah turgut özal bulvarı no:178 / a çukurova adana | M6: =VLOOKUP(E6,'hedef liste'!A:I,8,false) -> 7 | N6: FALSE | O6: FALSE
A7: =E7 -> 603a1b3f717836115614220d | C7: Nazmi Okbaz | D7: Özlem arslan | E7: 603a1b3f717836115614220d | F7: Antakya Express Döner (Belediyeevleri Mah.) | G7: 17:00 | H7: Çukurova Belediye Evleri | I7: Adem bey 5316968522 | J7: belediye evleri mh hilmi küklü blv yasemen apt no 65 - 2 A çukurova adana | M7: =VLOOKUP(E7,'hedef liste'!A:I,8,false) -> 19 | N7: FALSE | O7: FALSE
A8: =E8 -> 60155dca998c13f968875764 | C8: Nazmi Okbaz | D8: Beyza gülşah | E8: 60155dca998c13f968875764 | F8: Fa’ Mira Pasta & Cafe, Çukurova (Belediyeevleri Mah.) | G8: 18.30 | H8: Çukurova Belediye Evleri | I8: Hakanbey/5530893212 | J8: belediye evleri mah turgut özal bulv no 279 a çukurova adana | N8: FALSE | O8: FALSE
A9: =E9 | C9: 44286
A10: =E10 | B10: Çukurova | N10: FALSE | O10: FALSE
A11: =E11 | M11: =VLOOKUP(E11,'hedef liste'!A:I,8,false) -> #N/A | N11: FALSE | O11: FALSE
A12: =E12 -> 5feb8f7237c1dbf256558540 | C12: Nazmi Okbaz | D12: Özlem arslan | E12: 5feb8f7237c1dbf256558540 | F12: The Zula, Çukurova (Mahfesığmaz Mah. Turgut Özal Blv.) | G12: 0.54166667 | H12: çukurova Güzelyalı | I12: aykut bey 3222334477 | J12: mahfesıgmaz mah turgut ozal bulvarı no:35/f çukuova adana | M12: =VLOOKUP(E12,'hedef liste'!A:I,8,false) -> #N/A | N12: FALSE | O12: FALSE
A13: =E13 -> 5ff39882ee0f72652ca8f3a6 | C13: Nazmi Okbaz | D13: Beyza gülşah | E13: 5ff39882ee0f72652ca8f3a6 | F13: Antakyam Döner, Çukurova (Mahfesığmaz Mah.) | G13: 15:00 | H13: çukurova Güzelyalı | J13: mahfesığmaz mah turgut özal bulv abbas bilir apt b blok no:59/a çukurova adana | M13: =VLOOKUP(E13,'hedef liste'!A:I,8,false) -> 26 | N13: FALSE | O13: FALSE
A14: =E14 -> 5ffafe0efd88ae2c276c1a8b | C14: Nazmi Okbaz | D14: Özlem arslan | E14: 5ffafe0efd88ae2c276c1a8b | F14: Ortaköy Çorbacısı, Çukurova (Güzelyalı Mah. - Turgut Özal Blv.) | G14: 14:00 | H14: çukurova Güzelyalı | I14: culyan bey 05368201805 | J14: mahfesığmaz mah turgut özal bulv parlak gümüş apt no:111/a çukurova adana | K14: İPTAL SESBİ İÇİN SONRA ARA | M14: =VLOOKUP(E14,'hedef liste'!A:I,8,false) -> #N/A | N14: FALSE | O14: FALSE
A15: =E15 -> 600478050d6f591a059c2f51 | C15: Nazmi Okbaz | D15: Özlem arslan | E15: 600478050d6f591a059c2f51 | F15: Ciğerci Ulaş,(Güzelyalı Mah. - Turgut Özal Blv.) | G15: 0.6875 | H15: çukurova Güzelyalı | I15: hüseyin bey 3222328486 | J15: güzelyalı mah turgut özal bulv akçeli 1 apt no:74/a çukurova adana | M15: =VLOOKUP(E15,'hedef liste'!A:I,8,false) -> 16 | N15: FALSE | O15: FALSE
A16: =E16 | C16: 44287
A17: =E17 | B17: Çukurova | N17: FALSE | O17: FALSE
A18: =E18 | C18: Nazmi Okbaz | G18: 0.47916667 | M18: =VLOOKUP(E18,'hedef liste'!A:I,8,false) -> #N/A | N18: FALSE | O18: FALSE
A19: =E19 -> 60093cc8e13dbd0db25c79f9 | C19: Nazmi Okbaz | D19: Özlem arslan | E19: 60093cc8e13dbd0db25c79f9 | F19: Aşık Döner, Çukurova (Belediyeevleri Mah.) | G19: 0.54166667 | H19: Çukurova Belediye Evleri | I19: yalçın bey/3227770303 | J19: belediye evleri mah 84081 sk no 35/a-1 cukurova adana | M19: =VLOOKUP(E19,'hedef liste'!A:I,8,false) -> 4 | N19: FALSE | O19: FALSE
A20: =E20 -> 5fe9001ba415e906823c1038 | C20: Nazmi Okbaz | D20: Beyza gülşah | E20: 5fe9001ba415e906823c1038 | F20: Tuil Cafe & Patiserrie (Yüzüncü Yıl Mah.) | G20: 15:00 | H20: Çukurova/yüzüncüyıl | I20: Oğuzhan bey/3222660044/5079342078 | J20: yüzüncü yıl mah fazlı meto bulv baysallar apt 01360 çukurova adana | M20: =VLOOKUP(E20,'hedef liste'!A:I,8,false) -> 39 | N20: FALSE | O20: FALSE
A21: =E21 -> 5fe5d2ed87a63b1f653166d1 | C21: Nazmi Okbaz | D21: Beyza gülşah | E21: 5fe5d2ed87a63b1f653166d1 | F21: By Tombiş Cafe, Çukurova (Huzurevleri Mah.) | G21: 17:00 | H21: Çukurova/huzurevler | I21: 5393857711 | J21: huzurevleri mah 77215 sok no6/d çukurova adana | N21: FALSE | O21: FALSE
A22: =E22 | N22: FALSE | O22: FALSE
A23: =E23 | C23: 44288
A24: =E24 -> ALINMAYACAK | B24: Çukurova | E24: ALINMAYACAK | N24: FALSE | O24: FALSE
A25: =E25 | C25: Nazmi Okbaz | M25: =VLOOKUP(E25,'hedef liste'!A:I,8,false) -> #N/A | N25: FALSE | O25: FALSE
A26: =E26 | C26: Nazmi Okbaz | M26: =VLOOKUP(E26,'hedef liste'!A:I,8,false) -> #N/A | N26: FALSE | O26: FALSE
A27: =E27 | C27: Nazmi Okbaz | M27: =VLOOKUP(E27,'hedef liste'!A:I,8,false) -> #N/A | N27: FALSE | O27: FALSE
A28: =E28 | C28: Nazmi Okbaz | M28: =VLOOKUP(E28,'hedef liste'!A:I,8,false) -> #N/A | N28: FALSE | O28: FALSE
A29: =E29 | N29: FALSE | O29: FALSE
A30: =E30 | C30: 44291
A31: =E31 | B31: Çukurova | N31: FALSE | O31: FALSE
A32: =E32 | C32: Berat Altunkaya | D32: Ezgi Turan | G32: 0.45833333 | M32: =VLOOKUP(E32,'hedef liste'!A:I,8,false) -> #N/A | N32: FALSE | O32: FALSE
A33: =E33 -> 604c7b12f1352d7b0d49cd68 | C33: Berat Altunkaya | D33: Ezgi Turan | E33: 604c7b12f1352d7b0d49cd68 | F33: @'li Burger, Çukurova (Güzelyalı Mah. - Turgut Özal Blv.) | G33: 0.54166667 | H33: Çukurova Güzelyalı | I33: ozan ulus /5467875437 | J33: GÜZELYALI MAH. TURGUT ÖZAL BLV. NO: 52 /2B ÇUKUROVA/ ADANA | M33: =VLOOKUP(E33,'hedef liste'!A:I,8,false) -> #N/A | N33: FALSE | O33: FALSE
A34: =E34 -> 600456bc3368d68b8aeb1782 | C34: Berat Altunkaya | D34: Ezgi Turan | E34: 600456bc3368d68b8aeb1782 | F34: Best Burger,(Güzelyalı Mah. - Turgut Özal Blv.) | G34: 15:00 | H34: Çukurova /Güzelyalı | I34: rahmetullah özdemir/3222349404 | J34: güzelyalı mah 81106 sok sefa parlak apt no:1/a çukurova adana | M34: =VLOOKUP(E34,'hedef liste'!A:I,8,false) -> 21 | N34: FALSE | O34: FALSE
A35: =E35 -> 60146096f179e4d84c264942 | C35: Berat Altunkaya | D35: Ezgi Turan | E35: 60146096f179e4d84c264942 | F35: Tutku Tantuni, Çukurova (Güzelyalı Mah.) | G35: 17:00 | H35: Çukurova Güzelyalı | I35: Şerife Er/3222342020 | J35: Güzelyalı mah.Turgut Özal Bulvarı.Dermancan Tıp Merkezi Arkası,Talıcı Zeki karşısı çukurova adana | M35: =VLOOKUP(E35,'hedef liste'!A:I,8,false) -> 4 | N35: FALSE | O35: FALSE
A36: =E36 | N36: FALSE | O36: FALSE
A37: =E37 | C37: 44292
A38: =E38 | B38: Çukurova | N38: FALSE | O38: FALSE
A39: =E39 -> 6033a76217a3766376370395 | C39: Berat Altunkaya | D39: Özlem arslan | E39: 6033a76217a3766376370395 | F39: Lale Börekçilik (Yüzüncü Yıl Mah.) | G39: 0.41666667 | H39: Çukurova/yüzüncüyıl | I39: Nusret bey 3222568885/ 5467958513 | J39: yüzüncü yıl mh 85023 sk sudesu apt no 1 iç kapı no 21 çukurova adana | M39: =VLOOKUP(E39,'hedef liste'!A:I,8,false) -> 9 | N39: FALSE | O39: FALSE
A40: =E40 -> 601490c1e3c69cb0618311b6 | C40: Berat Altunkaya | D40: Özlem arslan | E40: 601490c1e3c69cb0618311b6 | F40: Börek House, Çukurova (Yüzüncü Yıl Mah.) | G40: 0.47916667 | H40: Çukurova/yüzüncüyıl | I40: Muzaffer bey 3222563356 | J40: Yüzüncüyıl, Hacı Bektaş Veli Blv No:17, 01170 Çukurova/Adana | M40: =VLOOKUP(E40,'hedef liste'!A:I,8,false) -> 2 | N40: FALSE | O40: FALSE
A41: =E41 -> 6009f627e13dbd3afe5c9a5b | C41: Berat Altunkaya | D41: Özlem arslan | E41: 6009f627e13dbd3afe5c9a5b | F41: Çiğ Köfte Konağı, Çukurova (Yüzüncü Yıl Mah.) | G41: 15:00 | H41: Çukurova/yüzüncüyıl | I41: Ahmet bey 5372746640 | J41: 100. yıl mah fazlı meto bulvarı no:91/d çukurova adana | M41: =VLOOKUP(E41,'hedef liste'!A:I,8,false) -> #N/A | N41: FALSE | O41: FALSE
A42: =E42 -> 602ebc7443eb4cc52cbebb5e | C42: Berat Altunkaya | D42: Beyza gülşah | E42: 602ebc7443eb4cc52cbebb5e | F42: Şeflerin Pizzası , ( Yüzüncü Yıl Mah.) | G42: 17:00 | H42: Çukurova/yüzüncüyıl | I42: mehmet/5347170430- | J42: yüzüncü yıl mah bektaş veli bulv no 171 cukurova adana | K42: BAYRAMDAN SONRA ARANICAK | M42: =VLOOKUP(E42,'hedef liste'!A:I,8,false) -> #N/A | N42: FALSE | O42: FALSE
A43: =E43 | N43: FALSE | O43: FALSE
A44: =E44 | C44: 44293
A45: =E45 | B45: Çukurova | N45: FALSE | O45: FALSE
A46: =E46 -> 5fde78c5d4987aa5cbfb3aaf | C46: Berat Altunkaya | D46: Nazlıcan Dinçer | E46: 5fde78c5d4987aa5cbfb3aaf | F46: Göksel Tantuni, Çukurova (Güzelyalı Mah. - Turgut Özal Blv.) | G46: 0.45833333 | H46: Çukurova Güzelyalı | I46: Hülya öztaş 3222327700 | J46: Güzelyalı Mah T.özal Blv. Dr. İ. Keskin sit. Bblok no:52/c Çukurova Adana | M46: =VLOOKUP(E46,'hedef liste'!A:I,8,false) -> 1 | N46: FALSE | O46: FALSE
A47: =E47 -> 600b05d8fb76e369d92e04c9 | C47: Berat Altunkaya | D47: Nazlıcan Dinçer | E47: 600b05d8fb76e369d92e04c9 | F47: Bake & Brew Pizza, Çukurova (Beyazevler Mah.) | G47: 0.54166667 | H47: Çukurova Beyazevler | I47: Hüseyin Çağlar 3222252601 | J47: Beyazevler mahallesi 80044 sokak no.3 koza apt. Çukurova-Adana | M47: =VLOOKUP(E47,'hedef liste'!A:I,8,false) -> 49 | N47: FALSE | O47: FALSE
A48: =E48 -> 5fe0c327d108fca7a22c00ee | C48: Berat Altunkaya | D48: Özlem arslan | E48: 5fe0c327d108fca7a22c00ee | F48: Cihangir Kebap, Çukurova (Güzelyalı Mah.) | G48: 0.625 | H48: Çukurova Beyazevler | I48: Gökhan bey 05327007525 | J48: güzelyalı mah devlet bahçeli bulv no41 a çukurova adana | L48: çekim istemiyor | M48: =VLOOKUP(E48,'hedef liste'!A:I,8,false) -> 28 | N48: FALSE | O48: FALSE
A49: =E49 -> 5fee11f04f55ab98aa9d8c83 | C49: Berat Altunkaya | D49: Özlem arslan | E49: 5fee11f04f55ab98aa9d8c83 | F49: Makkarnacı, (Barajyolu ) | G49: 0.70833333 | H49: Çukurova Beyazevler | I49: Mehmet bey 3229995465 | J49: Beyazevler, Bülent Angın Blv. No: 132 / A, 01170 Çukurova/Adana | M49: =VLOOKUP(E49,'hedef liste'!A:I,8,false) -> 4 | N49: FALSE | O49: FALSE
A50: =E50 | N50: FALSE | O50: FALSE
A51: =E51 | C51: 44294
A52: =E52 | B52: Çukurova | N52: FALSE | O52: FALSE
A53: =E53 -> 602455c8cb7fffe69f20c0bd | C53: Berat Altunkaya | D53: Mertcan | E53: 602455c8cb7fffe69f20c0bd | F53: Öz Star Börekçilik,(Toros Mah. - Turgut Özal Blv.) | G53: 0.5 | H53: çukurova toros | I53: nevzat kardaş 3222310085 | J53: Turgut Özal bulvarı Toros mh 78192 sk Ahmet işlek Apt no 167 Çukurova Adana | M53: =VLOOKUP(E53,'hedef liste'!A:I,8,false) -> 18 | N53: FALSE | O53: FALSE
A54: =E70 -> 5fde584f3e964ba128e972a4 | C54: Berat Altunkaya | M54: =VLOOKUP(E70,'hedef liste'!A:I,8,false) -> #N/A | N54: FALSE | O54: FALSE
A55: =E55 -> 601561ceaa213a5e4ae355eb | C55: Berat Altunkaya | D55: Mertcan | E55: 601561ceaa213a5e4ae355eb | F55: İkram, Çukurova (Güzelyalı Mah.) | G55: 0.66666667 | H55: çukurova toros | I55: mustafa 5558657375 | J55: Güzelyalı, Turgut Özal Blv. 75. Yıl Kardelen Cad. D:146, 01170 Çukurova/Adana | M55: =VLOOKUP(E55,'hedef liste'!A:I,8,false) -> 18 | N55: FALSE | O55: FALSE
A56: =E56 -> 603761a4dd4ef020f01a16a2 | C56: Berat Altunkaya | D56: Mertcan | E56: 603761a4dd4ef020f01a16a2 | F56: Lale Börekçilik (Merkez, Hayal Park) | G56: 0.625 | H56: çukurova toros | I56: ferhat 3222352028 | J56: toros mah kasım ener blv no 34 a çukurova adana | M56: =VLOOKUP(E56,'hedef liste'!A:I,8,false) -> 7 | N56: FALSE | O56: FALSE
A57: =E57 | D57: Mertcan | N57: FALSE | O57: FALSE
A58: =E58 | C58: 44295
A59: =E59 | B59: Çukurova | N59: FALSE | O59: FALSE
A60: =E60 -> 603f9a63b2bbe6e9e5cca52c | C60: Berat Altunkaya | D60: Emel Yılmaz | E60: 603f9a63b2bbe6e9e5cca52c | F60: Ali Bey , (Mahfesığmaz Mah. - Turgut Özal Blv.) | G60: 0.41666667 | H60: cukurova/mahfesığmaz | I60: Ali akdeniz/5345180408 | J60: Mahfe sığmaz mh.Turgut Özal Bulvarı 115/D ADANA | K60: RAMAZANDAN SONRA | M60: =VLOOKUP(E60,'hedef liste'!A:I,8,false) -> 8 | N60: FALSE | O60: FALSE
A61: =E61 -> 6024151665de17a98adba932 | C61: Berat Altunkaya | D61: Mertcan | E61: 6024151665de17a98adba932 | F61: Çiğ Köfte Deryası, Çukurova (Toros Mah.) | G61: 0.58333333 | H61: çukurova toros | I61: tarık dogan 5464493179 | J61: TOROS MAH. ŞEHİT MUSTAFA ÖZBEK SK. ESEN APT. A BLOK NO: 6 İÇ KAPI NO: 01 ÇUKUROVA/ ADANA | M61: =VLOOKUP(E61,'hedef liste'!A:I,8,false) -> 24 | N61: FALSE | O61: FALSE
A62: =E62 -> 6024544e6fcc5ccaca8337fa | C62: Berat Altunkaya | D62: Emel Yılmaz | E62: 6024544e6fcc5ccaca8337fa | F62: Adana Dürümcüsü, Çukurova (Toros Mah.) | G62: 0.66666667 | H62: Çukurova/toros | I62: sezer bey/5548538274 | J62: TOROS MAH. ALİ SEPİCİ BLV. NO: 7 B ÇUKUROVA/ ADANA | M62: =VLOOKUP(E62,'hedef liste'!A:I,8,false) -> #N/A | N62: FALSE | O62: FALSE
A63: =E63 -> 6005e74ac669c23e299c4c38 | C63: Berat Altunkaya | D63: Emel Yılmaz | E63: 6005e74ac669c23e299c4c38 | F63: Pizza Maya, Çukurova (Toros Mah.) | G63: 0.79166667 | H63: Çukurova/toros | I63: Aynur hanım 3229994049 | J63: toros mah ahmet sapmaz bulv koyuncu apt no:72/c çukurova adana | K63: ramazandan sonra | M63: =VLOOKUP(E63,'hedef liste'!A:I,8,false) -> 162 | N63: FALSE | O63: FALSE
A64: =E64 | N64: FALSE | O64: FALSE
A65: =E65 | C65: 44298
A66: =E66 | B66: Çukurova | N66: FALSE | O66: FALSE
A67: =E67 | C67: Berat Altunkaya | M67: =VLOOKUP(E67,'hedef liste'!A:I,8,false) -> #N/A | N67: FALSE | O67: FALSE
A68: =E68 -> 600601120a79b1ce02e30095 | C68: Berat Altunkaya | D68: Emel Yılmaz | E68: 600601120a79b1ce02e30095 | F68: Şirinoğlu Baklava, Çukurova (Güzelyalı Mah.) | G68: 0.5625 | H68: Çukurova/güzelyalı | I68: Mehmet bey/5538696501 | J68: turgut özal bulv güzelyalı mah cemile apt no :1 çukurova adana | M68: =VLOOKUP(E68,'hedef liste'!A:I,8,false) -> 12 | N68: FALSE | O68: FALSE
A69: =E69 -> 604c89e1d0321ba7b717ae94 | C69: Berat Altunkaya | D69: Emel Yılmaz | E69: 604c89e1d0321ba7b717ae94 | F69: Vip Burger, Çukurova (Mahfesığmaz Mah.) | G69: 0.625 | H69: Çukurova/güzelyalı | I69: Gül hanım 5331503801 | J69: güzelyalı mahallesi, turgut özal bulvarı, no10/a anıl apt, a blok zemin kat, 01170 Çukurova adana | K69: BAYRAMDAN SONRA ALINCAK RAND | M69: =VLOOKUP(E69,'hedef liste'!A:I,8,false) -> 36 | N69: FALSE | O69: FALSE
A70: =E70 -> 5fde584f3e964ba128e972a4 | C70: Berat Altunkaya | D70: Mertcan | E70: 5fde584f3e964ba128e972a4 | F70: Vip Burger, Çukurova (Mahfesığmaz Mah.) | G70: 0.75 | H70: çukurova toros | I70: ahmet çaykara 3229991805 | J70: Turgut Özal bulvarı Toros mh 78192 sk Ahmet işlek Apt no 167 Çukurova Adana | M70: =VLOOKUP(#REF!,'hedef liste'!A:I,8,false) -> #REF! | N70: FALSE | O70: FALSE
A71: =E71 -> 5fe9a047345867ccff45e22e | C71: Berat Altunkaya | D71: Nazlıcan Dinçer | E71: 5fe9a047345867ccff45e22e | F71: Antakya Dürümevi, Çukurova (Güzelyalı Mah. - Turgut Özal Blv.) | G71: 16.00 | H71: Çukurova Güzelyalı | I71: sabri yağız 3222120131 | J71: güzelyalı mah t. özal bulv.dr. ibrahim keskin sit c blok no:52/1c çukurova adana | N71: FALSE | O71: FALSE
A72: =E72 | C72: 44299
A73: =E73 | B73: Çukurova | N73: FALSE | O73: FALSE
A74: =E74 -> 60155c2d4492cd69dab7de0f | C74: Berat Altunkaya | D74: Emel Yılmaz | E74: 60155c2d4492cd69dab7de0f | F74: Pastahane Hatice Usta,(Güzelyalı Mah. - Süleyman Demirel Blv.) | G74: 0.5 | H74: Çukurova/Huzurevleri | I74: Hatice hanım/5416814214 | J74: huzurevleri mah süleyman demirel bulvarı birlik apt no 91 a çukurova adana | M74: =VLOOKUP(E74,'hedef liste'!A:I,8,false) -> #N/A | N74: FALSE | O74: FALSE
A75: =E75 -> 605a422aad0bbd2f685a82e4 | C75: Berat Altunkaya | D75: Emel Yılmaz | E75: 605a422aad0bbd2f685a82e4 | F75: Kurttepe Piknik Kebap & Pirzola, (Kurttepe Mah.) | G75: 0.5625 | H75: Çukurova/Kurttepe | I75: Furkan bey/3322391657 | J75: Kurttepe mah 83021. Sk. No:1, 01170 Çukurova/Adana | M75: =VLOOKUP(E75,'hedef liste'!A:I,8,false) -> #N/A | N75: FALSE | O75: FALSE
A76: =E76 -> 604cb9ab82cb08cadcb26035 | C76: Berat Altunkaya | D76: Emel Yılmaz | E76: 604cb9ab82cb08cadcb26035 | F76: Tarihi Antep Çiğköfte , Çukurova (Yurt Mah.) | G76: 0.625 | H76: Çukurova/yurt | I76: Ertan bey/5378381781 | J76: yurt mah 71427 sok no:5 c çukurova adana | M76: =VLOOKUP(E76,'hedef liste'!A:I,8,false) -> #N/A | N76: FALSE | O76: FALSE
A77: =E77 -> 5fe117c2daff163dc66e1ed8 | C77: Berat Altunkaya | D77: Emel Yılmaz | E77: 5fe117c2daff163dc66e1ed8 | F77: Eren Cafe, Çukurova (Toros Mah.) | G77: 0.6875 | H77: Çukurova/yurt | I77: Muhammed bey/5364870113 | J77: toros mah şair hasibe hatun cad no:16/d çukurova adana | L77: bayramdan sonra istiyormuş. | M77: =VLOOKUP(E77,'hedef liste'!A:I,8,false) -> #N/A | N77: FALSE | O77: FALSE
A78: =E78 -> 5ff32efbee0f727cd9a8e645 | D78: Ezgi Turan | E78: 5ff32efbee0f727cd9a8e645 | F78: By Lookma Waffle & Künefe (Toros Mah. - Turgut Özal Blv.) | G78: 0.6875 | H78: Çukurova Yurt | I78: tuğba çopur 3229997899 | J78: yurt mah turgut özal bulv ertan çakıroğlu apt no:166/a çukurova adana | L78: RAMAZANDAN SONRA | N78: FALSE | O78: FALSE
A79: =E79 | C79: 44300
A80: =E80 | B80: Çukurova | N80: FALSE | O80: FALSE
A81: =E81 -> 60429c0db8edc77cf90fbe32 | C81: Berat Altunkaya | D81: Özlem gümüş | E81: 60429c0db8edc77cf90fbe32 | F81: Pilavcı Yunus & Ev Yemekleri (Turgut Özal Blv.) | G81: 0.45833333 | H81: Çukurova Mahfesığmaz | I81: Yunus Turan 3222336666 | J81: mahfesığmaz mah. turgut özal blv no 35/d çukurova adana | M81: =VLOOKUP(E81,'hedef liste'!A:I,8,false) -> #N/A | N81: FALSE | O81: FALSE
A82: =E82 -> 60047f2044f1b4f8beba62fd | C82: Berat Altunkaya | D82: Ezgi Turan | E82: 60047f2044f1b4f8beba62fd | F82: Eylül Büfe & Fast Food, (Mahfesığmaz Mah.) | G82: 0.58333333 | H82: Çukurova Mahfesığmaz | I82: hülya çelik 3229993032 | J82: mahfesığmaz mah 79019 sk no:4-2b çukurova adana | M82: =VLOOKUP(E82,'hedef liste'!A:I,8,false) -> 11 | N82: FALSE | O82: FALSE
A83: =E83 -> 6040cbb1b33aa7b645d65973 | C83: Berat Altunkaya | D83: Beyza gülşah | E83: 6040cbb1b33aa7b645d65973 | F83: Black Cajun Chicken (Mahfesığmaz Mah.) | G83: 16.00 | H83: Çukurova Mahfesığmaz | I83: Azat bey/5427250147 | J83: mahfesığmaz mah t. özal blv egemen apt no 35/b çukurova adana (amerikan dil kursu yanı) | M83: =VLOOKUP(E83,'hedef liste'!A:I,8,false) -> #N/A | N83: FALSE | O83: FALSE
A84: =E84 -> 6015659ef8fb0b4c9dfa2d7d | C84: Berat Altunkaya | D84: Özlem gümüş | E84: 6015659ef8fb0b4c9dfa2d7d | F84: Şahin Döner (Kenan Evren Bulv.) | G84: 0.72916667 | H84: Çukurova Mahfesığmaz | I84: Alican Bey 5464662103 | J84: mahfesığmaz mah şehitler bulv Doğuş apt. altı no 34 b çukurova adana | L84: RAMAZANDAN SONRA | M84: =VLOOKUP(E84,'hedef liste'!A:I,8,false) -> #N/A | N84: FALSE | O84: FALSE
A85: =E85 | N85: FALSE | O85: FALSE
A86: =E86 | C86: 44301
A87: =E87 | B87: Çukurova | N87: FALSE | O87: FALSE
A88: =E88 | C88: Berat Altunkaya | M88: =VLOOKUP(E88,'hedef liste'!A:I,8,false) -> #N/A | N88: FALSE | O88: FALSE
A89: =E89 -> 5fde53622ef1233c6d201c4b | C89: Berat Altunkaya | D89: Ezgi Turan | E89: 5fde53622ef1233c6d201c4b | F89: Kanatçı Ünal, Çukurova (Güzelyalı Mah. - Turgut Özal Blv.) | G89: 0.5 | H89: Çukurova Güzelyalı | I89: Ünal ildeniz 3222350515 | J89: Güzelyalı mah T. Özal bLV. İNCİEVLER SİT Bblok no :86/D Çukurova adana | M89: =VLOOKUP(E89,'hedef liste'!A:I,8,false) -> 29 | N89: FALSE | O89: FALSE
A90: =E90 -> 5fea5e5e34586716d1460977 | C90: Berat Altunkaya | D90: Özlem gümüş | E90: 5fea5e5e34586716d1460977 | F90: Enfes Fırın, (Güzelyalı Mah.) | G90: 0.58333333 | H90: Çukurova/Güzelyalı | I90: ahmet yavuz 5376237336 | J90: güzelyalı mah anadolu lisesi cad a. kibritoğlu apt no:18/a çukurova adana | K90: Daha önce yemek sepeti çekiminde ürünlerin fotoğrafı yanlış yüklenmiş sisteme böyle bir şey olmamasını rica ediyor. | M90: =VLOOKUP(E90,'hedef liste'!A:I,8,false) -> 47 | N90: FALSE | O90: FALSE
A91: =E91 -> 5fde3e1ec0e54f3447874015 | C91: Berat Altunkaya | D91: Ezgi Turan | E91: 5fde3e1ec0e54f3447874015 | F91: Adana Tatlıcı Gönül Kardeşler, Çukurova (Yurt Mah.) | G91: 0.66666667 | H91: Çukurova Güzelyalı | I91: Nilüfer Erçelik 5457477171 | J91: yurt mah anadolu Lisesi cd. Cem Atasever apt. altı Ablok No:17/C Çukurova Adana | M91: =VLOOKUP(E91,'hedef liste'!A:I,8,false) -> 3 | N91: FALSE | O91: FALSE
D92: Özlem arslan | E92: 6025962760687bbf742ebd66 | F92: Ulu Baklava Çukurova , (Güzelyalı Mah.) | G92: 0.6875 | H92: Çukurova Güzelyalı | I92: yunus ulu 5425942854 | J92: GÜZELYALI MAH. TURGUT ÖZAL BLV. NO: 114 C ÇUKUROVA/ ADANA | N92: FALSE | O92: FALSE
A93: =E93 -> 5feb7afce5886a18fb946927 | D93: Ezgi Turan | E93: 5feb7afce5886a18fb946927 | F93: Pizza Pino İtalyan, (Güzelyalı Mah. - Turgut Özal Blv.) | G93: 18.00 | H93: Çukurova Güzelyalı | I93: hasan çingil 3229990585 | J93: mahfesığmaz mah turgut özal bulvarı karlıdağ apt no:17/b çukurova adana | L93: Yetişmeyeceği için biz aradık iftara yakın diye onlarda bizden önce randevu erteleme istedi. Tekrar randevu alındı diğer şubesi için | N93: FALSE | O93: FALSE
A94: =E94 | C94: 44302
A95: =E95 | B95: Çukurova | N95: FALSE | O95: FALSE
A96: =E96 -> 60520073f7f0705fad738c96 | C96: Berat Altunkaya | D96: Ezgi Turan | E96: 60520073f7f0705fad738c96 | F96: Çilek Ağacı Fırın & Cafe, Çukurova (Yurt Mah.) | G96: 0.41666667 | H96: Çukurova Yurt | I96: bessam ersoy 5424963001 | J96: Yurt mah. İsmail Hakkı develi sok. cem atasever sitesi b blok no:23/A, 01310 Çukurova/Adana | M96: =VLOOKUP(E96,'hedef liste'!A:I,8,false) -> #N/A | N96: FALSE | O96: FALSE
A97: =E97 -> 5fddcba4e17357174e7352eb | C97: Berat Altunkaya | D97: Ezgi Turan | E97: 5fddcba4e17357174e7352eb | F97: Doktorun Yeri, Çukurova (Huzurevleri Mah.) | G97: 0.5 | H97: Çukurova Huzurevleri | I97: SEYİT ALİ ÇELİK 5416210113 | J97: Huzurevleri mah. Turgut Özal blv. No : 211/A ( Altınkoza sok. belirtti) Çukurova Adana | L97: TEYİT EDİLDİKTEN SONRA GİDİLİNCE BEN O KADAR ÜRÜNÜ ÇIKARTAMAM DEMİŞ. | M97: =VLOOKUP(E97,'hedef liste'!A:I,8,false) -> #N/A | N97: FALSE | O97: FALSE
A98: =E98 -> 603781465bd9936d54d5625c | C98: Berat Altunkaya | D98: Ezgi Turan | E98: 603781465bd9936d54d5625c | F98: E. Ş. Döner (Huzurevleri Mah.) | G98: 0.58333333 | H98: Çukurova Huzurevleri | I98: emre bey 5061447689 | J98: huzurevleri mh 80. yıl blv lale apt b blok no 6 a çukurova adana | M98: =VLOOKUP(E98,'hedef liste'!A:I,8,false) -> #N/A | N98: FALSE | O98: FALSE
A99: =E99 -> 600439699b368704ff661409 | C99: Berat Altunkaya | D99: Ezgi Turan | E99: 600439699b368704ff661409 | F99: Adana Cadde Sosis (Yurt Mah. - Turgut Özal Blv.) | G99: 0.66666667 | H99: Çukurova Yurt | I99: sinem fidan 5424430304 | J99: yurt mah 71479 sok sevgi apt altı no:166/30 çukurova adana | M99: =VLOOKUP(E99,'hedef liste'!A:I,8,false) -> #N/A | N99: FALSE | O99: FALSE
A100: =E100 | N100: FALSE | O100: FALSE
...

Sheet hedef liste
A1: Restaurant ID | B1: Restoran Adı | C1: Satışa Açık Mı? | D1: Mutfak | E1: TOPLAM SİPARİŞ | F1: SON 2 HAFTA | G1: RESİMLİ ÜRÜN | H1: RESİMSİZ ÜRÜN | I1: TOPLAM ÜRÜN | J1: Ratio | K1: Yetkili | L1: Telefon | M1: İLÇE | N1: MAHALLE | O1: ADRES | P1: Geleneksel Zincir | Q1: FOTOĞRAF SEGMENT | R1: Aradık Mı? | S1: Kendi Fotosu Var | T1: Randevu Durumu | U1: Randevu Alan | V1: Fotoğrafçı | W1: Not | X1: Randevu Alma Tarihi | Y1: Randevu Tarihi | Z1: Anket Durum | AA1: 1. Arama | AB1: 1. Arama Tarihi | AC1: 2. Arama | AD1: 2. Arama Tarihi | AE1: 3. Arama | AF1: 3. Arama Tarihi | AG1: 4. Arama | AH1: 4. Arama Tarihi | AI1: 5. Arama | AJ1: 5. Arama Tarihi | AK1: 1. Arayan | AL1: 2. Arayan | AM1: 3. Arayan | AN1: 4. Arayan | AO1: 5. Arayan | AP1: SY | AQ1: SY - Durum
A2: 6149d88f74c1c5c5db026e6a | B2: 01 Ada Dönercim , Çukurova (Yüzüncü Yıl mah.) | C2: =VLOOKUP(A2,import!A:J,3,0) -> DOĞRU | D2: Döner | E2: =VLOOKUP(A2,import!A:J,5,0) -> 557 | F2: =VLOOKUP(A2,import!A:J,6,0) -> 3 | G2: =VLOOKUP(A2,import!A:J,7,0) -> 8 | H2: =VLOOKUP(A2,import!A:J,8,0) -> 0 | I2: =VLOOKUP(A2,import!A:J,9,0) -> 8 | J2: =VLOOKUP(A2,import!A:J,10,0) -> 1 | K2: barbaros hayreddin gürsoy | L2: 5079724473 | M2: Çukurova | N2: Yüzüncüyıl | O2: yüzüncü yıl mah 85062 sk d blok no 60/2 iç kapı no 4 çukurova adana | P2: =VLOOKUP(A2,import!A:P,16,0) -> Geleneksel | R2: TRUE | S2: FALSE | T2: Randevu Alındı | U2: Ezgi Turan | V2: Berat Altunkaya | W2: musaıt degıl 5ten sonra arancak | X2: 44470 | Y2: 44473 | AA2: Ulaşılamadı | AB2: 44466 | AC2: Ulaşılamadı | AD2: 44467 | AE2: Tekrar Aranacak | AF2: 44469 | AG2: Görüşüldü | AH2: 44470 | AK2: Ferhat Köksal | AL2: Ayşegül Kır | AM2: Tuğba Buyur | AN2: Ezgi Turan | AP2: Sinem Koçak
A3: 60043086a35105b0f4f7cb6d | B3: 01 Bay Şef Döner (Sucuzade Mah.) | C3: =VLOOKUP(A3,import!A:J,3,0) -> DOĞRU | D3: Döner | E3: =VLOOKUP(A3,import!A:J,5,0) -> 4618 | F3: =VLOOKUP(A3,import!A:J,6,0) -> 21 | G3: =VLOOKUP(A3,import!A:J,7,0) -> 30 | H3: =VLOOKUP(A3,import!A:J,8,0) -> 3 | I3: =VLOOKUP(A3,import!A:J,9,0) -> 33 | J3: =VLOOKUP(A3,import!A:J,10,0) -> 0.91 | K3: mustafa altunkaynak | L3: 5526590101 | M3: Seyhan | N3: Sucuzade | O3: sucuzade mah obalar cad no:95/b seyhan adana | P3: =VLOOKUP(A3,import!A:P,16,0) -> Geleneksel | R3: TRUE | S3: FALSE | T3: Randevu Alındı | U3: Ezgi Turan | V3: Berat Altunkaya | X3: 44386 | Y3: 44390 | AA3: Görüşüldü | AB3: 44349 | AC3: Görüşüldü | AD3: 44377 | AE3: Görüşüldü | AF3: 44386 | AL3: Ezgi Turan | AM3: Ezgi Turan | AP3: Fulya Kortak
A4: 617ff3821ff4003da8c6218c | B4: 01 Cheff Döner Cafe, Seyhan (Kurtuluş Mah.) | C4: =VLOOKUP(A4,import!A:J,3,0) -> DOĞRU | D4: Döner | E4: =VLOOKUP(A4,import!A:J,5,0) -> 118 | F4: =VLOOKUP(A4,import!A:J,6,0) | G4: =VLOOKUP(A4,import!A:J,7,0) -> 16 | H4: =VLOOKUP(A4,import!A:J,8,0) -> 13 | I4: =VLOOKUP(A4,import!A:J,9,0) -> 29 | J4: =VLOOKUP(A4,import!A:J,10,0) -> 0.55 | K4: hanefi alp | L4: 3225033803 | M4: Seyhan | N4: Kurtuluş | O4: kurtuluş mah atatürk cd gülbahçesi sitesi seyhan adana | P4: =VLOOKUP(A4,import!A:P,16,0) -> Geleneksel | R4: TRUE | S4: FALSE | T4: Randevu Alındı | U4: Ferhat Köksal | V4: Berat Altunkaya | W4: ULAŞILMADI | X4: 44515 | Y4: 44517 | AA4: Görüşüldü | AB4: 44515 | AC4: Ulaşılamadı | AD4: 44574 | AK4: Ferhat Köksal | AL4: Selcan Topçu | AP4: Fulya Kortak
A5: 6076f807d4c52441976104b8 | B5: 01 Sarıçam Tantuni (Esentepe Mah.) | C5: =VLOOKUP(A5,import!A:J,3,0) -> DOĞRU | D5: Sokak Lezzetleri | E5: =VLOOKUP(A5,import!A:J,5,0) -> 2130 | F5: =VLOOKUP(A5,import!A:J,6,0) -> 41 | G5: =VLOOKUP(A5,import!A:J,7,0) -> 10 | H5: =VLOOKUP(A5,import!A:J,8,0) -> 2 | I5: =VLOOKUP(A5,import!A:J,9,0) -> 12 | J5: =VLOOKUP(A5,import!A:J,10,0) -> 0.83 | K5: pınar uysun | L5: 3223418087 | M5: Sarıçam | N5: Şahintepe | O5: esentepe mah kozan caddesi 161 d sarıçam adana | P5: =VLOOKUP(A5,import!A:P,16,0) -> Geleneksel | R5: TRUE | S5: FALSE | T5: Randevu Alındı | U5: Ferhat Köksal | V5: Berat Altunkaya | W5: yetkililere ezgi hanımın numarasını iletecekler- ulasılamadı - randevu oluşturuldu /teyit için arandı yetkili yok no iletildi | X5: 44459 | Y5: 44460 | AA5: Ulaşılamadı | AB5: 44379 | AC5: Yetkili Yok | AD5: 44379 | AE5: Dönüş Yapacak | AF5: 44407 | AG5: Görüşüldü | AH5: 44428 | AI5: Yetkili Yok | AJ5: 44475 | AK5: Ezgi Turan | AL5: Tutku Erdoğan | AM5: Ezgi Turan | AN5: Mertcan karaman | AO5: Ayşegül Kır | AP5: Fulya Kortak
A6: 624ac7875406c23fc4b9667e | B6: 01 Servis Künefe, Ceyhan (Namık Kemal Mah.) | C6: =VLOOKUP(A6,import!A:J,3,0) -> DOĞRU | D6: Pasta & Tatlı | E6: =VLOOKUP(A6,import!A:J,5,0) -> 21 | F6: =VLOOKUP(A6,import!A:J,6,0) -> 21 | G6: =VLOOKUP(A6,import!A:J,7,0) -> 0 | H6: =VLOOKUP(A6,import!A:J,8,0) -> 23 | I6: =VLOOKUP(A6,import!A:J,9,0) -> 23 | J6: =VLOOKUP(A6,import!A:J,10,0) -> 0 | K6: EMRAH ÖZER | L6: 5354791758 | M6: Ceyhan | N6: Namık Kemal | O6: namık kemal mah. orhan ekinci bul. no 66 iç kapı no z3 ceyhan adana | P6: =VLOOKUP(A6,import!A:P,16,0) -> Geleneksel | R6: FALSE | S6: FALSE
A7: 6204dfe3bc188a960e30cf59 | B7: 01 Urfa Sofrası, Yüreğir (Dadaloğlu Mah.) | C7: =VLOOKUP(A7,import!A:J,3,0) -> DOĞRU | D7: Döner | E7: =VLOOKUP(A7,import!A:J,5,0) -> 411 | F7: =VLOOKUP(A7,import!A:J,6,0) -> 67 | G7: =VLOOKUP(A7,import!A:J,7,0) -> 0 | H7: =VLOOKUP(A7,import!A:J,8,0) -> 20 | I7: =VLOOKUP(A7,import!A:J,9,0) -> 20 | J7: =VLOOKUP(A7,import!A:J,10,0) -> 0 | K7: ABDURRAHMAN TOPRAK | L7: 3223281415 | M7: Yüreğir | N7: Dadaloğlu | O7: DADALOĞLU MAH ŞEHİT JAN. ER MUSTAFA GÖKSAL CAD NO 14 YÜREĞİR ADANA | P7: =VLOOKUP(A7,import!A:P,16,0) -> Geleneksel | R7: TRUE | S7: FALSE | T7: İleride Randevu Alınacak | W7: 5416304677 | AA7: Görüşüldü | AB7: 44622 | AK7: Ferhat Köksal
A8: 62409c93f48420a955ad2cea | B8: 112 Kaburgacı Kenan, Yüreğir (Kazım Karabekir Mah.) | C8: =VLOOKUP(A8,import!A:J,3,0) -> DOĞRU | D8: Kebap | E8: =VLOOKUP(A8,import!A:J,5,0) | F8: =VLOOKUP(A8,import!A:J,6,0) | G8: =VLOOKUP(A8,import!A:J,7,0) -> 0 | H8: =VLOOKUP(A8,import!A:J,8,0) -> 8 | I8: =VLOOKUP(A8,import!A:J,9,0) -> 8 | J8: =VLOOKUP(A8,import!A:J,10,0) -> 0 | K8: Onur Öncü Uyandı | L8: 5372339571 | M8: Yüreğir | N8: Kazım Karabekir | O8: kazım karabekir mah. 4192 sok. no 4 iç kapı no 201 | P8: =VLOOKUP(A8,import!A:P,16,0) -> Geleneksel | R8: FALSE | S8: FALSE
A9: 60cf803e7761e5799d054248 | B9: 27 Tat Cafe , Çukurova (Yurt Mah.) | C9: =VLOOKUP(A9,import!A:J,3,0) -> DOĞRU | D9: Döner | E9: =VLOOKUP(A9,import!A:J,5,0) -> 103 | F9: =VLOOKUP(A9,import!A:J,6,0) -> 3 | G9: =VLOOKUP(A9,import!A:J,7,0) -> 10 | H9: =VLOOKUP(A9,import!A:J,8,0) -> 2 | I9: =VLOOKUP(A9,import!A:J,9,0) -> 12 | J9: =VLOOKUP(A9,import!A:J,10,0) -> 0.83 | K9: zeynep topaloğlu | L9: 3222320040 | M9: Çukurova | N9: Yurt | O9: yurt mah 71445 sok no 5 d çukurova adana | P9: =VLOOKUP(A9,import!A:P,16,0) -> Geleneksel | R9: TRUE | S9: FALSE | T9: Randevu Alındı | U9: Nazlıcan Dinçer | V9: Berat Altunkaya | W9: 5452370127 | X9: 44382 | Y9: 44383 | AA9: Tekrar Aranacak | AB9: 44382 | AC9: Görüşüldü | AD9: 44382 | AK9: Ayşegül Dulkadir | AL9: Nazlıcan Dinçer | AP9: Sinem Koçak
A10: 603e3464303c95afe93092dc | B10: 5 Kardeşler Kebap Ve Izgara Çeşitleri (Gültepe Mah.) | C10: =VLOOKUP(A10,import!A:J,3,0) -> DOĞRU | D10: Kebap | E10: =VLOOKUP(A10,import!A:J,5,0) -> 1664 | F10: =VLOOKUP(A10,import!A:J,6,0) -> 62 | G10: =VLOOKUP(A10,import!A:J,7,0) -> 10 | H10: =VLOOKUP(A10,import!A:J,8,0) -> 1 | I10: =VLOOKUP(A10,import!A:J,9,0) -> 11 | J10: =VLOOKUP(A10,import!A:J,10,0) -> 0.91 | K10: leyla kocaman | L10: 5454013058 | M10: Sarıçam | N10: Gültepe | O10: gültepe mah. çatalan cd. no 31 sarıçam adana | P10: =VLOOKUP(A10,import!A:P,16,0) -> Geleneksel | R10: TRUE | S10: FALSE | T10: Randevu Alındı | U10: Mertcan karaman | V10: Berat Altunkaya | W10: yarın 4 de aranacak | X10: 44428 | Y10: 44434 | AA10: Ulaşılamadı | AB10: 44407 | AC10: Tekrar Aranacak | AD10: 44424 | AE10: Görüşüldü | AF10: 44428 | AL10: Deneme | AM10: Mertcan karaman | AP10: Fulya Kortak
A11: 6070c6c9dc91044886734ac4 | B11: 5 Ocak Kebap (Kurtuluş Mah.) | C11: =VLOOKUP(A11,import!A:J,3,0) -> DOĞRU | D11: Kebap | E11: =VLOOKUP(A11,import!A:J,5,0) -> 137 | F11: =VLOOKUP(A11,import!A:J,6,0) | G11: =VLOOKUP(A11,import!A:J,7,0) -> 0 | H11: =VLOOKUP(A11,import!A:J,8,0) -> 35 | I11: =VLOOKUP(A11,import!A:J,9,0) -> 35 | J11: =VLOOKUP(A11,import!A:J,10,0) -> 0 | K11: erisn şendoğan | L11: 3224582868 | M11: Seyhan | N11: Kurtuluş | O11: kurtuluş mah şinasi efendi cd suphi ramazanoğlu apt b girişi no 22 d seyhan adana | P11: =VLOOKUP(A11,import!A:P,16,0) -> Geleneksel | R11: TRUE | S11: TRUE | W11: 5324412251 ersin bey mail verildi bayramdan sonra gönderimini sağlayacaklar-bır saate aranacak- yüzüme kapattı | AA11: Görüşüldü | AB11: 44386 | AC11: Görüşüldü | AD11: 44414 | AE11: Yetkili Yok | AF11: 44418 | AG11: Ulaşılamadı | AH11: 44432 | AI11: Görüşüldü | AJ11: 44459 | AK11: Ezgi Turan | AL11: Sezer Arslan | AM11: Mertcan karaman | AO11: Ferhat Köksal | AP11: Fulya Kortak
A12: 602ba8e05eff103e230ddcf1 | B12: 7/C Ocakbaşı (Mahfesığmaz Mah.) | C12: =VLOOKUP(A12,import!A:J,3,0) -> YANLIŞ | D12: Kebap | E12: =VLOOKUP(A12,import!A:J,5,0) -> 459 | F12: =VLOOKUP(A12,import!A:J,6,0) | G12: =VLOOKUP(A12,import!A:J,7,0) -> 0 | H12: =VLOOKUP(A12,import!A:J,8,0) -> 49 | I12: =VLOOKUP(A12,import!A:J,9,0) -> 49 | J12: =VLOOKUP(A12,import!A:J,10,0) -> 0 | K12: soner sarp | L12: 5339298859 | M12: Çukurova | N12: Mahfesığmaz | O12: MAHFESIĞMAZ MAH. 79019 sk no 23/A ÇUKUROVA/ ADANA | P12: =VLOOKUP(A12,import!A:P,16,0) -> Geleneksel | R12: TRUE | S12: FALSE | T12: Başka Şubeden Çekilecek | W12: 5ffe23ee4a4dfa3a5caba607 7/C Ocakbaşı Gazipaşa,(Cemalpaşa Mah.) ızgara ürünleri buradan yüklenecek | AA12: Görüşüldü | AB12: 44349 | AK12: Nazlıcan Dinçer | AP12: Sinem Koçak
A13: 5ffe23ee4a4dfa3a5caba607 | B13: 7/C Ocakbaşı Gazipaşa,(Cemalpaşa Mah.) | C13: =VLOOKUP(A13,import!A:J,3,0) -> DOĞRU | D13: Kebap | E13: =VLOOKUP(A13,import!A:J,5,0) -> 4029 | F13: =VLOOKUP(A13,import!A:J,6,0) -> 35 | G13: =VLOOKUP(A13,import!A:J,7,0) -> 0 | H13: =VLOOKUP(A13,import!A:J,8,0) -> 75 | I13: =VLOOKUP(A13,import!A:J,9,0) -> 75 | J13: =VLOOKUP(A13,import!A:J,10,0) -> 0 | K13: soner sarp | L13: 3224546565 | M13: Seyhan | N13: Cemalpaşa | O13: cemalpaşa mah toros cad yeşil apt no:19/a seyhan adana | P13: =VLOOKUP(A13,import!A:P,16,0) -> Geleneksel | R13: TRUE | S13: FALSE | T13: İleride Randevu Alınacak | U13: Serap Apaydın | V13: Berat Altunkaya | X13: 44550 | Y13: 44560 | AA13: Görüşüldü | AB13: 44379 | AC13: Ulaşılamadı | AD13: 44385 | AE13: Görüşüldü | AF13: 44386 | AG13: Görüşüldü | AH13: 44415 | AI13: Görüşüldü | AJ13: 44555 | AK13: Reşit Usta Light Kebap, Seyhan (Yenibaraj Mah. - Barajyolu) | AL13: Ezgi Turan | AM13: Ezgi Turan | AN13: Duygu Telli | AO13: Serap Apaydın | AP13: Sinem Koçak
A14: 61b264592be549f3bda5fe7f | B14: 7/C Ocakbaşı, Çukurova (Mahfesığmaz Mah.) | C14: =VLOOKUP(A14,import!A:J,3,0) -> DOĞRU | D14: Kebap | E14: =VLOOKUP(A14,import!A:J,5,0) -> 9 | F14: =VLOOKUP(A14,import!A:J,6,0) | G14: =VLOOKUP(A14,import!A:J,7,0) -> 0 | H14: =VLOOKUP(A14,import!A:J,8,0) -> 35 | I14: =VLOOKUP(A14,import!A:J,9,0) -> 35 | J14: =VLOOKUP(A14,import!A:J,10,0) -> 0 | K14: SONER SARP | L14: 5339298859 | M14: Çukurova | N14: Mahfesığmaz | O14: Mahfesığmaz mh, 79019. Sk 23/A, 01150 Çukurova/Adana | P14: =VLOOKUP(A14,import!A:P,16,0) -> Geleneksel | R14: TRUE | S14: FALSE | T14: Başka Şubeden Çekilecek | W14: 5ffe23ee4a4dfa3a5caba607 7/C Ocakbaşı Gazipaşa,(Cemalpaşa Mah.) izgara ürünleri buradan yüklenecek
A15: 60153c905fe8231f17cfb78f | B15: Abdullah Usta Kebap, Seyhan (Pınar Mah.) | C15: =VLOOKUP(A15,import!A:J,3,0) -> DOĞRU | D15: Kebap | E15: =VLOOKUP(A15,import!A:J,5,0) -> 520 | F15: =VLOOKUP(A15,import!A:J,6,0) -> 7 | G15: =VLOOKUP(A15,import!A:J,7,0) -> 0 | H15: =VLOOKUP(A15,import!A:J,8,0) -> 9 | I15: =VLOOKUP(A15,import!A:J,9,0) -> 9 | J15: =VLOOKUP(A15,import!A:J,10,0) -> 0 | K15: ismail kılınç | L15: 5370509967 | M15: Seyhan | N15: Pınar | O15: pınar mah semt 74052sk seyhan adana | P15: =VLOOKUP(A15,import!A:P,16,0) -> Geleneksel | R15: TRUE | S15: TRUE | W15: fotograflarımı bugun çekecegim sizlere gönderirim dedi mail verildi.(bügün atcaz dedİ)/ açmadı- ulasılamadı | AA15: Yetkili Yok | AB15: 44389 | AC15: Ulaşılamadı | AD15: 44390 | AE15: Görüşüldü | AF15: 44414 | AG15: Görüşüldü | AH15: 44418 | AI15: Ulaşılamadı | AJ15: 44502 | AM15: Nazlıcan Dinçer | AN15: Mertcan karaman | AO15: Ferhat Köksal | AP15: Fulya Kortak
A16: 602721f33a2e4e6b65d17d17 | B16: Acıktım Büfe, Seyhan (Kayalıbağ Mah.) | C16: =VLOOKUP(A16,import!A:J,3,0) -> DOĞRU | D16: Tost & Sandviç | E16: =VLOOKUP(A16,import!A:J,5,0) -> 953 | F16: =VLOOKUP(A16,import!A:J,6,0) -> 11 | G16: =VLOOKUP(A16,import!A:J,7,0) -> 10 | H16: =VLOOKUP(A16,import!A:J,8,0) -> 6 | I16: =VLOOKUP(A16,import!A:J,9,0) -> 16 | J16: =VLOOKUP(A16,import!A:J,10,0) -> 0.63 | K16: memduh birdir | L16: 5539373685 | M16: Seyhan | N16: Kayalıbağ | O16: KAYALIBAĞ MAH. 26001 SK. NO: 1 E SEYHAN/ ADANA | P16: =VLOOKUP(A16,import!A:P,16,0) -> Geleneksel | R16: TRUE | S16: FALSE | T16: Randevu Alındı | U16: Derya Tatlı | V16: Berat Altunkaya | X16: 44378 | Y16: 44383 | AA16: Ulaşılamadı | AB16: 44349 | AC16: Ulaşılamadı | AD16: 44372 | AE16: Görüşüldü | AF16: 44378 | AG16: Ulaşılamadı | AH16: 44434 | AK16: Nazlıcan Dinçer | AL16: Ayşegül Dulkadir | AM16: Derya Tatlı | AN16: Deneme | AP16: Fulya Kortak
A17: 6061ee4b4c11b057fb3b6f6c | B17: Adana Ateşi Mangalcı (Sümer Mah. - Barajyolu) | C17: =VLOOKUP(A17,import!A:J,3,0) -> DOĞRU | D17: Kebap | E17: =VLOOKUP(A17,import!A:J,5,0) -> 1081 | F17: =VLOOKUP(A17,import!A:J,6,0) -> 38 | G17: =VLOOKUP(A17,import!A:J,7,0) -> 10 | H17: =VLOOKUP(A17,import!A:J,8,0) -> 13 | I17: =VLOOKUP(A17,import!A:J,9,0) -> 23 | J17: =VLOOKUP(A17,import!A:J,10,0) -> 0.43 | K17: kemal sabancı | L17: 5324989006 | M17: Seyhan | N17: Sümer | O17: sümer mh 69077 sk gökhan apartmanı 3 E seyhan adana | P17: =VLOOKUP(A17,import!A:P,16,0) -> Geleneksel | R17: TRUE | S17: FALSE | T17: Randevu Alındı | U17: ezgi turan | V17: BERAT | W17: HAFTAYA | X17: 44469 | Y17: 44474 | AA17: Görüşüldü | AB17: 44379 | AC17: Ulaşılamadı | AD17: 44432 | AE17: Görüşüldü | AF17: 44406 | AG17: Ulaşılamadı | AH17: 44407 | AI17: Görüşüldü | AJ17: 44469 | AK17: Ezgi Turan | AM17: Ezgi Turan | AN17: Ezgi Turan | AO17: Ezgi Turan | AP17: Fulya Kortak
A18: 5fff32b068b4946f548f8458 | B18: Adana Başkent Döner, Seyhan (Döşeme Mah.) | C18: =VLOOKUP(A18,import!A:J,3,0) -> DOĞRU | D18: Döner | E18: =VLOOKUP(A18,import!A:J,5,0) -> 2713 | F18: =VLOOKUP(A18,import!A:J,6,0) -> 131 | G18: =VLOOKUP(A18,import!A:J,7,0) -> 5 | H18: =VLOOKUP(A18,import!A:J,8,0) -> 1 | I18: =VLOOKUP(A18,import!A:J,9,0) -> 6 | J18: =VLOOKUP(A18,import!A:J,10,0) -> 0.83 | K18: mustafa orhan | L18: 3224362727 | M18: Seyhan | N18: Döşeme | O18: döşeme mah cumhuriyet cad çolpan apt no:71/d1 seyhan adana | P18: =VLOOKUP(A18,import!A:P,16,0) -> Geleneksel | R18: TRUE | S18: TRUE | AP18: Fulya Kortak
A19: 604d30a2cc98d70511a66c8a | B19: Adana Börekçilik (Selahattin Eyyubi Mah.) | C19: =VLOOKUP(A19,import!A:J,3,0) -> DOĞRU | D19: Börek | E19: =VLOOKUP(A19,import!A:J,5,0) -> 2276 | F19: =VLOOKUP(A19,import!A:J,6,0) -> 68 | G19: =VLOOKUP(A19,import!A:J,7,0) -> 3 | H19: =VLOOKUP(A19,import!A:J,8,0) -> 5 | I19: =VLOOKUP(A19,import!A:J,9,0) -> 8 | J19: =VLOOKUP(A19,import!A:J,10,0) -> 0.38 | K19: ersin kardaş | L19: 3223283535 | M19: Yüreğir | N19: Serinevler | O19: serinevler mh Mustafa Kemal Paşa Blv. No:108, 01240 Yüreğir/Adana | P19: =VLOOKUP(A19,import!A:P,16,0) -> Geleneksel | R19: TRUE | S19: FALSE | T19: Randevu Alındı | U19: Sezer Arslan | V19: Berat Altunkaya | W19: dç için arandı yalnızca su boregı urunlerı eksık | X19: 44432 | Y19: 44435 | AA19: Yetkili Yok | AB19: 44403 | AC19: Yetkili Yok | AD19: 44432 | AE19: Görüşüldü | AF19: 44432 | AG19: Görüşüldü | AH19: 44496 | AK19: Derya Tatlı | AM19: Sezer Arslan | AN19: Tuğba Buyur | AP19: Fulya Kortak
A20: 60492e300392aa19f82322d8 | B20: Adana Döner Cafe (2000 Evler Mah.) | C20: =VLOOKUP(A20,import!A:J,3,0) -> DOĞRU | D20: Döner | E20: =VLOOKUP(A20,import!A:J,5,0) -> 856 | F20: =VLOOKUP(A20,import!A:J,6,0) -> 30 | G20: =VLOOKUP(A20,import!A:J,7,0) -> 2 | H20: =VLOOKUP(A20,import!A:J,8,0) -> 12 | I20: =VLOOKUP(A20,import!A:J,9,0) -> 14 | J20: =VLOOKUP(A20,import!A:J,10,0) -> 0.14 | K20: veysel zengin | L20: 5368944006 | M20: Seyhan | N20: 2000 Evler | O20: 2000 evler mah 76067 sk göksu apt er-as inşaat no 1a seyhan adana | P20: =VLOOKUP(A20,import!A:P,16,0) -> Geleneksel | R20: TRUE | S20: FALSE | T20: Randevu Alındı | U20: Ezgi Turan | V20: Berat Altunkaya | W20: çekim yapıldı . | X20: 44460 | Y20: 44462 | AA20: Ulaşılamadı | AB20: 44434 | AC20: Ulaşılamadı | AD20: 44450 | AK20: Deneme | AL20: Zeliha Özer | AP20: Fulya Kortak
A21: 615de1ae16054412f42dae92 | B21: Adana Dürümcüsü , Çukurova (Toros Mah.) | C21: =VLOOKUP(A21,import!A:J,3,0) -> DOĞRU | D21: Kebap | E21: =VLOOKUP(A21,import!A:J,5,0) -> 3613 | F21: =VLOOKUP(A21,import!A:J,6,0) -> 169 | G21: =VLOOKUP(A21,import!A:J,7,0) -> 12 | H21: =VLOOKUP(A21,import!A:J,8,0) -> 27 | I21: =VLOOKUP(A21,import!A:J,9,0) -> 39 | J21: =VLOOKUP(A21,import!A:J,10,0) -> 0.31 | K21: Muhammet Belindir | L21: 5064670177 | M21: Çukurova | N21: Toros | O21: TOROS MAH. ALİ SEPİCİ BLV. NO: 7 B ÇUKUROVA/ ADANA | P21: =VLOOKUP(A21,import!A:P,16,0) -> Geleneksel | R21: TRUE | S21: FALSE | T21: Randevu Alındı | U21: Ferhat Köksal | V21: Berat Altunkaya | X21: 44483 | Y21: 44484 | AA21: Görüşüldü | AB21: 44483 | AK21: Ferhat Köksal | AP21: Sinem Koçak
A22: 60774818a562d4e7c2efd287 | B22: Adana Erbey Döner (Tellidere Mah.) | C22: =VLOOKUP(A22,import!A:J,3,0) -> DOĞRU | D22: Döner | E22: =VLOOKUP(A22,import!A:J,5,0) -> 1125 | F22: =VLOOKUP(A22,import!A:J,6,0) -> 63 | G22: =VLOOKUP(A22,import!A:J,7,0) -> 0 | H22: =VLOOKUP(A22,import!A:J,8,0) -> 20 | I22: =VLOOKUP(A22,import!A:J,9,0) -> 20 | J22: =VLOOKUP(A22,import!A:J,10,0) -> 0 | K22: serkan büyükocak | L22: 3222620430 | M22: Seyhan | N22: Tellidere | O22: pınar mah mücahitler cd 305/b seyhan adana | P22: =VLOOKUP(A22,import!A:P,16,0) -> Geleneksel | R22: TRUE | S22: FALSE | T22: Çekim İstemiyor | U22: Zeliha Özer | V22: Berat Altunkaya | W22: yetkili müsait degil. yarım saat sonra arayın dediler./mail verildi (musait oldugumda göndercem dedi)-yetkili iki saate gelir dedi- yanlış numara | X22: 44450 | Y22: 44452 | AA22: Yetkili Yok | AB22: 44377 | AC22: Görüşüldü | AD22: 44378 | AE22: Görüşüldü | AF22: 44386 | AG22: Yetkili Yok | AH22: 44414 | AI22: Ulaşılamadı | AJ22: 44490 | AK22: Gül Değirmenci | AL22: Derya Tatlı | AM22: Ezgi Turan | AN22: Sezer Arslan | AO22: Ferhat Köksal | AP22: Fulya Kortak
A23: 61b32fd96311be259b7c4149 | B23: Adana Gurmesi Tantuni Dünyası, Sarıçam (Yeşiltepe Mah.) | C23: =VLOOKUP(A23,import!A:J,3,0) -> DOĞRU | D23: Sokak Lezzetleri | E23: =VLOOKUP(A23,import!A:J,5,0) -> 198 | F23: =VLOOKUP(A23,import!A:J,6,0) -> 9 | G23: =VLOOKUP(A23,import!A:J,7,0) -> 0 | H23: =VLOOKUP(A23,import!A:J,8,0) -> 15 | I23: =VLOOKUP(A23,import!A:J,9,0) -> 15 | J23: =VLOOKUP(A23,import!A:J,10,0) -> 0 | K23: Taner Aksoy | L23: 5433741115 | M23: Sarıçam | N23: Yeşiltepe | O23: YEŞİLTEPE MAH. ÇATALAN CAD. NO: 2 B SARIÇAM/ ADANA | P23: =VLOOKUP(A23,import!A:P,16,0) -> Geleneksel | R23: FALSE | S23: FALSE
A24: 6255318a77674f597b22477b | B24: Adana Lezzet Durağı, Çukurova (Mahfesığmaz Mah.) | C24: =VLOOKUP(A24,import!A:J,3,0) -> DOĞRU | D24: Tost & Sandviç | E24: =VLOOKUP(A24,import!A:J,5,0) -> 12 | F24: =VLOOKUP(A24,import!A:J,6,0) -> 12 | G24: =VLOOKUP(A24,import!A:J,7,0) -> 0 | H24: =VLOOKUP(A24,import!A:J,8,0) -> 14 | I24: =VLOOKUP(A24,import!A:J,9,0) -> 14 | J24: =VLOOKUP(A24,import!A:J,10,0) -> 0 | K24: Riber Ergün | L24: 5444024221 | M24: Çukurova | N24: Mahfesığmaz | O24: mahfesığmaz mah. damar arıkoğlu bul. no 22 a çukurova adana | P24: =VLOOKUP(A24,import!A:P,16,0) -> Geleneksel | R24: FALSE | S24: FALSE
A25: 61138ceadf23a498ae6d3d8b | B25: Adana Lezzet Sokağı, Seyhan (Yeşilyurt Mah.) | C25: =VLOOKUP(A25,import!A:J,3,0) -> DOĞRU | D25: Kebap | E25: =VLOOKUP(A25,import!A:J,5,0) -> 199 | F25: =VLOOKUP(A25,import!A:J,6,0) -> 8 | G25: =VLOOKUP(A25,import!A:J,7,0) -> 14 | H25: =VLOOKUP(A25,import!A:J,8,0) -> 6 | I25: =VLOOKUP(A25,import!A:J,9,0) -> 20 | J25: =VLOOKUP(A25,import!A:J,10,0) -> 0.7 | K25: Ali Miraç Aşık | L25: 3222257171 | M25: Seyhan | N25: Yeşilyurt | O25: yeşilyurt mah ibo osman cd no 3/A seyhan adana | P25: =VLOOKUP(A25,import!A:P,16,0) -> Geleneksel | R25: TRUE | S25: FALSE | T25: Randevu Alındı | U25: Deneme | V25: Berat Altunkaya | W25: donus yapılacak | X25: 44432 | Y25: 44435 | AA25: Tekrar Aranacak | AB25: 44424 | AC25: Görüşüldü | AD25: 44432 | AK25: Deneme | AL25: Deneme | AP25: Fulya Kortak
A26: 605cd2d0e81f5bc7fe859127 | B26: Adana Mercan Şaşlık Kebap (Toros Mah.) | C26: =VLOOKUP(A26,import!A:J,3,0) -> DOĞRU | D26: Kebap | E26: =VLOOKUP(A26,import!A:J,5,0) -> 1088 | F26: =VLOOKUP(A26,import!A:J,6,0) -> 69 | G26: =VLOOKUP(A26,import!A:J,7,0) -> 18 | H26: =VLOOKUP(A26,import!A:J,8,0) -> 26 | I26: =VLOOKUP(A26,import!A:J,9,0) -> 44 | J26: =VLOOKUP(A26,import!A:J,10,0) -> 0.41 | K26: murat bey | L26: 3222270000 | M26: Çukurova | N26: Toros | O26: Toros mah Özkan Apt. D:No. 8/B, A Blok, 78195. Sk., 01170 Çukurova | P26: =VLOOKUP(A26,import!A:P,16,0) -> Geleneksel | R26: TRUE | S26: FALSE | T26: Randevu Alındı | U26: Gül Değirmenci | V26: Berat Altunkaya | W26: 2 kere randevu alınmış gidilmemiş./yetkili yoktu(istemiyor | X26: 44355 | Y26: 44357 | AA26: Görüşüldü | AB26: 44355 | AC26: Tekrar Aranacak | AD26: 44415 | AE26: Görüşüldü | AF26: 44425 | AL26: Duygu Telli | AM26: Mertcan karaman | AP26: Sinem Koçak
A27: 60ad6669ab98d3666726872a | B27: Adana Nohut Dürüm, Seyhan (Cemalpaşa Mah.) | C27: =VLOOKUP(A27,import!A:J,3,0) -> YANLIŞ | D27: Sokak Lezzetleri | E27: =VLOOKUP(A27,import!A:J,5,0) -> 88 | F27: =VLOOKUP(A27,import!A:J,6,0) | G27: =VLOOKUP(A27,import!A:J,7,0) -> 0 | H27: =VLOOKUP(A27,import!A:J,8,0) -> 10 | I27: =VLOOKUP(A27,import!A:J,9,0) -> 10 | J27: =VLOOKUP(A27,import!A:J,10,0) -> 0 | K27: canan boğa | L27: 5322814079 | M27: Seyhan | N27: Cemalpaşa | O27: cemalpaşa mah 63005 sok gonca apt no 19 b seyhan adana | P27: =VLOOKUP(A27,import!A:P,16,0) -> Geleneksel | R27: TRUE | S27: FALSE | T27: Randevu İptal | U27: Ferhat Köksal | V27: Berat Altunkaya | W27: açıp yüzüme kapattı | X27: 44498 | Y27: 44501 | AA27: Görüşüldü | AB27: 44349 | AC27: Ulaşılamadı | AD27: 44414 | AE27: Ulaşılamadı | AF27: 44418 | AG27: Ulaşılamadı | AH27: 44432 | AI27: Görüşüldü | AJ27: 44498 | AK27: Ecem Ünal | AL27: Sezer Arslan | AM27: Mertcan karaman | AN27: Deneme | AO27: Ferhat Köksal | AP27: Sinem Koçak
A28: 6229d63c31a6056df37ed1a7 | B28: Adana Sofrası, Ceyhan (Namık Kemal Mah.) | C28: =VLOOKUP(A28,import!A:J,3,0) -> DOĞRU | D28: Kebap | E28: =VLOOKUP(A28,import!A:J,5,0) -> 220 | F28: =VLOOKUP(A28,import!A:J,6,0) -> 49 | G28: =VLOOKUP(A28,import!A:J,7,0) -> 0 | H28: =VLOOKUP(A28,import!A:J,8,0) -> 32 | I28: =VLOOKUP(A28,import!A:J,9,0) -> 32 | J28: =VLOOKUP(A28,import!A:J,10,0) -> 0 | K28: Gökhan Lak | L28: 541820921 | M28: Ceyhan | N28: Namık Kemal | O28: NAMIK KEMAL MAHALLESİ AHMET URAL SOKAK NO:54/ZA | P28: =VLOOKUP(A28,import!A:P,16,0) -> Geleneksel | R28: FALSE | S28: FALSE
A29: 6034fc52a26855195d29cf96 | B29: Adana Taşköprü Közde Döner (Türkocağı Mah.) | C29: =VLOOKUP(A29,import!A:J,3,0) -> DOĞRU | D29: Döner | E29: =VLOOKUP(A29,import!A:J,5,0) -> 3846 | F29: =VLOOKUP(A29,import!A:J,6,0) -> 188 | G29: =VLOOKUP(A29,import!A:J,7,0) -> 19 | H29: =VLOOKUP(A29,import!A:J,8,0) -> 0 | I29: =VLOOKUP(A29,import!A:J,9,0) -> 19 | J29: =VLOOKUP(A29,import!A:J,10,0) -> 1 | K29: osman bey | L29: 5382822213 | M29: Seyhan | N29: Türkocağı | O29: türkocağı mh debboy cd no 22 a seyhan adana | P29: =VLOOKUP(A29,import!A:P,16,0) -> Geleneksel | R29: TRUE | S29: FALSE | T29: Randevu Alındı | U29: Deneme | V29: Berat Altunkaya | X29: 44414 | Y29: 44420 | AA29: Görüşüldü | AB29: 44379 | AC29: Ulaşılamadı | AD29: 44406 | AE29: Ulaşılamadı | AF29: 44407 | AG29: Görüşüldü | AH29: 44414 | AK29: Ezgi Turan | AL29: Ezgi Turan | AM29: Deneme | AP29: Fulya Kortak
A30: 5fde3e1ec0e54f3447874015 | B30: Adana Tatlıcı Gönül Kardeşler, Çukurova (Yurt Mah.) | C30: =VLOOKUP(A30,import!A:J,3,0) -> DOĞRU | D30: Pasta & Tatlı | E30: =VLOOKUP(A30,import!A:J,5,0) -> 2344 | F30: =VLOOKUP(A30,import!A:J,6,0) -> 84 | G30: =VLOOKUP(A30,import!A:J,7,0) -> 17 | H30: =VLOOKUP(A30,import!A:J,8,0) -> 3 | I30: =VLOOKUP(A30,import!A:J,9,0) -> 20 | J30: =VLOOKUP(A30,import!A:J,10,0) -> 0.85 | K30: Nilüfer Erçelik | L30: 5457477171 | M30: Çukurova | N30: Güzelyalı | O30: yurt mah anadolu Lisesi cd. Cem Atasever apt. altı Ablok No:17/C Çukurova Adana | P30: =VLOOKUP(A30,import!A:P,16,0) -> Geleneksel | R30: TRUE | S30: FALSE | T30: Randevu Alındı | U30: Duygu Telli | V30: Berat Altunkaya | W30: 5379682594 bütün ürünlerin çekimleri gerçekleştirilmiş | X30: 44412 | Y30: 44413 | AA30: Görüşüldü | AB30: 44412 | AK30: Duygu Telli | AP30: Sinem Koçak
A31: 621340f818fb79fc0432e4ea | B31: Adanas Çiğ Köfte & Meze, Ceyhan (Burhaniye Mah.) | C31: =VLOOKUP(A31,import!A:J,3,0) -> DOĞRU | D31: Çiğ Köfte | E31: =VLOOKUP(A31,import!A:J,5,0) -> 52 | F31: =VLOOKUP(A31,import!A:J,6,0) -> 5 | G31: =VLOOKUP(A31,import!A:J,7,0) -> 0 | H31: =VLOOKUP(A31,import!A:J,8,0) -> 14 | I31: =VLOOKUP(A31,import!A:J,9,0) -> 14 | J31: =VLOOKUP(A31,import!A:J,10,0) -> 0 | K31: NİGAR UZUN | L31: 5013588370 | M31: Ceyhan | N31: Burhaniye | O31: burhaniye mah kızılay cad no 72 ceyhan adana | P31: =VLOOKUP(A31,import!A:P,16,0) -> Geleneksel | R31: FALSE | S31: FALSE
A32: 600c3c27104d8bc181f29e17 | B32: Adıyamanlı Çiğ Köfteci Ali Baba, Seyhan (Reşatbey Mah.) | C32: =VLOOKUP(A32,import!A:J,3,0) -> DOĞRU | D32: Çiğ Köfte | E32: =VLOOKUP(A32,import!A:J,5,0) -> 2223 | F32: =VLOOKUP(A32,import!A:J,6,0) -> 15 | G32: =VLOOKUP(A32,import!A:J,7,0) -> 9 | H32: =VLOOKUP(A32,import!A:J,8,0) -> 2 | I32: =VLOOKUP(A32,import!A:J,9,0) -> 11 | J32: =VLOOKUP(A32,import!A:J,10,0) -> 0.82 | K32: Serkan Kılıçarslan | L32: 5495121940 | M32: Seyhan | N32: Reşatbey | O32: Reşatbey Mahallesi 62005 sokak no:18/A KVK karşısı Seyhan/ADANA | P32: =VLOOKUP(A32,import!A:P,16,0) -> Geleneksel | R32: TRUE | S32: TRUE | U32: Deneme | V32: Berat Altunkaya | W32: salı çarşamba randevu verilebilir | X32: 44434 | Y32: 44439 | Z32: Fotoğraflarım Var | AA32: Ulaşılamadı | AB32: 44379 | AC32: Görüşüldü | AD32: 44384 | AE32: Dönüş Yapacak | AF32: 44414 | AG32: Ulaşılamadı | AH32: 44418 | AI32: Görüşüldü | AJ32: 44434 | AK32: Tutku Erdoğan | AL32: Tutku Erdoğan | AM32: Sezer Arslan | AN32: Mertcan karaman | AO32: Deneme | AP32: Fulya Kortak
A33: 60af971c521633e1bffc15bb | B33: Adıyamanlı Çiğ Köfteci Erdoğan Usta (Gürselpaşa Mah.) | C33: =VLOOKUP(A33,import!A:J,3,0) -> YANLIŞ | D33: Çiğ Köfte | E33: =VLOOKUP(A33,import!A:J,5,0) -> 16 | F33: =VLOOKUP(A33,import!A:J,6,0) | G33: =VLOOKUP(A33,import!A:J,7,0) -> 6 | H33: =VLOOKUP(A33,import!A:J,8,0) -> 2 | I33: =VLOOKUP(A33,import!A:J,9,0) -> 8 | J33: =VLOOKUP(A33,import!A:J,10,0) -> 0.75 | K33: erdoğan özer | L33: 5425942705 | M33: Seyhan | N33: Pınar | O33: pınar mah mavi bulvar üzeri al sitesi b blok no 79/2 seyhan adana | P33: =VLOOKUP(A33,import!A:P,16,0) -> Geleneksel | R33: TRUE | S33: FALSE | T33: Randevu Alındı | U33: Zeliha Özer | V33: Berat Altunkaya | W33: açmadı | X33: 44476 | Y33: 44480 | AA33: Görüşüldü | AB33: 44377 | AC33: Ulaşılamadı | AD33: 44393 | AE33: Ulaşılamadı | AF33: 44414 | AG33: Ulaşılamadı | AH33: 44435 | AI33: Görüşüldü | AJ33: 44476 | AK33: Gül Değirmenci | AL33: Derya Tatlı | AM33: Deneme | AN33: Deneme | AO33: Zeliha Özer | AP33: Fulya Kortak
A34: 6038ebc8a69617f99256f27c | B34: Adıyörem Çiğ Köfte (Karacaoğlan Mah.) | C34: =VLOOKUP(A34,import!A:J,3,0) -> DOĞRU | D34: Çiğ Köfte | E34: =VLOOKUP(A34,import!A:J,5,0) -> 1637 | F34: =VLOOKUP(A34,import!A:J,6,0) -> 59 | G34: =VLOOKUP(A34,import!A:J,7,0) -> 8 | H34: =VLOOKUP(A34,import!A:J,8,0) -> 1 | I34: =VLOOKUP(A34,import!A:J,9,0) -> 9 | J34: =VLOOKUP(A34,import!A:J,10,0) -> 0.89 | K34: adem kocatürk | L34: 5377484554 | M34: Kozan | N34: Karacaoğlan | O34: karacaoğlan mah turgut özal blv sultan hatun apt no 115 c kozan adana | P34: =VLOOKUP(A34,import!A:P,16,0) -> Geleneksel | R34: FALSE | S34: FALSE | T34: Franchise | AP34: Fulya Kortak
A35: 614d972035a05d0b209f023a | B35: Adıyörem Çiğ Köfte, Seyhan (İkibinevler Mah.) | C35: =VLOOKUP(A35,import!A:J,3,0) -> DOĞRU | D35: Çiğ Köfte | E35: =VLOOKUP(A35,import!A:J,5,0) -> 241 | F35: =VLOOKUP(A35,import!A:J,6,0) -> 9 | G35: =VLOOKUP(A35,import!A:J,7,0) -> 6 | H35: =VLOOKUP(A35,import!A:J,8,0) -> 5 | I35: =VLOOKUP(A35,import!A:J,9,0) -> 11 | J35: =VLOOKUP(A35,import!A:J,10,0) -> 0.55 | K35: mehmet kaya | L35: 5421550201 | M35: Seyhan | N35: 2000 Evler | O35: 2000 evler mah 76067 sk no 1 a seyhan adana | P35: =VLOOKUP(A35,import!A:P,16,0) -> Geleneksel | R35: TRUE | S35: FALSE | T35: Franchise | AP35: Fulya Kortak
A36: 606258b0b48e8457df440076 | B36: Afilli Balık (Mahfesığmaz Mah.) | C36: =VLOOKUP(A36,import!A:J,3,0) -> DOĞRU | D36: Balık & Deniz Ürünleri | E36: =VLOOKUP(A36,import!A:J,5,0) -> 379 | F36: =VLOOKUP(A36,import!A:J,6,0) -> 30 | G36: =VLOOKUP(A36,import!A:J,7,0) -> 21 | H36: =VLOOKUP(A36,import!A:J,8,0) -> 13 | I36: =VLOOKUP(A36,import!A:J,9,0) -> 34 | J36: =VLOOKUP(A36,import!A:J,10,0) -> 0.62 | K36: doğukan idigük | L36: 5449234554 | M36: Çukurova | N36: Mahfesığmaz | O36: mahfesıgmaz mah 79079 sok no: 1/2a çukurova adana | P36: =VLOOKUP(A36,import!A:P,16,0) -> Geleneksel | R36: TRUE | S36: FALSE | T36: Randevu Alındı | U36: Ezgi Turan | V36: Berat Altunkaya | W36: 2 saat sonra aranacak/haftaya cuma günü için aranacak-randevu olusturuldu | X36: 44459 | Y36: 44460 | AA36: Tekrar Aranacak | AB36: 44362 | AC36: Tekrar Aranacak | AD36: 44371 | AE36: Tekrar Aranacak | AF36: 44349 | AG36: Görüşüldü | AH36: 44382 | AI36: Görüşüldü | AJ36: 44447 | AK36: Selcan Topçu | AL36: Tutku Erdoğan | AM36: Ezgi Turan | AN36: Ezgi Turan | AO36: Ferhat Köksal | AP36: Sinem Koçak
A37: 60376534f4f38611c483385e | B37: Afiyet Kebap (Huzurevleri Mah.) | C37: =VLOOKUP(A37,import!A:J,3,0) -> DOĞRU | D37: Kebap | E37: =VLOOKUP(A37,import!A:J,5,0) -> 2174 | F37: =VLOOKUP(A37,import!A:J,6,0) -> 66 | G37: =VLOOKUP(A37,import!A:J,7,0) -> 0 | H37: =VLOOKUP(A37,import!A:J,8,0) -> 29 | I37: =VLOOKUP(A37,import!A:J,9,0) -> 29 | J37: =VLOOKUP(A37,import!A:J,10,0) -> 0 | K37: erdoğan aksoyan | L37: 3228020818 | M37: Çukurova | N37: Huzurevleri | O37: HUZUREVLERİ MAH. 77088 SK. GİRİCİLER APT. NO: 2 İÇ KAPI NO: 02 ÇUKUROVA/ ADANA | P37: =VLOOKUP(A37,import!A:P,16,0) -> Geleneksel | R37: TRUE | S37: TRUE | U37: Ferhat Köksal | V37: Berat Altunkaya | W37: mail olarak gönderilmiş.(göndermiş 15 gün olmuş / yarın ara /yt yok 1 saat sonra/Profesyonel çekimleri varmış mail verildi | X37: 44480 | Y37: 44481 | AA37: Görüşüldü | AB37: 44414 | AC37: Görüşüldü | AD37: 44418 | AE37: Görüşüldü | AF37: 44440 | AG37: Görüşüldü | AH37: 44480 | AI37: Görüşüldü | AJ37: 44635 | AK37: Sezer Arslan | AL37: Mertcan karaman | AM37: Ferhat Köksal | AN37: Ferhat Köksal | AO37: Ayşegül Kır | AP37: Sinem Koçak
A38: 62598b5ab1244c6188cf9899 | B38: Agah Restaurant, Seyhan (Kurtuluş Mah.) | C38: =VLOOKUP(A38,import!A:J,3,0) -> DOĞRU | D38: Kebap | E38: =VLOOKUP(A38,import!A:J,5,0) | F38: =VLOOKUP(A38,import!A:J,6,0) | G38: =VLOOKUP(A38,import!A:J,7,0) -> 0 | H38: =VLOOKUP(A38,import!A:J,8,0) -> 24 | I38: =VLOOKUP(A38,import!A:J,9,0) -> 24 | J38: =VLOOKUP(A38,import!A:J,10,0) -> 0 | K38: KADİR SİCİMOĞLU | L38: 3225039888 | M38: Seyhan | N38: Kurtuluş | O38: Kurtuluş mahallesi Ramazanoğlu caddesi 64003 sokak No:27/A Seyhan/ADANA | P38: =VLOOKUP(A38,import!A:P,16,0) -> Geleneksel | R38: FALSE | S38: FALSE
A39: 6063065cb71fbc0cc919823f | B39: Ağabey Döner (Yeşilyurt Mah. - İbo Osman Cad.) | C39: =VLOOKUP(A39,import!A:J,3,0) -> DOĞRU | D39: Döner | E39: =VLOOKUP(A39,import!A:J,5,0) -> 2420 | F39: =VLOOKUP(A39,import!A:J,6,0) -> 131 | G39: =VLOOKUP(A39,import!A:J,7,0) -> 6 | H39: =VLOOKUP(A39,import!A:J,8,0) -> 4 | I39: =VLOOKUP(A39,import!A:J,9,0) -> 10 | J39: =VLOOKUP(A39,import!A:J,10,0) -> 0.6 | K39: osman bayer | L39: 3222268444 | M39: Seyhan | N39: Yeşilyurt | O39: yeşilyurt mh iboosman cd küpeli apt no 137/E seyhan adana | P39: =VLOOKUP(A39,import!A:P,16,0) -> Geleneksel | R39: TRUE | S39: FALSE | T39: Randevu Alındı | U39: Derya Tatlı | V39: Berat Altunkaya | W39: 5444760172 | X39: 44384 | Y39: 44386 | AA39: Görüşüldü | AB39: 44384 | AK39: Derya Tatlı | AP39: Fulya Kortak
A40: 61a762f9e3548a519246b129 | B40: Ağabey Döner, Seyhan (Sümer Mah.) | C40: =VLOOKUP(A40,import!A:J,3,0) -> DOĞRU | D40: Döner | E40: =VLOOKUP(A40,import!A:J,5,0) -> 629 | F40: =VLOOKUP(A40,import!A:J,6,0) -> 8 | G40: =VLOOKUP(A40,import!A:J,7,0) -> 0 | H40: =VLOOKUP(A40,import!A:J,8,0) -> 6 | I40: =VLOOKUP(A40,import!A:J,9,0) -> 6 | J40: =VLOOKUP(A40,import!A:J,10,0) -> 0 | K40: ERCAN DOĞAN | L40: 3222261998 | M40: Seyhan | N40: Sümer | O40: sümer mah ibo osman cd seyhan adana | P40: =VLOOKUP(A40,import!A:P,16,0) -> Geleneksel | R40: TRUE | S40: FALSE | W40: yetkili 1 saate gelir dedi tekrar aranack | AP40: Fulya Kortak
A41: 5ffaf75b292a615149b1de90 | B41: Ahmet Yıldızoğlu Künefe, Seyhan (Pınar Mah.) | C41: =VLOOKUP(A41,import!A:J,3,0) -> DOĞRU | D41: Pasta & Tatlı | E41: =VLOOKUP(A41,import!A:J,5,0) -> 2445 | F41: =VLOOKUP(A41,import!A:J,6,0) -> 84 | G41: =VLOOKUP(A41,import!A:J,7,0) -> 27 | H41: =VLOOKUP(A41,import!A:J,8,0) -> 18 | I41: =VLOOKUP(A41,import!A:J,9,0) -> 45 | J41: =VLOOKUP(A41,import!A:J,10,0) -> 0.6 | K41: ibrahim üstün | L41: 3222255139 | M41: Seyhan | N41: Pınar | O41: pınar mha ali bozdoğanoğlu bulv. demirkol plaza 2 no:8/b seyhan adana | P41: =VLOOKUP(A41,import!A:P,16,0) -> Geleneksel | R41: TRUE | S41: FALSE | T41: Randevu Alındı | U41: Gül Değirmenci | V41: Abdulhenan Doğan | W41: 5372431001 cuma arayacak pazartesiye randevu yazılacak/tüm ürünleri çekildi aranmayacak | X41: 44309 | Y41: 44314 | AP41: Fulya Kortak
A42: 60094522c5f8331c25904198 | B42: Ailem Tavukçuluk, Çukurova (Yurt Mah.) | C42: =VLOOKUP(A42,import!A:J,3,0) -> DOĞRU | D42: Tavuk | E42: =VLOOKUP(A42,import!A:J,5,0) -> 1799 | F42: =VLOOKUP(A42,import!A:J,6,0) -> 83 | G42: =VLOOKUP(A42,import!A:J,7,0) -> 0 | H42: =VLOOKUP(A42,import!A:J,8,0) -> 21 | I42: =VLOOKUP(A42,import!A:J,9,0) -> 21 | J42: =VLOOKUP(A42,import!A:J,10,0) -> 0 | K42: Alkan IŞIK | L42: 5414456940 | M42: Çukurova | N42: Yurt | O42: Süleyman Demirel bulvarı Yurt mahallesi 71549 sokak no 1/H Çukurova/Adana | P42: =VLOOKUP(A42,import!A:P,16,0) -> Geleneksel | R42: TRUE | S42: TRUE | W42: ÇEKİM YAPILMIŞ. BİLGİLERİ YOK | AA42: Görüşüldü | AB42: 44382 | AC42: Görüşüldü | AD42: 44414 | AE42: Dönüş Yapacak | AF42: 44435 | AG42: Dönüş Yapacak | AH42: 44457 | AI42: Görüşüldü | AJ42: 44470 | AK42: Ayşegül Dulkadir | AL42: Deneme | AM42: Deneme | AN42: Ezgi Turan | AO42: Ezgi Turan | AP42: Sinem Koçak
A43: 6105b8b4bddc0d546d0f7a8c | B43: Akarsu Kebap & Izgara , Çukurova (Yüzüncü Yıl Mah.) | C43: =VLOOKUP(A43,import!A:J,3,0) -> DOĞRU | D43: Kebap | E43: =VLOOKUP(A43,import!A:J,5,0) -> 108 | F43: =VLOOKUP(A43,import!A:J,6,0) | G43: =VLOOKUP(A43,import!A:J,7,0) -> 0 | H43: =VLOOKUP(A43,import!A:J,8,0) -> 15 | I43: =VLOOKUP(A43,import!A:J,9,0) -> 15 | J43: =VLOOKUP(A43,import!A:J,10,0) -> 0 | K43: mekye akarsu | L43: 3224280708 | M43: Çukurova | N43: Yüzüncüyıl | O43: yüzüncü yıl mah fazlı metro bulvarı gülbahar gruop apt altı a blok 53/c a101 marlet karşısı çukurova adana | P43: =VLOOKUP(A43,import!A:P,16,0) -> Geleneksel | R43: TRUE | S43: FALSE | T43: Çekim İstemiyor | W43: geçen de aradınız istemiyorum şuan dedi/ istemedi | AA43: Ulaşılamadı | AB43: 44424 | AC43: Görüşüldü | AD43: 44424 | AE43: Görüşüldü | AF43: 44427 | AG43: Tekrar Aranacak | AH43: 44435 | AI43: Görüşüldü | AJ43: 44494 | AK43: Deneme | AM43: Deneme | AN43: Deneme | AO43: Betül Demir | AP43: Sinem Koçak
A44: 61a4d66ac591d5d347f9cc4b | B44: Akdo , Çukurova (Güzelyalı Mah.) | C44: =VLOOKUP(A44,import!A:J,3,0) -> DOĞRU | D44: Pasta & Tatlı | E44: =VLOOKUP(A44,import!A:J,5,0) -> 1490 | F44: =VLOOKUP(A44,import!A:J,6,0) -> 143 | G44: =VLOOKUP(A44,import!A:J,7,0) -> 0 | H44: =VLOOKUP(A44,import!A:J,8,0) -> 110 | I44: =VLOOKUP(A44,import!A:J,9,0) -> 110 | J44: =VLOOKUP(A44,import!A:J,10,0) -> 0 | K44: Fatih Şirin | L44: 3222331717 | M44: Çukurova | N44: Güzelyalı | O44: Güzelyalı, Turgut Özal Blv. NO.98/B, 01170 Çukurova/Adana | P44: =VLOOKUP(A44,import!A:P,16,0) -> Geleneksel | R44: TRUE | S44: TRUE | T44: Randevu İptal | U44: Ferhat Köksal | V44: Berat Altunkaya | W44: yetkili izinde salı veya çrş gelecek | X44: 44547 | Y44: 44552 | AA44: Yetkili Yok | AB44: 44536 | AC44: Görüşüldü | AD44: 44543 | AE44: Görüşüldü | AF44: 44547 | AK44: Ayşegül Kır | AL44: Ferhat Köksal | AM44: Ferhat Köksal | AP44: Sinem Koçak
A45: 61b706bfc6a890313b6f4ea7 | B45: Akdo, Seyhan (Pınar Mah.) | C45: =VLOOKUP(A45,import!A:J,3,0) -> DOĞRU | D45: Pasta & Tatlı | E45: =VLOOKUP(A45,import!A:J,5,0) -> 1719 | F45: =VLOOKUP(A45,import!A:J,6,0) -> 194 | G45: =VLOOKUP(A45,import!A:J,7,0) -> 0 | H45: =VLOOKUP(A45,import!A:J,8,0) -> 98 | I45: =VLOOKUP(A45,import!A:J,9,0) -> 98 | J45: =VLOOKUP(A45,import!A:J,10,0) -> 0 | K45: Fatih Şirin | L45: 3226060099 | M45: Seyhan | N45: Gürselpaşa | O45: PINAR MAH, Ali Bozdoğanoğlu Blv NO:54/D, 01010 Seyhan/Adana | P45: =VLOOKUP(A45,import!A:P,16,0) -> Geleneksel | R45: TRUE | S45: FALSE | W45: yetkili diğer şubede dedi
A46: 614d934902b749456bd4306b | B46: Akıllıoğlu El Yapımı Çiğ Köfte, Kozan (Karacaoğlan Mah.) | C46: =VLOOKUP(A46,import!A:J,3,0) -> DOĞRU | D46: Çiğ Köfte | E46: =VLOOKUP(A46,import!A:J,5,0) -> 438 | F46: =VLOOKUP(A46,import!A:J,6,0) -> 13 | G46: =VLOOKUP(A46,import!A:J,7,0) -> 0 | H46: =VLOOKUP(A46,import!A:J,8,0) -> 7 | I46: =VLOOKUP(A46,import!A:J,9,0) -> 7 | J46: =VLOOKUP(A46,import!A:J,10,0) -> 0 | K46: EMRAH AKILLIOĞLU | L46: 5300444050 | M46: Kozan | N46: Karacaoğlan | O46: karacaoğlan mah goncagül sokak no 6 sultan hatun apt kozan adana | P46: =VLOOKUP(A46,import!A:P,16,0) -> Geleneksel | R46: FALSE | S46: FALSE | T46: Lokasyon Uzak | AP46: Fulya Kortak
A47: 607f3a80974e08ee3f0c8902 | B47: Akif Börekçioğlu, Çukurova (Mahfesığmaz Mah.) | C47: =VLOOKUP(A47,import!A:J,3,0) -> DOĞRU | D47: Börek | E47: =VLOOKUP(A47,import!A:J,5,0) -> 2762 | F47: =VLOOKUP(A47,import!A:J,6,0) -> 221 | G47: =VLOOKUP(A47,import!A:J,7,0) -> 0 | H47: =VLOOKUP(A47,import!A:J,8,0) -> 14 | I47: =VLOOKUP(A47,import!A:J,9,0) -> 14 | J47: =VLOOKUP(A47,import!A:J,10,0) -> 0 | K47: melda aynalı | L47: 5428204870 | M47: Çukurova | N47: Mahfesığmaz | O47: mahfesığmaz mah 79088 sok no 9 a çukurova adana | P47: =VLOOKUP(A47,import!A:P,16,0) -> Geleneksel | R47: TRUE | S47: FALSE | T47: Tadilat Var | W47: tadilat 6 eylüle kadar sürebilirmiş/5362515158 NIHAL HAFTAYA RANDEVU OLUŞTURULABİLİR ARANSIN. dükkan müsait degil tadilatta dedi..//aranıp randevu verilsin/kendisi dönüş yapcak // 6 eylüle kadar aranmasın çok aramışız- tatile gitmişler gelsin arıyacaklar dedi çalışanı- melda hanım hastanedeymis ben sizlere donus saglarım dedi - melda hanım hasta oldugundan dolayı müsait bir zamanda kendisi geri dönüş saglayacaklar dedi - müsait olunca donecem dedi - NİHAL HANIMLA KONUŞULDU DÖNÜŞ YAPACAĞINI BELİRTTİ GÜN İÇİNDE - ulaşılamadı / cenazeleri varmış.- | AA47: Görüşüldü | AB47: 44349 | AC47: Dönüş Yapacak | AD47: 44355 | AE47: Görüşüldü | AF47: 44363 | AG47: Dönüş Yapacak | AH47: 44371 | AI47: Görüşüldü | AJ47: 44544 | AK47: Nazlıcan Dinçer | AL47: Gül Değirmenci | AM47: Gül Değirmenci | AN47: Tutku Erdoğan | AO47: Kübra Toprak | AP47: Sinem Koçak
A48: 6015485bf8fb0b3741fa2924 | B48: Alâ Döner & Pizza, Sarıçam (Çarkıpare Mah.) | C48: =VLOOKUP(A48,import!A:J,3,0) -> YANLIŞ | D48: Döner | E48: =VLOOKUP(A48,import!A:J,5,0) -> 140 | F48: =VLOOKUP(A48,import!A:J,6,0) | G48: =VLOOKUP(A48,import!A:J,7,0) -> 9 | H48: =VLOOKUP(A48,import!A:J,8,0) -> 1 | I48: =VLOOKUP(A48,import!A:J,9,0) -> 10 | J48: =VLOOKUP(A48,import!A:J,10,0) -> 0.9 | K48: ferhat aslan | L48: 5388725516 | M48: Sarıçam | N48: Çarkıpare | O48: çarkıpare mah çatalan cad no 214 a sarıçam adana | P48: =VLOOKUP(A48,import!A:P,16,0) -> Geleneksel | R48: TRUE | S48: FALSE | T48: Randevu Alındı | U48: Mertcan karaman | V48: Berat Altunkaya | W48: eksık olarak pızza urunlerı kalmıs onların da satısı yok | X48: 44428 | Y48: 44433 | AA48: Görüşüldü | AB48: 44407 | AC48: Ulaşılamadı | AD48: 44428 | AE48: Görüşüldü | AF48: 44428 | AG48: Görüşüldü | AH48: 44496 | AK48: Derya Tatlı | AL48: Mertcan karaman | AM48: Mertcan karaman | AN48: Tuğba Buyur | AP48: Fulya Kortak
A49: 5fe8f60d12a85080b9bb58d3 | B49: Ala Mezze, (Güzelyalı Mah. - Süleyman Demirel Blv.) | C49: =VLOOKUP(A49,import!A:J,3,0) -> DOĞRU | D49: Balık & Deniz Ürünleri | E49: =VLOOKUP(A49,import!A:J,5,0) -> 982 | F49: =VLOOKUP(A49,import!A:J,6,0) -> 35 | G49: =VLOOKUP(A49,import!A:J,7,0) -> 46 | H49: =VLOOKUP(A49,import!A:J,8,0) -> 15 | I49: =VLOOKUP(A49,import!A:J,9,0) -> 61 | J49: =VLOOKUP(A49,import!A:J,10,0) -> 0.75 | K49: savaş savaş | L49: 3224540407 | M49: Çukurova | N49: Güzelyalı | O49: güzelyalı mah süleyman demirel bulv no:19/e başer sitesi b blok çukurova adana | P49: =VLOOKUP(A49,import!A:P,16,0) -> Geleneksel | R49: TRUE | S49: FALSE | T49: Randevu Alındı | U49: Ezgi Turan | V49: Berat Altunkaya | W49: 5054401444 HAFTAYA ARA | X49: 44415 | Y49: 44421 | AA49: Görüşüldü | AB49: 44349 | AC49: Görüşüldü | AD49: 44351 | AE49: Görüşüldü | AF49: 44363 | AG49: Görüşüldü | AH49: 44383 | AI49: Tekrar Aranacak | AJ49: 44445 | AK49: Nazlıcan Dinçer | AL49: Ecem Ünal | AM49: Gül Değirmenci | AN49: Ezgi Turan | AO49: Ezgi Turan | AP49: Sinem Koçak
A50: 600987dbf9bae4ba4c5387c2 | B50: Âlâ Ocakbaşı, Seyhan (Tellidere Mah.) | C50: =VLOOKUP(A50,import!A:J,3,0) -> DOĞRU | D50: Kebap | E50: =VLOOKUP(A50,import!A:J,5,0) -> 1077 | F50: =VLOOKUP(A50,import!A:J,6,0) -> 10 | G50: =VLOOKUP(A50,import!A:J,7,0) -> 0 | H50: =VLOOKUP(A50,import!A:J,8,0) -> 32 | I50: =VLOOKUP(A50,import!A:J,9,0) -> 32 | J50: =VLOOKUP(A50,import!A:J,10,0) -> 0 | K50: ömer çelik | L50: 3222613589 | M50: Seyhan | N50: Pınar | O50: pınar mah mücahitler cad no:313 / a seyhan adana | P50: =VLOOKUP(A50,import!A:P,16,0) -> Geleneksel | R50: TRUE | S50: TRUE | W50: fotografları var mı yokmu inceleyecek dönecek// yok iftardan sonra dediler fotografları inceledimi ögrenilmedi(geitr yemegi kunlanmıyorum dedi | AA50: Ulaşılamadı | AB50: 44389 | AC50: Yetkili Yok | AD50: 44355 | AE50: Görüşüldü | AF50: 44418 | AG50: Görüşüldü | AH50: 44432 | AK50: Sezer Arslan | AL50: Mertcan karaman | AN50: Deneme | AP50: Fulya Kortak
A51: 604d370e2acc7942c3b93b2d | B51: Alaçatı Muhallebicisi (Cemalpaşa Mah. - Gazipaşa Blv.) | C51: =VLOOKUP(A51,import!A:J,3,0) -> DOĞRU | D51: Dünya Mutfağı | E51: =VLOOKUP(A51,import!A:J,5,0) -> 1511 | F51: =VLOOKUP(A51,import!A:J,6,0) -> 91 | G51: =VLOOKUP(A51,import!A:J,7,0) -> 23 | H51: =VLOOKUP(A51,import!A:J,8,0) -> 38 | I51: =VLOOKUP(A51,import!A:J,9,0) -> 61 | J51: =VLOOKUP(A51,import!A:J,10,0) -> 0.38 | K51: levent dağlı | L51: 5314843223 | M51: Seyhan | N51: Cemalpaşa | O51: cemalpaşa mah mustafa gümüşdamla sk gül apt no 7 c seyhan adana | P51: =VLOOKUP(A51,import!A:P,16,0) -> Geleneksel | R51: TRUE | S51: FALSE | T51: Randevu Alındı | U51: Deneme | V51: Berat Altunkaya | W51: devam çekimi talep edermi diye aradık ulaşamadık./devam çekimi alındı / açmadı. | X51: 44434 | Y51: 44439 | AA51: Görüşüldü | AB51: 44376 | AC51: Ulaşılamadı | AD51: 44386 | AE51: Ulaşılamadı | AF51: 44389 | AG51: Görüşüldü | AH51: 44421 | AI51: Ulaşılamadı | AJ51: 44510 | AK51: Tutku Erdoğan | AL51: Nazlıcan Dinçer | AN51: Duygu Telli | AO51: Kübra Toprak | AP51: Sinem Koçak
A52: 6003132149bc3dbfaac9dbc8 | B52: Alaçatı Muhallebicisi,(Toros Mah. - Turgut Özal Blv.) | C52: =VLOOKUP(A52,import!A:J,3,0) -> YANLIŞ | D52: Kahvaltı | E52: =VLOOKUP(A52,import!A:J,5,0) -> 84 | F52: =VLOOKUP(A52,import!A:J,6,0) | G52: =VLOOKUP(A52,import!A:J,7,0) -> 47 | H52: =VLOOKUP(A52,import!A:J,8,0) -> 18 | I52: =VLOOKUP(A52,import!A:J,9,0) -> 65 | J52: =VLOOKUP(A52,import!A:J,10,0) -> 0.72 | K52: önder çebiç | L52: 5447420101 | M52: Çukurova | N52: Yurt | O52: yurt mah turgut özal bulv no 158-1a/1 çukurova adana | P52: =VLOOKUP(A52,import!A:P,16,0) -> Geleneksel | R52: TRUE | S52: FALSE | T52: Ulaşılamadı | W52: franchise olup olmadığını teyit amaçlı arandı ulaşılamadı | AA52: Ulaşılamadı | AB52: 44384 | AC52: Ulaşılamadı | AD52: 44406 | AE52: Ulaşılamadı | AF52: 44221 | AG52: Ulaşılamadı | AH52: 44435 | AK52: Tutku Erdoğan | AL52: Ayşegül Dulkadir | AN52: Deneme | AP52: Sinem Koçak
A53: 6257e3c6d3c44133a05ae743 | B53: Algül Dondurma, Sarıçam (Şahintepe Mah.) | C53: =VLOOKUP(A53,import!A:J,3,0) -> DOĞRU | D53: Pasta & Tatlı | E53: =VLOOKUP(A53,import!A:J,5,0) | F53: =VLOOKUP(A53,import!A:J,6,0) | G53: =VLOOKUP(A53,import!A:J,7,0) -> 0 | H53: =VLOOKUP(A53,import!A:J,8,0) -> 63 | I53: =VLOOKUP(A53,import!A:J,9,0) -> 63 | J53: =VLOOKUP(A53,import!A:J,10,0) -> 0 | K53: KÜRŞAT KOCAMAN | L53: 3223412928 | M53: Sarıçam | N53: Şahintepe | O53: şahintepe mah. kozan bul. 374/B Sarıçam adana | P53: =VLOOKUP(A53,import!A:P,16,0) -> Geleneksel | R53: FALSE | S53: FALSE
A54: 618a8cfd4e902f20d782f769 | B54: Ali Baba Cafe , Çukurova (Güzelyalı Mah.) | C54: =VLOOKUP(A54,import!A:J,3,0) -> DOĞRU | D54: Pasta & Tatlı | E54: =VLOOKUP(A54,import!A:J,5,0) -> 138 | F54: =VLOOKUP(A54,import!A:J,6,0) -> 4 | G54: =VLOOKUP(A54,import!A:J,7,0) -> 13 | H54: =VLOOKUP(A54,import!A:J,8,0) -> 46 | I54: =VLOOKUP(A54,import!A:J,9,0) -> 59 | J54: =VLOOKUP(A54,import!A:J,10,0) -> 0.22 | K54: SENCER YILMAZ | L54: 5306552464 | M54: Çukurova | N54: Güzelyalı | O54: Güzelyalı, Turgut Özal Blv. 82/A, 01170 Çukurova/Adana | P54: =VLOOKUP(A54,import!A:P,16,0) -> Geleneksel | R54: TRUE | S54: FALSE | T54: Randevu Alındı | U54: Ferhat Köksal | V54: Berat Altunkaya | W54: kendi fotoğraflarını mail olarak atıcak kalan ürünleri için çekim istiyor randevu oluşturuldu | X54: 44515 | Y54: 44518 | AA54: Görüşüldü | AB54: 44515 | AK54: Ferhat Köksal | AP54: Sinem Koçak
A55: 603f9a63b2bbe6e9e5cca52c | B55: Ali Bey , (Mahfesığmaz Mah. - Turgut Özal Blv.) | C55: =VLOOKUP(A55,import!A:J,3,0) -> DOĞRU | D55: Döner | E55: =VLOOKUP(A55,import!A:J,5,0) -> 2272 | F55: =VLOOKUP(A55,import!A:J,6,0) -> 29 | G55: =VLOOKUP(A55,import!A:J,7,0) -> 10 | H55: =VLOOKUP(A55,import!A:J,8,0) -> 8 | I55: =VLOOKUP(A55,import!A:J,9,0) -> 18 | J55: =VLOOKUP(A55,import!A:J,10,0) -> 0.56 | K55: ali akdeniz | L55: 5345180408 | M55: Çukurova | N55: Toros | O55: toros mah şehitler blv no 35 a çukurova adana | P55: =VLOOKUP(A55,import!A:P,16,0) -> Geleneksel | R55: TRUE | S55: FALSE | T55: Randevu Alındı | U55: Tutku Erdoğan | V55: Berat Altunkaya | W55: mahfesığmaz mah. turgut özal bulv. no 115/d | X55: 44382 | Y55: 44384 | AA55: Ulaşılamadı | AB55: 44349 | AC55: Görüşüldü | AD55: 44355 | AE55: Ulaşılamadı | AF55: 44365 | AG55: Ulaşılamadı | AH55: 44365 | AI55: Ulaşılamadı | AJ55: 44435 | AK55: Nazlıcan Dinçer | AL55: Gül Değirmenci | AM55: Ezgi Turan | AN55: Ezgi Turan | AO55: Tutku Erdoğan | AP55: Sinem Koçak
A56: 603f638ca64e33a1414dba4d | B56: Ali Şef Tavuk (Gültepe Mah.) | C56: =VLOOKUP(A56,import!A:J,3,0) -> DOĞRU | D56: Tavuk | E56: =VLOOKUP(A56,import!A:J,5,0) -> 688 | F56: =VLOOKUP(A56,import!A:J,6,0) -> 26 | G56: =VLOOKUP(A56,import!A:J,7,0) -> 0 | H56: =VLOOKUP(A56,import!A:J,8,0) -> 17 | I56: =VLOOKUP(A56,import!A:J,9,0) -> 17 | J56: =VLOOKUP(A56,import!A:J,10,0) -> 0 | K56: metin can çapanoğlu | L56: 5360669364 | M56: Sarıçam | N56: Gültepe | O56: gültepe mh çatalan cd no 136 F sarıçam adana | P56: =VLOOKUP(A56,import!A:P,16,0) -> Geleneksel | R56: TRUE | S56: TRUE | T56: Çekim İstemiyor | U56: Ezgi Turan | V56: Berat Altunkaya | W56: personel eksikk ve çekim düşünmüyorum dedi.15 kere aradınız istemiyorum dedi aranmasın | X56: 44407 | Y56: 44411 | AA56: Görüşüldü | AB56: 44407 | AC56: Görüşüldü | AD56: 44407 | AE56: Görüşüldü | AF56: 44428 | AG56: Yetkili Yok | AH56: 44446 | AI56: Görüşüldü | AJ56: 44459 | AK56: Derya Tatlı | AL56: Ezgi Turan | AM56: Mertcan karaman | AN56: Ezgi Turan | AO56: Ferhat Köksal | AP56: Fulya Kortak
A57: 61c58e03fda64dd67a7cd832 | B57: Alido Dondurma, Sarıçam (Osmangazi Mah.) | C57: =VLOOKUP(A57,import!A:J,3,0) -> DOĞRU | D57: Tost & Sandviç | E57: =VLOOKUP(A57,import!A:J,5,0) -> 549 | F57: =VLOOKUP(A57,import!A:J,6,0) -> 80 | G57: =VLOOKUP(A57,import!A:J,7,0) -> 0 | H57: =VLOOKUP(A57,import!A:J,8,0) -> 45 | I57: =VLOOKUP(A57,import!A:J,9,0) -> 45 | J57: =VLOOKUP(A57,import!A:J,10,0) -> 0 | K57: FATİH ÇAKMAK | L57: 5423228201 | M57: Sarıçam | N57: Osmangazi | O57: Osmangazi Mah. 1966 Sk. No:10D (Osmangazi İş Merk. Karşısı, 01790 Sarıçam/Adana | P57: =VLOOKUP(A57,import!A:P,16,0) -> Geleneksel | R57: FALSE | S57: FALSE
A58: 60d98563e294220c6aa59ced | B58: All Chicken Burn , Çukurova (Mahfesığmaz Mah.) | C58: =VLOOKUP(A58,import!A:J,3,0) -> DOĞRU | D58: Tavuk | E58: =VLOOKUP(A58,import!A:J,5,0) -> 954 | F58: =VLOOKUP(A58,import!A:J,6,0) -> 46 | G58: =VLOOKUP(A58,import!A:J,7,0) -> 0 | H58: =VLOOKUP(A58,import!A:J,8,0) -> 7 | I58: =VLOOKUP(A58,import!A:J,9,0) -> 7 | J58: =VLOOKUP(A58,import!A:J,10,0) -> 0 | K58: ÖMER FARUK KÖRLÜ | L58: 5457719101 | M58: Çukurova | N58: Mahfesığmaz | O58: mahfesıgmaz mah 79154 sok yüzüncü apt no 8/a çukurova adana | P58: =VLOOKUP(A58,import!A:P,16,0) -> Geleneksel | R58: TRUE | S58: FALSE | T58: İleride Randevu Alınacak | U58: Deneme | V58: Berat Altunkaya | W58: TEK ÜRÜN VAR./ hala tek ürünü var ayrıca çekim yapılmış fakat fotoğraflar çalındı denmiş doğruluğunu teyit istiyor | X58: 44427 | Y58: 44431 | AA58: Görüşüldü | AC58: Görüşüldü | AD58: 44407 | AE58: Ulaşılamadı | AF58: 44424 | AG58: Görüşüldü | AH58: 44427 | AI58: Görüşüldü | AJ58: 44494 | AM58: Deneme | AN58: Deneme | AO58: Betül Demir | AP58: Sinem Koçak
A59: 6234808b521ea478b63abbe8 | B59: Alo Balık, Seyhan (Gürselpaşa Mah.) | C59: =VLOOKUP(A59,import!A:J,3,0) -> DOĞRU | D59: Deniz Ürünleri | E59: =VLOOKUP(A59,import!A:J,5,0) -> 49 | F59: =VLOOKUP(A59,import!A:J,6,0) -> 23 | G59: =VLOOKUP(A59,import!A:J,7,0) -> 0 | H59: =VLOOKUP(A59,import!A:J,8,0) -> 23 | I59: =VLOOKUP(A59,import!A:J,9,0) -> 23 | J59: =VLOOKUP(A59,import!A:J,10,0) -> 0 | K59: BERDAN AKÇEKOCE | L59: 3225040424 | M59: Seyhan | N59: Gürselpaşa | O59: GÜRSELPAŞA MAH. ALİYA İZZET BEGOVİÇ BLV. NO: 102 B SEYHAN/ ADANA | P59: =VLOOKUP(A59,import!A:P,16,0) -> Geleneksel | R59: FALSE | S59: FALSE
A60: 6049e837118621c82ec3ca1e | B60: Altın Cafe (Cemalpaşa Mah. - Atatürk Cad.) | C60: =VLOOKUP(A60,import!A:J,3,0) -> DOĞRU | D60: Döner | E60: =VLOOKUP(A60,import!A:J,5,0) -> 543 | F60: =VLOOKUP(A60,import!A:J,6,0) -> 6 | G60: =VLOOKUP(A60,import!A:J,7,0) -> 10 | H60: =VLOOKUP(A60,import!A:J,8,0) -> 8 | I60: =VLOOKUP(A60,import!A:J,9,0) -> 18 | J60: =VLOOKUP(A60,import!A:J,10,0) -> 0.56 | K60: deniz can gülli | L60: 3224599062 | M60: Seyhan | N60: Cemalpaşa | O60: cemalpaşa mh e.ekin sok öğretmenler st. b blok no 13 iç kapı no e seyhan adana | P60: =VLOOKUP(A60,import!A:P,16,0) -> Geleneksel | R60: TRUE | S60: FALSE | T60: Randevu Alındı | U60: Derya Tatlı | V60: Berat Altunkaya | W60: tadilat varmış 3 hafta sonra bitermiş/çekim için randevu verilmesini istiyor/5367492062/işletme 12 de aransın/ tüm ürünler çekilmiş | X60: 44393 | Y60: 44404 | AA60: Görüşüldü | AB60: 44377 | AC60: Yetkili Yok | AD60: 44379 | AE60: Görüşüldü | AF60: 44384 | AG60: Yetkili Yok | AH60: 44386 | AI60: Görüşüldü | AJ60: 44393 | AK60: Ezgi Turan | AL60: Ezgi Turan | AM60: Ayşegül Dulkadir | AN60: Ezgi Turan | AO60: Derya Tatlı | AP60: Sinem Koçak
A61: 60648f619c5540707fb4fcd9 | B61: Altıyol Çorba & Yöresel Ev Yemekleri (Beyazevler Mah.) | C61: =VLOOKUP(A61,import!A:J,3,0) -> DOĞRU | D61: Ev Yemekleri | E61: =VLOOKUP(A61,import!A:J,5,0) -> 1958 | F61: =VLOOKUP(A61,import!A:J,6,0) -> 161 | G61: =VLOOKUP(A61,import!A:J,7,0) -> 17 | H61: =VLOOKUP(A61,import!A:J,8,0) -> 13 | I61: =VLOOKUP(A61,import!A:J,9,0) -> 30 | J61: =VLOOKUP(A61,import!A:J,10,0) -> 0.57 | K61: ismail aydoğdu | L61: 5399142636 | M61: Çukurova | N61: Beyazevler | O61: beyazevler mah 80003 sok no 10/a çukurova adana | P61: =VLOOKUP(A61,import!A:P,16,0) -> Geleneksel | R61: TRUE | S61: FALSE | T61: Randevu Alındı | U61: Ezgi Turan | V61: Berat Altunkaya | W61: YT YOK OGLEDEN SONRA ARANILACAKrandevu alındı sonra devasm çekimi de olabilir sabah saatleri için alınsın randevu | X61: 44436 | Y61: 44440 | AA61: Yetkili Yok | AB61: 44356 | AC61: Tekrar Aranacak | AD61: 44368 | AE61: Görüşüldü | AF61: 44370 | AG61: Görüşüldü | AH61: 44403 | AI61: Görüşüldü | AJ61: 44436 | AK61: Selcan Topçu | AL61: Tutku Erdoğan | AM61: Nurhayat Kabataş | AN61: Derya Tatlı | AO61: Sezer Arslan | AP61: Sinem Koçak
A62: 5fde89ec0654ee84b2e89aa1 | B62: American Chicken Box, Seyhan (Cemalpaşa Mah.) | C62: =VLOOKUP(A62,import!A:J,3,0) -> YANLIŞ | D62: Tavuk | E62: =VLOOKUP(A62,import!A:J,5,0) -> 471 | F62: =VLOOKUP(A62,import!A:J,6,0) | G62: =VLOOKUP(A62,import!A:J,7,0) -> 2 | H62: =VLOOKUP(A62,import!A:J,8,0) -> 8 | I62: =VLOOKUP(A62,import!A:J,9,0) -> 10 | J62: =VLOOKUP(A62,import!A:J,10,0) -> 0.2 | K62: Mehmet Sayılık | L62: 5413808788 | M62: Seyhan | N62: Cemalpaşa | O62: cemalpaşa mah 63012 sok özdemir sit no 5/b seyhan adana | P62: =VLOOKUP(A62,import!A:P,16,0) -> Geleneksel | R62: TRUE | S62: FALSE | T62: Ulaşılamadı | W62: kayıtlı böyle bir numara yokm- numara yanlış | AA62: Ulaşılamadı | AB62: 44376 | AC62: Ulaşılamadı | AD62: 44378 | AE62: Ulaşılamadı | AF62: 44379 | AG62: Tekrar Aranacak | AH62: 44384 | AI62: Ulaşılamadı | AJ62: 44508 | AK62: Tutku Erdoğan | AL62: Derya Tatlı | AM62: Tutku Erdoğan | AN62: Tutku Erdoğan | AO62: Tuğba Buyur | AP62: Sinem Koçak
A63: 6149dbb69e06e02e6c17587f | B63: An-takya Döner , Seyhan (Cemalpaşa Mah..) | C63: =VLOOKUP(A63,import!A:J,3,0) -> DOĞRU | D63: Döner | E63: =VLOOKUP(A63,import!A:J,5,0) -> 3192 | F63: =VLOOKUP(A63,import!A:J,6,0) -> 304 | G63: =VLOOKUP(A63,import!A:J,7,0) -> 11 | H63: =VLOOKUP(A63,import!A:J,8,0) -> 1 | I63: =VLOOKUP(A63,import!A:J,9,0) -> 12 | J63: =VLOOKUP(A63,import!A:J,10,0) -> 0.92 | K63: çağlayan kocahan | L63: 5321132332 | M63: Seyhan | N63: Cemalpaşa | O63: CEMALPAŞA MAH. BAHAR CAD. ERTAN APT NO: 15 A SEYHAN/ ADANA | P63: =VLOOKUP(A63,import!A:P,16,0) -> Geleneksel | R63: TRUE | S63: FALSE | T63: Randevu Alındı | W63: ÇEKİM YAPILDI DENİLİYOR. | AA63: Görüşüldü | AB63: 44474 | AK63: Ezgi Turan | AP63: Sinem Koçak
A64: 615cb7e7196a5d33f485a9f1 | B64: Anadolu Çiğköfte, Seyhan (Hurmalı Mah.) | C64: =VLOOKUP(A64,import!A:J,3,0) -> YANLIŞ | D64: Çiğ Köfte | E64: =VLOOKUP(A64,import!A:J,5,0) -> 54 | F64: =VLOOKUP(A64,import!A:J,6,0) | G64: =VLOOKUP(A64,import!A:J,7,0) -> 8 | H64: =VLOOKUP(A64,import!A:J,8,0) -> 0 | I64: =VLOOKUP(A64,import!A:J,9,0) -> 8 | J64: =VLOOKUP(A64,import!A:J,10,0) -> 1 | K64: muhammet şükrü özkarakaş | L64: 5447203988 | M64: Seyhan | N64: Döşeme | O64: hurmalı mah kurtuluş cd no 73 seyhan adana | P64: =VLOOKUP(A64,import!A:P,16,0) -> Geleneksel | R64: TRUE | S64: FALSE | T64: Randevu Alındı | U64: Ferhat Köksal | V64: Berat Altunkaya | X64: 44481 | Y64: 44482 | AA64: Görüşüldü | AB64: 44481 | AK64: Ferhat Köksal | AP64: Fulya Kortak
A65: 619970893a1a5fcadaa9dbcc | B65: Anadolu Çiğköfte, Yüreğir (Anadolu Mah.) | C65: =VLOOKUP(A65,import!A:J,3,0) -> DOĞRU | D65: Çiğ Köfte | E65: =VLOOKUP(A65,import!A:J,5,0) -> 35 | F65: =VLOOKUP(A65,import!A:J,6,0) | G65: =VLOOKUP(A65,import!A:J,7,0) -> 0 | H65: =VLOOKUP(A65,import!A:J,8,0) -> 16 | I65: =VLOOKUP(A65,import!A:J,9,0) -> 16 | J65: =VLOOKUP(A65,import!A:J,10,0) -> 0 | K65: hasan özüş | L65: 5426514067 | M65: Yüreğir | N65: Güneşli | O65: anadolu mah süleyman vahit cad no 235 iç kapı no a yüreğir adana | P65: =VLOOKUP(A65,import!A:P,16,0) -> Geleneksel | R65: TRUE | S65: TRUE | W65: mail atacak | AA65: Görüşüldü | AB65: 44617 | AK65: Hatem Soyaslan | AP65: Fulya Kortak
A66: 603a1b3f717836115614220d | B66: Antakya Express Döner (Belediyeevleri Mah.) | C66: =VLOOKUP(A66,import!A:J,3,0) -> DOĞRU | D66: Döner | E66: =VLOOKUP(A66,import!A:J,5,0) -> 3668 | F66: =VLOOKUP(A66,import!A:J,6,0) -> 92 | G66: =VLOOKUP(A66,import!A:J,7,0) -> 19 | H66: =VLOOKUP(A66,import!A:J,8,0) -> 19 | I66: =VLOOKUP(A66,import!A:J,9,0) -> 38 | J66: =VLOOKUP(A66,import!A:J,10,0) -> 0.5 | K66: adem topal | L66: 5316968522 | M66: Çukurova | N66: Belediye Evleri | O66: belediye evleri mh hilmi küklü blv yasemen apt no 65 - 2 A çukurova adana | P66: =VLOOKUP(A66,import!A:P,16,0) -> Geleneksel | R66: TRUE | S66: FALSE | T66: Randevu Alındı | U66: Derya Tatlı | V66: Berat Altunkaya | W66: Devam çekimi randevusu. alındı | X66: 44404 | Y66: 44406 | AA66: Görüşüldü | AB66: 44371 | AC66: Görüşüldü | AD66: 44404 | AE66: Ulaşılamadı | AF66: 44435 | AK66: Nazlıcan Dinçer | AL66: Derya Tatlı | AM66: Deneme | AP66: Sinem Koçak
A67: 6172c37d61c94c2111e59cd4 | B67: Antakya Sos Döner, Çukurova (Yüzüncü Yıl Mah.) | C67: =VLOOKUP(A67,import!A:J,3,0) -> DOĞRU | D67: Döner | E67: =VLOOKUP(A67,import!A:J,5,0) -> 4320 | F67: =VLOOKUP(A67,import!A:J,6,0) -> 256 | G67: =VLOOKUP(A67,import!A:J,7,0) -> 9 | H67: =VLOOKUP(A67,import!A:J,8,0) -> 25 | I67: =VLOOKUP(A67,import!A:J,9,0) -> 34 | J67: =VLOOKUP(A67,import!A:J,10,0) -> 0.26 | K67: seda gönlü | L67: 3222563333 | M67: Çukurova | N67: Yüzüncüyıl | O67: YÜZÜNCÜYIL MAH. HACI BEKTAŞ VELİ BLV. MANOLYA SİT. B BLOK ALTI NO: 10 A ÇUKUROVA/ ADANA | P67: Geleneksel | R67: TRUE | S67: FALSE | T67: Başka Şubeden Çekilecek | W67: pınar mah seyhan | AA67: Görüşüldü | AB67: 44501 | AC67: Görüşüldü | AD67: 44509 | AK67: Ferhat Köksal | AL67: Tuğba Buyur | AP67: Sinem Koçak
A68: 60cb124c381b50eecfc77fd4 | B68: Antakya Sos Döner, Seyhan (Pınar Mah.) | C68: =VLOOKUP(A68,import!A:J,3,0) -> DOĞRU | D68: Döner | E68: =VLOOKUP(A68,import!A:J,5,0) -> 9167 | F68: =VLOOKUP(A68,import!A:J,6,0) -> 409 | G68: =VLOOKUP(A68,import!A:J,7,0) -> 12 | H68: =VLOOKUP(A68,import!A:J,8,0) -> 55 | I68: =VLOOKUP(A68,import!A:J,9,0) -> 67 | J68: =VLOOKUP(A68,import!A:J,10,0) -> 0.18 | K68: uğur gönlü | L68: 3222330050 | M68: Seyhan | N68: Pınar | O68: pınar mah 74151 sk no 11/1 A seyhan adana | P68: =VLOOKUP(A68,import!A:P,16,0) -> Geleneksel | R68: TRUE | S68: FALSE | T68: Randevu Alındı | U68: Ferhat Köksal | V68: Berat Altunkaya | W68: Ali Bey/5432412147(05458781954/ mail verildi | X68: 44474 | Y68: 44475 | AA68: Görüşüldü | AB68: 44377 | AC68: Ulaşılamadı | AD68: 44428 | AE68: Ulaşılamadı | AF68: 44431 | AG68: Ulaşılamadı | AH68: 44432 | AI68: Görüşüldü | AJ68: 44474 | AK68: Gül Değirmenci | AL68: Mertcan karaman | AM68: Sezer Arslan | AN68: Deneme | AO68: Ferhat Köksal | AP68: Fulya Kortak
A69: 5ff39882ee0f72652ca8f3a6 | B69: Antakyam Döner, Çukurova (Mahfesığmaz Mah.) | C69: =VLOOKUP(A69,import!A:J,3,0) -> DOĞRU | D69: Döner | E69: =VLOOKUP(A69,import!A:J,5,0) -> 39663 | F69: =VLOOKUP(A69,import!A:J,6,0) -> 1490 | G69: =VLOOKUP(A69,import!A:J,7,0) -> 7 | H69: =VLOOKUP(A69,import!A:J,8,0) -> 26 | I69: =VLOOKUP(A69,import!A:J,9,0) -> 33 | J69: =VLOOKUP(A69,import!A:J,10,0) -> 0.21 | K69: tuncay bozkuş | L69: 3227770303 | M69: Çukurova | N69: Güzelyalı | O69: mahfesığmaz mah turgut özal bulv abbas bilir apt b blok no:59/a çukurova adana | P69: =VLOOKUP(A69,import!A:P,16,0) -> Geleneksel | R69: TRUE | S69: FALSE | T69: Randevu Alındı | U69: Duygu Telli | V69: Berat Altunkaya | W69: 5354601623 tüm ürünler çekildi sisteme yüklenmemiş dedi/esat beyden devam çekimi randevusu aldık | X69: 44421 | Y69: 44427 | AA69: Dönüş Yapacak | AB69: 44363 | AC69: Görüşüldü | AD69: 44375 | AE69: Görüşüldü | AF69: 44421 | AK69: Gül Değirmenci | AL69: Gül Değirmenci | AM69: Duygu Telli | AP69: Sinem Koçak
A70: 61f7b559194c9137b5cae742 | B70: Antik Döner, Sarıçam (Gültepe Mah.) | C70: =VLOOKUP(A70,import!A:J,3,0) -> DOĞRU | D70: Döner | E70: =VLOOKUP(A70,import!A:J,5,0) -> 728 | F70: =VLOOKUP(A70,import!A:J,6,0) -> 109 | G70: =VLOOKUP(A70,import!A:J,7,0) -> 0 | H70: =VLOOKUP(A70,import!A:J,8,0) -> 28 | I70: =VLOOKUP(A70,import!A:J,9,0) -> 28 | J70: =VLOOKUP(A70,import!A:J,10,0) -> 0 | K70: SUAT İDEMER | L70: 3223417385 | M70: Sarıçam | N70: Gültepe | O70: GÜLTEPE MAH ÇATALAN CAD NO 59 A SARIÇAM ADANA | P70: =VLOOKUP(A70,import!A:P,16,0) -> Geleneksel | R70: FALSE | S70: FALSE
A71: 60ff0f7e07177f730c879dd8 | B71: Antiochia Döner , Çukurova (Güzelyalı Mah.) | C71: =VLOOKUP(A71,import!A:J,3,0) -> DOĞRU | D71: Döner | E71: =VLOOKUP(A71,import!A:J,5,0) -> 9992 | F71: =VLOOKUP(A71,import!A:J,6,0) -> 552 | G71: =VLOOKUP(A71,import!A:J,7,0) -> 16 | H71: =VLOOKUP(A71,import!A:J,8,0) -> 5 | I71: =VLOOKUP(A71,import!A:J,9,0) -> 21 | J71: =VLOOKUP(A71,import!A:J,10,0) -> 0.76 | K71: züleyha hanım | L71: 3222123101 | M71: Çukurova | N71: Güzelyalı | O71: güzelyalı mah t. özal bulv.dr. ibrahim keskin sit c blok no:52/1c çukurova adana | P71: =VLOOKUP(A71,import!A:P,16,0) -> Geleneksel | R71: TRUE | S71: TRUE | W71: numara eksik (0322) 212 01 31 ( | AA71: Ulaşılamadı | AB71: 44412 | AC71: Yetkili Yok | AD71: 44415 | AK71: Deneme | AL71: Mertcan karaman | AP71: Sinem Koçak
A72: 5fe0ca7523ff89b4c3a74ee2 | B72: Antiochia Döner, Seyhan (Gürselpaşa Mah.) | C72: =VLOOKUP(A72,import!A:J,3,0) -> DOĞRU | D72: Döner | E72: =VLOOKUP(A72,import!A:J,5,0) -> 19750 | F72: =VLOOKUP(A72,import!A:J,6,0) -> 409 | G72: =VLOOKUP(A72,import!A:J,7,0) -> 21 | H72: =VLOOKUP(A72,import!A:J,8,0) -> 4 | I72: =VLOOKUP(A72,import!A:J,9,0) -> 25 | J72: =VLOOKUP(A72,import!A:J,10,0) -> 0.84 | K72: ZÜLEYHA ATLAS | L72: 3222614242 | M72: Seyhan | N72: Gürselpaşa | O72: gürselpaşa mah 75646 sok no 2 seyhan adana | P72: =VLOOKUP(A72,import!A:P,16,0) -> Geleneksel | R72: TRUE | S72: FALSE | T72: Randevu Alındı | U72: Ezgi Turan | V72: Berat Altunkaya | W72: randevu alındı | X72: 44379 | Y72: 44383 | Z72: Hemen Randevu İstiyorum | AA72: Görüşüldü | AB72: 44379 | AC72: Ulaşılamadı | AD72: 44384 | AK72: Ezgi Turan | AL72: Tutku Erdoğan | AP72: Fulya Kortak
A73: 5fe5bf7af0267cf286124773 | B73: Antiochia Döner, Seyhan (Yenibaraj Mah. - Barajyolu) | C73: =VLOOKUP(A73,import!A:J,3,0) -> DOĞRU | D73: Döner | E73: =VLOOKUP(A73,import!A:J,5,0) -> 20614 | F73: =VLOOKUP(A73,import!A:J,6,0) -> 1110 | G73: =VLOOKUP(A73,import!A:J,7,0) -> 0 | H73: =VLOOKUP(A73,import!A:J,8,0) -> 25 | I73: =VLOOKUP(A73,import!A:J,9,0) -> 25 | J73: =VLOOKUP(A73,import!A:J,10,0) -> 0 | K73: yasin atlas | L73: 3222283535 | M73: Seyhan | N73: Yenibaraj | O73: yeni baraj mah. 68047 sk gülkent apt a blok no2/a seyhan adana | P73: =VLOOKUP(A73,import!A:P,16,0) -> Geleneksel | R73: TRUE | S73: TRUE | W73: kendi fotoğraflarını mail olarak atıcak- yetkili yok - ULASILAMADI - ulasılamadı | AA73: Görüşüldü | AB73: 44379 | AC73: Yetkili Yok | AD73: 44355 | AE73: Görüşüldü | AF73: 44418 | AG73: Tekrar Aranacak | AH73: 44432 | AI73: Ulaşılamadı | AJ73: 44502 | AK73: Ezgi Turan | AL73: Sezer Arslan | AM73: Mertcan karaman | AN73: Deneme | AO73: Ferhat Köksal | AP73: Fulya Kortak
A74: 61e6b9fe899a317d4e161888 | B74: Ara Döner 01, Çukurova (Toros Mah.) | C74: =VLOOKUP(A74,import!A:J,3,0) -> DOĞRU | D74: Döner | E74: =VLOOKUP(A74,import!A:J,5,0) -> 61 | F74: =VLOOKUP(A74,import!A:J,6,0) | G74: =VLOOKUP(A74,import!A:J,7,0) -> 0 | H74: =VLOOKUP(A74,import!A:J,8,0) -> 30 | I74: =VLOOKUP(A74,import!A:J,9,0) -> 30 | J74: =VLOOKUP(A74,import!A:J,10,0) -> 0 | K74: Alp Ocak | L74: 5425622401 | M74: Çukurova | N74: Mahfesığmaz | O74: toros mah barış manço bulvarı no 2 c çukurova adana | P74: =VLOOKUP(A74,import!A:P,16,0) -> Geleneksel | R74: TRUE | S74: FALSE | W74: tel kapalı | AA74: Ulaşılamadı | AB74: 44634 | AK74: Ferhat Köksal
A75: 6096e39e0c17441e2b2361f8 | B75: Arada Biyer (Mahfesığmaz Mah.) | C75: =VLOOKUP(A75,import!A:J,3,0) -> DOĞRU | D75: Kebap | E75: =VLOOKUP(A75,import!A:J,5,0) -> 243 | F75: =VLOOKUP(A75,import!A:J,6,0) -> 15 | G75: =VLOOKUP(A75,import!A:J,7,0) -> 0 | H75: =VLOOKUP(A75,import!A:J,8,0) -> 30 | I75: =VLOOKUP(A75,import!A:J,9,0) -> 30 | J75: =VLOOKUP(A75,import!A:J,10,0) -> 0 | K75: levent tanrıverdi | L75: 5061707270 | M75: Çukurova | N75: Mahfesığmaz | O75: Mahfesığmaz mah.79112 sokak no:14/A Çukurova ADANA | P75: =VLOOKUP(A75,import!A:P,16,0) -> Geleneksel | R75: TRUE | S75: TRUE | W75: pazartesi günleri ulaşılabilir / GETİR YEMEK İLE TELEFON SIKINTISI VAR BU DÜZELMEDEN ÇALIŞMAK İSTEMİYOR.- ulasılamadı- levent bey saat 4-5 de gelir dedi / getir yemek deyince suratıma kapttı | AA75: Yetkili Yok | AB75: 44383 | AC75: Yetkili Yok | AD75: 44384 | AE75: Görüşüldü | AF75: 44412 | AG75: Ulaşılamadı | AH75: 44418 | AI75: Yetkili Yok | AJ75: 44473 | AK75: Eylem Ünal | AL75: Tutku Erdoğan | AM75: Deneme | AN75: Mertcan karaman | AO75: Ferhat Köksal | AP75: Sinem Koçak
A76: 617fccf8cf18a71f697db78c | B76: Argos Kebap , Seyhan (Cemalpaşa Mah.) | C76: =VLOOKUP(A76,import!A:J,3,0) -> DOĞRU | D76: Kebap | E76: =VLOOKUP(A76,import!A:J,5,0) -> 299 | F76: =VLOOKUP(A76,import!A:J,6,0) -> 2 | G76: =VLOOKUP(A76,import!A:J,7,0) -> 12 | H76: =VLOOKUP(A76,import!A:J,8,0) -> 35 | I76: =VLOOKUP(A76,import!A:J,9,0) -> 47 | J76: =VLOOKUP(A76,import!A:J,10,0) -> 0.26 | K76: gökhan acımış | L76: 3224588606 | M76: Seyhan | N76: Cemalpaşa | O76: cemalpaşa mah 63009 sok akaltun apt no 4 b seyhan adana | P76: =VLOOKUP(A76,import!A:P,16,0) -> Geleneksel | R76: TRUE | S76: FALSE | T76: Randevu Alındı | U76: Ayşegül Kır | V76: Özhan Oruç | X76: 44628 | Y76: 44629 | AA76: Görüşüldü | AB76: 44508 | AC76: Görüşüldü | AD76: 44628 | AK76: Ferhat Köksal | AL76: Ayşegül Kır | AP76: Sinem Koçak
A77: 60ba2b0599f04867ce41e82c | B77: Arı Ekspress Döner, Seyhan (Sümer Mah. - Barajyolu) | C77: =VLOOKUP(A77,import!A:J,3,0) -> DOĞRU | D77: Döner | E77: =VLOOKUP(A77,import!A:J,5,0) -> 4464 | F77: =VLOOKUP(A77,import!A:J,6,0) -> 136 | G77: =VLOOKUP(A77,import!A:J,7,0) -> 12 | H77: =VLOOKUP(A77,import!A:J,8,0) -> 5 | I77: =VLOOKUP(A77,import!A:J,9,0) -> 17 | J77: =VLOOKUP(A77,import!A:J,10,0) -> 0.71 | K77: badel avcılar | L77: 3228024172 | M77: Seyhan | N77: Sümer | O77: Sümer, mah Altun Blv. 1 B D:3, 01140 Seyhan/Adana | P77: =VLOOKUP(A77,import!A:P,16,0) -> Geleneksel | R77: TRUE | S77: FALSE | T77: Randevu Alındı | U77: Ezgi Turan | V77: Berat Altunkaya | W77: randevu alındı | X77: 44379 | Y77: 44384 | AA77: Görüşüldü | AB77: 44379 | AK77: Ezgi Turan | AP77: Fulya Kortak
A78: 620a0dcefb198bca1bdbbf01 | B78: Arı Ekspress Döner, Seyhan (Yeşiloba Mah.) | C78: =VLOOKUP(A78,import!A:J,3,0) -> DOĞRU | D78: Döner | E78: =VLOOKUP(A78,import!A:J,5,0) -> 95 | F78: =VLOOKUP(A78,import!A:J,6,0) -> 21 | G78: =VLOOKUP(A78,import!A:J,7,0) -> 0 | H78: =VLOOKUP(A78,import!A:J,8,0) -> 9 | I78: =VLOOKUP(A78,import!A:J,9,0) -> 9 | J78: =VLOOKUP(A78,import!A:J,10,0) -> 0 | K78: İLMETTİN ÇALPAN | L78: 5334010274 | M78: Seyhan | N78: Yeşiloba | O78: YEŞİLOBA MAH. 46120 SK. NO: 77 İÇ KAPI NO: 1 SEYHAN/ ADANA | P78: =VLOOKUP(A78,import!A:P,16,0) -> Geleneksel | R78: FALSE | S78: FALSE | W78: ulaşılamadı
A79: 6092b6779f1f74ad09cae4ff | B79: Arısoy Restaurant & Catering, Sarıçam (Acıdere Osb Mah.) | C79: =VLOOKUP(A79,import!A:J,3,0) -> DOĞRU | D79: Kebap | E79: =VLOOKUP(A79,import!A:J,5,0) -> 38 | F79: =VLOOKUP(A79,import!A:J,6,0) | G79: =VLOOKUP(A79,import!A:J,7,0) -> 0 | H79: =VLOOKUP(A79,import!A:J,8,0) -> 12 | I79: =VLOOKUP(A79,import!A:J,9,0) -> 12 | J79: =VLOOKUP(A79,import!A:J,10,0) -> 0 | K79: azmi huzur yurtçu | L79: 5365538673 | M79: Sarıçam | N79: Acıdereosb | O79: acıdere osb mah inönü blv no 8 sarıçam adana | P79: =VLOOKUP(A79,import!A:P,16,0) -> Geleneksel | R79: TRUE | S79: FALSE | T79: Randevu İptal | U79: Ezgi Turan | V79: Berat Altunkaya | W79: mesgul | X79: 44470 | Y79: 44473 | AA79: Ulaşılamadı | AB79: 44424 | AC79: Tekrar Aranacak | AD79: 44432 | AE79: Görüşüldü | AF79: 44470 | AG79: Ulaşılamadı | AH79: 44475 | AI79: Ulaşılamadı | AJ79: 44509 | AK79: Deneme | AM79: Ezgi Turan | AN79: Ayşegül Kır | AO79: Ayşegül Kır | AP79: Fulya Kortak
A80: 622600ea55ab1968f84804ef | B80: Arifzade Organik Çiğ Köfte & Meze, Çukurova (Beyazevler Mah.) | C80: =VLOOKUP(A80,import!A:J,3,0) -> DOĞRU | D80: Çiğ Köfte | E80: =VLOOKUP(A80,import!A:J,5,0) -> 2 | F80: =VLOOKUP(A80,import!A:J,6,0) | G80: =VLOOKUP(A80,import!A:J,7,0) -> 0 | H80: =VLOOKUP(A80,import!A:J,8,0) -> 6 | I80: =VLOOKUP(A80,import!A:J,9,0) -> 6 | J80: =VLOOKUP(A80,import!A:J,10,0) -> 0 | K80: Süleyman Ürek | L80: 5456378305 | M80: Çukurova | N80: Beyazevler | O80: Beyazevler mah. 80003 sok 16/B Çukurova adana | P80: =VLOOKUP(A80,import!A:P,16,0) -> Geleneksel | R80: FALSE | S80: FALSE
A81: 60041dc97b25a2ab7eecfaa7 | B81: Aristone Cafe,(Kurtuluş Mah. - Atatürk Cad.) | C81: =VLOOKUP(A81,import!A:J,3,0) -> DOĞRU | D81: Döner | E81: =VLOOKUP(A81,import!A:J,5,0) -> 615 | F81: =VLOOKUP(A81,import!A:J,6,0) -> 11 | G81: =VLOOKUP(A81,import!A:J,7,0) -> 10 | H81: =VLOOKUP(A81,import!A:J,8,0) -> 54 | I81: =VLOOKUP(A81,import!A:J,9,0) -> 64 | J81: =VLOOKUP(A81,import!A:J,10,0) -> 0.16 | K81: onur kırıcı | L81: 3224586060 | M81: Seyhan | N81: Reşatbey | O81: reşatbey mah arı apt altı no:20 seyhan adana | P81: =VLOOKUP(A81,import!A:P,16,0) -> Geleneksel | R81: TRUE | S81: FALSE | T81: Randevu Alındı | U81: Deneme | V81: Berat Altunkaya | W81: 5435081205 Hasret Hanım onur bey ile görüşecek anlatacak. geri dönüş yapacaklar-3 de aranacak . MAİL ATACAK | X81: 44432 | Y81: 44435 | AA81: Görüşüldü | AB81: 44379 | AC81: Tekrar Aranacak | AD81: 44393 | AE81: Görüşüldü | AF81: 44406 | AG81: Görüşüldü | AH81: 44414 | AI81: Görüşüldü | AJ81: 44432 | AK81: Ezgi Turan | AL81: Derya Tatlı | AM81: Ezgi Turan | AN81: Deneme | AO81: Deneme | AP81: Fulya Kortak
A82: 61d44bea0719be3052c93449 | B82: Art City Pizza & Burger, Seyhan (Reşatbey Mah.) | C82: =VLOOKUP(A82,import!A:J,3,0) -> DOĞRU | D82: Pizza | E82: =VLOOKUP(A82,import!A:J,5,0) -> 220 | F82: =VLOOKUP(A82,import!A:J,6,0) -> 13 | G82: =VLOOKUP(A82,import!A:J,7,0) -> 0 | H82: =VLOOKUP(A82,import!A:J,8,0) -> 17 | I82: =VLOOKUP(A82,import!A:J,9,0) -> 17 | J82: =VLOOKUP(A82,import!A:J,10,0) -> 0 | K82: ORHAN EMEN | L82: 5399631427 | M82: Seyhan | N82: Reşatbey | O82: reşatbey mah gazeteci sinan tanyıldız sk hazer apt no 21 seyhan adana | P82: =VLOOKUP(A82,import!A:P,16,0) -> Geleneksel | R82: TRUE | S82: FALSE | T82: Tadilat Var | W82: ben geri dönüş sağlarım dedi tadilat var dedi | AA82: Görüşüldü | AB82: 44571 | AK82: Ferhat Köksal
A83: 61b33263b02a4fbfb9bec033 | B83: Artizan Burger, Seyhan (Gürselpaşa Mah.) | C83: =VLOOKUP(A83,import!A:J,3,0) -> DOĞRU | D83: Burger | E83: =VLOOKUP(A83,import!A:J,5,0) -> 311 | F83: =VLOOKUP(A83,import!A:J,6,0) -> 14 | G83: =VLOOKUP(A83,import!A:J,7,0) -> 0 | H83: =VLOOKUP(A83,import!A:J,8,0) -> 19 | I83: =VLOOKUP(A83,import!A:J,9,0) -> 19 | J83: =VLOOKUP(A83,import!A:J,10,0) -> 0 | K83: Cem Polat | L83: 3229995768 | M83: Seyhan | N83: Gürselpaşa | O83: gürselpaşa mah a. izzet begoviç bulv 25/b seyhan adana | P83: =VLOOKUP(A83,import!A:P,16,0) -> Geleneksel | R83: TRUE | S83: FALSE | W83: 5052293441 öğleden sonra aranacak | AA83: Tekrar Aranacak | AB83: 44566 | AK83: Ayşegül Kır
A84: 6240a5098b92a15592879afd | B84: Arya Kebap Evi,Kozan (Cumhuriyet Mah.) | C84: =VLOOKUP(A84,import!A:J,3,0) -> DOĞRU | D84: Kebap | E84: =VLOOKUP(A84,import!A:J,5,0) -> 5 | F84: =VLOOKUP(A84,import!A:J,6,0) | G84: =VLOOKUP(A84,import!A:J,7,0) -> 0 | H84: =VLOOKUP(A84,import!A:J,8,0) -> 10 | I84: =VLOOKUP(A84,import!A:J,9,0) -> 10 | J84: =VLOOKUP(A84,import!A:J,10,0) -> 0 | K84: Kemal Örtlek | L84: 5467875797 | M84: Kozan | N84: Karacaoğlan | O84: Cumhuriyet mah. andıl cad. no 167 d kozan adana | P84: =VLOOKUP(A84,import!A:P,16,0) -> Geleneksel | R84: FALSE | S84: FALSE
A85: 623ac62a91f997eb4f073789 | B85: Asel Patisserie & Cafe, Sarıçam (Gültepe Mah.) | C85: =VLOOKUP(A85,import!A:J,3,0) -> DOĞRU | D85: Pasta & Tatlı | E85: =VLOOKUP(A85,import!A:J,5,0) -> 32 | F85: =VLOOKUP(A85,import!A:J,6,0) -> 31 | G85: =VLOOKUP(A85,import!A:J,7,0) -> 0 | H85: =VLOOKUP(A85,import!A:J,8,0) -> 24 | I85: =VLOOKUP(A85,import!A:J,9,0) -> 24 | J85: =VLOOKUP(A85,import!A:J,10,0) -> 0 | K85: Rahime Avli | L85: 5529319485 | M85: Sarıçam | N85: Gültepe | O85: Gültepe Mah. Erguvan Cad. Pınar B No:22 A Sarıçam Adana | P85: =VLOOKUP(A85,import!A:P,16,0) -> Geleneksel | R85: FALSE | S85: FALSE
A86: 6203dd790523e61c3ac2acfd | B86: Asil Börek, Çukurova (Yüzüncü Yıl Mah.) | C86: =VLOOKUP(A86,import!A:J,3,0) -> DOĞRU | D86: Börek | E86: =VLOOKUP(A86,import!A:J,5,0) -> 201 | F86: =VLOOKUP(A86,import!A:J,6,0) -> 71 | G86: =VLOOKUP(A86,import!A:J,7,0) -> 0 | H86: =VLOOKUP(A86,import!A:J,8,0) -> 12 | I86: =VLOOKUP(A86,import!A:J,9,0) -> 12 | J86: =VLOOKUP(A86,import!A:J,10,0) -> 0 | K86: Ömer Yücesoylu | L86: 5335595801 | M86: Çukurova | N86: Yüzüncüyıl | O86: yüzüncü yıl mah 85054 sk b blok no 11 / 2a çukurova adana | P86: =VLOOKUP(A86,import!A:P,16,0) -> Geleneksel | R86: FALSE | S86: FALSE | T86: Çekim İstemiyor | W86: yapmayalım dedi
A87: 6126169fec3d2640184bed4b | B87: Asil Fırın & Pasta, Seyhan (Yeşilyurt Mah.) | C87: =VLOOKUP(A87,import!A:J,3,0) -> DOĞRU | D87: Pasta & Tatlı | E87: =VLOOKUP(A87,import!A:J,5,0) -> 761 | F87: =VLOOKUP(A87,import!A:J,6,0) -> 39 | G87: =VLOOKUP(A87,import!A:J,7,0) -> 22 | H87: =VLOOKUP(A87,import!A:J,8,0) -> 34 | I87: =VLOOKUP(A87,import!A:J,9,0) -> 56 | J87: =VLOOKUP(A87,import!A:J,10,0) -> 0.39 | K87: ömer yavuz | L87: 5525728209 | M87: Seyhan | N87: Yeşilyurt | O87: yeşilyurt mah 70001 sk no 6 a seyhan adana | P87: =VLOOKUP(A87,import!A:P,16,0) -> Geleneksel | R87: TRUE | S87: FALSE | T87: Randevu Alındı | U87: Tuğba Buyur | V87: Berat Altunkaya | W87: Mutlaka istiyor 1 hafta sonrasına ürünlerini tedarik edecek pazartesi ya da salıya randevu oluşturulacak | X87: 44440 | Y87: 44445 | Z87: Hemen Randevu İstiyorum | AA87: Tekrar Aranacak | AB87: 44440 | AK87: Hatem Soyaslan | AP87: Fulya Kortak
A88: 6245e4019ea99671f389fd52 | B88: Aslan Cafe, Seyhan (Sümer Mah.) | C88: =VLOOKUP(A88,import!A:J,3,0) -> DOĞRU | D88: Tost & Sandviç | E88: =VLOOKUP(A88,import!A:J,5,0) | F88: =VLOOKUP(A88,import!A:J,6,0) | G88: =VLOOKUP(A88,import!A:J,7,0) -> 0 | H88: =VLOOKUP(A88,import!A:J,8,0) -> 26 | I88: =VLOOKUP(A88,import!A:J,9,0) -> 26 | J88: =VLOOKUP(A88,import!A:J,10,0) -> 0 | K88: HELİN ASLAN | L88: 5464623593 | M88: Seyhan | N88: Yeşilyurt | O88: sümer mah. 69071 sok. tüzün apt. b girişi no 9 a seyhan adana | P88: =VLOOKUP(A88,import!A:P,16,0) -> Geleneksel | R88: FALSE | S88: FALSE
A89: 606c30380c5b642062d7159b | B89: Asmaaltı Kebap (Gürselpaşa Mah.) | C89: =VLOOKUP(A89,import!A:J,3,0) -> DOĞRU | D89: Kebap | E89: =VLOOKUP(A89,import!A:J,5,0) -> 2941 | F89: =VLOOKUP(A89,import!A:J,6,0) -> 109 | G89: =VLOOKUP(A89,import!A:J,7,0) -> 0 | H89: =VLOOKUP(A89,import!A:J,8,0) -> 31 | I89: =VLOOKUP(A89,import!A:J,9,0) -> 31 | J89: =VLOOKUP(A89,import!A:J,10,0) -> 0 | K89: yunus alagöz | L89: 3222611220 | M89: Seyhan | N89: Gürselpaşa | O89: Gürselpaşa Mah. 75268 Sok. 58 Seyhan, Adana | P89: =VLOOKUP(A89,import!A:P,16,0) -> Geleneksel | R89: TRUE | S89: TRUE | W89: meıl verıldı/20 sindan sonra- ben sizlere atarım dedi-3 gün sonra dönüş saglanacak - ogleden sonra aranacak - hocam yunus bey yarın burda olur dedi suan yok dedi yarın bu saatlerde arıyabilirsiniz dedi - meşgul - yetkili 1 gibi gelir dedi | AA89: Görüşüldü | AB89: 44377 | AC89: Görüşüldü | AD89: 44386 | AE89: Görüşüldü | AF89: 44414 | AG89: Görüşüldü | AH89: 44418 | AI89: Yetkili Yok | AJ89: 44502 | AK89: Ezgi Turan | AL89: Ezgi Turan | AM89: Sezer Arslan | AN89: Mertcan karaman | AO89: Ferhat Köksal | AP89: Fulya Kortak
A90: 60847c88f372e1811924aa9a | B90: Aso Döner (Kurtuluş Mah. - Atatürk Cad.) | C90: =VLOOKUP(A90,import!A:J,3,0) -> DOĞRU | D90: Döner | E90: =VLOOKUP(A90,import!A:J,5,0) -> 12117 | F90: =VLOOKUP(A90,import!A:J,6,0) -> 883 | G90: =VLOOKUP(A90,import!A:J,7,0) -> 18 | H90: =VLOOKUP(A90,import!A:J,8,0) -> 1 | I90: =VLOOKUP(A90,import!A:J,9,0) -> 19 | J90: =VLOOKUP(A90,import!A:J,10,0) -> 0.95 | K90: fehmi kardeşoğlu | L90: 3225050501 | M90: Seyhan | N90: Kayalıbağ | O90: kayalıbağ mah turhan cemal beriker blv kaloğlu işhanı no 27 / c seyhan adana | P90: =VLOOKUP(A90,import!A:P,16,0) -> Geleneksel | R90: TRUE | S90: FALSE | T90: Randevu Alındı | X90: 44372 | Y90: 44376 | AA90: Görüşüldü | AB90: 44372 | AK90: Ayşegül Dulkadir | AP90: Fulya Kortak
A91: 60093cc8e13dbd0db25c79f9 | B91: Aşık Döner, Çukurova (Belediyeevleri Mah.) | C91: =VLOOKUP(A91,import!A:J,3,0) -> DOĞRU | D91: Döner | E91: =VLOOKUP(A91,import!A:J,5,0) -> 7595 | F91: =VLOOKUP(A91,import!A:J,6,0) -> 205 | G91: =VLOOKUP(A91,import!A:J,7,0) -> 14 | H91: =VLOOKUP(A91,import!A:J,8,0) -> 4 | I91: =VLOOKUP(A91,import!A:J,9,0) -> 18 | J91: =VLOOKUP(A91,import!A:J,10,0) -> 0.78 | K91: ersan aşık | L91: 3222483353 | M91: Çukurova | N91: Belediye Evleri | O91: belediye evleri mah 84081 sk no 35/a-1 cukurova adana | P91: =VLOOKUP(A91,import!A:P,16,0) -> Geleneksel | R91: TRUE | S91: FALSE | T91: Randevu Alındı | U91: Özlem arslan | V91: Nazmi Okbaz | X91: 44286 | Y91: 44287 | AP91: Sinem Koçak
A92: 60624841b71fbc364e195433 | B92: Ata Kumpir (Mahfesığmaz Mah.-Turgut Özal Blv.) | C92: =VLOOKUP(A92,import!A:J,3,0) -> DOĞRU | D92: Sokak Lezzetleri | E92: =VLOOKUP(A92,import!A:J,5,0) -> 735 | F92: =VLOOKUP(A92,import!A:J,6,0) -> 18 | G92: =VLOOKUP(A92,import!A:J,7,0) -> 1 | H92: =VLOOKUP(A92,import!A:J,8,0) -> 9 | I92: =VLOOKUP(A92,import!A:J,9,0) -> 10 | J92: =VLOOKUP(A92,import!A:J,10,0) -> 0.1 | K92: özlem öztürk | L92: 3222340706 | M92: Çukurova | N92: Güzelyalı | O92: mahfesıgmaz mah turgut özal bulv selamet apt no:101 e çukurova adana | P92: =VLOOKUP(A92,import!A:P,16,0) -> Geleneksel | R92: TRUE | S92: FALSE | T92: Randevu Alındı | U92: Ferhat Köksal | V92: Berat Altunkaya | W92: reklamcısı attıgı zaman atıcakmış(05424092592-bulent beyın numarası verıldı ulasılamadı- ulasılmadı | X92: 44496 | Y92: 44504 | AA92: Görüşüldü | AB92: 44375 | AC92: Görüşüldü | AD92: 44414 | AE92: Ulaşılamadı | AF92: 44418 | AG92: Yetkili Yok | AH92: 44432 | AI92: Görüşüldü | AJ92: 44519 | AK92: Gül Değirmenci | AL92: Sezer Arslan | AM92: Mertcan karaman | AO92: Kübra Toprak | AP92: Sinem Koçak
A93: 6040c342407f704bb6671af5 | B93: Atabey İskender (Güzelyalı Mah.) | C93: =VLOOKUP(A93,import!A:J,3,0) -> DOĞRU | D93: Döner | E93: =VLOOKUP(A93,import!A:J,5,0) -> 848 | F93: =VLOOKUP(A93,import!A:J,6,0) -> 99 | G93: =VLOOKUP(A93,import!A:J,7,0) -> 10 | H93: =VLOOKUP(A93,import!A:J,8,0) -> 3 | I93: =VLOOKUP(A93,import!A:J,9,0) -> 13 | J93: =VLOOKUP(A93,import!A:J,10,0) -> 0.77 | K93: aziz altunkaynak | L93: 5327377640 | M93: Çukurova | N93: Güzelyalı | O93: güzelyalı mah turgut özal blv no 42 a çukurova adana | P93: =VLOOKUP(A93,import!A:P,16,0) -> Geleneksel | R93: TRUE | S93: FALSE | T93: Randevu Alındı | U93: Ezgi Turan | V93: Berat Altunkaya | W93: meşgul-AÇMADI. | X93: 44306 | Y93: 44307 | AP93: Sinem Koçak
A94: 622b4b8fa6d59cd622d9134c | B94: Atahan Kebap, Yüreğir (Dadaloğlu Mah.) | C94: =VLOOKUP(A94,import!A:J,3,0) -> DOĞRU | D94: Kebap | E94: =VLOOKUP(A94,import!A:J,5,0) -> 450 | F94: =VLOOKUP(A94,import!A:J,6,0) -> 197 | G94: =VLOOKUP(A94,import!A:J,7,0) -> 0 | H94: =VLOOKUP(A94,import!A:J,8,0) -> 16 | I94: =VLOOKUP(A94,import!A:J,9,0) -> 16 | J94: =VLOOKUP(A94,import!A:J,10,0) -> 0 | K94: Hakan Emre Türksev | L94: 3223270403 | M94: Yüreğir | N94: Dadaloğlu | O94: dadaloğlu mah. kozan cad. no 371 iç kapı no Z01 yüreğir adana | P94: =VLOOKUP(A94,import!A:P,16,0) -> Geleneksel | R94: FALSE | S94: FALSE
A95: 5fe5c2c9333ef55a95ae6d4c | B95: Ateş Midye, Seyhan (Kurtuluş Mah.) | C95: =VLOOKUP(A95,import!A:J,3,0) -> DOĞRU | D95: Menü | E95: =VLOOKUP(A95,import!A:J,5,0) -> 2042 | F95: =VLOOKUP(A95,import!A:J,6,0) -> 74 | G95: =VLOOKUP(A95,import!A:J,7,0) -> 8 | H95: =VLOOKUP(A95,import!A:J,8,0) -> 2 | I95: =VLOOKUP(A95,import!A:J,9,0) -> 10 | J95: =VLOOKUP(A95,import!A:J,10,0) -> 0.8 | K95: gökhan ateş | L95: 5309024909 | M95: Seyhan | N95: Kurtuluş | O95: kurtuluş mah m. sabuncu blv. no:58/a seyhan adana | P95: =VLOOKUP(A95,import!A:P,16,0) -> Geleneksel | R95: TRUE | S95: FALSE | T95: Randevu Alındı | U95: Mertcan karaman | V95: Berat Altunkaya | W95: annesiymiş açan akşam 6 gibi arayın dedi | X95: 44413 | Y95: 44418 | AA95: Tekrar Aranacak | AB95: 44384 | AC95: Yetkili Yok | AD95: 44407 | AE95: Ulaşılamadı | AF95: 44433 | AK95: Derya Tatlı | AL95: Ezgi Turan | AM95: Deneme | AP95: Fulya Kortak
A96: 6026d6e0ff60ad067ac077be | B96: Ateş Sosis, Seyhan (Sümer Mah. - Barajyolu) | C96: =VLOOKUP(A96,import!A:J,3,0) -> DOĞRU | D96: Sokak Lezzetleri | E96: =VLOOKUP(A96,import!A:J,5,0) -> 376 | F96: =VLOOKUP(A96,import!A:J,6,0) -> 11 | G96: =VLOOKUP(A96,import!A:J,7,0) -> 0 | H96: =VLOOKUP(A96,import!A:J,8,0) -> 21 | I96: =VLOOKUP(A96,import!A:J,9,0) -> 21 | J96: =VLOOKUP(A96,import!A:J,10,0) -> 0 | K96: cihan ateş | L96: 5357739631 | M96: Seyhan | N96: Yenibaraj | O96: YENİBARAJ MAH. 68053 SK. AYDIN 6 APT NO: 8 A SEYHAN/ ADANA | P96: =VLOOKUP(A96,import!A:P,16,0) -> Geleneksel | R96: TRUE | S96: FALSE | T96: Çekim İstemiyor | W96: yetkili ezgi hanıma dönüş yapacak /ARANMASIN ÇOK ARANMIŞ- yüzüme kapattı | AA96: Dönüş Yapacak | AB96: 44379 | AC96: Ulaşılamadı | AD96: 44390 | AE96: Ulaşılamadı | AF96: 44406 | AG96: Görüşüldü | AH96: 44412 | AI96: Görüşüldü | AJ96: 44481 | AK96: Tutku Erdoğan | AL96: Ayşegül Dulkadir | AM96: Ezgi Turan | AN96: Mertcan karaman | AO96: Ferhat Köksal | AP96: Fulya Kortak
A97: 5ff337f371e89c939297d5dd | B97: Atom Büfe, Çukurova (Toros Mah. - Turgut Özal Blv.) | C97: =VLOOKUP(A97,import!A:J,3,0) -> DOĞRU | D97: Tost & Sandviç | E97: =VLOOKUP(A97,import!A:J,5,0) -> 4060 | F97: =VLOOKUP(A97,import!A:J,6,0) -> 143 | G97: =VLOOKUP(A97,import!A:J,7,0) -> 37 | H97: =VLOOKUP(A97,import!A:J,8,0) -> 3 | I97: =VLOOKUP(A97,import!A:J,9,0) -> 40 | J97: =VLOOKUP(A97,import!A:J,10,0) -> 0.93 | K97: yunus uçmak | L97: 3222480025 | M97: Çukurova | N97: Huzurevleri | O97: huzurevleri mah 77235 sok inkaya apt no:2/c cukurova adana | P97: =VLOOKUP(A97,import!A:P,16,0) -> Geleneksel | R97: TRUE | S97: FALSE | T97: Randevu Alındı | U97: Selcan Topçu | V97: Berat Altunkaya | W97: devam cekımı | X97: 44495 | Y97: 44496 | AA97: Görüşüldü | AB97: 44357 | AC97: Görüşüldü | AD97: 44495 | AK97: Ecem Ünal | AL97: Selcan Topçu | AP97: Sinem Koçak
A98: 625918c0bfa31557f51c6a0c | B98: Ayder Kebap, Çukurova (Güzelyalı Mah.) | C98: =VLOOKUP(A98,import!A:J,3,0) -> DOĞRU | D98: Kebap | E98: =VLOOKUP(A98,import!A:J,5,0) | F98: =VLOOKUP(A98,import!A:J,6,0) | G98: =VLOOKUP(A98,import!A:J,7,0) -> 0 | H98: =VLOOKUP(A98,import!A:J,8,0) -> 17 | I98: =VLOOKUP(A98,import!A:J,9,0) -> 17 | J98: =VLOOKUP(A98,import!A:J,10,0) -> 0 | K98: UĞUR DERSİM DURAN | L98: 5314642805 | M98: Çukurova | N98: Yurt | O98: güzelyalı mah. 81201 sok. no 1-1A Çukurova Adana | P98: =VLOOKUP(A98,import!A:P,16,0) -> Geleneksel | R98: FALSE | S98: FALSE
A99: 60fe95392d651c0883ce8598 | B99: Aydın Börekçilik, Sarıçam (Gültepe Mah.) | C99: =VLOOKUP(A99,import!A:J,3,0) -> DOĞRU | D99: Börek | E99: =VLOOKUP(A99,import!A:J,5,0) -> 350 | F99: =VLOOKUP(A99,import!A:J,6,0) -> 13 | G99: =VLOOKUP(A99,import!A:J,7,0) -> 2 | H99: =VLOOKUP(A99,import!A:J,8,0) -> 1 | I99: =VLOOKUP(A99,import!A:J,9,0) -> 3 | J99: =VLOOKUP(A99,import!A:J,10,0) -> 0.67 | K99: aydın alptekin | L99: 5528083630 | M99: Sarıçam | N99: Gültepe | O99: gültepe mah çatalan cd no 176 d sarıçam adana | P99: =VLOOKUP(A99,import!A:P,16,0) -> Geleneksel | R99: TRUE | S99: FALSE | T99: Randevu Alındı | U99: Ezgi Turan | V99: Berat Altunkaya | W99: 5332839783 | X99: 44446 | Y99: 44447 | AA99: Görüşüldü | AB99: 44428 | AK99: Mertcan karaman | AP99: Fulya Kortak
A100: 6064688602bcfe3020eaa65e | B100: Aydın Gökçeli (Sümer Mah. - Barajyolu) | C100: =VLOOKUP(A100,import!A:J,3,0) -> DOĞRU | D100: Döner | E100: =VLOOKUP(A100,import!A:J,5,0) -> 1229 | F100: =VLOOKUP(A100,import!A:J,6,0) -> 70 | G100: =VLOOKUP(A100,import!A:J,7,0) -> 2 | H100: =VLOOKUP(A100,import!A:J,8,0) -> 13 | I100: =VLOOKUP(A100,import!A:J,9,0) -> 15 | J100: =VLOOKUP(A100,import!A:J,10,0) -> 0.13 | K100: erkan barış gökçeli | L100: 3222279292 | M100: Seyhan | N100: Yeşilyurt | O100: Sümer, 69071. Sk. No:2, 01140 Seyhan/Adana | P100: =VLOOKUP(A100,import!A:P,16,0) -> Geleneksel | R100: TRUE | S100: FALSE | T100: Randevu Alındı | U100: Ezgi Turan | V100: abdulhenan | W100: ulasılamadı | X100: 44335 | Y100: 44340 | AA100: Ulaşılamadı | AB100: 44441 | AC100: Görüşüldü | AD100: 44450 | AE100: Görüşüldü | AF100: 44450 | AK100: Ferhat Köksal | AL100: Zeliha Özer | AM100: Zeliha Özer | AP100: Fulya Kortak
...

Sheet import
A1: x | B1: Restoran Adı | C1: IsActive | D1: Mutfak | E1: TOPLAM SİPARİŞ | F1: SON 2 HAFTA | G1: RESİMLİ ÜRÜN | H1: RESİMSİZ ÜRÜN | I1: TOPLAM ÜRÜN | J1: Ratio | K1: Yetkili | L1: Telefon | M1: İLÇE | N1: MAHALLE | O1: ADRES | P1: Geleneksel Zincir | Q1: Eklendi mi
A2: 5fe4aac44669ba5a62461443 | B2: KFC, Seyhan (Yeni Mah.) | C2: DOĞRU | D2: Tavuk | E2: 12446 | F2: 318 | G2: 80 | H2: 1 | I2: 81 | J2: 0.99 | K2: Tamer Yılmaz | L2: 1111111111 | M2: Seyhan | N2: Yeni | O2: M1 Merkez AVM, Yeni Mahalle, No 15/70-A | P2: Key | Q2: =COUNTIF('hedef liste'!A:A,A2) -> 0
A3: 5fde53622ef1233c6d201c4b | B3: Kanatçı Ünal, Çukurova (Güzelyalı Mah. - Turgut Özal Blv.) | C3: DOĞRU | D3: Kebap | E3: 1162 | F3: 41 | G3: 3 | H3: 29 | I3: 32 | J3: 0.09 | K3: Ünal ildeniz | L3: 3222350515 | M3: Çukurova | N3: Güzelyalı | O3: Güzelyalı mah T. Özal bLV. İNCİEVLER SİT Bblok no :86/D Çukurova adana | P3: Geleneksel | Q3: =COUNTIF('hedef liste'!A:A,A3) -> 1
A4: 5fe0c327d108fca7a22c00ee | B4: Cihangir Kebap, Çukurova (Güzelyalı Mah.) | C4: DOĞRU | D4: Kebap | E4: 7339 | F4: 72 | G4: 0 | H4: 28 | I4: 28 | J4: 0 | K4: GÖKHAN KORKMAZ | L4: 5013306070 | M4: Çukurova | N4: Beyazevler | O4: güzelyalı mah devlet bahçeli bulv no41 a çukurova adana | P4: Geleneksel | Q4: =COUNTIF('hedef liste'!A:A,A4) -> 1
A5: 5feb3bc13458671b6a461b86 | B5: McDonald's, Çukurova (Güzelyalı Mah. Turgut Özal Blv.) | C5: DOĞRU | D5: Burger | E5: 15024 | F5: 375 | G5: 99 | H5: 0 | I5: 99 | J5: 1 | K5: Ömer Tarık Güney | L5: 2123363575 | M5: Çukurova | N5: Mahfesığmaz | O5: Turgut Özal Bulvarı, Güzelyalı Mah. Sefa Parlak Gümüş Apt Altı No:7-8 Çukurova / Adana | P5: Key | Q5: =COUNTIF('hedef liste'!A:A,A5) -> 0
A6: 5feba37b12a8508e73bbe362 | B6: McDonald's, Seyhan (Cemalpaşa Mah. Galleria) | C6: DOĞRU | D6: Burger | E6: 15459 | F6: 472 | G6: 95 | H6: 1 | I6: 96 | J6: 0.99 | K6: Ömer Tarık Güney | L6: 2123363575 | M6: Seyhan | N6: Cemalpaşa | O6: Fuzuli Cad. Galeria İş Mrk. Yanı No:16 Seyhan-Adana 01120 | P6: Key | Q6: =COUNTIF('hedef liste'!A:A,A6) -> 0
A7: 5feba9182ccf257497219882 | B7: McDonald's, Seyhan (Pınar Mah.) | C7: DOĞRU | D7: Burger | E7: 21177 | F7: 478 | G7: 99 | H7: 2 | I7: 101 | J7: 0.98 | K7: Ömer Tarık Güney | L7: 2123363575 | M7: Seyhan | N7: Pınar | O7: Pınar mah. Ali Bozdoğanoğlu Bulvarı No: 54/A Seyhan/Adana | P7: Key | Q7: =COUNTIF('hedef liste'!A:A,A7) -> 0
A8: 5fe5d2ed87a63b1f653166d1 | B8: Adana Tombiş Döner, Çukurova (Huzurevleri Mah.) | C8: DOĞRU | D8: Döner | E8: 7748 | F8: 228 | G8: 0 | H8: 45 | I8: 45 | J8: 0 | K8: abdullah uğar | L8: 3222420003 | M8: Çukurova | N8: Huzurevleri | O8: huzurevleri mah 77215 sok no6/d çukurova adana | P8: Geleneksel | Q8: =COUNTIF('hedef liste'!A:A,A8) -> 1
A9: 5fec67588365ab46508eb3d5 | B9: SoBig Burger,(Güzelyalı Mah. - Uğur Mumcu Blv.) | C9: DOĞRU | D9: Burger | E9: 3712 | F9: 214 | G9: 0 | H9: 35 | I9: 35 | J9: 0 | K9: serkan atabay | L9: 8507500999 | M9: Çukurova | N9: Güzelyalı | O9: Uğur Mumcu Blv. 11 B,Güzelyalı,01170, 01150 Çukurova adana | P9: Geleneksel | Q9: =COUNTIF('hedef liste'!A:A,A9) -> 1
A10: 5fece285e5886a237d949e21 | B10: Hamburgerci Mükerrem, Seyhan (Kurtuluş Mah.) | C10: DOĞRU | D10: Burger | E10: 574 | F10: 36 | G10: 6 | H10: 2 | I10: 8 | J10: 0.75 | K10: mustafa çiftçi | L10: 3224598008 | M10: Seyhan | N10: Kurtuluş | O10: kurtuluş mah şinasi efendi dk. no:25/b seyhan adana | P10: Geleneksel | Q10: =COUNTIF('hedef liste'!A:A,A10) -> 1
A11: 5ff752f0292a61f3e5b13ff8 | B11: Rengin Pastanesi, Çukurova (Güzelyalı Mah.) | C11: DOĞRU | D11: Pasta & Tatlı | E11: 8566 | F11: 282 | G11: 82 | H11: 27 | I11: 109 | J11: 0.75 | K11: özcan sergun gümüşay | L11: 5422356939 | M11: Çukurova | N11: Güzelyalı | O11: güzelyalı mah uğur mumcu bulvarı adana kule apt altı no:2/a çukurova adana | P11: Geleneksel | Q11: =COUNTIF('hedef liste'!A:A,A11) -> 1
A12: 5ffaf75b292a615149b1de90 | B12: Ahmet Yıldızoğlu Künefe, Seyhan (Pınar Mah.) | C12: DOĞRU | D12: Pasta & Tatlı | E12: 2445 | F12: 84 | G12: 27 | H12: 18 | I12: 45 | J12: 0.6 | K12: ibrahim üstün | L12: 3222255139 | M12: Seyhan | N12: Pınar | O12: pınar mha ali bozdoğanoğlu bulv. demirkol plaza 2 no:8/b seyhan adana | P12: Geleneksel | Q12: =COUNTIF('hedef liste'!A:A,A12) -> 1
A13: 5fe8f24e71e89c163c95f429 | B13: Pizza Taxi, Yüreğir (Kiremithane Mah.) | C13: DOĞRU | D13: Pizza | E13: 7033 | F13: 254 | G13: 10 | H13: 90 | I13: 100 | J13: 0.1 | K13: mehmet gencay onay | L13: 3228820882 | M13: Yüreğir | N13: Kiremithane | O13: kiremithane mah kazım barışık apt dadaloğlu bulv a blok no 44 yüreğir adana | P13: Geleneksel | Q13: =COUNTIF('hedef liste'!A:A,A13) -> 1
... A37: 5ffe02a3292a61819db25f49 | B37: Köse, Çukurova (Huzurevleri Mah.) | C37: DOĞRU | D37: Pasta & Tatlı | E37: 3647 | F37: 172 | G37: 7 | H37: 21 | I37: 28 | J37: 0.25 | K37: özkan tanrıverdi | L37: 5359770301 | M37: Çukurova | N37: Yurt | O37: huzurevleri mah kurttepe cd no:21 d:17 çukurova adana | P37: Geleneksel | Q37: =COUNTIF('hedef liste'!A:A,A37) -> 1
A38: 60019a0e97e0d62e97cbaed4 | B38: Komagene Etsiz Çiğ Köfte, Yüreğir (Kazım Karabekir Mah.) | C38: YANLIŞ | D38: Çiğ Köfte | E38: 193 | G38: 60 | H38: 4 | I38: 64 | J38: 0.94 | K38: Esra Gonca Parlar | L38: 5443500301 | M38: Yüreğir | N38: Kazım Karabekir | O38: KAZIM KARABEKİR MH. 4199 SK. NO:1 | P38: Key | Q38: =COUNTIF('hedef liste'!A:A,A38) -> 0
A39: 6001a23676b10d52aaca55f9 | B39: Komagene Etsiz Çiğ Köfte, Seyhan (Yeşiloba Mah.) | C39: DOĞRU | D39: Çiğ Köfte | E39: 1492 | F39: 30 | G39: 102 | H39: 4 | I39: 106 | J39: 0.96 | K39: Esra Gonca Parlar | L39: 5050156992 | M39: Seyhan | N39: Yeşiloba | O39: YEŞİLOBA MH. 46200 SK. NO:17 | P39: Key | Q39: =COUNTIF('hedef liste'!A:A,A39) -> 0
A40: 6001a4a10e7109c6729aab27 | B40: Komagene Etsiz Çiğ Köfte, Seyhan (Yeşilevler Mah.) | C40: DOĞRU | D40: Çiğ Köfte | E40: 1178 | F40: 39 | G40: 50 | H40: 3 | I40: 53 | J40: 0.94 | K40: Esra Gonca Parlar | L40: 5342265290 | M40: Seyhan | N40: Bahçelievler | O40: BAHÇELİEVLER MH. MEHMET AKİF ERSOY CD. NO:96/B | P40: Key | Q40: =COUNTIF('hedef liste'!A:A,A40) -> 0
A41: 6001b021675cf55af66d347f | B41: Komagene Etsiz Çiğ Köfte, Çukurova (Yüzüncü Yıl Mah.) | C41: DOĞRU | D41: Çiğ Köfte | E41: 1105 | F41: 45 | G41: 76 | H41: 2 | I41: 78 | J41: 0.97 | K41: Esra Gonca Parlar | L41: 5418214826 | M41: Çukurova | N41: Yüzüncüyıl | O41: YÜZÜNCÜ YIL MH. 85054 SK. NO:24/C | P41: Key | Q41: =COUNTIF('hedef liste'!A:A,A41) -> 0
A42: 5ffe23ee4a4dfa3a5caba607 | B42: 7/C Ocakbaşı Gazipaşa , Seyhan (Cemalpaşa Mah.) | C42: DOĞRU | D42: Kebap | E42: 4029 | F42: 35 | G42: 0 | H42: 75 | I42: 75 | J42: 0 | K42: soner sarp | L42: 3224546565 | M42: Seyhan | N42: Cemalpaşa | O42: cemalpaşa mah toros cad yeşil apt no:19/a seyhan adana | P42: Geleneksel | Q42: =COUNTIF('hedef liste'!A:A,A42) -> 1
A43: 6001aa02d0f3bab2a710138b | B43: Komagene Etsiz Çiğ Köfte, Çukurova (Mahfesığmaz Mah.) | C43: DOĞRU | D43: Çiğ Köfte | E43: 1075 | F43: 105 | G43: 39 | H43: 3 | I43: 42 | J43: 0.93 | K43: Esra Gonca Parlar | L43: 5449660405 | M43: Çukurova | N43: Mahfesığmaz | O43: MAHFESIĞMAZ MH. ŞEHİTLER BUL. GÜNEY GELİŞİM SİT. ALTI B BLOK APT NO:78/B | P43: Key | Q43: =COUNTIF('hedef liste'!A:A,A43) -> 0
A44: 6001b4447349b8cf2ec2140e | B44: Komagene Etsiz Çiğ Köfte, Yüreğir (Selahattin Eyyubi Mah.) | C44: DOĞRU | D44: Çiğ Köfte | E44: 3465 | F44: 74 | G44: 51 | H44: 3 | I44: 54 | J44: 0.94 | K44: Esra Gonca Parlar | L44: 5052112286 | M44: Yüreğir | N44: Dadaloğlu | O44: SELAHATTİN EYYUBİ MH.MUSTAFA KEMAL PAŞA BLV NO:123/B | P44: Key | Q44: =COUNTIF('hedef liste'!A:A,A44) -> 0
A45: 6001b7c75c726d3674f9a0ff | B45: Komagene Etsiz Çiğ Köfte, Seyhan (İbo Osman Cad.) | C45: DOĞRU | D45: Çiğ Köfte | E45: 10054 | F45: 351 | G45: 99 | H45: 11 | I45: 110 | J45: 0.9 | K45: Esra Gonca Parlar | L45: 3223290655 | M45: Seyhan | N45: Yeşilyurt | O45: SÜMER MH. İBO OSMAN CD. NO:210D | P45: Key | Q45: =COUNTIF('hedef liste'!A:A,A45) -> 0
A46: 6001d8ea57c431f7200349d1 | B46: Komagene Etsiz Çiğ Köfte, Çukurova (Barış Manço Blv.) | C46: DOĞRU | D46: Çiğ Köfte | E46: 3463 | F46: 76 | G46: 70 | H46: 6 | I46: 76 | J46: 0.92 | K46: Esra Gonca Parlar | L46: 5366098062 | M46: Çukurova | N46: Toros | O46: TOROS MH.78190 SK=9. MERCAN KEBAP KARŞISI BARIŞ MANÇO BLV. NO/28 D/1 | P46: Key | Q46: =COUNTIF('hedef liste'!A:A,A46) -> 0
A47: 6001dccea35105c54ef78134 | B47: Komagene Etsiz Çiğ Köfte, Çukurova (Belediye Evleri Mah.) | C47: DOĞRU | D47: Çiğ Köfte | E47: 3590 | F47: 154 | G47: 66 | H47: 6 | I47: 72 | J47: 0.92 | K47: Esra Gonca Parlar | L47: 5528384922 | M47: Çukurova | N47: Belediye Evleri | O47: BELEDİYE EVLERİ MAH.TURGUT ÖZAL BLV.NO:223 B | P47: Key | Q47: =COUNTIF('hedef liste'!A:A,A47) -> 0
A48: 6003132149bc3dbfaac9dbc8 | B48: Alaçatı Muhallebicisi , Çukurova (Mahfesığmaz Mah.) | C48: YANLIŞ | D48: Kahvaltı | E48: 84 | G48: 47 | H48: 18 | I48: 65 | J48: 0.72 | K48: önder çebiç | L48: 5447420101 | M48: Çukurova | N48: Mahfesığmaz | O48: mahfesığmaz mah turgut özal bulv no 79 b çukurova adana | P48: Geleneksel | Q48: =COUNTIF('hedef liste'!A:A,A48) -> 1
A49: 6004478c49bc3d4820c9f558 | B49: Kayabey Gaziantep Sofrası, Çukurova (Mahfesığmaz Mah.) | C49: DOĞRU | D49: Ev Yemekleri | E49: 3554 | F49: 114 | G49: 16 | H49: 12 | I49: 28 | J49: 0.57 | K49: isa kaya | L49: 3222350090 | M49: Çukurova | N49: Güzelyalı | O49: mahfesığmaz mah turgut özal blv no:113/a çukurova adana | P49: Geleneksel | Q49: =COUNTIF('hedef liste'!A:A,A49) -> 1
A50: 600478050d6f591a059c2f51 | B50: Ciğerci Ulaş,(Güzelyalı Mah. - Turgut Özal Blv.) | C50: DOĞRU | D50: Kebap | E50: 5492 | F50: 181 | G50: 35 | H50: 16 | I50: 51 | J50: 0.69 | K50: hüseyin kıstak | L50: 3222328486 | M50: Çukurova | N50: Güzelyalı | O50: güzelyalı mah turgut özal bulv akçeli 1 apt no:74/a çukurova adana | P50: Geleneksel | Q50: =COUNTIF('hedef liste'!A:A,A50) -> 1
A51: 6009aec80a0197ecc6f349e5 | B51: Tuffy's Road House, Seyhan (Reşatbey Mah.) | C51: DOĞRU | D51: Dünya Mutfağı | E51: 459 | F51: 35 | G51: 0 | H51: 88 | I51: 88 | J51: 0 | K51: AZİZ ERTEM | L51: 3224546354 | M51: Seyhan | N51: Reşatbey | O51: reşatbey mah.türkkuşu cad.bilgen apt altı no :32/B büyükşehir belediyesi cam bina yanı seyhan /ADANA | P51: Geleneksel | Q51: =COUNTIF('hedef liste'!A:A,A51) -> 1
A52: 600605867441fc14ff7f7c0a | B52: Fırat Cafe Pandora , Çukurova (Yurt Mah. - Turgut Özal Blv.) | C52: DOĞRU | D52: Döner | E52: 18194 | F52: 570 | G52: 27 | H52: 7 | I52: 34 | J52: 0.79 | K52: ferhat nizam | L52: 3222398595 | M52: Çukurova | N52: Yurt | O52: yurt mah turgut özal bulvarı no:178 / a çukurova adana | P52: Geleneksel | Q52: =COUNTIF('hedef liste'!A:A,A52) -> 1
A53: 5fe5c56d345867129a457093 | B53: Ayvalık Tostçusu, Seyhan (Sümer Mah. - Barajyolu) | C53: DOĞRU | D53: Tost & Sandviç | E53: 3459 | F53: 153 | G53: 0 | H53: 32 | I53: 32 | J53: 0 | K53: gökhan birdir | L53: 3222264654 | M53: Seyhan | N53: Yenibaraj | O53: yenibaraj mah 68046 sk dilek apt a blok no:3/f seyhan adana | P53: Geleneksel | Q53: =COUNTIF('hedef liste'!A:A,A53) -> 1
A54: 5fe5dd21f0267c6313124b8d | B54: Cajun Corner, Seyhan (Pınar Mah.) | C54: DOĞRU | D54: Tavuk | E54: 20663 | F54: 795 | G54: 26 | H54: 41 | I54: 67 | J54: 0.39 | K54: tunç karslı | L54: 5528720303 | M54: Seyhan | N54: Pınar | O54: pınar mah 74097 sok a blok no 3/c seyhan adana | P54: Geleneksel | Q54: =COUNTIF('hedef liste'!A:A,A54) -> 1
A55: 5fde8d7d856302162f54fbec | B55: Road Burger, Seyhan (Cemalpaşa Mah.) | C55: YANLIŞ | D55: Burger | E55: 3692 | G55: 13 | H55: 23 | I55: 36 | J55: 0.36 | K55: Mehmet Sayılık | L55: 5424757623 | M55: Seyhan | N55: Cemalpaşa | O55: cemalpaşa mah 63012 sok özdemir sit no 5/b seyhan adana | P55: Geleneksel | Q55: =COUNTIF('hedef liste'!A:A,A55) -> 1
A56: 5fde89ec0654ee84b2e89aa1 | B56: American Chicken Box, Seyhan (Cemalpaşa Mah.) | C56: YANLIŞ | D56: Tavuk | E56: 471 | G56: 2 | H56: 8 | I56: 10 | J56: 0.2 | K56: Mehmet Sayılık | L56: 5413808788 | M56: Seyhan | N56: Cemalpaşa | O56: cemalpaşa mah 63012 sok özdemir sit no 5/b seyhan adana | P56: Geleneksel | Q56: =COUNTIF('hedef liste'!A:A,A56) -> 1
A57: 5fe624e487a63b2b5b316d45 | B57: Kadayıfçı Olcay (Hanedan Mah.) | C57: DOĞRU | D57: Pasta & Tatlı | E57: 1291 | F57: 38 | G57: 8 | H57: 9 | I57: 17 | J57: 0.47 | K57: olcay tekin | L57: 3223653900 | M57: Seyhan | N57: Hanedan | O57: hanedan mah 35009 sok no:1 seyhan adana | P57: Geleneksel | Q57: =COUNTIF('hedef liste'!A:A,A57) -> 1
A58: 5fe0e758d3f42b1416aedfe0 | B58: Pizza Homemade Seyhan (Gürselpaşa Mah.) | C58: DOĞRU | D58: Pizza | E58: 2132 | F58: 29 | G58: 47 | H58: 45 | I58: 92 | J58: 0.51 | K58: Mehmet Ziya Akçay | L58: 3229994929 | M58: Seyhan | N58: Gürselpaşa | O58: gürselpaşa mah aliya izzet begoviç blv no 102/c seyhan adana | P58: Geleneksel | Q58: =COUNTIF('hedef liste'!A:A,A58) -> 1
A59: 5fe68863eeb85d4e34ccd650 | B59: Pakfırın, Seyhan (Kurtuluş Mah. - Ziyapaşa Blv.) | C59: DOĞRU | D59: Pasta & Tatlı | E59: 5156 | F59: 376 | G59: 42 | H59: 28 | I59: 70 | J59: 0.6 | K59: hatice akyıldız | L59: 5377605905 | M59: Seyhan | N59: Kurtuluş | O59: kurtulus mah ziyapaşa blv havuz apt a blok no :46/b seyhan adana | P59: Geleneksel | Q59: =COUNTIF('hedef liste'!A:A,A59) -> 1
A60: 5fe8f60d12a85080b9bb58d3 | B60: Ala Mezze, (Güzelyalı Mah. - Süleyman Demirel Blv.) | C60: DOĞRU | D60: Deniz Ürünleri | E60: 982 | F60: 35 | G60: 46 | H60: 15 | I60: 61 | J60: 0.75 | K60: savaş savaş | L60: 3224540407 | M60: Çukurova | N60: Güzelyalı | O60: güzelyalı mah süleyman demirel bulv no:19/e başer sitesi b blok çukurova adana | P60: Geleneksel | Q60: =COUNTIF('hedef liste'!A:A,A60) -> 1
A61: 5fe9001ba415e906823c1038 | B61: Tuil Cafe & Patiserrie (Yüzüncü Yıl Mah.) | C61: DOĞRU | D61: Pasta & Tatlı | E61: 2656 | F61: 27 | G61: 53 | H61: 39 | I61: 92 | J61: 0.58 | K61: oğuzhan çalımlı | L61: 3222660044 | M61: Çukurova | N61: Yüzüncüyıl | O61: yüzüncü yıl mah fazlı meto bulv baysallar apt 01360 çukurova adana | P61: Geleneksel | Q61: =COUNTIF('hedef liste'!A:A,A61) -> 1
A62: 5fe8e78af0267c8b9e1285a4 | B62: Helvacı Hello, Çukurova (Mahfesığmaz Mah.) | C62: DOĞRU | D62: Pasta & Tatlı | E62: 3619 | F62: 115 | G62: 16 | H62: 18 | I62: 34 | J62: 0.47 | K62: alican halme | L62: 5414060124 | M62: Çukurova | N62: Mahfesığmaz | O62: Mahfesığmaz Mah. Turgut Özal Blv. Abbas Bilir A Blok No:61 C Çukurova/Adana | P62: Geleneksel | Q62: =COUNTIF('hedef liste'!A:A,A62) -> 1
A63: 5fe8eeeba415e97d1f3c1006 | B63: Pizza Taxi, Çukurova (Yüzüncü Yıl Mah.) | C63: DOĞRU | D63: Pizza | E63: 8199 | F63: 270 | G63: 10 | H63: 92 | I63: 102 | J63: 0.1 | K63: gencay mehmet onay | L63: 3222564848 | M63: Çukurova | N63: Yüzüncüyıl | O63: yüzüncü yıl mah hacı bektaş veli blv. no:18-3a zemin 25 | P63: Geleneksel | Q63: =COUNTIF('hedef liste'!A:A,A63) -> 1
A64: 5feb3148333ef5d059af22fa | B64: McDonald's, Çukurova (Yurt Mah.) | C64: DOĞRU | D64: Burger | E64: 15653 | F64: 455 | G64: 96 | H64: 1 | I64: 97 | J64: 0.99 | K64: Ömer Tarık Güney | L64: 2123363575 | M64: Çukurova | N64: Yurt | O64: Yurt Mahallesi, 71431 Sokak No:4/2 A.Blok (Barış Manço Bulv. Yanı)Çukurova –Adana | P64: Key | Q64: =COUNTIF('hedef liste'!A:A,A64) -> 0
A65: 5fe67860eeb85df6d7ccd64f | B65: Sir Winston Pub, Seyhan (Kurtuluş Mah. - Atatürk Cad.) | C65: YANLIŞ | D65: Dünya Mutfağı | E65: 425 | G65: 0 | H65: 38 | I65: 38 | J65: 0 | K65: fatma pınar serbest | L65: 5418034133 | M65: Seyhan | N65: Kurtuluş | O65: kurtuluş mah ziyapaşa bulv özbey apt no:3/b seyhan adana | P65: Geleneksel | Q65: =COUNTIF('hedef liste'!A:A,A65) -> 1
A66: 5fec7382e97c0d25d0d158e5 | B66: SoBig Burger, Çukurova (Güzelyalı Mah. - Turgut Özal Blv.) | C66: DOĞRU | D66: Burger | E66: 2850 | F66: 105 | G66: 0 | H66: 40 | I66: 40 | J66: 0 | K66: kaner kadıoğlu | L66: 8507500999 | M66: Çukurova | N66: Mahfesığmaz | O66: mahfesığmaz mah lütfü bağdaş apt no:51/c çukurova adana | P66: Geleneksel | Q66: =COUNTIF('hedef liste'!A:A,A66) -> 1
A67: 5fec7d83630a76bf9dff3049 | B67: SoBig Burger, Seyhan (Gürselpaşa Mah.) | C67: DOĞRU | D67: Burger | E67: 4088 | F67: 33 | G67: 0 | H67: 42 | I67: 42 | J67: 0 | K67: serjan atabay | L67: 8507500999 | M67: Seyhan | N67: Gürselpaşa | O67: gürselpaşa mah 75048 sk. 45/a 01200 remzi özveş apt. 6 no 106d seyhan adana | P67: Geleneksel | Q67: =COUNTIF('hedef liste'!A:A,A67) -> 1
A68: 5fec93aa52fcda3e11cb1d37 | B68: Pizza Taxi, (Toros Mah. - Kenan Evren Blv.) | C68: DOĞRU | D68: Pizza | E68: 12307 | F68: 630 | G68: 10 | H68: 84 | I68: 94 | J68: 0.11 | K68: mehmet börk | L68: 3227700070 | M68: Çukurova | N68: Toros | O68: toros mah 78077 sk no:1/a5 çukurova adana | P68: Geleneksel | Q68: =COUNTIF('hedef liste'!A:A,A68) -> 1
A69: 5ff4512ca415e9dcb83dbec0 | B69: Türkan Kebap&Meze Ziyapaşa,(Kurtuluş Mah.) | C69: DOĞRU | D69: Kebap | E69: 64 | G69: 0 | H69: 37 | I69: 37 | J69: 0 | K69: mert ümit karaçay | L69: 3226063224 | M69: Seyhan | N69: Kurtuluş | O69: kurtuluş mah şinasi efendi cad ayşem apt no :32/a seyhan adana | P69: Geleneksel | Q69: =COUNTIF('hedef liste'!A:A,A69) -> 1
A70: 5ff4758a333ef5e271b08d32 | B70: Guest, Seyhan (Gürselpaşa Mah.) | C70: YANLIŞ | D70: Burger | E70: 424 | G70: 19 | H70: 23 | I70: 42 | J70: 0.45 | K70: didem izgi | L70: 5300372030 | M70: Seyhan | N70: Gürselpaşa | O70: gürselpaşa mah aliya izzet begoviç bulvarı özdeş apt no:91/e seyhan adana | P70: Geleneksel | Q70: =COUNTIF('hedef liste'!A:A,A70) -> 1
A71: 5ff337f371e89c939297d5dd | B71: Atom Büfe, Çukurova (Toros Mah. - Turgut Özal Blv.) | C71: DOĞRU | D71: Tost & Sandviç | E71: 4060 | F71: 143 | G71: 37 | H71: 3 | I71: 40 | J71: 0.93 | K71: yunus uçmak | L71: 3222480025 | M71: Çukurova | N71: Huzurevleri | O71: huzurevleri mah 77235 sok inkaya apt no:2/c cukurova adana | P71: Geleneksel | Q71: =COUNTIF('hedef liste'!A:A,A71) -> 1
A72: 5ff4ce452ccf2549262357e3 | B72: Köse, Seyhan (Sümer Mah. - Karafatma Cad.) | C72: DOĞRU | D72: Pasta & Tatlı | E72: 5549 | F72: 171 | G72: 12 | H72: 11 | I72: 23 | J72: 0.52 | K72: burak gedik | L72: 5559659089 | M72: Seyhan | N72: Sümer | O72: sümer mh karafatma cad no:71 01140 seyhan adana | P72: Geleneksel | Q72: =COUNTIF('hedef liste'!A:A,A72) -> 1
A73: 5ff4d048eeb85d5507cf504b | B73: Köse, Seyhan (Tellidere Mah.) | C73: DOĞRU | D73: Pasta & Tatlı | E73: 5651 | F73: 174 | G73: 9 | H73: 18 | I73: 27 | J73: 0.33 | K73: burak gedik | L73: 5334157275 | M73: Seyhan | N73: Tellidere | O73: pınar mah mücahitler cad no:303 01160 seyhan adana | P73: Geleneksel | Q73: =COUNTIF('hedef liste'!A:A,A73) -> 1
A74: 5fee11f04f55ab98aa9d8c83 | B74: Makkarnacı, Çukurova (Beyazevler Mah.) | C74: DOĞRU | D74: Salata | E74: 3874 | F74: 249 | G74: 23 | H74: 4 | I74: 27 | J74: 0.85 | K74: mehmet yaycıoğlu | L74: 3229995465 | M74: Çukurova | N74: Beyazevler | O74: Beyazevler, Bülent Angın Blv. No: 132 / A, 01170 Çukurova/Adana | P74: Geleneksel | Q74: =COUNTIF('hedef liste'!A:A,A74) -> 1
A75: 5ff6022cccad8fb64e3a9d57 | B75: Çakıl Taşı Midye & Kokoreç, (Güzelyalı Mah) | C75: DOĞRU | D75: Sokak Lezzetleri | E75: 632 | F75: 10 | G75: 0 | H75: 21 | I75: 21 | J75: 0 | K75: seda meler | L75: 5412402012 | M75: Çukurova | N75: Güzelyalı | O75: güzelyalı mah süleyman demirel blv başer sitesi no:21/a 01000 çukurova adana | P75: Geleneksel | Q75: =COUNTIF('hedef liste'!A:A,A75) -> 1
A76: 5ff8263158e9c14900d771c4 | B76: Burgerhall, Seyhan (Gürselpaşa Mah.) | C76: DOĞRU | D76: Burger | E76: 2799 | F76: 73 | G76: 0 | H76: 93 | I76: 93 | J76: 0 | K76: berkay tutar | L76: 4441466 | M76: Seyhan | N76: Gürselpaşa | O76: gürselpaşa mah ali bozdoğanoğlu bulv dinçerler plaza no:77/a seyhan adana | P76: Geleneksel | Q76: =COUNTIF('hedef liste'!A:A,A76) -> 1
A77: 6001abeafba3644408358c8b | B77: Komagene Etsiz Çiğ Köfte, Sarıçam (Mehmet Akif Ersoy Mah.) | C77: DOĞRU | D77: Çiğ Köfte | E77: 1424 | F77: 59 | G77: 64 | H77: 7 | I77: 71 | J77: 0.9 | K77: Esra Gonca Parlar | L77: 5541499914 | M77: Sarıçam | N77: Mehmet Akif Ersoy 2. Bölge | O77: MEHMET AKİF ERSOY MH. 139 SK. NO:31 | P77: Key | Q77: =COUNTIF('hedef liste'!A:A,A77) -> 0
A78: 6001ba20de59106264538620 | B78: Komagene Etsiz Çiğ Köfte, Çukurova (Bülent Angın Blv.) | C78: DOĞRU | D78: Çiğ Köfte | E78: 860 | F78: 59 | G78: 72 | H78: 5 | I78: 77 | J78: 0.94 | K78: Esra Gonca Parlar | L78: 5309911792 | M78: Çukurova | N78: Beyazevler | O78: BEYAZEVLER MH. BÜLENT ANGIN BLV.İLLER BANKASI KAVŞAĞI A BLOK NO:134 B | P78: Key | Q78: =COUNTIF('hedef liste'!A:A,A78) -> 0
A79: 6001cda80d6f59199a9bd92d | B79: Komagene Etsiz Çiğ Köfte, Çukurova (Güzel Yalı Mah.) | C79: DOĞRU | D79: Çiğ Köfte | E79: 5703 | F79: 142 | G79: 50 | H79: 3 | I79: 53 | J79: 0.94 | K79: Esra Gonca Parlar | L79: 5331917100 | M79: Çukurova | N79: Güzelyalı | O79: GÜZEL YALI MH.81103SK.RIZA BEY PLAZA C BLOK NO:4 | P79: Key | Q79: =COUNTIF('hedef liste'!A:A,A79) -> 0
A80: 6001d34ae6346c6e3337c8b2 | B80: Komagene Etsiz Çiğ Köfte, Sarıçam (Yavuz Sultan Selim Mah.) | C80: DOĞRU | D80: Çiğ Köfte | E80: 1580 | F80: 63 | G80: 52 | H80: 2 | I80: 54 | J80: 0.96 | K80: Esra Gonca Parlar | L80: 5368810465 | M80: Sarıçam | N80: Yavuz Sultan Selim | O80: YAVUZ SULTAN SELİM MH. KOZAN YOLU ÜZERİ PTT ŞUBESİ YANI | P80: Key | Q80: =COUNTIF('hedef liste'!A:A,A80) -> 0
A81: 6001d6271cdc716931bd784f | B81: Komagene Etsiz Çiğ Köfte, Yüreğir (Süleyman Vahit Cad.) | C81: DOĞRU | D81: Çiğ Köfte | E81: 2196 | F81: 61 | G81: 63 | H81: 3 | I81: 66 | J81: 0.95 | K81: Esra Gonca Parlar | L81: 5352211580 | M81: Yüreğir | N81: Cumhuriyet | O81: CUMHURİYET MH.SÜLEYMAN VAHİT CD.NO:178 | P81: Key | Q81: =COUNTIF('hedef liste'!A:A,A81) -> 0
A82: 6004199de9903bb4c9cf6e81 | B82: Panda Patata,(Cemalpaşa Mah. - Gazipaşa Blv.) | C82: DOĞRU | D82: Dünya Mutfağı | E82: 1673 | F82: 79 | G82: 0 | H82: 74 | I82: 74 | J82: 0 | K82: melda burcu sınmaz | L82: 3222441014 | M82: Seyhan | N82: Cemalpaşa | O82: cemalpaşa mah 63002 sok tek apt no:4/c seyhan adana | P82: Geleneksel | Q82: =COUNTIF('hedef liste'!A:A,A82) -> 1
... A93: 6014b889998c1360f1873cc1 | B93: Deyişik Dürüm, Seyhan (Reşatbey Mah.) | C93: DOĞRU | D93: Döner | E93: 835 | F93: 60 | G93: 0 | H93: 25 | I93: 25 | J93: 0 | K93: ahmet korkmaz | L93: 5384908098 | M93: Seyhan | N93: Reşatbey | O93: Reşatbey, 62010. Sk. 37 C, 01120 Seyhan/Adana | P93: Geleneksel | Q93: =COUNTIF('hedef liste'!A:A,A93) -> 1
A94: 601560320a16ee646fe17e35 | B94: Keyif Gültekin, Yüreğir (Kışla Mah.) | C94: DOĞRU | D94: Kebap | E94: 130 | G94: 22 | H94: 11 | I94: 33 | J94: 0.67 | K94: bünyamin düşmez | L94: 5413527217 | M94: Yüreğir | N94: Kışla | O94: kışla mah mithat özsan bulv şehir hastanesi yüreğir adana | P94: Geleneksel | Q94: =COUNTIF('hedef liste'!A:A,A94) -> 1
A95: 60246d361bfca3a4a5e68f69 | B95: Çiğ Köfte Dünyası, Seyhan (Ziyapaşa Mah.) | C95: DOĞRU | D95: Çiğ Köfte | E95: 1019 | F95: 19 | G95: 11 | H95: 3 | I95: 14 | J95: 0.79 | K95: ercan kaya | L95: 5422240100 | M95: Seyhan | N95: Ziyapaşa | O95: ziyapaşa mah baraj cad no 16 seyhan adana | P95: Geleneksel | Q95: =COUNTIF('hedef liste'!A:A,A95) -> 1
A96: 60245facfdc8e11eea8c5833 | B96: Çiğ Köfte Türkiyem, Seyhan (Pınar Mah.) | C96: DOĞRU | D96: Çiğ Köfte | E96: 7704 | F96: 225 | G96: 28 | H96: 9 | I96: 37 | J96: 0.76 | K96: fatih mutlu | L96: 5449273756 | M96: Seyhan | N96: Pınar | O96: PINAR MAH. NAZIM HİKMET CAD. PINAR SİTESİ C BLOK NO: 53 B SEYHAN/ ADANA | P96: Geleneksel | Q96: =COUNTIF('hedef liste'!A:A,A96) -> 1
A97: 60270ee021f17679833a3f37 | B97: Horoz Döner Merkez, Seyhan (Şehitduran Mah.) | C97: DOĞRU | D97: Döner | E97: 2517 | F97: 33 | G97: 35 | H97: 12 | I97: 47 | J97: 0.74 | K97: şahin gültekin | L97: 5436299111 | M97: Seyhan | N97: Şehitduran | O97: şehitduran mah eminağa cad 49 b seyhan adana | P97: Geleneksel | Q97: =COUNTIF('hedef liste'!A:A,A97) -> 1
A98: 5fecd95feeb85d098bcdd7cd | B98: Pizza Opera, Seyhan (Gürselpaşa Mah.) | C98: DOĞRU | D98: Pizza | E98: 1418 | F98: 57 | G98: 0 | H98: 55 | I98: 55 | J98: 0 | K98: engin elçi | L98: 3229991445 | M98: Seyhan | N98: Gürselpaşa | O98: gürselpaşa mah a. izzet begoviç bulv 25/b seyhan adana | P98: Geleneksel | Q98: =COUNTIF('hedef liste'!A:A,A98) -> 1
A99: 5ffe08d135e580009d4528bb | B99: Kara Fırın, (Mahfesığmaz Mah. - Kenan Evren Blv.) | C99: DOĞRU | D99: Pasta & Tatlı | E99: 735 | F99: 46 | G99: 0 | H99: 20 | I99: 20 | J99: 0 | K99: armağan sarı | L99: 5334704014 | M99: Çukurova | N99: Mahfesığmaz | O99: mahfesığmaz mah sehıtler cad no:36/e çukurova adana | P99: Geleneksel | Q99: =COUNTIF('hedef liste'!A:A,A99) -> 1
A100: 5ffe1b9a4a4dfa06d7aba5f3 | B100: Pappa Pizza , Seyhan (Gürselpaşa Mah.) | C100: DOĞRU | D100: Pizza | E100: 294 | F100: 5 | G100: 0 | H100: 89 | I100: 89 | J100: 0 | K100: emre aycan | L100: 3222611121 | M100: Seyhan | N100: Gürselpaşa | O100: gürselpaşa mah 75268 sok no:15/1 seyhan adana | P100: Geleneksel | Q100: =COUNTIF('hedef liste'!A:A,A100) -> 1
A101: 5ffec2aa65ba52ba2c2ce1f6 | B101: MT Börek Katmer, Seyhan (Yeşiloba Mah.) | C101: DOĞRU | D101: Börek | E101: 965 | F101: 34 | G101: 0 | H101: 7 | I101: 7 | J101: 0 | K101: murat eskikırbaç | L101: 5380940127 | M101: Seyhan | N101: Yeşiloba | O101: yeşiloba mah turhan cemal beriker bulv adana iş merkezi siteler no:443/f seyhan adana | P101: Geleneksel | Q101: =COUNTIF('hedef liste'!A:A,A101) -> 1
A102: 6001a7325e72a1ed19be3a21 | B102: Komagene Etsiz Çiğ Köfte (Aliya İzzet Begoviç Blv.) | C102: DOĞRU | D102: Çiğ Köfte | E102: 2878 | F102: 51 | G102: 34 | H102: 3 | I102: 37 | J102: 0.92 | K102: Esra Gonca Parlar | L102: 5519449810 | M102: Seyhan | N102: Gürselpaşa | O102: ADANA SEYHAN ALİYA İZZET BEGOVİÇ BUL. | P102: Key | Q102: =COUNTIF('hedef liste'!A:A,A102) -> 0
A103: 6001b5e7eac242ec72e77347 | B103: Komagene Etsiz Çiğ Köfte, Seyhan (Atatürk Cad.) | C103: DOĞRU | D103: Çiğ Köfte | E103: 1516 | F103: 47 | G103: 37 | H103: 3 | I103: 40 | J103: 0.93 | K103: Esra Gonca Parlar | L103: 5074712125 | M103: Seyhan | N103: Kurtuluş | O103: KURTULUŞ MH. GÜLBAHÇESİ SİTESİ D BLOK NO:25N | P103: Key | Q103: =COUNTIF('hedef liste'!A:A,A103) -> 0
A104: 6001bc3e8a3b84527d575069 | B104: Komagene Etsiz Çiğ Köfte, Seyhan (Tellidere Mah.) | C104: DOĞRU | D104: Çiğ Köfte | E104: 3220 | F104: 104 | G104: 89 | H104: 6 | I104: 95 | J104: 0.94 | K104: Esra Gonca Parlar | L104: 5342920882 | M104: Seyhan | N104: Fatih | O104: TELLİDERE MH.MÜCAHİTLER CD.174/B | P104: Key | Q104: =COUNTIF('hedef liste'!A:A,A104) -> 0
A105: 600456bc3368d68b8aeb1782 | B105: Best Burger, Çukurova (Güzelyalı Mah. - Turgut Özal Blv.) | C105: DOĞRU | D105: Burger | E105: 10472 | F105: 278 | G105: 10 | H105: 21 | I105: 31 | J105: 0.32 | K105: rahmetullah özdemir | L105: 3222349404 | M105: Çukurova | N105: Güzelyalı | O105: güzelyalı mah 81106 sok sefa parlak apt no:1/a çukurova adana | P105: Geleneksel | Q105: =COUNTIF('hedef liste'!A:A,A105) -> 1
A106: 60045df306055859114efba8 | B106: Birbiçer Ciğer,(Belediyeevleri Mah. - Türkmenbaşı Blv.) | C106: DOĞRU | D106: Kebap | E106: 3057 | F106: 65 | G106: 5 | H106: 18 | I106: 23 | J106: 0.22 | K106: mahmut özçiftçi | L106: 3222615959 | M106: Seyhan | N106: Pınar | O106: pınar mah ayhan güngör sk royal evleri b blok no:19/a seyhan adana | P106: Geleneksel | Q106: =COUNTIF('hedef liste'!A:A,A106) -> 1
A107: 600482dab73db5795f990b8f | B107: Dream House Cafe, Çukurova (Beyazevler Mah.) | C107: YANLIŞ | D107: Dünya Mutfağı | E107: 342 | G107: 6 | H107: 20 | I107: 26 | J107: 0.23 | K107: erkan katlav | L107: 3229998498 | M107: Çukurova | N107: Beyazevler | O107: beyazevler mah 80062 sk onur apt b blok altı çukurova adana | P107: Geleneksel | Q107: =COUNTIF('hedef liste'!A:A,A107) -> 1
A108: 600602d2f9bae4f42952e1a5 | B108: Şirinoğlu Baklava, Sarıçam (Çarkıpare Mah.) | C108: DOĞRU | D108: Pasta & Tatlı | E108: 1315 | F108: 69 | G108: 19 | H108: 31 | I108: 50 | J108: 0.38 | K108: mehmet gökhan bozkuş | L108: 3222326688 | M108: Sarıçam | N108: Çarkıpare | O108: çarkıpare mah çatalan cad koza arrena sarıçam adana | P108: Geleneksel | Q108: =COUNTIF('hedef liste'!A:A,A108) -> 1
A109: 6005fef7c669c249949c4ca5 | B109: Şirinoğlu Baklava,(Yurt Mah. - Turgut Özal Blv.) | C109: DOĞRU | D109: Pasta & Tatlı | E109: 1209 | F109: 24 | G109: 11 | H109: 35 | I109: 46 | J109: 0.24 | K109: recep bozkuş | L109: 3222394877 | M109: Çukurova | N109: Yurt | O109: yurt mah turgut özal bulv tuna sit 200/f çukurova adana | P109: Geleneksel | Q109: =COUNTIF('hedef liste'!A:A,A109) -> 1
A110: 6009a357c669c201439d3516 | B110: İstanbul Döner, Seyhan (Yeşilyurt Mah.) | C110: DOĞRU | D110: Döner | E110: 2655 | F110: 156 | G110: 23 | H110: 4 | I110: 27 | J110: 0.85 | K110: ilhan yaman | L110: 3222256988 | M110: Seyhan | N110: Yeşilyurt | O110: Yeşilyurt mahallesi Alparslan Türkeş bulvarı no 38/A | P110: Geleneksel | Q110: =COUNTIF('hedef liste'!A:A,A110) -> 1
A111: 600af6a3b19c485e84c27af8 | B111: Efe Közde Döner, Çukurova (Toros Mah.) | C111: DOĞRU | D111: Döner | E111: 3488 | F111: 166 | G111: 18 | H111: 11 | I111: 29 | J111: 0.62 | K111: Mustafa Demirtaş | L111: 3222321030 | M111: Çukurova | N111: Toros | O111: Toros Mahallesi 78190 Sok. Baskın Safir Apt. Altı, D:2/C, 01170 Çukurova/Adana | P111: Geleneksel | Q111: =COUNTIF('hedef liste'!A:A,A111) -> 1
A112: 60144ddf6c16425f7490d29d | B112: Pizzeria Di Mozza, Seyhan (Reşatbey Mah.) | C112: YANLIŞ | D112: Pizza | E112: 1251 | G112: 0 | H112: 18 | I112: 18 | J112: 0 | K112: Doğuş Yanbuloğlu | L112: 8502269928 | M112: Seyhan | N112: Cemalpaşa | O112: Reşatbey mh 62031 sk Perdahçı apt no:5/a Seyhan Adana | P112: Geleneksel | Q112: =COUNTIF('hedef liste'!A:A,A112) -> 1
A113: 6014512d998c13d1848730ef | B113: Çiğ Köfte Dünyası, Çukurova (Beyazevler Mah.) | C113: DOĞRU | D113: Çiğ Köfte | E113: 1671 | F113: 128 | G113: 18 | H113: 3 | I113: 21 | J113: 0.86 | K113: mizbah zengin | L113: 3229995252 | M113: Çukurova | N113: Beyazevler | O113: Beyazevler Mah Devlet baçeli bulvarı ali genç giyen Apt 18/s Çukurova Adana | P113: Geleneksel | Q113: =COUNTIF('hedef liste'!A:A,A113) -> 1
A114: 601489bfd1201b8ce59557bd | B114: Lale Börekçilik, Seyhan (Pınar Mah.) | C114: DOĞRU | D114: Börek | E114: 3176 | F114: 129 | G114: 7 | H114: 5 | I114: 12 | J114: 0.58 | K114: maşallah dayan | L114: 3222617878 | M114: Seyhan | N114: Pınar | O114: pınar mah 74064 sok no 1 seyhan adana | P114: Geleneksel | Q114: =COUNTIF('hedef liste'!A:A,A114) -> 1
A115: 60149285d22e22bcc6b5b2b6 | B115: Fırıngo Pasta & Cafe, Çukurova (Huzurevleri Mah.) | C115: DOĞRU | D115: Pasta & Tatlı | E115: 1737 | F115: 113 | G115: 7 | H115: 75 | I115: 82 | J115: 0.09 | K115: ahmet hasan bozdemir | L115: 5422480666 | M115: Çukurova | N115: Huzurevleri | O115: Huzurevleri Mh. Turgut Özal Blv. Elit Apt. Zemin Kat No:210/B, 01360 Çukurova/Adana | P115: Geleneksel | Q115: =COUNTIF('hedef liste'!A:A,A115) -> 1
A116: 60044c4de6346c125f381cd2 | B116: Yıldızoğlu Künefe, (Cemalpaşa Mah.-Toros Cad.) | C116: DOĞRU | D116: Pasta & Tatlı | E116: 563 | F116: 17 | G116: 21 | H116: 15 | I116: 36 | J116: 0.58 | K116: rifat yıldızoğlu | L116: 3224578465 | M116: Seyhan | N116: Cemalpaşa | O116: cemalpaşa mah toros cad no:8/c seyhan adana | P116: Geleneksel | Q116: =COUNTIF('hedef liste'!A:A,A116) -> 1
A117: 60154feb5778c45408c0eefa | B117: Bakery Loven, Çukurova (Güzelyalı Mah.) | C117: YANLIŞ | D117: Pasta & Tatlı | E117: 198 | G117: 0 | H117: 76 | I117: 76 | J117: 0 | K117: hanife geç | L117: 5462396066 | M117: Çukurova | N117: Güzelyalı | O117: GÜZELYALI MAH. 81150 SK. A BLOK NO: 3 /1A ÇUKUROVA/ ADANA | P117: Geleneksel | Q117: =COUNTIF('hedef liste'!A:A,A117) -> 1
A118: 60152908caa06121ef7f660d | B118: Ptt 3 Kebap & Lahmacun, Yüreğir (Atakent Mah.) | C118: DOĞRU | D118: Kebap | E118: 4395 | F118: 233 | G118: 19 | H118: 6 | I118: 25 | J118: 0.76 | K118: abdullah saylan | L118: 5321562395 | M118: Yüreğir | N118: Atakent | O118: atakent mah efetevleri cad no9 yüreğir adana | P118: Geleneksel | Q118: =COUNTIF('hedef liste'!A:A,A118) -> 1
A119: 601454f76c1642d7e590d3a2 | B119: Fotografya Kare Pizza (Reşatbey Mah.) | C119: DOĞRU | D119: Burger | E119: 1261 | F119: 48 | G119: 5 | H119: 121 | I119: 126 | J119: 0.04 | K119: İ.Selçuk Kadıoğlu | L119: 3224570065 | M119: Seyhan | N119: Reşatbey | O119: Reşatbey Mah Beş Ocak Cad No:36/A Seyhan/ADANA | P119: Geleneksel | Q119: =COUNTIF('hedef liste'!A:A,A119) -> 1
A120: 602f91c87491a9c60b069441 | B120: My Pizza (Cemalpaşa Mah.) | C120: DOĞRU | D120: Pizza | E120: 2120 | F120: 41 | G120: 0 | H120: 125 | I120: 125 | J120: 0 | K120: aytaç kipalev | L120: 3224540220 | M120: Seyhan | N120: Cemalpaşa | O120: CEMALPAŞA MAH. MUSTAFA GÜMÜŞDAMLA SK. DR EKREM BAYAZIT APT A GİRİŞİ NO: 8 D SEYHAN/ ADANA | P120: Geleneksel | Q120: =COUNTIF('hedef liste'!A:A,A120) -> 1
A121: 602fd11be77af664ab14eae2 | B121: Meşhur Adıyaman Çiğ Köftecisi Ömer Aybak (Gürselpaşa Mah.) | C121: DOĞRU | D121: Çiğ Köfte | E121: 840 | F121: 25 | G121: 15 | H121: 11 | I121: 26 | J121: 0.58 | K121: mehmet ali kaygı | L121: 5072637673 | M121: Seyhan | N121: Gürselpaşa | O121: gürselpaşa mh 7. cd dream town sitesi a blok no 38 c seyhan adana | P121: Geleneksel | Q121: =COUNTIF('hedef liste'!A:A,A121) -> 1
A122: 602fdf62c85ce46efc858a10 | B122: California, Sarıçam (Gültepe Mah.) | C122: DOĞRU | D122: Pizza | E122: 3228 | F122: 112 | G122: 32 | H122: 121 | I122: 153 | J122: 0.21 | K122: hakan yüzbaş | L122: 3225025555 | M122: Sarıçam | N122: Adana Alparslan Türkeş Bilim Ve Teknoloji Üniversitesi | O122: gültepe mh çatalan cd no 222/d sarıçam adana | P122: Geleneksel | Q122: =COUNTIF('hedef liste'!A:A,A122) -> 1
A123: 602fa0cf6f409c5478d0d139 | B123: Diva Pastaneleri (Gürselpaşa Mah.) | C123: YANLIŞ | D123: Pasta & Tatlı | G123: 0 | H123: 112 | I123: 112 | J123: 0 | K123: seher hanım | L123: 5323997992 | M123: Seyhan | N123: Gürselpaşa | O123: GÜRSELPAŞA MAH. ALİYA İZZET BEGOVİÇ BLV. NO: 19 A SEYHAN/ ADANA | P123: Geleneksel | Q123: =COUNTIF('hedef liste'!A:A,A123) -> 1
A124: 602fc306a9d2c13e0f002991 | B124: Battalbey Çiğ Köftecisi, Çukurova (Toros Mah.) | C124: DOĞRU | D124: Çiğ Köfte | E124: 539 | F124: 37 | G124: 7 | H124: 5 | I124: 12 | J124: 0.58 | K124: abdullah turan | L124: 5352295989 | M124: Çukurova | N124: Toros | O124: TOROS MAH. MAVİ BLV. NO: 24 A ÇUKUROVA/ ADANA | P124: Geleneksel | Q124: =COUNTIF('hedef liste'!A:A,A124) -> 1
A125: 602fbd266f409c8074d0d81d | B125: Ziyapaşa Börekçilik (Ziyapaşa Mah.) | C125: DOĞRU | D125: Börek | E125: 2155 | F125: 135 | G125: 0 | H125: 5 | I125: 5 | J125: 0 | K125: kaan kalmış | L125: 3224575317 | M125: Seyhan | N125: Gazipaşa | O125: ziyapaşa mh kemalpaşa blv no 20 iç kapı no a seyhan adana | P125: Geleneksel | Q125: =COUNTIF('hedef liste'!A:A,A125) -> 1
A126: 6034e67d5036e10c0456201f | B126: Saray Pizza, Ceyhan (Mithatpaşa Mah.) | C126: DOĞRU | D126: Burger | E126: 1679 | F126: 81 | G126: 0 | H126: 59 | I126: 59 | J126: 0 | K126: Furkan Avlar | L126: 3226128686 | M126: Ceyhan | N126: Cumhuriyet | O126: Mithat Paşa, İnönü Blv., 01920 Ceyhan/Adana | P126: Geleneksel | Q126: =COUNTIF('hedef liste'!A:A,A126) -> 1
A127: 60351b31e12f9d6afb52a6f0 | B127: İklim Döner (Belediyeevleri Mah.) | C127: DOĞRU | D127: Döner | E127: 4983 | F127: 209 | G127: 11 | H127: 9 | I127: 20 | J127: 0.55 | K127: melehat hanım | L127: 3222483828 | M127: Çukurova | N127: Belediye Evleri | O127: belediye evleri mh 84029 sk 2 A çukurova adana | P127: Geleneksel | Q127: =COUNTIF('hedef liste'!A:A,A127) -> 1
A128: 60376534f4f38611c483385e | B128: Afiyet Kebap (Huzurevleri Mah.) | C128: DOĞRU | D128: Kebap | E128: 2174 | F128: 66 | G128: 0 | H128: 29 | I128: 29 | J128: 0 | K128: erdoğan aksoyan | L128: 3228020818 | M128: Çukurova | N128: Huzurevleri | O128: HUZUREVLERİ MAH. 77088 SK. GİRİCİLER APT. NO: 2 İÇ KAPI NO: 02 ÇUKUROVA/ ADANA | P128: Geleneksel | Q128: =COUNTIF('hedef liste'!A:A,A128) -> 1
A129: 603767a9dee19b0b16f04a8d | B129: Bahçeşehir Kebap & Lahmacun (Bahçeşehir Mah.) | C129: DOĞRU | D129: Kebap | E129: 2552 | F129: 42 | G129: 8 | H129: 26 | I129: 34 | J129: 0.24 | K129: selçuk odabaşı | L129: 5075052939 | M129: Seyhan | N129: Bahçeşehir | O129: bahçeşehir mh mehmet fuat dıblan blv no 140 a seyhan adana | P129: Geleneksel | Q129: =COUNTIF('hedef liste'!A:A,A129) -> 1
A130: 603a18b58ed50857ba14bf25 | B130: Gümüş Bey İskender & Döner (Huzurevleri Mah.) | C130: DOĞRU | D130: Döner | E130: 335 | F130: 14 | G130: 13 | H130: 42 | I130: 55 | J130: 0.24 | K130: aksoy gümüş | L130: 5330917639 | M130: Çukurova | N130: Huzurevleri | O130: huzurevleri mh 77060 sk delta apt no 12/a çukurova adana | P130: Geleneksel | Q130: =COUNTIF('hedef liste'!A:A,A130) -> 1
A131: 603a931c021990b5db5b7947 | B131: Papino, Seyhan (Pınar Mah.) | C131: YANLIŞ | D131: Tavuk | E131: 2339 | G131: 0 | H131: 39 | I131: 39 | J131: 0 | K131: ayça aygün | L131: 3225030252 | M131: Seyhan | N131: Pınar | O131: Pınar mah Türkmenbaşı Blv., 01360 Seyhan Adana | P131: Geleneksel | Q131: =COUNTIF('hedef liste'!A:A,A131) -> 1
A132: 603e3464303c95afe93092dc | B132: Beş Kardeşler Kebap Ve Izgara Çeşitleri (Gültepe Mah.) | C132: DOĞRU | D132: Kebap | E132: 1664 | F132: 62 | G132: 10 | H132: 1 | I132: 11 | J132: 0.91 | K132: leyla kocaman | L132: 5454013058 | M132: Sarıçam | N132: Gültepe | O132: gültepe mah. çatalan cd. no 31 sarıçam adana | P132: Geleneksel | Q132: =COUNTIF('hedef liste'!A:A,A132) -> 1
A133: 603f7a57430b9299f4620332 | B133: Cafe Kırmızı, Seyhan (Sümer Mah.) | C133: DOĞRU | D133: Köfte | E133: 1528 | F133: 14 | G133: 7 | H133: 2 | I133: 9 | J133: 0.78 | K133: ömer kocahan | L133: 5433483411 | M133: Çukurova | N133: Güzelyalı | O133: beyazevler mah devlet bahçeli blv no 30 d çukurova adana | P133: Geleneksel | Q133: =COUNTIF('hedef liste'!A:A,A133) -> 1
...

Sheet Durum Parametreler
C2: Başka Şubeden Çekilecek | H2: Mertcan
C3: BlackList | F3: Nazmi Okbaz | H3: Enes
A4: 44197 | C4: Çekim İstemiyor | F4: Berat Altunkaya | H4: Ezgi Turan
A5: 44198 | C5: Devir | F5: Nurattin Yücesoy | H5: Hatem Soyaslan
A6: 44199 | C6: Dönüş Yapacak | F6: Abdulhenan Doğan | H6: Zeliha Özer
A7: 44200 | C7: Franchise | F7: Yakup Koçoğlu | H7: Emre Dalgıç
A8: 44201 | C8: İleride Randevu Alınacak | H8: Gül Değirmenci
A9: 44202 | C9: Lokasyon Uzak | H9: Yurdagül Kulaksız
A10: 44203 | C10: Haziran'da Aranacak | F10: Hemen Randevu İstiyorum | H10: Ayfer Altın
A11: 44204 | C11: Menü Güncellemesi Yapılacak | F11: Fotoğraflarım Var | H11: Ayşegül Kır
A12: 44205 | C12: Personel Eksik | F12: İleride Randevu İstiyorum | H12: Damla Kılcı
A13: 44206 | C13: Randevu Alındı | H13: Özlem arslan
A14: 44207 | C14: Randevu İptal | H14: Beyza gülşah
A15: 44208 | C15: Restoran Silindi | H15: Özlem gümüş
A16: 44209 | C16: Sistemden Çıkmak İstiyor | F16: Ayşegül Kır | H16: Tuğba Buyur
A17: 44210 | C17: Tadilat Var | F17: Betül Demir | H17: Kadriye Polat
A18: 44211 | C18: Ulaşılamadı | F18: Hatem Soyaslan | H18: Şükriye Demir
A19: 44212 | C19: Yılbaşından Sonra Aranacak | F19: Selcan Topçu | H19: Ece Bayındır
A20: 44213 | F20: Sude Alkan | H20: Senanur Çınar
A21: 44214 | C21: Dönüş Yapacak | F21: Yurdagül Kulaksız | H21: Şura Özcan
A22: 44215 | C22: Görüşüldü | F22: Zeliha Özer | H22: Funda Ünlü
A23: 44216 | C23: Tekrar Aranacak | F23: Ferhat Köksal | H23: Sıla Göksunaz Esen
A24: 44217 | C24: Ulaşılamadı | F24: Enes Günal | H24: Emel Yılmaz
A25: 44218 | C25: Yetkili Yok | F25: Serap Apaydın | H25: Ecem Ersöz
A26: 44219 | H26: Livanur Elibol
A27: 44220 | H27: Eda Cıbır
A28: 44221 | C28: Randevu Alınabilir | H28: Meryem Yalabık
A29: 44222 | C29: Çekim İstemiyor | H29: Serenay Yalabık
A30: 44223 | C30: Fotoğrafları Yok - Randevu Alınabilir
A31: 44224 | C31: Fotoğrafları Gönderecek
A32: 44225
A33: 44226
A34: 44227
A35: 44228
A36: 44229
A37: 44230
A38: 44231
A39: 44232
A40: 44233
A41: 44234
A42: 44235
A43: 44236
... A820: 45013

Sheet özet
G4: Tarih | H4: Başarılı Randevu | I4: İptal Randevu | J4: Top. Rest | K4: =COUNTIFS(import!$C:$C,"true",import!$P:$P,"Geleneksel") -> 0 | O4: İptal Randevu | P4: Fotoğraflandırılan Top. Ürün | Q4: Fotoğraflandırılan Ort. Ürün
B5: Başka Şubeden Çekilecek | C5: =COUNTIFS('hedef liste'!T:T,B5,'hedef liste'!C:C,"doğru",'hedef liste'!P:P,"Geleneksel",'hedef liste'!J:J,"=0%") -> 7 | D5: toplam rest | E5: =COUNTIFS(import!C:C,"doğru",import!P:P,"Geleneksel") -> 964 | J5: Fotoğraflı | K5: =COUNTIFS(import!$C:$C,"true",import!$P:$P,"Geleneksel",import!$J:$J,">0%") -> 0 | M5: =$K$5/$K$4 -> #DIV/0!
B6: BlackList | C6: =COUNTIFS('hedef liste'!T:T,B6,'hedef liste'!C:C,"doğru",'hedef liste'!P:P,"Geleneksel",'hedef liste'!J:J,"=0%") -> 1 | D6: fotoğraflı | E6: =COUNTIFS(import!C:C,"doğru",import!P:P,"Geleneksel",import!J:J,">0%") -> 512
B7: Çekim İstemiyor | C7: =COUNTIFS('hedef liste'!T:T,B7,'hedef liste'!C:C,"doğru",'hedef liste'!P:P,"Geleneksel",'hedef liste'!J:J,"=0%") -> 54 | D7: % | E7: =E6/E5 -> 0.53112033 | J7: Ürün Adet | K7: 0-25 | M7: 25+ | S7: İptal Oranı
B8: Devir | C8: =COUNTIFS('hedef liste'!T:T,B8,'hedef liste'!C:C,"doğru",'hedef liste'!P:P,"Geleneksel",'hedef liste'!J:J,"=0%") -> 2 | J8: Fotoğraflı | K8: =COUNTIFS(import!$C:$C,"true",import!$J:$J,">0%",import!$P:$P,"Geleneksel",import!$I:$I,"<=25") -> 0 | L8: =K8/K5 -> #DIV/0! | M8: =COUNTIFS(import!C:C,"true",import!J:J,">0%",import!P:P,"Geleneksel",import!I:I,">25") -> 0 | N8: =M8/K5 -> #DIV/0! | S8: =O13/N13 -> #DIV/0!
B9: Dönüş Yapacak | C9: =COUNTIFS('hedef liste'!T:T,B9,'hedef liste'!C:C,"doğru",'hedef liste'!P:P,"Geleneksel",'hedef liste'!J:J,"=0%") -> 19 | J9: 0-20% | K9: =COUNTIFS(import!C:C,"true",import!J:J,">0%",import!J:J,"<=20%",import!P:P,"Geleneksel",import!I:I,"<=25") -> 0 | L9: =K9/K8 -> #DIV/0! | M9: =COUNTIFS(import!C:C,"true",import!J:J,">0%",import!J:J,"<=20%",import!P:P,"Geleneksel",import!I:I,">25") -> 0 | N9: =M9/M8 -> #DIV/0!
B10: Franchise | C10: =COUNTIFS('hedef liste'!T:T,B10,'hedef liste'!C:C,"doğru",'hedef liste'!P:P,"Geleneksel",'hedef liste'!J:J,"=0%") -> 0 | J10: 21-50% | K10: =COUNTIFS(import!C:C,"true",import!J:J,">20%",import!J:J,"<=50%",import!P:P,"Geleneksel",import!I:I,"<=25") -> 0 | L10: =K10/K8 -> #DIV/0! | M10: =COUNTIFS(import!C:C,"true",import!J:J,">20%",import!J:J,"<=50%",import!P:P,"Geleneksel",import!I:I,">25") -> 0 | N10: =M10/M8 -> #DIV/0!
B11: İleride Randevu Alınacak | C11: =COUNTIFS('hedef liste'!T:T,B11,'hedef liste'!C:C,"doğru",'hedef liste'!P:P,"Geleneksel",'hedef liste'!J:J,"=0%") -> 21 | J11: 51-80% | K11: =COUNTIFS(import!C:C,"true",import!J:J,">50%",import!J:J,"<=80%",import!P:P,"Geleneksel",import!I:I,"<=25") -> 0 | L11: =K11/K8 -> #DIV/0! | M11: =COUNTIFS(import!C:C,"true",import!J:J,">50%",import!J:J,"<=80%",import!P:P,"Geleneksel",import!I:I,">25") -> 0 | N11: =M11/M8 -> #DIV/0!
B12: Lokasyon Uzak | C12: =COUNTIFS('hedef liste'!T:T,B12,'hedef liste'!C:C,"doğru",'hedef liste'!P:P,"Geleneksel",'hedef liste'!J:J,"=0%") -> 13 | J12: >80% | K12: =COUNTIFS(import!C:C,"true",import!J:J,">80%",import!P:P,"Geleneksel",import!I:I,"<=25") -> 0 | L12: =K12/K8 -> #DIV/0! | M12: =COUNTIFS(import!C:C,"true",import!J:J,">80%",import!P:P,"Geleneksel",import!I:I,">25") -> 0 | N12: =M12/M8 -> #DIV/0!
B13: Haziran'da Aranacak | C13: =COUNTIFS('hedef liste'!T:T,B13,'hedef liste'!C:C,"doğru",'hedef liste'!P:P,"Geleneksel",'hedef liste'!J:J,"=0%") -> 0
B14: Menü Güncellemesi Yapılacak | C14: =COUNTIFS('hedef liste'!T:T,B14,'hedef liste'!C:C,"doğru",'hedef liste'!P:P,"Geleneksel",'hedef liste'!J:J,"=0%") -> 3
B15: Personel Eksik | C15: =COUNTIFS('hedef liste'!T:T,B15,'hedef liste'!C:C,"doğru",'hedef liste'!P:P,"Geleneksel",'hedef liste'!J:J,"=0%") -> 1
B16: Randevu Alındı | C16: =COUNTIFS('hedef liste'!T:T,B16,'hedef liste'!C:C,"doğru",'hedef liste'!P:P,"Geleneksel",'hedef liste'!J:J,"=0%") -> 39
B17: Randevu İptal | C17: =COUNTIFS('hedef liste'!T:T,B17,'hedef liste'!C:C,"doğru",'hedef liste'!P:P,"Geleneksel",'hedef liste'!J:J,"=0%") -> 30
B18: Restoran Silindi | C18: =COUNTIFS('hedef liste'!T:T,B18,'hedef liste'!C:C,"doğru",'hedef liste'!P:P,"Geleneksel",'hedef liste'!J:J,"=0%") -> 2
B19: Sistemden Çıkmak İstiyor | C19: =COUNTIFS('hedef liste'!T:T,B19,'hedef liste'!C:C,"doğru",'hedef liste'!P:P,"Geleneksel",'hedef liste'!J:J,"=0%") -> 3
B20: Tadilat Var | C20: =COUNTIFS('hedef liste'!T:T,B20,'hedef liste'!C:C,"doğru",'hedef liste'!P:P,"Geleneksel",'hedef liste'!J:J,"=0%") -> 3
B21: Ulaşılamadı | C21: =COUNTIFS('hedef liste'!T:T,B21,'hedef liste'!C:C,"doğru",'hedef liste'!P:P,"Geleneksel",'hedef liste'!J:J,"=0%") -> 7
B22: Ramazandan Sonra Randevu Istiyor | C22: =COUNTIFS('hedef liste'!T:T,B22,'hedef liste'!C:C,"doğru",'hedef liste'!P:P,"Geleneksel",'hedef liste'!J:J,"=0%") -> 0
B23: Fotoğrafı Var | C23: =COUNTIFS('hedef liste'!S:S,"True",'hedef liste'!C:C,"doğru",'hedef liste'!P:P,"Geleneksel",'hedef liste'!J:J,"=0%",'hedef liste'!T:T,"") -> 75
B24: TOPLAM | C24: =SUM(C5:C23) -> 280 | D24: =COUNTIFS('hedef liste'!C:C,"true",'hedef liste'!P:P,"Geleneksel") -> 0
B27: Randevu Başarı %
B28: =C16/COUNTIFS('hedef liste'!R:R,"true",'hedef liste'!C:C,"true") -> #DIV/0!

Sheet Sayfa12
A1: 60a26973fe6fd8ecb12c28c3 | B1: =VLOOKUP(A1,'hedef liste'!A:Y,20,0) -> Randevu Alındı | C1: =VLOOKUP(A1,'hedef liste'!A:Y,25,0) -> 44505
A2: 60c13613d9132585f21f640a | B2: =VLOOKUP(A2,'hedef liste'!A:Y,20,0) -> #N/A | C2: =VLOOKUP(A2,'hedef liste'!A:Y,25,0) -> #N/A
A3: 60259d2d55fa61292cfcb799 | B3: =VLOOKUP(A3,'hedef liste'!A:Y,20,0) -> Randevu Alındı | C3: =VLOOKUP(A3,'hedef liste'!A:Y,25,0) -> 44375
A4: 6026d88ee70cee4c3ab955ac | B4: =VLOOKUP(A4,'hedef liste'!A:Y,20,0) -> Randevu Alındı | C4: =VLOOKUP(A4,'hedef liste'!A:Y,25,0)
A5: 6089ca89e7384948b7600fbe | B5: =VLOOKUP(A5,'hedef liste'!A:Y,20,0) -> #N/A | C5: =VLOOKUP(A5,'hedef liste'!A:Y,25,0) -> #N/A
A6: 60b2077cd13b385f81a960b0 | B6: =VLOOKUP(A6,'hedef liste'!A:Y,20,0) -> Randevu Alındı | C6: =VLOOKUP(A6,'hedef liste'!A:Y,25,0) -> 44497
A7: 60b7786e4c7b7b37dbe276a1 | B7: =VLOOKUP(A7,'hedef liste'!A:Y,20,0) -> Randevu Alındı | C7: =VLOOKUP(A7,'hedef liste'!A:Y,25,0) -> 44403
A8: 6014715a1b5f9b31bd20a7eb | B8: =VLOOKUP(A8,'hedef liste'!A:Y,20,0) -> Başka Şubeden Çekilecek | C8: =VLOOKUP(A8,'hedef liste'!A:Y,25,0) -> 44386
A9: 60926ee6337ea2aea76b4770 | B9: =VLOOKUP(A9,'hedef liste'!A:Y,20,0) -> #N/A | C9: =VLOOKUP(A9,'hedef liste'!A:Y,25,0) -> #N/A
A10: 60882b3c44bd250d81ddc839 | B10: =VLOOKUP(A10,'hedef liste'!A:Y,20,0) | C10: =VLOOKUP(A10,'hedef liste'!A:Y,25,0)
A11: 60152fa4d22e22aebbb5c940 | B11: =VLOOKUP(A11,'hedef liste'!A:Y,20,0) -> Randevu Alındı | C11: =VLOOKUP(A11,'hedef liste'!A:Y,25,0) -> 44393
A12: 601580c4f55f40704fc9e352 | B12: =VLOOKUP(A12,'hedef liste'!A:Y,20,0) -> Randevu İptal | C12: =VLOOKUP(A12,'hedef liste'!A:Y,25,0) -> 44470
... A42: 602f81e4aa09e0832c2ab6e0 | B42: =VLOOKUP(A42,'hedef liste'!A:Y,20,0) -> #N/A | C42: =VLOOKUP(A42,'hedef liste'!A:Y,25,0) -> #N/A
