Workbook

Sheet Hedef Liste
A1: Restaurant ID | B1: Restoran Adı | C1: Satışa Açık Mı? | D1: Mutfak | E1: TOPLAM SİPARİŞ | F1: SON 2 HAFTA | G1: RESİMLİ ÜRÜN | H1: RESİMSİZ ÜRÜN | I1: TOPLAM ÜRÜN | J1: Ratio | K1: Yetkili | L1: Telefon | M1: İLÇE | N1: MAHALLE | O1: ADRES | P1: Geleneksel Zincir | Q1: FOTOĞRAF SEGMENT | R1: Aradık Mı? | S1: Kendi Fotosu Var | T1: Randevu Durumu | U1: Randevu Alan | V1: Fotoğrafçı | W1: Not | X1: Randevu Alma Tarihi | Y1: Randevu Tarihi | Z1: Anket Durum | AA1: 1. Arama | AB1: 1. Arama Tarihi | AC1: 2. Arama | AD1: 2. Arama Tarihi | AE1: 3. Arama | AF1: 3. Arama Tarihi | AG1: 4. Arama | AH1: 4. Arama Tarihi | AI1: 5. Arama | AJ1: 5. Arama Tarihi | AK1: 1. Arayan | AL1: 2. Arayan | AM1: 3. Arayan | AN1: 4. Arayan | AO1: 5. Arayan | AP1: SY | AQ1: SY - Durum
A2: 605e04551a40c448083875ad | B2: 07 Gizem Döner, Muratpaşa (Kızılsaray Mah.) | C2: =VLOOKUP(A2,import!A:C,3,0) -> DOĞRU | D2: Döner | E2: =VLOOKUP(A2,import!A:J,5,0) -> 1316 | F2: =VLOOKUP(A2,import!A:J,6,0) -> 111 | G2: =VLOOKUP(A2,import!A:J,7,0) -> 16 | H2: =VLOOKUP(A2,import!A:J,8,0) -> 2 | I2: =VLOOKUP(A2,import!A:J,9,0) -> 18 | J2: =VLOOKUP(A2,import!A:J,10,0) -> 0.89 | K2: UĞUR SÜRMELİOĞLU | L2: 5317162173 | M2: Muratpaşa | N2: Kışla | O2: Kızılsaray Mah. Milli Egemenlik Cad. No:1 Muratpaşa/ANTALYA | P2: =VLOOKUP(A2,import!A:P,16,0) -> Geleneksel | R2: TRUE | S2: FALSE | T2: Randevu Alındı | U2: Hatem Soyaslan | V2: Önder Örtel | W2: TEYİT İÇİN ARANDI ÇEKİM GERÇEKLEŞMİŞ | X2: 44344 | Y2: 44348 | AP2: Aşur Can Acar
A3: 623c21c9b7d66ecf1749936e | B3: 07 Manavgat Döner, Manavgat (A. Pazarcı Mah.) | C3: =VLOOKUP(A3,import!A:C,3,0) -> DOĞRU | D3: Döner | E3: =VLOOKUP(A3,import!A:J,5,0) -> 17 | F3: =VLOOKUP(A3,import!A:J,6,0) -> 11 | G3: =VLOOKUP(A3,import!A:J,7,0) -> 0 | H3: =VLOOKUP(A3,import!A:J,8,0) -> 13 | I3: =VLOOKUP(A3,import!A:J,9,0) -> 13 | J3: =VLOOKUP(A3,import!A:J,10,0) -> 0 | K3: Murat Şenol | L3: 5013583038 | M3: Manavgat | N3: A. Pazarcı | O3: A. Pazarcı Mah. 1003 Sk. No:6/Z10 Manavgat/Antalya | P3: =VLOOKUP(A3,import!A:P,16,0) -> Geleneksel | R3: FALSE | S3: FALSE
A4: 61aa1ee50e81ea78c09b2df1 | B4: 07 Midye, Kepez (Yeşiltepe Mah.) | C4: =VLOOKUP(A4,import!A:C,3,0) -> DOĞRU | D4: Sokak Lezzetleri | E4: =VLOOKUP(A4,import!A:J,5,0) -> 12 | F4: =VLOOKUP(A4,import!A:J,6,0) -> 6 | G4: =VLOOKUP(A4,import!A:J,7,0) -> 10 | H4: =VLOOKUP(A4,import!A:J,8,0) -> 11 | I4: =VLOOKUP(A4,import!A:J,9,0) -> 21 | J4: =VLOOKUP(A4,import!A:J,10,0) -> 0.48 | K4: GÜLHAN BAHADIR | L4: 5510848751 | M4: Kepez | N4: Yeşiltepe | O4: Yeşiltepe Mah. Ziya Gökalp Cad. No:4 Kepez/ANTALYA | P4: =VLOOKUP(A4,import!A:P,16,0) -> Geleneksel | R4: TRUE | S4: FALSE | T4: Randevu Alındı | U4: Kübra Toprak | V4: Ahmet Balcı | W4: ömer beyden randevu alındı. | X4: 44539 | Y4: 44539 | AA4: Görüşüldü | AB4: 44539 | AK4: Kübra Toprak | AP4: Aşur Can Acar
A5: 6220ac01fa2e0f4112053b24 | B5: 07 Mola Kafe, Muratpaşa (Yüksekalan Mah.) | C5: =VLOOKUP(A5,import!A:C,3,0) -> DOĞRU | D5: Tost & Sandviç | E5: =VLOOKUP(A5,import!A:J,5,0) -> 37 | F5: =VLOOKUP(A5,import!A:J,6,0) -> 24 | G5: =VLOOKUP(A5,import!A:J,7,0) -> 10 | H5: =VLOOKUP(A5,import!A:J,8,0) -> 5 | I5: =VLOOKUP(A5,import!A:J,9,0) -> 15 | J5: =VLOOKUP(A5,import!A:J,10,0) -> 0.67 | K5: MEHMET KAZAR | L5: 5076681213 | M5: Muratpaşa | N5: Yüksekalan | O5: Yüksekalan Mah. Fahrettin Altay Cad. No:26/F Muratpasa/Antalya | P5: =VLOOKUP(A5,import!A:P,16,0) -> Geleneksel | R5: TRUE | S5: FALSE | T5: Randevu Alındı | U5: Hatem Soyaslan | V5: Ahmet Balcı | X5: 44627 | Y5: 44628 | AA5: Görüşüldü | AB5: 44627 | AK5: Hatem Soyaslan
A6: 60cf56e24876bb5c61b9c1d3 | B6: 1. Nesil Sokak Lezzetleri, Muratpaşa (Sinan Mah.) | C6: =VLOOKUP(A6,import!A:C,3,0) -> YANLIŞ | D6: Sokak Lezzetleri | E6: =VLOOKUP(A6,import!A:J,5,0) -> 3 | F6: =VLOOKUP(A6,import!A:J,6,0) | G6: =VLOOKUP(A6,import!A:J,7,0) -> 0 | H6: =VLOOKUP(A6,import!A:J,8,0) -> 10 | I6: =VLOOKUP(A6,import!A:J,9,0) -> 10 | J6: =VLOOKUP(A6,import!A:J,10,0) -> 0 | K6: MEHMET VOLKAN ALICI | L6: 5303281402 | M6: Muratpaşa | N6: Sinan | O6: Sinan Mah. Cebesoy Cd. No:18/B Muratpaşa/Antalya | P6: =VLOOKUP(A6,import!A:P,16,0) -> Geleneksel | R6: TRUE | S6: FALSE | T6: Çekim İstemiyor | W6: taciz boyutuna geçti yeter aramayı istemiyorum hergün hergün arıyorsunuz dediler/açmadı.kesinlikle istemiyorum bidaha ararsanız getiri kapattıracam dedi. | AA6: Görüşüldü | AB6: 44377 | AC6: Tekrar Aranacak | AD6: 44379 | AE6: Görüşüldü | AF6: 44404 | AG6: Görüşüldü | AH6: 44413 | AI6: Görüşüldü | AJ6: 44417 | AK6: Nurhayat Kabataş | AL6: Nurhayat Kabataş | AM6: Hatem Soyaslan | AN6: Mavi aslan | AO6: Deneme | AP6: Korcan Işık
A7: 6050635acd69790dd4c21dbf | B7: 10'LAR Makarna, Muratpaşa (Çağlayan Mah.) | C7: =VLOOKUP(A7,import!A:C,3,0) -> DOĞRU | D7: Dünya Mutfağı | E7: =VLOOKUP(A7,import!A:J,5,0) -> 125 | F7: =VLOOKUP(A7,import!A:J,6,0) -> 2 | G7: =VLOOKUP(A7,import!A:J,7,0) -> 0 | H7: =VLOOKUP(A7,import!A:J,8,0) -> 8 | I7: =VLOOKUP(A7,import!A:J,9,0) -> 8 | J7: =VLOOKUP(A7,import!A:J,10,0) -> 0 | K7: HASİBE DUMAN | L7: 5527471010 | M7: Muratpaşa | N7: Çağlayan | O7: Çağlayan Mah. 2007 Sk. No:9/2 Muratpaşa/Antalya | P7: =VLOOKUP(A7,import!A:P,16,0) -> Geleneksel | R7: TRUE | S7: FALSE | T7: Çekim İstemiyor | W7: DİĞER ŞUBEDEKİ ÜRÜNLER MAKARNA DEĞİL ARKADAŞLAR, UYMUYOR FOTOĞRAFLAR O YÜZDEN YÜKLEYEMİYORUZ // 5322980224 istemiyor/haftaya salı randevu için aranacak/diğer şubesine çekim yapılmış eksik fotoğrafları var/şuan müsait zamnları yokmuş daha sonra dönüş yapılcak/yarım saat sonra aranacak. istiyor fakat çok yoğunlarmış daha sonra arayacak./ çok yoğunlarmış şuan düşünmüyorlarmış.//yarım saat sonra dönüş yapayım dedi/Ben size dönüş sağlarım dedi hatem hanımın numarası verildi.//istemiyorum çok yoğun tşk dedi / vakti uokmuş istemedi / hiç müsait değilim deyip suratıma kapattı | AA7: Görüşüldü | AB7: 44356 | AC7: Tekrar Aranacak | AD7: 44370 | AE7: Tekrar Aranacak | AF7: 44384 | AG7: Görüşüldü | AH7: 44391 | AI7: Görüşüldü | AJ7: 44700 | AK7: Nazmiye Yuka | AL7: Derya Tatlı | AM7: Derya Tatlı | AN7: Hatem Soyaslan | AO7: Betül Demir | AP7: Korcan Işık
A8: 5fd4b735eceda3aae41e35cc | B8: 10LAR Food'n Beverage, Muratpaşa (Çağlayan Mah.) | C8: =VLOOKUP(A8,import!A:C,3,0) -> DOĞRU | D8: Kahvaltı | E8: =VLOOKUP(A8,import!A:J,5,0) -> 1827 | F8: =VLOOKUP(A8,import!A:J,6,0) -> 64 | G8: =VLOOKUP(A8,import!A:J,7,0) -> 33 | H8: =VLOOKUP(A8,import!A:J,8,0) -> 14 | I8: =VLOOKUP(A8,import!A:J,9,0) -> 47 | J8: =VLOOKUP(A8,import!A:J,10,0) -> 0.7 | K8: HASİBE DUMAN | L8: 5527471010 | M8: Muratpaşa | N8: Çağlayan | O8: Çağlayan Mah. 2007 Sk. No:9/2 Muratpaşa/Antalya | P8: =VLOOKUP(A8,import!A:P,16,0) -> Geleneksel | Q8: 35+ | R8: TRUE | S8: FALSE | T8: Randevu Alındı | U8: Serap Apaydın | V8: Önder Örtel | W8: devam alındı | X8: 44546 | Y8: 44552 | AA8: Tekrar Aranacak | AB8: 44385 | AC8: Ulaşılamadı | AD8: 44413 | AE8: Görüşüldü | AF8: 44421 | AG8: Görüşüldü | AH8: 44546 | AK8: Simge Tüçay | AL8: Mavi aslan | AM8: Mavi aslan | AN8: Serap Apaydın | AP8: Korcan Işık
A9: 6155e3833a59d98e3530dc6c | B9: 112 Pizza, Kepez (Kültür Mah.) | C9: =VLOOKUP(A9,import!A:C,3,0) -> DOĞRU | D9: Pizza | E9: =VLOOKUP(A9,import!A:J,5,0) -> 846 | F9: =VLOOKUP(A9,import!A:J,6,0) -> 110 | G9: =VLOOKUP(A9,import!A:J,7,0) -> 16 | H9: =VLOOKUP(A9,import!A:J,8,0) -> 58 | I9: =VLOOKUP(A9,import!A:J,9,0) -> 74 | J9: =VLOOKUP(A9,import!A:J,10,0) -> 0.22 | K9: FATİME ÖZER | L9: 2422269595 | M9: Kepez | N9: Kültür | O9: Kültür, Ulusoy Cd. 25/A, 07090 Bahtılı Köyü Köyü/Kepez/Antalya | P9: =VLOOKUP(A9,import!A:P,16,0) -> Geleneksel | R9: TRUE | S9: FALSE | T9: Randevu Alındı | W9: hatalı no / geçen haftya çekim oldu diyor | AA9: Ulaşılamadı | AB9: 44487 | AC9: Görüşüldü | AD9: 44491 | AK9: Sude Alkan | AL9: Betül Demir | AP9: Kutluhan Peker
A10: 6155e3123592bcc6f753a29a | B10: 112 Pizza, Muratpaşa (Mehmetçik Mah.) | C10: =VLOOKUP(A10,import!A:C,3,0) -> DOĞRU | D10: Pizza | E10: =VLOOKUP(A10,import!A:J,5,0) -> 207 | F10: =VLOOKUP(A10,import!A:J,6,0) -> 7 | G10: =VLOOKUP(A10,import!A:J,7,0) -> 15 | H10: =VLOOKUP(A10,import!A:J,8,0) -> 60 | I10: =VLOOKUP(A10,import!A:J,9,0) -> 75 | J10: =VLOOKUP(A10,import!A:J,10,0) -> 0.2 | K10: FATİME ÖZER | L10: 2422269595 | M10: Muratpaşa | N10: Mehmetçik | O10: Mehmetçik Mah. Termesos Bulv. No:23 Muratpaşa/ANTALYA | P10: =VLOOKUP(A10,import!A:P,16,0) -> Geleneksel | R10: TRUE | S10: FALSE | T10: Başka Şubeden Çekilecek | W10: pizza momo manias panelınde cekım yapmısız | AA10: Görüşüldü | AB10: 44483 | AK10: Tuğba Buyur | AP10: Aşur Can Acar
A11: 5fa43ee1b82e0eafcfc65e03 | B11: 1453 Çorbacı Edo (Kültür Mah.) | C11: =VLOOKUP(A11,import!A:C,3,0) -> YANLIŞ | D11: Köfte | E11: =VLOOKUP(A11,import!A:J,5,0) -> 911 | F11: =VLOOKUP(A11,import!A:J,6,0) | G11: =VLOOKUP(A11,import!A:J,7,0) -> 16 | H11: =VLOOKUP(A11,import!A:J,8,0) -> 14 | I11: =VLOOKUP(A11,import!A:J,9,0) -> 30 | J11: =VLOOKUP(A11,import!A:J,10,0) -> 0.53 | K11: Şeyma Demir | L11: 5384844336 | M11: Kepez | N11: Kültür | O11: Kültür Mah. 3821 Sk. Birlik Apt. No:36/32 | P11: =VLOOKUP(A11,import!A:P,16,0) -> Geleneksel | Q11: 26-35 | R11: TRUE | S11: FALSE | T11: Randevu Alındı | U11: Derya Tatlı | V11: Önder Örtel | W11: yetkili yok | X11: 44363 | Y11: 44365 | AA11: Görüşüldü | AB11: 44363 | AC11: Görüşüldü | AD11: 44516 | AK11: Derya Tatlı | AL11: Zeliha Özer | AP11: Kutluhan Peker
A12: 5fa4408eb3982c27aba0317f | B12: 1453 Köfteci Edo (Kültür Mah.) | C12: =VLOOKUP(A12,import!A:C,3,0) -> YANLIŞ | D12: Köfte | E12: =VLOOKUP(A12,import!A:J,5,0) -> 487 | F12: =VLOOKUP(A12,import!A:J,6,0) | G12: =VLOOKUP(A12,import!A:J,7,0) -> 8 | H12: =VLOOKUP(A12,import!A:J,8,0) -> 6 | I12: =VLOOKUP(A12,import!A:J,9,0) -> 14 | J12: =VLOOKUP(A12,import!A:J,10,0) -> 0.57 | K12: Şeyma Demir | L12: 5384844336 | M12: Kepez | N12: Kültür | O12: Kültür mah. 3844 sk. No:4/2 | P12: =VLOOKUP(A12,import!A:P,16,0) -> Geleneksel | Q12: 16-25 | R12: TRUE | S12: FALSE | T12: Randevu Alındı | U12: Derya Tatlı | V12: Önder Örtel | W12: yetkili yok | X12: 44363 | Y12: 44365 | AA12: Görüşüldü | AB12: 44516 | AK12: Zeliha Özer | AP12: Kutluhan Peker
A13: 6220b734e9fa38820650c4ff | B13: 1453 Köfteci Edo, Konyaaltı (Kuşkavağı Mah.) | C13: =VLOOKUP(A13,import!A:C,3,0) -> DOĞRU | D13: Köfte | E13: =VLOOKUP(A13,import!A:J,5,0) -> 5 | F13: =VLOOKUP(A13,import!A:J,6,0) -> 2 | G13: =VLOOKUP(A13,import!A:J,7,0) -> 0 | H13: =VLOOKUP(A13,import!A:J,8,0) -> 19 | I13: =VLOOKUP(A13,import!A:J,9,0) -> 19 | J13: =VLOOKUP(A13,import!A:J,10,0) -> 0 | K13: Şeyma Demir | L13: 5384844336 | M13: Konyaaltı | N13: Kuşkavağı | O13: Kuşkavağı Mah. 563 Sk. No 13 | P13: =VLOOKUP(A13,import!A:P,16,0) -> Geleneksel | R13: FALSE | S13: FALSE
A14: 5fb5377921cc6b7202d19053 | B14: 3070 Fit Mutfak (Şirinyalı Mah.) | C14: =VLOOKUP(A14,import!A:C,3,0) -> DOĞRU | D14: Ev Yemekleri | E14: =VLOOKUP(A14,import!A:J,5,0) -> 438 | F14: =VLOOKUP(A14,import!A:J,6,0) -> 23 | G14: =VLOOKUP(A14,import!A:J,7,0) -> 15 | H14: =VLOOKUP(A14,import!A:J,8,0) -> 26 | I14: =VLOOKUP(A14,import!A:J,9,0) -> 41 | J14: =VLOOKUP(A14,import!A:J,10,0) -> 0.37 | K14: AYTAÇ YÜRELİ | L14: 2429993767 | M14: Muratpaşa | N14: Şirinyalı | O14: Şirinyalı Mah. 1507 Sk. No:55/1 PK:07160 Lara Muratpaşa/Antalya | P14: =VLOOKUP(A14,import!A:P,16,0) -> Geleneksel | Q14: 35+ | R14: TRUE | S14: TRUE | W14: 05324757471:emre bey//antalya yetkilisiyle bu konuyla alakalı görüştük dha sonra onu planlıycaz dedi/MEŞGUL//açmadı //ö.s arayın lütfen dedi.//05324033028aytaç bey fotoğraflarının olduğunu söyledi mail adresi verildi fotoğrafları gönderim sağlayacak. | AA14: Ulaşılamadı | AB14: 44370 | AC14: Tekrar Aranacak | AD14: 44392 | AE14: Görüşüldü | AF14: 44412 | AK14: Hatice Özer | AL14: Gül Değirmenci | AM14: Deneme | AP14: Korcan Işık
A15: 5fbff3a10868bb759a19b68f | B15: 32 Kardelen Pide & Kebap (Ahatlı Mah.) | C15: =VLOOKUP(A15,import!A:C,3,0) -> DOĞRU | D15: Pide | E15: =VLOOKUP(A15,import!A:J,5,0) -> 3061 | F15: =VLOOKUP(A15,import!A:J,6,0) -> 249 | G15: =VLOOKUP(A15,import!A:J,7,0) -> 0 | H15: =VLOOKUP(A15,import!A:J,8,0) -> 37 | I15: =VLOOKUP(A15,import!A:J,9,0) -> 37 | J15: =VLOOKUP(A15,import!A:J,10,0) -> 0 | K15: Mehmet Bilgiç | L15: 2425020191 | M15: Kepez | N15: Kültür | O15: Ahatlı Mah. Ulusoy Cad. No:48 B | P15: =VLOOKUP(A15,import!A:P,16,0) -> Geleneksel | Q15: 26-35 | R15: TRUE | S15: TRUE | T15: Çekim İstemiyor | W15: kendisi çekip atacak telefon çekimi yapacakmış ürün çıkaramam maliyeti çok dedi 05356386674 - / açılış saati 11:00 / ürünleri çıktıkça gönderecek / öğle ara / ben şuan çekim istemiyorum dedi | AA15: Görüşüldü | AB15: 44442 | AC15: Görüşüldü | AD15: 44391 | AE15: Tekrar Aranacak | AF15: 44405 | AG15: Görüşüldü | AH15: 44503 | AI15: Görüşüldü | AJ15: 44545 | AK15: Ferhat Köksal | AL15: Hatem Soyaslan | AM15: Tutku Erdoğan | AN15: Betül Demir | AO15: Betül Demir | AP15: Kutluhan Peker
A16: 60eb620248bb3778d7b6c370 | B16: 3Tek Meze, Konyaaltı (Öğretmenevleri Mah.) | C16: =VLOOKUP(A16,import!A:C,3,0) -> YANLIŞ | D16: Dünya Mutfağı | E16: =VLOOKUP(A16,import!A:J,5,0) -> 230 | F16: =VLOOKUP(A16,import!A:J,6,0) | G16: =VLOOKUP(A16,import!A:J,7,0) -> 24 | H16: =VLOOKUP(A16,import!A:J,8,0) -> 6 | I16: =VLOOKUP(A16,import!A:J,9,0) -> 30 | J16: =VLOOKUP(A16,import!A:J,10,0) -> 0.8 | K16: Ayçin Say | L16: 2422303300 | M16: Konyaaltı | N16: Akkuyu | O16: Öğretmenevleri, Ata aprt, Anadolu Cd D:No:98 | P16: =VLOOKUP(A16,import!A:P,16,0) -> Geleneksel | R16: TRUE | S16: TRUE | T16: Randevu Alındı | U16: Adem Sezer | W16: yarın aranıp cuma gününe randevu alınacak//devam çekimi için alıcaz | X16: 44435 | Y16: 44438 | AA16: Görüşüldü | AB16: 44414 | AC16: Görüşüldü | AD16: 44429 | AE16: Görüşüldü | AF16: 44435 | AK16: Mavi aslan | AL16: Mertcan karaman | AM16: Adem Sezer | AP16: Kutluhan Peker
A17: 61de231b91e3f03a9b35c9bb | B17: 42 Konyalı Kardeşler Lezzet Diyarı, Kepez (Yeşilyurt Mah.) | C17: =VLOOKUP(A17,import!A:C,3,0) -> DOĞRU | D17: Pide | E17: =VLOOKUP(A17,import!A:J,5,0) -> 740 | F17: =VLOOKUP(A17,import!A:J,6,0) -> 102 | G17: =VLOOKUP(A17,import!A:J,7,0) -> 0 | H17: =VLOOKUP(A17,import!A:J,8,0) -> 37 | I17: =VLOOKUP(A17,import!A:J,9,0) -> 37 | J17: =VLOOKUP(A17,import!A:J,10,0) -> 0 | K17: AHMET CENGİZ | L17: 2422276757 | M17: Kepez | N17: Yeşilyurt | O17: Yeşilyurt Mah. 4340 Sk. No:3 | P17: =VLOOKUP(A17,import!A:P,16,0) -> Geleneksel | R17: TRUE | S17: TRUE | W17: fotağraflrı varmış mail atacak | AA17: Görüşüldü | AB17: 44587 | AK17: Betül Demir
A18: 60800082df4d78e747ed4bc3 | B18: 42 Konyalılar Etli Ekmek Dünyası, Manavgat (Aşağı Pazarcı Mah.) | C18: =VLOOKUP(A18,import!A:C,3,0) -> DOĞRU | D18: Pide | E18: =VLOOKUP(A18,import!A:J,5,0) -> 496 | F18: =VLOOKUP(A18,import!A:J,6,0) -> 27 | G18: =VLOOKUP(A18,import!A:J,7,0) -> 0 | H18: =VLOOKUP(A18,import!A:J,8,0) -> 43 | I18: =VLOOKUP(A18,import!A:J,9,0) -> 43 | J18: =VLOOKUP(A18,import!A:J,10,0) -> 0 | K18: HASAN KAŞ | L18: 5528020742 | M18: Manavgat | N18: A. Pazarcı | O18: A. Pazarcı Mah. Zübeyde Hanım Cad. No:12/B Manavgat/Antalya | P18: =VLOOKUP(A18,import!A:P,16,0) -> Geleneksel | R18: TRUE | S18: FALSE | T18: Çekim İstemiyor | W18: şuanlık hiç gerek yok der / yetkili yok 1 saat sonra aranacak | AA18: Görüşüldü | AB18: 44484 | AC18: Yetkili Yok | AD18: 44497 | AE18: Görüşüldü | AF18: 44503 | AK18: Hatem Soyaslan | AL18: Betül Demir | AM18: Betül Demir | AP18: Korcan Işık
A19: 5f9dd61e4f83057cc7f7bc32 | B19: 55 Samsun Pide (Liman Mah.) | C19: =VLOOKUP(A19,import!A:C,3,0) -> DOĞRU | D19: Pide | E19: =VLOOKUP(A19,import!A:J,5,0) -> 389 | F19: =VLOOKUP(A19,import!A:J,6,0) -> 8 | G19: =VLOOKUP(A19,import!A:J,7,0) -> 0 | H19: =VLOOKUP(A19,import!A:J,8,0) -> 21 | I19: =VLOOKUP(A19,import!A:J,9,0) -> 21 | J19: =VLOOKUP(A19,import!A:J,10,0) -> 0 | K19: Şehri Yıldırım | L19: 2422594217 | M19: Konyaaltı | N19: Liman | O19: Liman mah. Atatürk Bulv. Çınar Apt. No: 204 /B | P19: =VLOOKUP(A19,import!A:P,16,0) -> Geleneksel | Q19: 16-25 | R19: TRUE | S19: TRUE | W19: mail atacak.fotoğraflar için arandı müsait değillermiş. / haftaya fotoğraf işi ile ilgileneceğim dedi | AA19: Tekrar Aranacak | AB19: 44405 | AC19: Görüşüldü | AD19: 44582 | AK19: Betül Demir | AP19: Kutluhan Peker
A20: 5f50ebae3b7b0542315c9763 | B20: 55 Samsun Pide & Pizza, Güzeloba | C20: =VLOOKUP(A20,import!A:C,3,0) -> DOĞRU | D20: Pide | E20: =VLOOKUP(A20,import!A:J,5,0) -> 1735 | F20: =VLOOKUP(A20,import!A:J,6,0) -> 70 | G20: =VLOOKUP(A20,import!A:J,7,0) -> 12 | H20: =VLOOKUP(A20,import!A:J,8,0) -> 57 | I20: =VLOOKUP(A20,import!A:J,9,0) -> 69 | J20: =VLOOKUP(A20,import!A:J,10,0) -> 0.17 | K20: MEHMET KARAKUŞ | L20: 2423497353 | M20: Muratpaşa | N20: Güzeloba | O20: Güzeloba, Havaalanı Cd. No:38/D, 07230 Muratpaşa/Antalya | P20: =VLOOKUP(A20,import!A:P,16,0) -> Geleneksel | Q20: 35+ | R20: TRUE | S20: TRUE | W20: fotoğraf göndercek teyit için arandı fotografı varmış ama 10 tanesiin sadece onları yükleyecek sonrasında bi arayacagaız hala digerlerini yüklememişse yeni bi randevu oluşturcaz//Unutmuş fotografları tekrar mail verildi atacak.yarım saat sonra tekrar aranacak.fotoğraflar için arandı mail adresi verildi ben fotoğrafları bugün gönderirim dedi.-bır ıkı saate aranacak/yetkili yok dedirtti dönüş yapacakmış./ MAİL VERİLDİ / yetkili | AA20: Ulaşılamadı | AB20: 44385 | AC20: Tekrar Aranacak | AD20: 44386 | AE20: Tekrar Aranacak | AF20: 44389 | AG20: Görüşüldü | AH20: 44403 | AI20: Görüşüldü | AJ20: 44499 | AK20: Simge Tüçay | AL20: Eylem Ünal | AM20: Nurhayat Kabataş | AN20: Hatem Soyaslan | AO20: Betül Demir | AP20: Korcan Işık
A21: 6077fbc8574496e4d14b8889 | B21: 61 Hamsi Tava, Muratpaşa (12.Cadde) | C21: =VLOOKUP(A21,import!A:C,3,0) -> YANLIŞ | D21: Balık & Deniz Ürünleri | E21: =VLOOKUP(A21,import!A:J,5,0) -> 53 | F21: =VLOOKUP(A21,import!A:J,6,0) | G21: =VLOOKUP(A21,import!A:J,7,0) -> 0 | H21: =VLOOKUP(A21,import!A:J,8,0) -> 38 | I21: =VLOOKUP(A21,import!A:J,9,0) -> 38 | J21: =VLOOKUP(A21,import!A:J,10,0) -> 0 | K21: ALİ KARTAL | L21: 2422376161 | M21: Muratpaşa | N21: Meydankavağı | O21: Meydankavağı Mah. İsmail Cem Cad. No:56 Muratpaşa/ANTALYA | P21: =VLOOKUP(A21,import!A:P,16,0) -> Geleneksel | R21: TRUE | S21: TRUE | W21: 2 saat sonra tekrar arancak/açmadı//açmadı/no verildi fotoğraf kontrolü yapıp dönecekler/yarın müsait olurlarsa randevu için arayacaklar yoksa ertesi gün aranacak//mail verildi fotoğrafları.atacakyukarıdakiyle aynı ama frklıürünleri varmış orayı arayın dedi.fotoğraflar için arandı müsait değillermiş daha sonra tekrar aranacak.-12 gibi aranacak/ | AA21: Görüşüldü | AB21: 44356 | AC21: Görüşüldü | AD21: 44362 | AE21: Görüşüldü | AF21: 44389 | AG21: Tekrar Aranacak | AH21: 44405 | AI21: Yetkili Yok | AJ21: 44442 | AK21: Nazmiye Yuka | AL21: Simge Tüçay | AM21: Nurhayat Kabataş | AN21: Hatem Soyaslan | AO21: Ferhat Köksal | AP21: Korcan Işık
A22: 5fbe2833a9c8365e72adad31 | B22: 63 Ervan Urfa Sofrası (Pınarbaşı Mah.) | C22: =VLOOKUP(A22,import!A:C,3,0) -> DOĞRU | D22: Kebap | E22: =VLOOKUP(A22,import!A:J,5,0) -> 505 | F22: =VLOOKUP(A22,import!A:J,6,0) -> 3 | G22: =VLOOKUP(A22,import!A:J,7,0) -> 0 | H22: =VLOOKUP(A22,import!A:J,8,0) -> 33 | I22: =VLOOKUP(A22,import!A:J,9,0) -> 33 | J22: =VLOOKUP(A22,import!A:J,10,0) -> 0 | K22: Recep Çevik | L22: 2422286307 | M22: Konyaaltı | N22: Pınarbaşı | O22: Pınarbaşı Mah. Pınarbaşı Cad. No:10 | P22: =VLOOKUP(A22,import!A:P,16,0) -> Geleneksel | Q22: 26-35 | R22: TRUE | S22: TRUE | T22: Çekim İstemiyor | U22: Enes | V22: Kaan Soytürk | W22: tekrar randevu istemiyor/şuan sıkıntı olurmuş ürünleride çöpe atamam dedi / YETKİLİ / ürünler kışın pek olmuyor iki klaem çıkıyoer anca dedi kendisi yemeksepetinden alıp gönderecek | X22: 44271 | Y22: 44274 | AA22: Görüşüldü | AB22: 44363 | AC22: Ulaşılamadı | AD22: 44439 | AE22: Görüşüldü | AF22: 44508 | AG22: Görüşüldü | AH22: 44573 | AI22: Görüşüldü | AJ22: 44573 | AK22: Derya Tatlı | AL22: Ferhat Köksal | AM22: Betül Demir | AN22: Serap Apaydın | AP22: Kutluhan Peker
A23: 5f5f4128f2f31e3210c66429 | B23: 7 Köfte & Et, Muratpaşa (Şirinyalı Mah.) | C23: =VLOOKUP(A23,import!A:C,3,0) -> DOĞRU | D23: Kebap | E23: =VLOOKUP(A23,import!A:J,5,0) -> 5084 | F23: =VLOOKUP(A23,import!A:J,6,0) -> 259 | G23: =VLOOKUP(A23,import!A:J,7,0) -> 0 | H23: =VLOOKUP(A23,import!A:J,8,0) -> 98 | I23: =VLOOKUP(A23,import!A:J,9,0) -> 98 | J23: =VLOOKUP(A23,import!A:J,10,0) -> 0 | K23: ALİ ÖZTÜRK | L23: 2423160581 | M23: Muratpaşa | N23: Şirinyalı | O23: Şirinyalı, Kurt Apt, İsmet Gökşen Cd. 63/A, 07160 Muratpaşa/Antalya | P23: =VLOOKUP(A23,import!A:P,16,0) -> Geleneksel | Q23: 35+ | R23: TRUE | S23: TRUE | W23: 2 hafta sonra tekrar aranacak//mail atacak// RESİMLER HENÜZ ELİME ULAŞMADI RANDEVU DA ÇOK YOĞUNUM DİYE İSTEMİYOR BEN SİZE DÖNÜŞ SAĞLAYACAĞIM DEDİ.eylül 15 ten sonra arancak-2 saat sonra gelir dedi- vakit ayıramam dedi çekim istemiyor / fotoğraflar için yetkili gelince dönüş sağlayacak | AA23: Dönüş Yapacak | AB23: 44370 | AC23: Tekrar Aranacak | AD23: 44389 | AE23: Yetkili Yok | AF23: 44442 | AG23: Görüşüldü | AH23: 44469 | AI23: Dönüş Yapacak | AJ23: 44567 | AK23: Hatice Özer | AL23: Nurhayat Kabataş | AM23: Ferhat Köksal | AN23: Ferhat Köksal | AO23: Betül Demir | AP23: Korcan Işık
A24: 5f55e7921fcf335b6c81b7bb | B24: A + New Concept Pide (Çağlayan Mah.) | C24: =VLOOKUP(A24,import!A:C,3,0) -> DOĞRU | D24: Pide | E24: =VLOOKUP(A24,import!A:J,5,0) -> 633 | F24: =VLOOKUP(A24,import!A:J,6,0) -> 22 | G24: =VLOOKUP(A24,import!A:J,7,0) -> 0 | H24: =VLOOKUP(A24,import!A:J,8,0) -> 39 | I24: =VLOOKUP(A24,import!A:J,9,0) -> 39 | J24: =VLOOKUP(A24,import!A:J,10,0) -> 0 | K24: ABDULLAH KORAL DEMİRAL | L24: 2423230002 | M24: Muratpaşa | N24: Çağlayan | O24: Çağlayan Mah, Nazlı Apt, Bülent Ecevit Blv. D:No:123, 07230 Muratpaşa/Antalya | P24: =VLOOKUP(A24,import!A:P,16,0) -> Geleneksel | Q24: 35+ | R24: TRUE | S24: TRUE | W24: müsait değil daha sonra tekrar aranacak.//açmadı//yetk yok ama biz öyle bir şey düşünmüyoruz dedi / MAİLE ATACAK | AA24: Görüşüldü | AB24: 44391 | AC24: Görüşüldü | AD24: 44393 | AE24: Tekrar Aranacak | AF24: 44405 | AG24: Yetkili Yok | AH24: 44411 | AI24: Görüşüldü | AJ24: 44499 | AK24: Gül Değirmenci | AL24: Mavi Arslan | AM24: Hatem Soyaslan | AN24: Edanur Türkkan | AO24: Betül Demir | AP24: Korcan Işık
A25: 5f4f4d1e0f8c874fbdfd8514 | B25: A + New Concept Pide, Muratpaşa (Güzeloba Mah.) | C25: =VLOOKUP(A25,import!A:C,3,0) -> DOĞRU | D25: Pide | E25: =VLOOKUP(A25,import!A:J,5,0) -> 332 | F25: =VLOOKUP(A25,import!A:J,6,0) -> 8 | G25: =VLOOKUP(A25,import!A:J,7,0) -> 0 | H25: =VLOOKUP(A25,import!A:J,8,0) -> 30 | I25: =VLOOKUP(A25,import!A:J,9,0) -> 30 | J25: =VLOOKUP(A25,import!A:J,10,0) -> 0 | K25: ABDULLAH KORAL DEMİRAL | L25: 2423230002 | M25: Muratpaşa | N25: Güzeloba | O25: Güzeloba Mah. 2114 Sok. No:6/A Muratpaşa/Antalya | P25: =VLOOKUP(A25,import!A:P,16,0) -> Geleneksel | Q25: 35+ | R25: TRUE | S25: TRUE | W25: açıyor ama ses gelmiyor//AÇMADI / yetkili yok daha sonra arancak.numara meşgul. / MAİLE ATACAK | AA25: Ulaşılamadı | AB25: 44370 | AC25: Yetkili Yok | AD25: 44391 | AE25: Tekrar Aranacak | AF25: 44392 | AG25: Tekrar Aranacak | AH25: 44403 | AI25: Ulaşılamadı | AJ25: 44405 | AK25: Hatice Özer | AL25: Hatem Soyaslan | AM25: Nurhayat Kabataş | AN25: Hatem Soyaslan | AO25: Hatem Soyaslan | AP25: Korcan Işık
A26: 615c15ebdd546e2c61e709ff | B26: A la Dantel Köfteli Lezzetler (Fener Mah.) | C26: =VLOOKUP(A26,import!A:C,3,0) -> DOĞRU | D26: Köfte | E26: =VLOOKUP(A26,import!A:J,5,0) -> 66 | F26: =VLOOKUP(A26,import!A:J,6,0) -> 4 | G26: =VLOOKUP(A26,import!A:J,7,0) -> 23 | H26: =VLOOKUP(A26,import!A:J,8,0) -> 6 | I26: =VLOOKUP(A26,import!A:J,9,0) -> 29 | J26: =VLOOKUP(A26,import!A:J,10,0) -> 0.79 | K26: DİDEM TANRIKULU | L26: 2429990170 | M26: Muratpaşa | N26: Fener | O26: FENER MAH. BÜLENT ECEVİT BLV ALTAY APT. NO: 13/A | P26: =VLOOKUP(A26,import!A:P,16,0) -> Geleneksel | R26: TRUE | S26: TRUE | W26: MAİL VERILDİ - çalmıyor telefon | AA26: Görüşüldü | AB26: 44487 | AC26: Ulaşılamadı | AD26: 44495 | AK26: Selcan Topçu | AL26: Ferhat Köksal | AP26: Korcan Işık
A27: 60fe55409d8c89474ec87e9f | B27: A La Vita Burger, Muratpaşa (Fener Mah.) | C27: =VLOOKUP(A27,import!A:C,3,0) -> DOĞRU | D27: Burger | E27: =VLOOKUP(A27,import!A:J,5,0) -> 173 | F27: =VLOOKUP(A27,import!A:J,6,0) -> 7 | G27: =VLOOKUP(A27,import!A:J,7,0) -> 0 | H27: =VLOOKUP(A27,import!A:J,8,0) -> 12 | I27: =VLOOKUP(A27,import!A:J,9,0) -> 12 | J27: =VLOOKUP(A27,import!A:J,10,0) -> 0 | K27: GÜLAY EREN TOYRAN | L27: 5453245550 | M27: Muratpaşa | N27: Çağlayan | O27: Fener Mah. Fener Cad. Lal Sitesi A Blok 45 A/A Muratpaşa/Antalya | P27: =VLOOKUP(A27,import!A:P,16,0) -> Geleneksel | R27: TRUE | S27: FALSE | T27: BlackList | W27: suratıma kapatıyor// terbiyesiz | AA27: Görüşüldü | AB27: 44417 | AK27: Hatem Soyaslan | AP27: Korcan Işık
A28: 5fa2ffcb3c0fb55fae0659b9 | B28: A La Vita Pizza, Fener | C28: =VLOOKUP(A28,import!A:C,3,0) -> DOĞRU | D28: Pizza | E28: =VLOOKUP(A28,import!A:J,5,0) -> 336 | F28: =VLOOKUP(A28,import!A:J,6,0) -> 24 | G28: =VLOOKUP(A28,import!A:J,7,0) -> 0 | H28: =VLOOKUP(A28,import!A:J,8,0) -> 37 | I28: =VLOOKUP(A28,import!A:J,9,0) -> 37 | J28: =VLOOKUP(A28,import!A:J,10,0) -> 0 | K28: GÜLAY EREN TOYRAN | L28: 5453245550 | M28: Muratpaşa | N28: Çağlayan | O28: Fener Mah. Fener Cad. Lal Sitesi A Blok 45 A/A Muratpaşa/Antalya | P28: =VLOOKUP(A28,import!A:P,16,0) -> Geleneksel | Q28: 35+ | R28: TRUE | S28: FALSE | T28: BlackList | W28: terbiyesizce tersliyo/tersliyor hemen | AA28: Ulaşılamadı | AB28: 44356 | AC28: Görüşüldü | AD28: 44383 | AE28: Görüşüldü | AF28: 44414 | AK28: Nazmiye Yuka | AL28: Nurhayat Kabataş | AM28: Tuğba Buyur | AP28: Korcan Işık
A29: 619505c41370ebac2143190f | B29: A Little Cook & Coffee (Fener Mah.) | C29: =VLOOKUP(A29,import!A:C,3,0) -> DOĞRU | D29: Dünya Mutfağı | E29: =VLOOKUP(A29,import!A:J,5,0) -> 23 | F29: =VLOOKUP(A29,import!A:J,6,0) | G29: =VLOOKUP(A29,import!A:J,7,0) -> 0 | H29: =VLOOKUP(A29,import!A:J,8,0) -> 18 | I29: =VLOOKUP(A29,import!A:J,9,0) -> 18 | J29: =VLOOKUP(A29,import!A:J,10,0) -> 0 | K29: SEDA URAL | L29: 5332478286 | M29: Muratpaşa | N29: Fener | O29: Fener mahallesi.Bülent ecevit bulvarı.No:1937 sokak.No:47/B Muratpaşa/Antalya | P29: =VLOOKUP(A29,import!A:P,16,0) -> Geleneksel | R29: TRUE | S29: FALSE | T29: Tadilat Var | W29: cevapsız/tadılat var kapalı suan | AA29: Ulaşılamadı | AB29: 44533 | AC29: Ulaşılamadı | AD29: 44537 | AE29: Ulaşılamadı | AF29: 44544 | AG29: Görüşüldü | AH29: 44618 | AK29: Ayşegül Kır | AL29: Sude Alkan | AM29: Ayşegül Kır | AN29: Selcan Topçu | AP29: Korcan Işık
A30: 603385f4fbe5053573aa8079 | B30: Abaküs Cafe & Food, Kepez (Kültür Mah.) | C30: =VLOOKUP(A30,import!A:C,3,0) -> DOĞRU | D30: Tost & Sandviç | E30: =VLOOKUP(A30,import!A:J,5,0) -> 4541 | F30: =VLOOKUP(A30,import!A:J,6,0) -> 52 | G30: =VLOOKUP(A30,import!A:J,7,0) -> 11 | H30: =VLOOKUP(A30,import!A:J,8,0) -> 76 | I30: =VLOOKUP(A30,import!A:J,9,0) -> 87 | J30: =VLOOKUP(A30,import!A:J,10,0) -> 0.13 | K30: GİZEM AVŞAR | L30: 5348129499 | M30: Kepez | N30: Kültür | O30: Kültür Mah. 3816 Sk. No:20/A Kepez/Antalya | P30: =VLOOKUP(A30,import!A:P,16,0) -> Geleneksel | Q30: 26-35 | R30: TRUE | S30: FALSE | T30: Randevu Alındı | U30: Derya Tatlı | V30: Önder Örtel | W30: devam çekimi için müsait değillermiş | X30: 44371 | Y30: 44376 | AA30: Ulaşılamadı | AB30: 44361 | AC30: Görüşüldü | AD30: 44371 | AE30: Tekrar Aranacak | AF30: 44405 | AG30: Ulaşılamadı | AH30: 44439 | AI30: Görüşüldü | AJ30: 44484 | AK30: Nazmiye Yuka | AL30: Derya Tatlı | AM30: Tutku Erdoğan | AN30: Ferhat Köksal | AO30: Ayşegül Kır | AP30: Kutluhan Peker
A31: 602bbbb87b6e5c92a2783860 | B31: Abalı Tavuk & Kebap & Kokoreç, Kepez (Avni Tolunay Mah.) | C31: =VLOOKUP(A31,import!A:C,3,0) -> DOĞRU | D31: Döner | E31: =VLOOKUP(A31,import!A:J,5,0) -> 210 | F31: =VLOOKUP(A31,import!A:J,6,0) -> 8 | G31: =VLOOKUP(A31,import!A:J,7,0) -> 0 | H31: =VLOOKUP(A31,import!A:J,8,0) -> 59 | I31: =VLOOKUP(A31,import!A:J,9,0) -> 59 | J31: =VLOOKUP(A31,import!A:J,10,0) -> 0 | K31: Özgür Kahraman | L31: 2422270902 | M31: Kepez | N31: Avni Tolunay | O31: Avni Tolunay, Mahallesi, Hürriyet Cd. No:402 | P31: =VLOOKUP(A31,import!A:P,16,0) -> Geleneksel | Q31: 35+ | R31: TRUE | S31: FALSE | T31: Randevu Alındı | U31: Emre Dalgıç | V31: Engin Akyurt | W31: TEYİT İÇİN ARANDI ÇEKİM hakkında bilgi alamdım öfkeliydi-fotografların hepsi çekildi | X31: 44291 | Y31: 44293 | AA31: Görüşüldü | AB31: 44227 | AC31: Ulaşılamadı | AD31: 44574 | AK31: Ferhat Köksal | AL31: Betül Demir | AP31: Aşur Can Acar
A32: 6149c34e8cfa1e4c2d0364fd | B32: Abim Restaurant, Muratpaşa (Dutlubahçe Mah.) | C32: =VLOOKUP(A32,import!A:C,3,0) -> DOĞRU | D32: Kebap | E32: =VLOOKUP(A32,import!A:J,5,0) -> 509 | F32: =VLOOKUP(A32,import!A:J,6,0) -> 55 | G32: =VLOOKUP(A32,import!A:J,7,0) -> 13 | H32: =VLOOKUP(A32,import!A:J,8,0) -> 15 | I32: =VLOOKUP(A32,import!A:J,9,0) -> 28 | J32: =VLOOKUP(A32,import!A:J,10,0) -> 0.46 | K32: İBRAHİM HALİL ÇETİN | L32: 2423465353 | M32: Muratpaşa | N32: Dutlubahçe | O32: Dutlubahçe Mah. 761 sk. No:7 Muratpaşa/ANTALYA | P32: =VLOOKUP(A32,import!A:P,16,0) -> Geleneksel | R32: TRUE | S32: FALSE | T32: Randevu Alındı | U32: Betül Demir | V32: Ahmet Balcı | W32: kendileri dönüş yapacaklar daHA ÖNCE RANDEVU OLUSTURULMUS ÇEKİM GERÇEKLEŞMEMİS FOTOGRAFCININ NUMARASI DA VARMIS | X32: 44491 | Y32: 44552 | AA32: Görüşüldü | AB32: 44469 | AC32: Görüşüldü | AD32: 44491 | AE32: Görüşüldü | AF32: 44511 | AG32: Dönüş Yapacak | AH32: 44512 | AK32: Ferhat Köksal | AL32: Betül Demir | AM32: Kübra Toprak | AN32: Kübra Toprak | AP32: Aşur Can Acar
A33: 605888cd3abb06da3733c8e9 | B33: Abla Gözleme & Tost, Muratpaşa (Varlık Mah.) | C33: =VLOOKUP(A33,import!A:C,3,0) -> DOĞRU | D33: Tost & Sandviç | E33: =VLOOKUP(A33,import!A:J,5,0) -> 1236 | F33: =VLOOKUP(A33,import!A:J,6,0) -> 87 | G33: =VLOOKUP(A33,import!A:J,7,0) -> 13 | H33: =VLOOKUP(A33,import!A:J,8,0) -> 27 | I33: =VLOOKUP(A33,import!A:J,9,0) -> 40 | J33: =VLOOKUP(A33,import!A:J,10,0) -> 0.33 | K33: KÜBRA ARAZ | L33: 5374311280 | M33: Muratpaşa | N33: Varlık | O33: Varlık Mah. 100. Yıl Blv. No:91 Muratpaşa/Antalya | P33: =VLOOKUP(A33,import!A:P,16,0) -> Geleneksel | R33: TRUE | S33: FALSE | T33: Randevu Alındı | U33: Şura Özcan | V33: Ahmet Can Mülayim | W33: adres değişikliği not alındı//tüm ürünler çekilmiş | X33: 44291 | Y33: 44293 | AP33: Korcan Işık
A34: 5f5f3ad04686128c2ac969ef | B34: Abooby Food & Drink, Muratpaşa (Sinan Mah.) | C34: =VLOOKUP(A34,import!A:C,3,0) -> DOĞRU | D34: Burger | E34: =VLOOKUP(A34,import!A:J,5,0) -> 2871 | F34: =VLOOKUP(A34,import!A:J,6,0) -> 100 | G34: =VLOOKUP(A34,import!A:J,7,0) -> 1 | H34: =VLOOKUP(A34,import!A:J,8,0) -> 29 | I34: =VLOOKUP(A34,import!A:J,9,0) -> 30 | J34: =VLOOKUP(A34,import!A:J,10,0) -> 0.03 | K34: BAHADIR ÜNAL | L34: 5528113272 | M34: Muratpaşa | N34: Haşimişcan | O34: Sinan Mah. 1255 Sk. Avcıoğlu İşhanı No:3/D Muratpaşa/Antalya | P34: =VLOOKUP(A34,import!A:P,16,0) -> Geleneksel | Q34: 16-25 | R34: TRUE | S34: FALSE | T34: İleride Randevu Alınacak | W34: fotoğrafların paylaşılmayacağı için istemedi kendim çekip yollarım dedi//telefon kapalı//hala kapalı/ antalyada hava durumu yağışlı olduğu için randevu alınamadı yağış olmadığı gün tekrar alınacak | AA34: Ulaşılamadı | AB34: 44356 | AC34: Ulaşılamadı | AD34: 44377 | AE34: Ulaşılamadı | AF34: 44386 | AG34: Ulaşılamadı | AH34: 44389 | AI34: Tekrar Aranacak | AJ34: 44571 | AK34: Nazmiye Yuka | AL34: Nazmiye Yuka | AM34: Eylem Ünal | AN34: Nurhayat Kabataş | AO34: Hatem Soyaslan | AP34: Korcan Işık
A35: 5fc8b6f396d4c483f6cb3ea9 | B35: Abra Kebap & Fast Food (Ahatlı Mah.) | C35: =VLOOKUP(A35,import!A:C,3,0) -> DOĞRU | D35: Kebap | E35: =VLOOKUP(A35,import!A:J,5,0) -> 276 | F35: =VLOOKUP(A35,import!A:J,6,0) -> 3 | G35: =VLOOKUP(A35,import!A:J,7,0) -> 0 | H35: =VLOOKUP(A35,import!A:J,8,0) -> 16 | I35: =VLOOKUP(A35,import!A:J,9,0) -> 16 | J35: =VLOOKUP(A35,import!A:J,10,0) -> 0 | K35: Murat Öziç | L35: 5395546272 | M35: Kepez | N35: Ahatlı | O35: Ahatlı Mah. Ulıusoy Cad. Ptt No:36/C Kepez/Antalya | P35: =VLOOKUP(A35,import!A:P,16,0) -> Geleneksel | Q35: 26-35 | R35: TRUE | S35: FALSE | T35: Başka Şubeden Çekilecek | U35: Serap Apaydın | V35: Ahmet Balcı | W35: Yetkili yarım saate gelir/yetkili şuan yok//10dk sonra aranacak//ulaşılmıyor//yetkili yok pakete gitti 10 dkya gelir dediler// numara servis dışı/no geçiciolark kapalı //açmadı / açılış saati 17:00 | X35: 44533 | Y35: 44536 | AA35: Ulaşılamadı | AB35: 44348 | AC35: Ulaşılamadı | AD35: 44362 | AE35: Ulaşılamadı | AF35: 44405 | AG35: Ulaşılamadı | AH35: 44411 | AI35: Görüşüldü | AJ35: 44533 | AK35: Derya Tatlı | AL35: Nazmiye Yuka | AM35: Tutku Erdoğan | AN35: Ravza Eğilmez | AO35: Serap Apaydın | AP35: Kutluhan Peker
A36: 5fd71eaa2d7fe332e563af53 | B36: Abu Sivas Pide & Köfte, Muratpaşa (Güzeloba Mah.) | C36: =VLOOKUP(A36,import!A:C,3,0) -> DOĞRU | D36: Pide | E36: =VLOOKUP(A36,import!A:J,5,0) -> 68 | F36: =VLOOKUP(A36,import!A:J,6,0) | G36: =VLOOKUP(A36,import!A:J,7,0) -> 0 | H36: =VLOOKUP(A36,import!A:J,8,0) -> 29 | I36: =VLOOKUP(A36,import!A:J,9,0) -> 29 | J36: =VLOOKUP(A36,import!A:J,10,0) -> 0 | K36: FEYRUZ KAYA | L36: 2423490758 | M36: Muratpaşa | N36: Güzeloba | O36: Güzeloba Mah. 2253 Sk. No:11/A Muratpaşa/Antalya | P36: =VLOOKUP(A36,import!A:P,16,0) -> Geleneksel | Q36: 26-35 | R36: TRUE | S36: FALSE | T36: Sistemden Çıkmak İstiyor | W36: feyruz beyin ortağıyla konuştum serkan bey o öğleden sonra gelecek o zaman ara/getirle problemleri varmış eğer hallorusa düşünecek/getir yemeği aktif kullanmıyolarmış2 saat sonra gelirmiş feyruz bey // feyruz beyin olmadığı söylendi.feyruz bey cok gelmezmiş. ö.s aransın ortagı ile görüşülsün sorunlar ögrenilsin genel merkeze iletilsin. / GETİRİ KULLANMIYORMUŞ | AA36: Görüşüldü | AB36: 44356 | AC36: Tekrar Aranacak | AD36: 44389 | AE36: Ulaşılamadı | AF36: 44391 | AG36: Görüşüldü | AH36: 44392 | AI36: Görüşüldü | AJ36: 44491 | AK36: Nazmiye Yuka | AL36: Nurhayat Kabataş | AM36: Hatem Soyaslan | AN36: Nurhayat Kabataş | AO36: Betül Demir | AP36: Korcan Işık
A37: 5fbb907a34703f31dac198c4 | B37: Acı Tantuni (Sinan Mah.) | C37: =VLOOKUP(A37,import!A:C,3,0) -> DOĞRU | D37: Sokak Lezzetleri | E37: =VLOOKUP(A37,import!A:J,5,0) -> 1511 | F37: =VLOOKUP(A37,import!A:J,6,0) -> 39 | G37: =VLOOKUP(A37,import!A:J,7,0) -> 7 | H37: =VLOOKUP(A37,import!A:J,8,0) -> 3 | I37: =VLOOKUP(A37,import!A:J,9,0) -> 10 | J37: =VLOOKUP(A37,import!A:J,10,0) -> 0.7 | K37: MURAT ACI | L37: 2422447464 | M37: Muratpaşa | N37: Sinan | O37: Sinan Mah. 1251 Sk. Atatürk Cad. No:4 Muratpaşa/Antalya | P37: =VLOOKUP(A37,import!A:P,16,0) -> Geleneksel | Q37: 0-15 | R37: TRUE | S37: FALSE | T37: Randevu Alındı | U37: Hatem Soyaslan | V37: Ahmet Can Mülayim | W37: teyit için arandı çekim gerçekleşti | X37: 44343 | Y37: 44347 | AP37: Korcan Işık
A38: 603bb54f7c87b48dacaffb51 | B38: Acıktım Izgara, Kaş (Kalkan Mah.) | C38: =VLOOKUP(A38,import!A:C,3,0) -> DOĞRU | D38: Kahvaltı | E38: =VLOOKUP(A38,import!A:J,5,0) -> 284 | F38: =VLOOKUP(A38,import!A:J,6,0) -> 7 | G38: =VLOOKUP(A38,import!A:J,7,0) -> 0 | H38: =VLOOKUP(A38,import!A:J,8,0) -> 85 | I38: =VLOOKUP(A38,import!A:J,9,0) -> 85 | J38: =VLOOKUP(A38,import!A:J,10,0) -> 0 | K38: MEHMET KÜÇÜKKAYA | L38: 2428442796 | M38: Kaş | N38: Kalkan | O38: Akasya sokak no:5 Kalkan mah/Kaş/Antalya | P38: =VLOOKUP(A38,import!A:P,16,0) -> Geleneksel | Q38: 35+ | R38: FALSE | S38: FALSE | AP38: Kutluhan Peker
A39: 5f5f4252356069484db33453 | B39: Acıktım Sivas Pide & Köfte, Muratpaşa (Şirinyalı Mah.) | C39: =VLOOKUP(A39,import!A:C,3,0) -> DOĞRU | D39: Pide | E39: =VLOOKUP(A39,import!A:J,5,0) -> 530 | F39: =VLOOKUP(A39,import!A:J,6,0) -> 15 | G39: =VLOOKUP(A39,import!A:J,7,0) -> 29 | H39: =VLOOKUP(A39,import!A:J,8,0) -> 9 | I39: =VLOOKUP(A39,import!A:J,9,0) -> 38 | J39: =VLOOKUP(A39,import!A:J,10,0) -> 0.76 | K39: ERDAL BULUT | L39: 2423170758 | M39: Muratpaşa | N39: Şirinyalı | O39: Şirinyalı mah. 1523 sk. Durhan apt. 10/A ANTALYA, 07180 Muratpaşa/Antalya | P39: =VLOOKUP(A39,import!A:P,16,0) -> Geleneksel | Q39: 35+ | R39: TRUE | S39: FALSE | T39: Randevu Alındı | U39: Hatem Soyaslan | V39: Ahmet Balcı | W39: 5523100758 | X39: 44496 | Y39: 44497 | AA39: Görüşüldü | AB39: 44349 | AC39: Yetkili Yok | AD39: 44356 | AE39: Görüşüldü | AF39: 44383 | AG39: Görüşüldü | AH39: 44496 | AI39: Görüşüldü | AJ39: 44424 | AK39: Derya Tatlı | AL39: Nazmiye Yuka | AM39: Nurhayat Kabataş | AN39: Hatem Soyaslan | AO39: Ravza Eğilmez | AP39: Korcan Işık
A40: 604bbd2d34b8b44b700952e0 | B40: Acıktım, Kepez (Altınova Sinan Mah.) | C40: =VLOOKUP(A40,import!A:C,3,0) -> YANLIŞ | D40: Tost & Sandviç | E40: =VLOOKUP(A40,import!A:J,5,0) -> 18 | F40: =VLOOKUP(A40,import!A:J,6,0) | G40: =VLOOKUP(A40,import!A:J,7,0) -> 0 | H40: =VLOOKUP(A40,import!A:J,8,0) -> 40 | I40: =VLOOKUP(A40,import!A:J,9,0) -> 40 | J40: =VLOOKUP(A40,import!A:J,10,0) -> 0 | K40: İBRAHİM ÜSTÜNCÜ | L40: 5396177421 | M40: Kepez | N40: Altınova Orta | O40: Altınova Sinan Mah. Yunus Emre sk. No:34 Kepez/ANTALYA | P40: =VLOOKUP(A40,import!A:P,16,0) -> Geleneksel | R40: TRUE | S40: FALSE | T40: İleride Randevu Alınacak | W40: 2 haftaya arama sağlansın menü güncellemesi yapacak ekle-çıkart yapmam gerek der/henüz sonlanmamış | AA40: Tekrar Aranacak | AB40: 44638 | AC40: Görüşüldü | AD40: 44648 | AK40: Hatem Soyaslan | AL40: Zeliha Özer
A41: 60eb4e0ea74bb53d33b7d5de | B41: Acılı Tantuni, Konyaaltı (Altınkum Mah.) | C41: =VLOOKUP(A41,import!A:C,3,0) -> DOĞRU | D41: Sokak Lezzetleri | E41: =VLOOKUP(A41,import!A:J,5,0) -> 267 | F41: =VLOOKUP(A41,import!A:J,6,0) -> 4 | G41: =VLOOKUP(A41,import!A:J,7,0) -> 13 | H41: =VLOOKUP(A41,import!A:J,8,0) -> 4 | I41: =VLOOKUP(A41,import!A:J,9,0) -> 17 | J41: =VLOOKUP(A41,import!A:J,10,0) -> 0.76 | K41: Mert Can Ceylan | L41: 2422291234 | M41: Konyaaltı | N41: Altınkum | O41: Altınkum Mah. 448 Sk. No: 1/B | P41: =VLOOKUP(A41,import!A:P,16,0) -> Geleneksel | R41: TRUE | S41: FALSE | T41: Randevu Alındı | U41: Ayşegül Kır | V41: Önder Örtel | W41: Bülent Bey | X41: 44533 | Y41: 44538 | AA41: Yetkili Yok | AB41: 44414 | AC41: Ulaşılamadı | AD41: 44420 | AE41: Ulaşılamadı | AF41: 44438 | AG41: Dönüş Yapacak | AH41: 44481 | AI41: Görüşüldü | AJ41: 44533 | AK41: Mavi aslan | AL41: Mavi aslan | AM41: Ferhat Köksal | AN41: Selcan Topçu | AO41: Ayşegül Kır | AP41: Kutluhan Peker
A42: 622f0a4c6bd69b286ee40096 | B42: Acılım Çiğ Köfte, Kumluca (Eskicami Mah.) | C42: =VLOOKUP(A42,import!A:C,3,0) -> DOĞRU | D42: Çiğ Köfte | E42: =VLOOKUP(A42,import!A:J,5,0) -> 26 | F42: =VLOOKUP(A42,import!A:J,6,0) -> 5 | G42: =VLOOKUP(A42,import!A:J,7,0) -> 0 | H42: =VLOOKUP(A42,import!A:J,8,0) -> 7 | I42: =VLOOKUP(A42,import!A:J,9,0) -> 7 | J42: =VLOOKUP(A42,import!A:J,10,0) -> 0 | K42: HÜSEYİN TUNÇ | L42: 5510095999 | M42: Kumluca | N42: Eskicami | O42: Eski Cami Mah. Kavaklı Kuyu Cad. Erkanlar Apt. No:43 İç Kapı No:21 Kumluca/ANTALYA | P42: =VLOOKUP(A42,import!A:P,16,0) -> Geleneksel | R42: FALSE | S42: FALSE
A43: 61224987432dcbce6fb89b08 | B43: Acil Kahvaltı, Konyaaltı (Gürsu Mah.) | C43: =VLOOKUP(A43,import!A:C,3,0) -> DOĞRU | D43: Tost & Sandviç | E43: =VLOOKUP(A43,import!A:J,5,0) -> 71 | F43: =VLOOKUP(A43,import!A:J,6,0) -> 2 | G43: =VLOOKUP(A43,import!A:J,7,0) -> 0 | H43: =VLOOKUP(A43,import!A:J,8,0) -> 61 | I43: =VLOOKUP(A43,import!A:J,9,0) -> 61 | J43: =VLOOKUP(A43,import!A:J,10,0) -> 0 | K43: Mehmet Ören | L43: 5462280710 | M43: Konyaaltı | N43: Gürsu | O43: Gürsu Mah. 349 Sk. Papatya Apt. No 5 | P43: =VLOOKUP(A43,import!A:P,16,0) -> Geleneksel | R43: TRUE | S43: FALSE | T43: Çekim İstemiyor | W43: 7 de gelir kendisi o yüzden no verildi Gökhan Beye no verildi dönüş yapacak/ 5.30 6 gibi hep bereaber olacaklarmış kendisi arayacak/önumuzdekı hafta cuma arayın / yoğunluğum var dedi ustam yok güzel çekim sağlanmaz dedi istemiyorum dedi/ yetkili yok ne zöm geleceği de belli değilmiş | AA43: Ulaşılamadı | AB43: 44438 | AC43: Ulaşılamadı | AD43: 44438 | AE43: Dönüş Yapacak | AF43: 44481 | AG43: Tekrar Aranacak | AH43: 44497 | AI43: Yetkili Yok | AJ43: 44592 | AK43: Sezer Arslan | AL43: Ferhat Köksal | AM43: Ayşegül Kır | AN43: Selcan Topçu | AO43: Betül Demir | AP43: Kutluhan Peker
A44: 5feb1b41ad8a3824982594f5 | B44: Acil Lahmacun & Pide & Kebap (Yeşilyurt Mah.) | C44: =VLOOKUP(A44,import!A:C,3,0) -> DOĞRU | D44: Pide | E44: =VLOOKUP(A44,import!A:J,5,0) -> 2413 | F44: =VLOOKUP(A44,import!A:J,6,0) -> 124 | G44: =VLOOKUP(A44,import!A:J,7,0) -> 5 | H44: =VLOOKUP(A44,import!A:J,8,0) -> 31 | I44: =VLOOKUP(A44,import!A:J,9,0) -> 36 | J44: =VLOOKUP(A44,import!A:J,10,0) -> 0.14 | K44: Osman Deniz | L44: 5455995841 | M44: Kepez | N44: Yeşilyurt | O44: Yeşilyurt Mah. 4340 Sk. No 2 | P44: =VLOOKUP(A44,import!A:P,16,0) -> Geleneksel | Q44: 26-35 | R44: TRUE | S44: FALSE | T44: Randevu Alındı | U44: Şura Özcan | V44: Ahmet Can Mülayim | W44: teyit için arandı çekim gerçekleşti devam çekimi için müsait olunca hatem hanıma dönü sağlayacak//daha sonra | X44: 44285 | Y44: 44287 | AA44: Dönüş Yapacak | AB44: 44405 | AC44: Görüşüldü | AD44: 44429 | AK44: Tutku Erdoğan | AL44: Deneme | AP44: Kutluhan Peker
A45: 5fafe969f3746f9db8bd8511 | B45: Acity Chicken (Kültür Mah.) | C45: =VLOOKUP(A45,import!A:C,3,0) -> DOĞRU | D45: Tavuk | E45: =VLOOKUP(A45,import!A:J,5,0) -> 232 | F45: =VLOOKUP(A45,import!A:J,6,0) | G45: =VLOOKUP(A45,import!A:J,7,0) -> 7 | H45: =VLOOKUP(A45,import!A:J,8,0) -> 9 | I45: =VLOOKUP(A45,import!A:J,9,0) -> 16 | J45: =VLOOKUP(A45,import!A:J,10,0) -> 0.44 | K45: TURAN TOKLU | L45: 2422269595 | M45: Kepez | N45: Ahatlı | O45: Kültür, Ulusoy Cd. 25/A, 07090 Bahtılı Köyü Köyü/Kepez/Antalya | P45: =VLOOKUP(A45,import!A:P,16,0) -> Geleneksel | Q45: 16-25 | R45: TRUE | S45: FALSE | T45: Başka Şubeden Çekilecek | W45: çekim muratpaşa subede yapılacak.. | AA45: Görüşüldü | AB45: 44463 | AK45: Gül Değirmenci | AP45: Kutluhan Peker
A46: 608bb8da588eb08d2a4bcd17 | B46: Acity Chicken, Muratpaşa (Mehmetçik Mah.) | C46: =VLOOKUP(A46,import!A:C,3,0) -> DOĞRU | D46: Tavuk | E46: =VLOOKUP(A46,import!A:J,5,0) -> 55 | F46: =VLOOKUP(A46,import!A:J,6,0) | G46: =VLOOKUP(A46,import!A:J,7,0) -> 7 | H46: =VLOOKUP(A46,import!A:J,8,0) -> 13 | I46: =VLOOKUP(A46,import!A:J,9,0) -> 20 | J46: =VLOOKUP(A46,import!A:J,10,0) -> 0.35 | K46: TURAN TOKLU | L46: 2422269595 | M46: Muratpaşa | N46: Doğuyaka | O46: Mehmetçik Mah. Termessos Bulv. No:19/A Muratpaşa/Antalya | P46: =VLOOKUP(A46,import!A:P,16,0) -> Geleneksel | R46: TRUE | S46: FALSE | T46: Randevu İptal | U46: Selcan Topçu | V46: Önder Örtel | W46: 5336548085 daha önce randevusu alınmış ama gidilmemiş randevu için arandı tekrar verdiği adres gidilen yerle uyuşmadığı için randevu oluşturulamadı sinirlendi kapattı/İBRAHIM | X46: 44476 | Y46: 44480 | AA46: Görüşüldü | AB46: 44463 | AC46: Görüşüldü | AD46: 44388 | AK46: Gül Değirmenci | AL46: Selcan Topçu | AP46: Aşur Can Acar
A47: 612e6a07a7c395e9f39be2ff | B47: Ada Döner, Kepez (Ulus Mah.) | C47: =VLOOKUP(A47,import!A:C,3,0) -> DOĞRU | D47: Döner | E47: =VLOOKUP(A47,import!A:J,5,0) -> 68 | F47: =VLOOKUP(A47,import!A:J,6,0) | G47: =VLOOKUP(A47,import!A:J,7,0) -> 12 | H47: =VLOOKUP(A47,import!A:J,8,0) -> 2 | I47: =VLOOKUP(A47,import!A:J,9,0) -> 14 | J47: =VLOOKUP(A47,import!A:J,10,0) -> 0.86 | K47: EMRAH TALU | L47: 2423452023 | M47: Kepez | N47: Özgürlük | O47: Ulus Mah. Mehmet Akif Cad. No:40 Kepez/ANTALYA | P47: =VLOOKUP(A47,import!A:P,16,0) -> Geleneksel | R47: TRUE | S47: FALSE | T47: Randevu Alındı | U47: Ezgi Turan | V47: Önder Örtel | W47: emrah bey no :05394888309 bır saate aranacak | X47: 44454 | Y47: 44455 | AA47: Görüşüldü | AB47: 44445 | AK47: Ferhat Köksal | AP47: Aşur Can Acar
A48: 611eb0dceebc2eedfcd5ce95 | B48: Ada Mangal Köfte & Lahmacun, Konyaaltı (Gürsu Mah.) | C48: =VLOOKUP(A48,import!A:C,3,0) -> DOĞRU | D48: Kebap | E48: =VLOOKUP(A48,import!A:J,5,0) -> 1181 | F48: =VLOOKUP(A48,import!A:J,6,0) -> 134 | G48: =VLOOKUP(A48,import!A:J,7,0) -> 38 | H48: =VLOOKUP(A48,import!A:J,8,0) -> 18 | I48: =VLOOKUP(A48,import!A:J,9,0) -> 56 | J48: =VLOOKUP(A48,import!A:J,10,0) -> 0.68 | K48: NURSEN GÜL | L48: 2422284141 | M48: Konyaaltı | N48: Gürsu | O48: Gürsu, Villa Çetin, 306. Sk. No:3 | P48: =VLOOKUP(A48,import!A:P,16,0) -> Geleneksel | R48: TRUE | S48: FALSE | T48: İleride Randevu Alınacak | U48: Serap Apaydın | V48: Önder Örtel | W48: şuan maddi olarak çok sıkıntılıyız bir ay kadar süre verirseniz daha toplarlanmış oluruz rahat bir şekilde çekimi de yaparız dedi | X48: 44546 | Y48: 44550 | AA48: Görüşüldü | AB48: 44466 | AC48: Görüşüldü | AD48: 44546 | AE48: Görüşüldü | AF48: 44550 | AG48: Görüşüldü | AH48: 44572 | AI48: Görüşüldü | AJ48: 44590 | AK48: Sude Alkan | AL48: Serap Apaydın | AM48: Serap Apaydın | AN48: Betül Demir | AO48: Betül Demir | AP48: Kutluhan Peker
A49: 60b7c0de727c01322efbfffe | B49: Adahan Kebap & Steak, Alanya (Mahmutlar Mah.) | C49: =VLOOKUP(A49,import!A:C,3,0) -> YANLIŞ | D49: Kebap | E49: =VLOOKUP(A49,import!A:J,5,0) -> 1654 | F49: =VLOOKUP(A49,import!A:J,6,0) | G49: =VLOOKUP(A49,import!A:J,7,0) -> 1 | H49: =VLOOKUP(A49,import!A:J,8,0) -> 31 | I49: =VLOOKUP(A49,import!A:J,9,0) -> 32 | J49: =VLOOKUP(A49,import!A:J,10,0) -> 0.03 | K49: ABDULLAH YILDIRIM | L49: 2425289394 | M49: Alanya | N49: Mahmutlar | O49: Mahmutlar Mah. Barbaros Cad. No:23 Alanya/ANTALYA | P49: =VLOOKUP(A49,import!A:P,16,0) -> Geleneksel | R49: TRUE | S49: FALSE | T49: Randevu İptal | U49: Betül Demir | V49: Fatih Özpelit | W49: Benim temsilcim aşur bey var böyle bir talebim olursa ben ona söyerim der | X49: 44496 | Y49: 44497 | Z49: Hemen Randevu İstiyorum | AA49: Görüşüldü | AB49: 44459 | AC49: Ulaşılamadı | AD49: 44491 | AE49: Görüşüldü | AF49: 44496 | AK49: Hatem Soyaslan | AL49: Betül Demir | AM49: Betül Demir | AP49: Aşur Can Acar
A50: 601815b2caa06123708007f9 | B50: Adana & Kebap & Ciğer, Alanya (Mahmutlar Mah.) | C50: =VLOOKUP(A50,import!A:C,3,0) -> YANLIŞ | D50: Kebap | E50: =VLOOKUP(A50,import!A:J,5,0) -> 245 | F50: =VLOOKUP(A50,import!A:J,6,0) | G50: =VLOOKUP(A50,import!A:J,7,0) -> 0 | H50: =VLOOKUP(A50,import!A:J,8,0) -> 21 | I50: =VLOOKUP(A50,import!A:J,9,0) -> 21 | J50: =VLOOKUP(A50,import!A:J,10,0) -> 0 | K50: HATİCE PALTACI | L50: 5352638489 | M50: Alanya | N50: Mahmutlar | O50: Mahmutlar Mahallesi Tefik Çatar Caddesi Onur No:2 İç Kapı No:1 Alanya/Antalya | P50: =VLOOKUP(A50,import!A:P,16,0) -> Geleneksel | Q50: 16-25 | R50: TRUE | S50: FALSE | T50: Çekim İstemiyor | W50: meşgul- yetkiliye söyleyip 40 dk ya aranacak - sezonluk burası 1 ay a kadar kapanır dedi çekime gerek yok dedi | AA50: Görüşüldü | AB50: 44496 | AC50: Yetkili Yok | AD50: 44504 | AK50: Ferhat Köksal | AL50: Betül Demir | AP50: Aşur Can Acar
A51: 6080458f07047f2f74b51418 | B51: Adana Kebapçısı 01, Konyaaltı (Toros Mah.) | C51: =VLOOKUP(A51,import!A:C,3,0) -> DOĞRU | D51: Kebap | E51: =VLOOKUP(A51,import!A:J,5,0) -> 4759 | F51: =VLOOKUP(A51,import!A:J,6,0) -> 253 | G51: =VLOOKUP(A51,import!A:J,7,0) -> 37 | H51: =VLOOKUP(A51,import!A:J,8,0) -> 19 | I51: =VLOOKUP(A51,import!A:J,9,0) -> 56 | J51: =VLOOKUP(A51,import!A:J,10,0) -> 0.66 | K51: Şahin Özdemir | L51: 2422291001 | M51: Konyaaltı | N51: Arapsuyu | O51: Toros Mah. Atatürk Bulv. M.Aygün Apt. No 46 C | P51: =VLOOKUP(A51,import!A:P,16,0) -> Geleneksel | R51: TRUE | S51: FALSE | T51: Randevu Alındı | U51: Hatem Soyaslan | W51: devam çekimi alındı | X51: 44438 | Y51: 44439 | Z51: Hemen Randevu İstiyorum | AA51: Görüşüldü | AB51: 44349 | AC51: Görüşüldü | AD51: 44370 | AE51: Görüşüldü | AF51: 44435 | AG51: Görüşüldü | AH51: 44438 | AK51: Eylem Ünal | AN51: Hatem Soyaslan | AP51: Kutluhan Peker
A52: 620f671b21b4f33ce92f0543 | B52: Adana Sofrası & Restaurant, Serik (Kadriye Mah.) | C52: =VLOOKUP(A52,import!A:C,3,0) -> DOĞRU | D52: Kebap | E52: =VLOOKUP(A52,import!A:J,5,0) -> 123 | F52: =VLOOKUP(A52,import!A:J,6,0) -> 64 | G52: =VLOOKUP(A52,import!A:J,7,0) -> 0 | H52: =VLOOKUP(A52,import!A:J,8,0) -> 54 | I52: =VLOOKUP(A52,import!A:J,9,0) -> 54 | J52: =VLOOKUP(A52,import!A:J,10,0) -> 0 | K52: HAKAN KARABURÇ | L52: 5462145100 | M52: Serik | N52: Kadriye | O52: Kadriye Mah. Turgut Özal Cad. No:13 Serik/Antalya | P52: =VLOOKUP(A52,import!A:P,16,0) -> Geleneksel | R52: FALSE | S52: FALSE
A53: 5f5f39c2879723cf44826474 | B53: Adanadayım Kebap (Perge Caddesi) | C53: =VLOOKUP(A53,import!A:C,3,0) -> DOĞRU | D53: Kebap | E53: =VLOOKUP(A53,import!A:J,5,0) -> 1831 | F53: =VLOOKUP(A53,import!A:J,6,0) -> 81 | G53: =VLOOKUP(A53,import!A:J,7,0) -> 13 | H53: =VLOOKUP(A53,import!A:J,8,0) -> 3 | I53: =VLOOKUP(A53,import!A:J,9,0) -> 16 | J53: =VLOOKUP(A53,import!A:J,10,0) -> 0.81 | K53: Osman Birsin Çağlayan | L53: 2423131301 | M53: Muratpaşa | N53: Meydankavağı | O53: Tarım, Perge Blv. 11B, 07200 Muratpaşa/Antalya | P53: =VLOOKUP(A53,import!A:P,16,0) -> Geleneksel | Q53: 0-15 | R53: TRUE | S53: FALSE | T53: Randevu Alındı | U53: Hatem Soyaslan | V53: Önder Örtel | W53: 5497190101:osman bey meşgule atıyor\ açmadı//TEYİT İÇİN ARANDI ÇEKİM GERÇEKLEŞMİŞ | X53: 44344 | Y53: 44348 | AP53: Korcan Işık
A54: 5f9be8a184b0786c17bc9ae3 | B54: Adanadayım Kebap, Muratpaşa (Çağlayan Mah.) | C54: =VLOOKUP(A54,import!A:C,3,0) -> DOĞRU | D54: Kebap | E54: =VLOOKUP(A54,import!A:J,5,0) -> 1950 | F54: =VLOOKUP(A54,import!A:J,6,0) -> 148 | G54: =VLOOKUP(A54,import!A:J,7,0) -> 29 | H54: =VLOOKUP(A54,import!A:J,8,0) -> 13 | I54: =VLOOKUP(A54,import!A:J,9,0) -> 42 | J54: =VLOOKUP(A54,import!A:J,10,0) -> 0.69 | K54: SENEM CİHANGİR | L54: 2423230101 | M54: Muratpaşa | N54: Çağlayan | O54: Çağlayan Mah., 2048. Sok., No:46/A, Muratpaşa, Antalya, Türkiye | P54: =VLOOKUP(A54,import!A:P,16,0) -> Geleneksel | Q54: 35+ | R54: TRUE | S54: FALSE | T54: Randevu Alındı | U54: Nazmiye Yuka | V54: Önder Örtel | W54: tüm ürünler çekildi | X54: 44361 | Y54: 44363 | AC54: Ulaşılamadı | AD54: 44351 | AE54: Yetkili Yok | AF54: 44354 | AG54: Görüşüldü | AH54: 44355 | AI54: Görüşüldü | AJ54: 44546 | AL54: Hatice Özer | AM54: Nazmiye Yuka | AN54: Hatice Özer | AO54: Serap Apaydın | AP54: Korcan Işık
A55: 620a2795865a70192a8ffedb | B55: Adanalı Kebapçı Kadir Usta, Kepez (Kuzeyyaka Mah.) | C55: =VLOOKUP(A55,import!A:C,3,0) -> DOĞRU | D55: Kebap | E55: =VLOOKUP(A55,import!A:J,5,0) -> 46 | F55: =VLOOKUP(A55,import!A:J,6,0) -> 15 | G55: =VLOOKUP(A55,import!A:J,7,0) -> 0 | H55: =VLOOKUP(A55,import!A:J,8,0) -> 20 | I55: =VLOOKUP(A55,import!A:J,9,0) -> 20 | J55: =VLOOKUP(A55,import!A:J,10,0) -> 0 | K55: İSA DAMAKSIZ | L55: 5319107109 | M55: Kepez | N55: Kuzeyyaka | O55: Kuzeyyaka Mah. Göksu Cad. No:76 Kepez/ANTALYA | P55: =VLOOKUP(A55,import!A:P,16,0) -> Geleneksel | R55: TRUE | S55: TRUE | W55: MAİL VERİLDİ | AA55: Görüşüldü | AB55: 44648 | AK55: Zeliha Özer
A56: 5fe381e0cd276074b99ff2a7 | B56: Adanalı Kebapçı Kazım Ocakbaşı (Altındağ Mah.) | C56: =VLOOKUP(A56,import!A:C,3,0) -> DOĞRU | D56: Kebap | E56: =VLOOKUP(A56,import!A:J,5,0) -> 952 | F56: =VLOOKUP(A56,import!A:J,6,0) -> 13 | G56: =VLOOKUP(A56,import!A:J,7,0) -> 0 | H56: =VLOOKUP(A56,import!A:J,8,0) -> 23 | I56: =VLOOKUP(A56,import!A:J,9,0) -> 23 | J56: =VLOOKUP(A56,import!A:J,10,0) -> 0 | K56: Fadime Yıldırım | L56: 5316280701 | M56: Muratpaşa | N56: Altındağ | O56: Altındağ Mah. 149 Sk. | P56: =VLOOKUP(A56,import!A:P,16,0) -> Geleneksel | Q56: 16-25 | R56: TRUE | S56: FALSE | T56: Çekim İstemiyor | U56: Ferhat Köksal | W56: fotoğrafları hazırlanmış göndericekler/fotoğraflar gönderilecek.-RANDEVU OLUSTURULDU FOTOGRAFCI ERGIN AVCI/cekımstemıyorlar suan | X56: 44442 | Y56: 44445 | AA56: Görüşüldü | AB56: 44356 | AC56: Görüşüldü | AD56: 44383 | AE56: Görüşüldü | AF56: 44385 | AG56: Tekrar Aranacak | AH56: 44392 | AI56: Görüşüldü | AJ56: 44511 | AK56: Nazmiye Yuka | AL56: Nurhayat Kabataş | AM56: Nurhayat Kabataş | AN56: Nurhayat Kabataş | AO56: Selcan Topçu | AP56: Aşur Can Acar
A57: 6079e23138cb15b573359a35 | B57: Adanalı Onbaşı Restaurant, Muratpaşa (Termessos Bulvarı) | C57: =VLOOKUP(A57,import!A:C,3,0) -> DOĞRU | D57: Kebap | E57: =VLOOKUP(A57,import!A:J,5,0) -> 50 | F57: =VLOOKUP(A57,import!A:J,6,0) -> 1 | G57: =VLOOKUP(A57,import!A:J,7,0) -> 12 | H57: =VLOOKUP(A57,import!A:J,8,0) -> 5 | I57: =VLOOKUP(A57,import!A:J,9,0) -> 17 | J57: =VLOOKUP(A57,import!A:J,10,0) -> 0.71 | K57: YILDIZ AKMAN | L57: 2423110701 | M57: Muratpaşa | N57: Mehmetçik | O57: Mehmetçik Mah. Termesos Bulv. No:21 Muratpaşa/ANTALYA | P57: =VLOOKUP(A57,import!A:P,16,0) -> Geleneksel | R57: TRUE | S57: FALSE | T57: Randevu Alındı | U57: Hatem Soyaslan | V57: Ahmet Can Mülayim | W57: teyit için arandı çekim gerçekleşti | X57: 44333 | Y57: 44335 | AP57: Aşur Can Acar
A58: 608696d810cf06a210f774ac | B58: Address Cikcilli Restaurant, Alanya (Cikcilli Mah.) | C58: =VLOOKUP(A58,import!A:C,3,0) -> DOĞRU | D58: Lahmacun | E58: =VLOOKUP(A58,import!A:J,5,0) -> 268 | F58: =VLOOKUP(A58,import!A:J,6,0) -> 4 | G58: =VLOOKUP(A58,import!A:J,7,0) -> 0 | H58: =VLOOKUP(A58,import!A:J,8,0) -> 44 | I58: =VLOOKUP(A58,import!A:J,9,0) -> 44 | J58: =VLOOKUP(A58,import!A:J,10,0) -> 0 | K58: EVREN ÖKTEN | L58: 2425151991 | M58: Alanya | N58: Cikcilli | O58: Cikcilli Mah.Eğriköprü Cad. No:11 Alanya/ANTALYA | P58: =VLOOKUP(A58,import!A:P,16,0) -> Geleneksel | R58: TRUE | S58: FALSE | T58: Randevu İptal | U58: Betül Demir | V58: Fatih Özpelit | W58: evren bey no :05538239366 numara mesgul /kışa doğru ararsanız iyi olur der | X58: 44518 | Y58: 44522 | AA58: Yetkili Yok | AB58: 44461 | AC58: Tekrar Aranacak | AD58: 44471 | AE58: Tekrar Aranacak | AF58: 44477 | AG58: Yetkili Yok | AH58: 44491 | AI58: Görüşüldü | AJ58: 44518 | AK58: Ferhat Köksal | AL58: Hatem Soyaslan | AM58: Ezgi Turan | AN58: Betül Demir | AO58: Betül Demir | AP58: Aşur Can Acar
A59: 621744f50fa310607f934df3 | B59: Adem Usta Döner & Pide, Kepez (Şafak Mah.) | C59: =VLOOKUP(A59,import!A:C,3,0) -> DOĞRU | D59: Döner | E59: =VLOOKUP(A59,import!A:J,5,0) -> 19 | F59: =VLOOKUP(A59,import!A:J,6,0) -> 4 | G59: =VLOOKUP(A59,import!A:J,7,0) -> 13 | H59: =VLOOKUP(A59,import!A:J,8,0) -> 0 | I59: =VLOOKUP(A59,import!A:J,9,0) -> 13 | J59: =VLOOKUP(A59,import!A:J,10,0) -> 1 | K59: AYŞEGÜL TURAN | L59: 2422213700 | M59: Kepez | N59: Gülveren | O59: Şafak Mah. 75 Yıl Cad. No:28 Kepez/ANTALYA | P59: =VLOOKUP(A59,import!A:P,16,0) -> Geleneksel | R59: TRUE | S59: FALSE | T59: Randevu Alındı | U59: Hatem Soyaslan | V59: Ahmet Balcı | W59: adem bey 5433010280 | X59: 44635 | Y59: 44636 | AA59: Görüşüldü | AB59: 44635 | AK59: Hatem Soyaslan
A60: 607e9f31d415f03b83ad41d3 | B60: Adıyaman Çiğ Köfte Ali Baba, Kepez (Teomanpaşa Mah.) | C60: =VLOOKUP(A60,import!A:C,3,0) -> DOĞRU | D60: Çiğ Köfte | E60: =VLOOKUP(A60,import!A:J,5,0) -> 132 | F60: =VLOOKUP(A60,import!A:J,6,0) -> 9 | G60: =VLOOKUP(A60,import!A:J,7,0) -> 8 | H60: =VLOOKUP(A60,import!A:J,8,0) -> 3 | I60: =VLOOKUP(A60,import!A:J,9,0) -> 11 | J60: =VLOOKUP(A60,import!A:J,10,0) -> 0.73 | K60: Agit Kaçar | L60: 5526060749 | M60: Kepez | N60: Güneş | O60: Teomanpaşa Mah. 2299 Sk No 3 | P60: =VLOOKUP(A60,import!A:P,16,0) -> Geleneksel | R60: TRUE | S60: FALSE | T60: Çekim İstemiyor | U60: Hatem Soyaslan | V60: Ahmet Can Mülayim | W60: teyit için arandı çekim gerçekleşti ama memnun değil ve logo koymak istemiş başka restoranların var benim logomu eklemeye izin vermediniz dedi fotoğraflarının kaldırlmasını istiyor/ fotoğraf çekimi istemiyor aramayın | X60: 44341 | Y60: 44343 | AA60: Görüşüldü | AB60: 44375 | AC60: Görüşüldü | AD60: 44545 | AK60: İpek Aytaç | AL60: Serap Apaydın | AP60: Kutluhan Peker
A61: 6025c7d321f176829a39e59e | B61: Adıyaman Çiğ Köfte Bayram Usta, Kepez (Gülveren Mah.) | C61: =VLOOKUP(A61,import!A:C,3,0) -> DOĞRU | D61: Çiğ Köfte | E61: =VLOOKUP(A61,import!A:J,5,0) -> 918 | F61: =VLOOKUP(A61,import!A:J,6,0) -> 31 | G61: =VLOOKUP(A61,import!A:J,7,0) -> 18 | H61: =VLOOKUP(A61,import!A:J,8,0) -> 10 | I61: =VLOOKUP(A61,import!A:J,9,0) -> 28 | J61: =VLOOKUP(A61,import!A:J,10,0) -> 0.64 | K61: Fatih Ahmet Tavuz | L61: 5526444507 | M61: Kepez | N61: Gülveren | O61: Gülveren Mah. 3709 Sk. No 3 A | P61: =VLOOKUP(A61,import!A:P,16,0) -> Geleneksel | Q61: 0-15 | R61: TRUE | S61: FALSE | T61: Randevu Alındı | U61: Selcan Topçu | W61: 5425352323 serkan bey | X61: 44504 | Y61: 44505 | AA61: Tekrar Aranacak | AB61: 44361 | AC61: Ulaşılamadı | AD61: 44372 | AE61: Ulaşılamadı | AF61: 44497 | AG61: Görüşüldü | AH61: 44504 | AK61: Nazmiye Yuka | AL61: Eylem Ünal | AM61: Tuğba Buyur | AN61: Selcan Topçu | AP61: Kutluhan Peker
A62: 5fc76897c535c590b6457b61 | B62: Adıyaman Çiğ Köfte Noktası (Zerdalilik Mah.- Cebesoy Cad.) | C62: =VLOOKUP(A62,import!A:C,3,0) -> DOĞRU | D62: Çiğ Köfte | E62: =VLOOKUP(A62,import!A:J,5,0) -> 599 | F62: =VLOOKUP(A62,import!A:J,6,0) -> 22 | G62: =VLOOKUP(A62,import!A:J,7,0) -> 0 | H62: =VLOOKUP(A62,import!A:J,8,0) -> 21 | I62: =VLOOKUP(A62,import!A:J,9,0) -> 21 | J62: =VLOOKUP(A62,import!A:J,10,0) -> 0 | K62: AHMET YAZICI | L62: 5415079625 | M62: Muratpaşa | N62: Zerdalilik | O62: Zerdalilik Mah. Cebesoy Cad. No:55/C Muratpaşa/Antalya | P62: =VLOOKUP(A62,import!A:P,16,0) -> Geleneksel | Q62: 16-25 | R62: TRUE | S62: FALSE | T62: Çekim İstemiyor | W62: getirle problemi varmıs//gerek duymuyor kendi de atmak isterse saha sorumlusuna söylermiş / sistemi kapatmış | AA62: Ulaşılamadı | AB62: 44349 | AC62: Görüşüldü | AD62: 44363 | AE62: Görüşüldü | AF62: 44428 | AG62: Görüşüldü | AH62: 44491 | AK62: Derya Tatlı | AL62: Derya Tatlı | AM62: Edanur Türkkan | AN62: Betül Demir | AP62: Korcan Işık
A63: 61f8ef55757395bf20e1ab31 | B63: Adıyaman Çiğ Köfteci Abdülsamed, Muratpaşa (Kırcami Mah.) | C63: =VLOOKUP(A63,import!A:C,3,0) -> DOĞRU | D63: Çiğ Köfte | E63: =VLOOKUP(A63,import!A:J,5,0) -> 150 | F63: =VLOOKUP(A63,import!A:J,6,0) -> 23 | G63: =VLOOKUP(A63,import!A:J,7,0) -> 0 | H63: =VLOOKUP(A63,import!A:J,8,0) -> 29 | I63: =VLOOKUP(A63,import!A:J,9,0) -> 29 | J63: =VLOOKUP(A63,import!A:J,10,0) -> 0 | K63: ABDÜLSAMED CIRİT | L63: 5432100999 | M63: Muratpaşa | N63: Kırcami | O63: Kırcami, Perge Blv. no: 91/A, 07100 Muratpaşa/Antalya | P63: =VLOOKUP(A63,import!A:P,16,0) -> Geleneksel | R63: TRUE | S63: FALSE | T63: Randevu Alındı | U63: Hatem Soyaslan | V63: Mukaddes Neşet | W63: yetkili 4 gibi gelirmiş /saat 5te gelirmiş/5071222221 | X63: 44706 | Y63: 44707 | AA63: Yetkili Yok | AB63: 44600 | AC63: Yetkili Yok | AD63: 44636 | AE63: Görüşüldü | AF63: 44706 | AK63: Betül Demir | AL63: Sude Alkan | AM63: Hatem Soyaslan
A64: 61864a64e8b697f3259145a7 | B64: Adıyaman Çiğ Köftecisi Asaf Usta, Muratpaşa (Gebizli Mah.) | C64: =VLOOKUP(A64,import!A:C,3,0) -> DOĞRU | D64: Çiğ Köfte | E64: =VLOOKUP(A64,import!A:J,5,0) -> 26 | F64: =VLOOKUP(A64,import!A:J,6,0) -> 8 | G64: =VLOOKUP(A64,import!A:J,7,0) -> 9 | H64: =VLOOKUP(A64,import!A:J,8,0) -> 2 | I64: =VLOOKUP(A64,import!A:J,9,0) -> 11 | J64: =VLOOKUP(A64,import!A:J,10,0) -> 0.82 | K64: KORAY AKDAĞ | L64: 5427983576 | M64: Muratpaşa | N64: Gebizli | O64: Gebizli Mah. Yunus Emre Cad. No:112/B Muratpaşa/ANTALYA | P64: =VLOOKUP(A64,import!A:P,16,0) -> Geleneksel | R64: TRUE | S64: FALSE | T64: Randevu Alındı | U64: Hatem Soyaslan | V64: Önder Örtel | W64: Aralık ayı ortasında aranacak çünkü kurye sorunu vs. varmış sistemi oturmamış. RANDEVU OLUŞTURULDU | X64: 44530 | Y64: 44533 | AA64: Görüşüldü | AB64: 44517 | AC64: Görüşüldü | AD64: 44526 | AE64: Görüşüldü | AF64: 44530 | AK64: Ayşegül Kır | AL64: Hatem Soyaslan | AM64: Hatem Soyaslan | AP64: Aşur Can Acar
A65: 623da97aea70b3608e2772c7 | B65: Adıyaman Çiğ Köftecisi Ayhan Usta (Sinan Mah. - Cebesoy Cad.) | C65: =VLOOKUP(A65,import!A:C,3,0) -> DOĞRU | D65: Çiğ Köfte | E65: =VLOOKUP(A65,import!A:J,5,0) -> 11 | F65: =VLOOKUP(A65,import!A:J,6,0) -> 8 | G65: =VLOOKUP(A65,import!A:J,7,0) -> 7 | H65: =VLOOKUP(A65,import!A:J,8,0) -> 14 | I65: =VLOOKUP(A65,import!A:J,9,0) -> 21 | J65: =VLOOKUP(A65,import!A:J,10,0) -> 0.33 | K65: DİLEK ÖZAYDIN | L65: 5378912338 | M65: Muratpaşa | N65: Zerdalilik | O65: Sinan Mah. Cebesoy Cad. No:74/A Muratpaşa/Antalya | P65: =VLOOKUP(A65,import!A:P,16,0) -> Geleneksel | R65: TRUE | S65: FALSE | T65: Randevu Alındı | U65: Serap Apaydın | V65: Ahmet Balcı | X65: 44659 | Y65: 44660 | AA65: Görüşüldü | AB65: 44659 | AK65: Serap Apaydın
A66: 60a651cc804061d884942534 | B66: Adıyaman Çiğ Köftecisi Ayhan Usta, Kepez (Ayanoğlu Mah.) | C66: =VLOOKUP(A66,import!A:C,3,0) -> DOĞRU | D66: Çiğ Köfte | E66: =VLOOKUP(A66,import!A:J,5,0) -> 99 | F66: =VLOOKUP(A66,import!A:J,6,0) | G66: =VLOOKUP(A66,import!A:J,7,0) -> 6 | H66: =VLOOKUP(A66,import!A:J,8,0) -> 8 | I66: =VLOOKUP(A66,import!A:J,9,0) -> 14 | J66: =VLOOKUP(A66,import!A:J,10,0) -> 0.43 | K66: OSMAN KÖSEOĞLU | L66: 5537059607 | M66: Kepez | N66: Gazi | O66: Gazi Mah. Muammer Aksoy Cad. No:8 Kepez/ANTALYA | P66: =VLOOKUP(A66,import!A:P,16,0) -> Geleneksel | R66: TRUE | S66: FALSE | T66: Başka Şubeden Çekilecek | W66: Adıyaman Çiğ Köftecisi Ayhan Usta, Kepez (Ayanoğlu Mah.) şubesinden eklenmesini istiyor | AA66: Yetkili Yok | AB66: 44420 | AC66: Görüşüldü | AD66: 44428 | AK66: Deneme | AL66: Hatem Soyaslan | AP66: Aşur Can Acar
A67: 623a413f12a6eb38a1254ad8 | B67: Adıyaman Çiğ Köftecisi Ayhan Usta, Kepez (Göksu Mah.) | C67: =VLOOKUP(A67,import!A:C,3,0) -> DOĞRU | D67: Çiğ Köfte | E67: =VLOOKUP(A67,import!A:J,5,0) -> 4 | F67: =VLOOKUP(A67,import!A:J,6,0) -> 4 | G67: =VLOOKUP(A67,import!A:J,7,0) -> 0 | H67: =VLOOKUP(A67,import!A:J,8,0) -> 8 | I67: =VLOOKUP(A67,import!A:J,9,0) -> 8 | J67: =VLOOKUP(A67,import!A:J,10,0) -> 0 | K67: SEZGİN AYAZ | L67: 5416596961 | M67: Kepez | N67: Göksu | O67: Göksu Mah. Farabi Cad. No:15/BA Kepez/Antalya | P67: =VLOOKUP(A67,import!A:P,16,0) -> Geleneksel | R67: TRUE | S67: FALSE | T67: Randevu Alındı | U67: Hatem Soyaslan | V67: Ahmet Balcı | X67: 44666 | Y67: 44669 | AA67: Görüşüldü | AB67: 44666 | AK67: Hatem Soyaslan
A68: 60a656346236f16fc968b3b4 | B68: Adıyaman Çiğ Köftecisi Ayhan Usta, Kepez (Şelale Mah.) | C68: =VLOOKUP(A68,import!A:C,3,0) -> DOĞRU | D68: Çiğ Köfte | E68: =VLOOKUP(A68,import!A:J,5,0) -> 179 | F68: =VLOOKUP(A68,import!A:J,6,0) | G68: =VLOOKUP(A68,import!A:J,7,0) -> 9 | H68: =VLOOKUP(A68,import!A:J,8,0) -> 12 | I68: =VLOOKUP(A68,import!A:J,9,0) -> 21 | J68: =VLOOKUP(A68,import!A:J,10,0) -> 0.43 | K68: OSMAN KÖSEOĞLU | L68: 5458386907 | M68: Kepez | N68: Şelale | O68: Şelale Mah. Varsak Bey Cad No:2 Kepez/ANTALYA | P68: =VLOOKUP(A68,import!A:P,16,0) -> Geleneksel | R68: TRUE | S68: FALSE | T68: Randevu Alındı | U68: Derya Tatlı | V68: Ahmet Can Mülayim | W68: teyit için arandı çekim gerçekleşti | X68: 44358 | Y68: 44362 | AA68: Görüşüldü | AB68: 44358 | AK68: Derya Tatlı | AP68: Aşur Can Acar
A69: 6004d8d9dda07b4b7e534886 | B69: Adıyaman Çiğ Köftecisi Ayhan Usta, Kepez (Yeni Mah.) | C69: =VLOOKUP(A69,import!A:C,3,0) -> DOĞRU | D69: Çiğ Köfte | E69: =VLOOKUP(A69,import!A:J,5,0) -> 460 | F69: =VLOOKUP(A69,import!A:J,6,0) -> 12 | G69: =VLOOKUP(A69,import!A:J,7,0) -> 7 | H69: =VLOOKUP(A69,import!A:J,8,0) -> 28 | I69: =VLOOKUP(A69,import!A:J,9,0) -> 35 | J69: =VLOOKUP(A69,import!A:J,10,0) -> 0.2 | K69: Leyla Yavuz | L69: 5393849596 | M69: Kepez | N69: Yeni | O69: Aliya İzzet Begoviç Cad. No 17 A | P69: =VLOOKUP(A69,import!A:P,16,0) -> Geleneksel | Q69: 0-15 | R69: TRUE | S69: FALSE | T69: Başka Şubeden Çekilecek | W69: okula yakın olduğum için şuan düzenlemelerim var okullar açıldıktan 15 gün sonra yapalım dedi/ürünleri eksikmiş ve çekim istemiyorum zamanım yok dedi./urun eksıklıgı var su an ıcın bır tek cığ koftesı mevcut kendı arıycak | AA69: Tekrar Aranacak | AB69: 44440 | AC69: Görüşüldü | AD69: 44484 | AE69: Yetkili Yok | AF69: 44491 | AG69: Dönüş Yapacak | AH69: 44495 | AK69: Hatem Soyaslan | AL69: Ayşegül Kır | AM69: Betül Demir | AN69: Tuğba Buyur | AP69: Aşur Can Acar
A70: 607ed21c58e43535d8986d95 | B70: Adıyaman Çiğ Köftecisi Ayhan Usta, Muratpaşa (Demircikara Mah.) | C70: =VLOOKUP(A70,import!A:C,3,0) -> DOĞRU | D70: Çiğ Köfte | E70: =VLOOKUP(A70,import!A:J,5,0) -> 1211 | F70: =VLOOKUP(A70,import!A:J,6,0) -> 3 | G70: =VLOOKUP(A70,import!A:J,7,0) -> 0 | H70: =VLOOKUP(A70,import!A:J,8,0) -> 20 | I70: =VLOOKUP(A70,import!A:J,9,0) -> 20 | J70: =VLOOKUP(A70,import!A:J,10,0) -> 0 | K70: MİRZA ALİM | L70: 5447248185 | M70: Muratpaşa | N70: Demircikara | O70: Demircikara Mah. Narenciye Cad. No:20/C Muratpaşa/Antalya | P70: =VLOOKUP(A70,import!A:P,16,0) -> Geleneksel | R70: TRUE | S70: FALSE | T70: Başka Şubeden Çekilecek | W70: Bekir Özbek kişisine devir edilmiş./dönüş yapacak/5511489407/istemiyorum ben resim gönderdim size dediler//meşgule attı / hangi şube olduğunu teyit için aradım ulaşamadım | AA70: Görüşüldü | AB70: 44349 | AC70: Dönüş Yapacak | AD70: 44357 | AE70: Ulaşılamadı | AF70: 44377 | AG70: Ulaşılamadı | AH70: 44413 | AI70: Ulaşılamadı | AJ70: 44546 | AK70: Derya Tatlı | AL70: Derya Tatlı | AM70: Nazmiye Yuka | AN70: Edanur Türkkan | AO70: Betül Demir | AP70: Korcan Işık
A71: 61e94f8a387be2679b5226c6 | B71: Adıyaman Çiğ Köftecisi Ayhan Usta, Muratpaşa (Gençlik Mah.) | C71: =VLOOKUP(A71,import!A:C,3,0) -> DOĞRU | D71: Çiğ Köfte | E71: =VLOOKUP(A71,import!A:J,5,0) -> 19 | F71: =VLOOKUP(A71,import!A:J,6,0) | G71: =VLOOKUP(A71,import!A:J,7,0) -> 11 | H71: =VLOOKUP(A71,import!A:J,8,0) -> 4 | I71: =VLOOKUP(A71,import!A:J,9,0) -> 15 | J71: =VLOOKUP(A71,import!A:J,10,0) -> 0.73 | K71: Merve Yalçın | L71: 5362429353 | M71: Muratpaşa | N71: Gençlik | O71: GENÇLİK MAH. TINAZTEPE CAD. 2 B MURATPAŞA/ANTALYA | P71: =VLOOKUP(A71,import!A:P,16,0) -> Geleneksel | R71: TRUE | S71: FALSE | T71: Randevu Alındı | U71: Hatem Soyaslan | V71: Ahmet Balcı | X71: 44609 | Y71: 44610 | AA71: Görüşüldü | AB71: 44609 | AK71: Hatem Soyaslan
A72: 6207cf4ae0e3c9a0aa4a23a8 | B72: Adıyaman Çiğ Köftecisi Ayhan Usta, Muratpaşa (Güvenlik Mah.) | C72: =VLOOKUP(A72,import!A:C,3,0) -> DOĞRU | D72: Çiğ Köfte | E72: =VLOOKUP(A72,import!A:J,5,0) -> 195 | F72: =VLOOKUP(A72,import!A:J,6,0) -> 24 | G72: =VLOOKUP(A72,import!A:J,7,0) -> 0 | H72: =VLOOKUP(A72,import!A:J,8,0) -> 15 | I72: =VLOOKUP(A72,import!A:J,9,0) -> 15 | J72: =VLOOKUP(A72,import!A:J,10,0) -> 0 | K72: DUYGU YILMAZ | L72: 5510702555 | M72: Muratpaşa | N72: Güvenlik | O72: Güvenlik Mah. Vatan Blv. Görgülü Apt. No: 25/B, 07000 Muratpaşa/Antalya | P72: =VLOOKUP(A72,import!A:P,16,0) -> Geleneksel | R72: TRUE | S72: FALSE | T72: Franchise
A73: 60194ba3a9c5cf403fc4f219 | B73: Adıyaman Çiğ Köftecisi Ayhan Usta, Muratpaşa (Zerdalilik Mah.) | C73: =VLOOKUP(A73,import!A:C,3,0) -> DOĞRU | D73: Çiğ Köfte | E73: =VLOOKUP(A73,import!A:J,5,0) -> 40 | F73: =VLOOKUP(A73,import!A:J,6,0) -> 2 | G73: =VLOOKUP(A73,import!A:J,7,0) -> 2 | H73: =VLOOKUP(A73,import!A:J,8,0) -> 17 | I73: =VLOOKUP(A73,import!A:J,9,0) -> 19 | J73: =VLOOKUP(A73,import!A:J,10,0) -> 0.11 | K73: NESLİHAN ARİEL | L73: 2423120535 | M73: Muratpaşa | N73: Zerdalilik | O73: Zerdalilik Mah. Balıkçıoğlu Cd. No:29/A Muratpaşa/Antalya | P73: =VLOOKUP(A73,import!A:P,16,0) -> Geleneksel | Q73: 16-25 | R73: TRUE | S73: FALSE | T73: Başka Şubeden Çekilecek | W73: ramazandan sonra düşünelim/biz uygun değiliz dedi/şuan müsait değiliz ona dedi/temmuz ayını geçince aranacak/istemiyoruz dediler belki kendileri dönüş yapar//amerikaya gitme durumları varmış işlemleri sürüyormuş bu yüzden şu an bir çekim yapamazlar devredelerse o zaman yeni yetkiliyle görüşülsün/aramayın istemiyoruz diyo-cenazemiz var dedi suan ugrasamam dedi/ iki hafta sonra YIL BASINDA MENU DEGİŞİMİ YAPACAK SUAN İSTEMİYOR | AA73: Görüşüldü | AB73: 44349 | AC73: Görüşüldü | AD73: 44372 | AE73: Tekrar Aranacak | AF73: 44377 | AG73: Görüşüldü | AH73: 44384 | AI73: Tekrar Aranacak | AJ73: 44491 | AK73: Derya Tatlı | AL73: Derya Tatlı | AM73: Nazmiye Yuka | AN73: Derya Tatlı | AO73: Betül Demir | AP73: Korcan Işık
A74: 619e20a2742d17f1084d1f37 | B74: Adıyaman Çiğ Köftecisi Aziz Usta, Kepez (Ahatlı Mah.) | C74: =VLOOKUP(A74,import!A:C,3,0) -> DOĞRU | D74: Çiğ Köfte | E74: =VLOOKUP(A74,import!A:J,5,0) -> 809 | F74: =VLOOKUP(A74,import!A:J,6,0) -> 61 | G74: =VLOOKUP(A74,import!A:J,7,0) -> 17 | H74: =VLOOKUP(A74,import!A:J,8,0) -> 7 | I74: =VLOOKUP(A74,import!A:J,9,0) -> 24 | J74: =VLOOKUP(A74,import!A:J,10,0) -> 0.71 | K74: KEZİBAN MIZRAK | L74: 5337686113 | M74: Kepez | N74: Ahatlı | O74: Ahatlı Mah. Ulusoy Cad. No 98 C | P74: =VLOOKUP(A74,import!A:P,16,0) -> Geleneksel | R74: TRUE | S74: FALSE | T74: Randevu Alındı | W74: pazartesi günü çekim yapılmış | AA74: Görüşüldü | AB74: 44538 | AK74: Betül Demir | AP74: Kutluhan Peker
A75: 603a322071783647b6144ebd | B75: Adıyaman Çiğ Köftecisi Bayram Usta, Aksu (Güzelyurt Mah.) | C75: =VLOOKUP(A75,import!A:C,3,0) -> DOĞRU | D75: Çiğ Köfte | E75: =VLOOKUP(A75,import!A:J,5,0) -> 356 | F75: =VLOOKUP(A75,import!A:J,6,0) -> 13 | G75: =VLOOKUP(A75,import!A:J,7,0) -> 7 | H75: =VLOOKUP(A75,import!A:J,8,0) -> 4 | I75: =VLOOKUP(A75,import!A:J,9,0) -> 11 | J75: =VLOOKUP(A75,import!A:J,10,0) -> 0.64 | K75: EBRU TEZCAN | L75: 5452420405 | M75: Aksu | N75: Güzelyurt | O75: Güzelyurt Mah. Şehit Kom. Er Mustafa Göktürk Cad. No:8/1A Aksu/Antalya | P75: =VLOOKUP(A75,import!A:P,16,0) -> Geleneksel | Q75: 0-15 | R75: TRUE | S75: FALSE | T75: Randevu Alındı | U75: Sude Alkan | V75: Önder Örtel | W75: meşgul. | X75: 44509 | Y75: 44511 | AA75: Dönüş Yapacak | AB75: 44509 | AC75: Ulaşılamadı | AD75: 44509 | AE75: Görüşüldü | AF75: 44509 | AK75: Betül Demir | AL75: Kübra Toprak | AM75: Sude Alkan | AP75: Aşur Can Acar
A76: 62237c4da4f15247400c075a | B76: Adıyaman Çiğ Köftecisi Bayram Usta, Kepez (Yeni Mah.) | C76: =VLOOKUP(A76,import!A:C,3,0) -> DOĞRU | D76: Çiğ Köfte | E76: =VLOOKUP(A76,import!A:J,5,0) -> 2 | F76: =VLOOKUP(A76,import!A:J,6,0) | G76: =VLOOKUP(A76,import!A:J,7,0) -> 0 | H76: =VLOOKUP(A76,import!A:J,8,0) -> 14 | I76: =VLOOKUP(A76,import!A:J,9,0) -> 14 | J76: =VLOOKUP(A76,import!A:J,10,0) -> 0 | K76: HASAN ÇAYLAN | L76: 5526377915 | M76: Kepez | N76: Yeni | O76: Yeni Mah. 2431 Sk. No: 34 Kepez/ANTALYA | P76: =VLOOKUP(A76,import!A:P,16,0) -> Geleneksel | R76: FALSE | S76: FALSE | T76: Franchise
A77: 6040d2df56cff1204dd82f96 | B77: Adıyaman Çiğ Köftecisi Bayram Usta, Konyaaltı (Siteler Mah.) | C77: =VLOOKUP(A77,import!A:C,3,0) -> DOĞRU | D77: Çiğ Köfte | E77: =VLOOKUP(A77,import!A:J,5,0) -> 206 | F77: =VLOOKUP(A77,import!A:J,6,0) | G77: =VLOOKUP(A77,import!A:J,7,0) -> 8 | H77: =VLOOKUP(A77,import!A:J,8,0) -> 18 | I77: =VLOOKUP(A77,import!A:J,9,0) -> 26 | J77: =VLOOKUP(A77,import!A:J,10,0) -> 0.31 | K77: Emre Yasin Uzun | L77: 5416497707 | M77: Konyaaltı | N77: Siteler | O77: Siteler Mah. 1355 Sk. No 15 / A | P77: =VLOOKUP(A77,import!A:P,16,0) -> Geleneksel | Q77: 35+ | R77: TRUE | S77: FALSE | T77: Çekim İstemiyor | W77: yeterli | AA77: Görüşüldü | AB77: 44363 | AC77: Görüşüldü | AD77: 44370 | AE77: Görüşüldü | AF77: 44431 | AK77: Derya Tatlı | AL77: Derya Tatlı | AM77: Adem Sezer | AP77: Kutluhan Peker
A78: 60d2299e0bfb6c4d90a3e7e4 | B78: Adıyaman Çiğ Köftecisi Bayram Usta, Muratpaşa (Üçgen Mah.) | C78: =VLOOKUP(A78,import!A:C,3,0) -> DOĞRU | D78: Çiğ Köfte | E78: =VLOOKUP(A78,import!A:J,5,0) -> 138 | F78: =VLOOKUP(A78,import!A:J,6,0) -> 3 | G78: =VLOOKUP(A78,import!A:J,7,0) -> 4 | H78: =VLOOKUP(A78,import!A:J,8,0) -> 9 | I78: =VLOOKUP(A78,import!A:J,9,0) -> 13 | J78: =VLOOKUP(A78,import!A:J,10,0) -> 0.31 | K78: DAMLA ÖZBEK | L78: 5346511432 | M78: Muratpaşa | N78: Üçgen | O78: Üçgen Mah. Şarampol Cad. No:174 Muratpaşa/ANTALYA | P78: =VLOOKUP(A78,import!A:P,16,0) -> Geleneksel | R78: TRUE | S78: FALSE | T78: Randevu Alındı | U78: Hatem Soyaslan | V78: Ahmet Emeklioğlu | X78: 44375 | Y78: 44377 | AA78: Görüşüldü | AB78: 44375 | AK78: Hatem Soyaslan | AP78: Aşur Can Acar
A79: 5feb11220e63fe08decb0a31 | B79: Adıyaman Çiğ Köftecisi Kadir Usta (Güvenlik Mah.) | C79: =VLOOKUP(A79,import!A:C,3,0) -> DOĞRU | D79: Çiğ Köfte | E79: =VLOOKUP(A79,import!A:J,5,0) -> 1856 | F79: =VLOOKUP(A79,import!A:J,6,0) -> 65 | G79: =VLOOKUP(A79,import!A:J,7,0) -> 8 | H79: =VLOOKUP(A79,import!A:J,8,0) -> 15 | I79: =VLOOKUP(A79,import!A:J,9,0) -> 23 | J79: =VLOOKUP(A79,import!A:J,10,0) -> 0.35 | K79: Abdussamat Yıldızhan | L79: 2542488157 | M79: Muratpaşa | N79: Güvenlik | O79: Güvenlik Mah. Kazım Karabekir Cad. No 158 | P79: =VLOOKUP(A79,import!A:P,16,0) -> Geleneksel | Q79: 26-35 | R79: TRUE | S79: FALSE | T79: Randevu Alındı | W79: 5424881572 hastayım ileride arayın görüşelim dedi bireysel.// meşgule attı// ayağı kırıkmış daha sonra tekrar aransın devam için//ayak gg/ açmadı. | AA79: Görüşüldü | AB79: 44349 | AC79: Görüşüldü | AD79: 44391 | AE79: Dönüş Yapacak | AF79: 44405 | AG79: Ulaşılamadı | AH79: 44427 | AI79: Ulaşılamadı | AJ79: 44512 | AK79: Derya Tatlı | AL79: Gül Değirmenci | AM79: Hatem Soyaslan | AN79: Deneme | AO79: Kübra Toprak | AP79: Korcan Işık
A80: 61cf8290d5a1d551498798a2 | B80: Adıyaman Çiğ Köftecisi Kadir Usta, Kemer (Arslanbucak Mah.) | C80: =VLOOKUP(A80,import!A:C,3,0) -> DOĞRU | D80: Çiğ Köfte | E80: =VLOOKUP(A80,import!A:J,5,0) -> 169 | F80: =VLOOKUP(A80,import!A:J,6,0) -> 19 | G80: =VLOOKUP(A80,import!A:J,7,0) -> 0 | H80: =VLOOKUP(A80,import!A:J,8,0) -> 8 | I80: =VLOOKUP(A80,import!A:J,9,0) -> 8 | J80: =VLOOKUP(A80,import!A:J,10,0) -> 0 | K80: HÜSEYİN YUNUS TATLI | L80: 5442632221 | M80: Kemer | N80: Arslanbucak | O80: Arslanbucak Mah. Cumhuriyet Bulv. No 34 , Kemer | P80: =VLOOKUP(A80,import!A:P,16,0) -> Geleneksel | R80: FALSE | S80: FALSE
A81: 6050b85ad28531ff5f544cdd | B81: Adıyaman Çiğ Köftecisi Kadir Usta, Kepez (Aydoğmuş Mah.) | C81: =VLOOKUP(A81,import!A:C,3,0) -> DOĞRU | D81: Çiğ Köfte | E81: =VLOOKUP(A81,import!A:J,5,0) -> 122 | F81: =VLOOKUP(A81,import!A:J,6,0) -> 2 | G81: =VLOOKUP(A81,import!A:J,7,0) -> 4 | H81: =VLOOKUP(A81,import!A:J,8,0) -> 5 | I81: =VLOOKUP(A81,import!A:J,9,0) -> 9 | J81: =VLOOKUP(A81,import!A:J,10,0) -> 0.44 | K81: SALİH YILMAZ | L81: 5469415668 | M81: Kepez | N81: Ayanoğlu | O81: Aydoğmuş Mah. Fatih Terim Cad. No:78 Kepez/ANTALYA | P81: =VLOOKUP(A81,import!A:P,16,0) -> Geleneksel | R81: TRUE | S81: FALSE | T81: Randevu Alındı | U81: Hatem Soyaslan | V81: Önder Örtel | W81: Çekimi gerçekleşti | X81: 44312 | Y81: 44312 | AP81: Aşur Can Acar
A82: 60d22329e647f834c87b72d0 | B82: Adıyaman Çiğ Köftecisi Kadir Usta, Kepez (Yeni Mah.) | C82: =VLOOKUP(A82,import!A:C,3,0) -> DOĞRU | D82: Çiğ Köfte | E82: =VLOOKUP(A82,import!A:J,5,0) -> 598 | F82: =VLOOKUP(A82,import!A:J,6,0) | G82: =VLOOKUP(A82,import!A:J,7,0) -> 17 | H82: =VLOOKUP(A82,import!A:J,8,0) -> 10 | I82: =VLOOKUP(A82,import!A:J,9,0) -> 27 | J82: =VLOOKUP(A82,import!A:J,10,0) -> 0.63 | K82: EMİNE DENLİ | L82: 5386549499 | M82: Kepez | N82: Yeni | O82: Yeni Mah. 2431 sk. No:26 Kepez/ANTALYA | P82: =VLOOKUP(A82,import!A:P,16,0) -> Geleneksel | R82: TRUE | S82: FALSE | T82: Franchise | W82: merkezden alınacak | AA82: Görüşüldü | AB82: 44375 | AC82: Ulaşılamadı | AD82: 44539 | AK82: Derya Tatlı | AL82: Betül Demir | AP82: Aşur Can Acar
A83: 608163bd3e525451686a18a7 | B83: Adıyaman Çiğ Köftecisi Kadir Usta, Manavgat (Çağlayan Mah.) | C83: =VLOOKUP(A83,import!A:C,3,0) -> DOĞRU | D83: Çiğ Köfte | E83: =VLOOKUP(A83,import!A:J,5,0) -> 242 | F83: =VLOOKUP(A83,import!A:J,6,0) -> 6 | G83: =VLOOKUP(A83,import!A:J,7,0) -> 8 | H83: =VLOOKUP(A83,import!A:J,8,0) -> 46 | I83: =VLOOKUP(A83,import!A:J,9,0) -> 54 | J83: =VLOOKUP(A83,import!A:J,10,0) -> 0.15 | K83: GÜLCAN YILDIZ | L83: 5453128262 | M83: Manavgat | N83: Çağlayan | O83: Çağlayan Mah. Hastane Cad. No:54/1 Manavgat/Antalya | P83: =VLOOKUP(A83,import!A:P,16,0) -> Geleneksel | R83: TRUE | S83: FALSE | T83: Randevu İptal | U83: Hatem Soyaslan | V83: Fatih Özpelit | W83: necati bey - 5418544511// çekilecek ürün kalmamış | X83: 44484 | Y83: 44487 | Z83: Hemen Randevu İstiyorum | AA83: Görüşüldü | AB83: 44484 | AC83: Görüşüldü | AD83: 44503 | AK83: Hatem Soyaslan | AL83: Zeliha Özer | AP83: Korcan Işık
A84: 605072d894bb4e6e9c7ae633 | B84: Adıyaman Çiğ Köftecisi Kadir Usta, Muratpaşa (Bahçelievler Mah.) | C84: =VLOOKUP(A84,import!A:C,3,0) -> DOĞRU | D84: Çiğ Köfte | E84: =VLOOKUP(A84,import!A:J,5,0) -> 723 | F84: =VLOOKUP(A84,import!A:J,6,0) -> 35 | G84: =VLOOKUP(A84,import!A:J,7,0) -> 6 | H84: =VLOOKUP(A84,import!A:J,8,0) -> 43 | I84: =VLOOKUP(A84,import!A:J,9,0) -> 49 | J84: =VLOOKUP(A84,import!A:J,10,0) -> 0.12 | K84: HATİCE KOCAKAVUK | L84: 5335834338 | M84: Muratpaşa | N84: Bahçelievler | O84: Bahçelievler Mah. Teomanpaşa Cad. No:61 Muratpaşa/ANTALYA | P84: =VLOOKUP(A84,import!A:P,16,0) -> Geleneksel | R84: TRUE | S84: FALSE | T84: Randevu Alındı | U84: Nazmiye Yuka | V84: Ahmet Emeklioğlu | W84: 5064991446 hatice // çekilmeyen 2 ürünü var | X84: 44377 | Y84: 44378 | Z84: İleride Randevu İstiyorum | AA84: Tekrar Aranacak | AB84: 44350 | AC84: Görüşüldü | AD84: 44350 | AE84: Görüşüldü | AF84: 44377 | AG84: Görüşüldü | AH84: 44489 | AK84: Derya Tatlı | AL84: Hatice Özer | AM84: Nazmiye Yuka | AP84: Aşur Can Acar
A85: 601be29ea49ed37df557fb08 | B85: Adıyaman Çiğ Köftecisi Kadir Usta, Muratpaşa (Zerdalilik Mah.) | C85: =VLOOKUP(A85,import!A:C,3,0) -> DOĞRU | D85: Çiğ Köfte | E85: =VLOOKUP(A85,import!A:J,5,0) -> 24 | F85: =VLOOKUP(A85,import!A:J,6,0) | G85: =VLOOKUP(A85,import!A:J,7,0) -> 4 | H85: =VLOOKUP(A85,import!A:J,8,0) -> 11 | I85: =VLOOKUP(A85,import!A:J,9,0) -> 15 | J85: =VLOOKUP(A85,import!A:J,10,0) -> 0.27 | K85: Hüseyin Deniz | L85: 5368988192 | M85: Muratpaşa | N85: Zerdalilik | O85: Zerdalilik Mah. Burhanettin Onat Cad. No 74 | P85: =VLOOKUP(A85,import!A:P,16,0) -> Geleneksel | Q85: 16-25 | R85: TRUE | S85: FALSE | W85: açmadı | AP85: Korcan Işık
A86: 6046593e972cd06025c37dae | B86: Adıyaman Çiğköfte, Muratpaşa (Altındağ Mah.) | C86: =VLOOKUP(A86,import!A:C,3,0) -> DOĞRU | D86: Çiğ Köfte | E86: =VLOOKUP(A86,import!A:J,5,0) -> 2313 | F86: =VLOOKUP(A86,import!A:J,6,0) -> 76 | G86: =VLOOKUP(A86,import!A:J,7,0) -> 17 | H86: =VLOOKUP(A86,import!A:J,8,0) -> 30 | I86: =VLOOKUP(A86,import!A:J,9,0) -> 47 | J86: =VLOOKUP(A86,import!A:J,10,0) -> 0.36 | K86: ÖZGE SOYLU | L86: 5528808585 | M86: Muratpaşa | N86: Altındağ | O86: Altındağ Mah. 100.Yıl Blv. No:35 Muratpaşa/ANTALYA | P86: =VLOOKUP(A86,import!A:P,16,0) -> Geleneksel | R86: TRUE | S86: FALSE | T86: Randevu Alındı | U86: Hatem Soyaslan | V86: Önder Örtel | W86: eksik ürünüm yok dedi. | AA86: Görüşüldü | AB86: 44414 | AK86: Deneme | AP86: Aşur Can Acar
A87: 5fb56e58b7a8af2302e630f5 | B87: Adıyaman Çiğköftecisi (Zafer Mah.) | C87: =VLOOKUP(A87,import!A:C,3,0) -> DOĞRU | D87: Çiğ Köfte | E87: =VLOOKUP(A87,import!A:J,5,0) -> 1232 | F87: =VLOOKUP(A87,import!A:J,6,0) -> 34 | G87: =VLOOKUP(A87,import!A:J,7,0) -> 8 | H87: =VLOOKUP(A87,import!A:J,8,0) -> 21 | I87: =VLOOKUP(A87,import!A:J,9,0) -> 29 | J87: =VLOOKUP(A87,import!A:J,10,0) -> 0.28 | K87: Ahmet Özcan | L87: 5428348976 | M87: Kepez | N87: Zafer | O87: Zafer Mah. Mithat Paşa Cad. Selanik Apt. No:120/B | P87: =VLOOKUP(A87,import!A:P,16,0) -> Geleneksel | Q87: 26-35 | R87: TRUE | S87: FALSE | T87: Randevu Alındı | U87: Zeliha Özer | V87: Engin Akyurt | W87: teyit için arandı çekim gerçekleşti | X87: 44293 | Y87: 44293 | AP87: Aşur Can Acar
A88: 624dcd38325db154bad13525 | B88: Adıyaman Çiğköftecisi Kadir Usta, Kepez (Güneş Mah.) | C88: =VLOOKUP(A88,import!A:C,3,0) -> DOĞRU | D88: Çiğ Köfte | E88: =VLOOKUP(A88,import!A:J,5,0) -> 5 | F88: =VLOOKUP(A88,import!A:J,6,0) -> 5 | G88: =VLOOKUP(A88,import!A:J,7,0) -> 0 | H88: =VLOOKUP(A88,import!A:J,8,0) -> 33 | I88: =VLOOKUP(A88,import!A:J,9,0) -> 33 | J88: =VLOOKUP(A88,import!A:J,10,0) -> 0 | K88: OSMAN YILMAZ | L88: 5495250032 | M88: Kepez | N88: Barış | O88: Barış Mah. 2906 Sk. 21 B Kepez/ANTALYA | P88: =VLOOKUP(A88,import!A:P,16,0) -> Geleneksel | R88: TRUE | S88: FALSE | T88: Ulaşılamadı | W88: meşgule atıyor | AA88: Ulaşılamadı | AB88: 44700 | AK88: Betül Demir
A89: 60537f4205149013ee19d9d9 | B89: Adıyaman Çiğköftesi Resume, Muratpaşa (Muratpaşa Mah.) | C89: =VLOOKUP(A89,import!A:C,3,0) -> DOĞRU | D89: Çiğ Köfte | E89: =VLOOKUP(A89,import!A:J,5,0) -> 389 | F89: =VLOOKUP(A89,import!A:J,6,0) -> 1 | G89: =VLOOKUP(A89,import!A:J,7,0) -> 7 | H89: =VLOOKUP(A89,import!A:J,8,0) -> 3 | I89: =VLOOKUP(A89,import!A:J,9,0) -> 10 | J89: =VLOOKUP(A89,import!A:J,10,0) -> 0.7 | K89: BÜLENT ÇELENK | L89: 5531542702 | M89: Muratpaşa | N89: Muratpaşa | O89: Muratpaşa Mah. 565 sk. No:2 Muratpaşa/ANTALYA | P89: =VLOOKUP(A89,import!A:P,16,0) -> Geleneksel | R89: TRUE | S89: FALSE | T89: Dönüş Yapacak | W89: ileride olabilir belki dediler.ulaşılamadı./açmadı./açmadı.//02422414007 işletmesinin numarası Hatem hanıma dönüş yapıcaklar- DÖNÜŞ YAPACAK / bir hafta şehir dışında dönünce randevu oluşturulacak | AA89: Görüşüldü | AB89: 44350 | AC89: Yetkili Yok | AD89: 44355 | AE89: Ulaşılamadı | AF89: 44356 | AG89: Yetkili Yok | AH89: 44377 | AI89: Görüşüldü | AJ89: 44508 | AK89: Deneme | AL89: Hatice Özer | AM89: Nazmiye Yuka | AN89: Nazmiye Yuka | AO89: Betül Demir | AP89: Aşur Can Acar
A90: 608427514eb0b73259da31b5 | B90: Adıyaman Osmanlı Çiğ Köfte, Serik (Orta Mah.) | C90: =VLOOKUP(A90,import!A:C,3,0) -> DOĞRU | D90: Çiğ Köfte | E90: =VLOOKUP(A90,import!A:J,5,0) -> 870 | F90: =VLOOKUP(A90,import!A:J,6,0) -> 50 | G90: =VLOOKUP(A90,import!A:J,7,0) -> 1 | H90: =VLOOKUP(A90,import!A:J,8,0) -> 23 | I90: =VLOOKUP(A90,import!A:J,9,0) -> 24 | J90: =VLOOKUP(A90,import!A:J,10,0) -> 0.04 | K90: RAMAZAN ZENGİN | L90: 2427125002 | M90: Serik | N90: Yeni | O90: Orta Mah. Pr. Dr. Yaşar Uçar Cad. No:10/B Serik/Antalya | P90: =VLOOKUP(A90,import!A:P,16,0) -> Geleneksel | R90: FALSE | S90: FALSE | AP90: Korcan Işık
A91: 5fc63162e6e547e3398a4f90 | B91: Adıyaman Subaşı Çiğ Köfte (Bayındır Mah.) | C91: =VLOOKUP(A91,import!A:C,3,0) -> DOĞRU | D91: Çiğ Köfte | E91: =VLOOKUP(A91,import!A:J,5,0) -> 63 | F91: =VLOOKUP(A91,import!A:J,6,0) -> 6 | G91: =VLOOKUP(A91,import!A:J,7,0) -> 9 | H91: =VLOOKUP(A91,import!A:J,8,0) -> 17 | I91: =VLOOKUP(A91,import!A:J,9,0) -> 26 | J91: =VLOOKUP(A91,import!A:J,10,0) -> 0.35 | K91: AHMET SÜER | L91: 5322774990 | M91: Muratpaşa | N91: Meltem | O91: Bayındır Mah. Toroslar Cad. Gülşen Eyican Apt. No:68/C Muratpaşa/Antalya | P91: =VLOOKUP(A91,import!A:P,16,0) -> Geleneksel | Q91: 26-35 | R91: TRUE | S91: FALSE | T91: Başka Şubeden Çekilecek | W91: bayram sonrası arancak/dün getiryemek tarafından çekildi dediler/ samsat ev yemekleri ile aynı oyüzden tekrar fotoğraf çekimine gerek yok dedi ahmet bey. | AA91: Tekrar Aranacak | AB91: 44356 | AC91: Tekrar Aranacak | AD91: 44377 | AE91: Görüşüldü | AF91: 44421 | AK91: Nazmiye Yuka | AL91: Nazmiye Yuka | AM91: Deneme | AP91: Korcan Işık
A92: 6177f9d98aa3054ea236a29a | B92: Adıyaman Subaşı Çiğ Köfte, Kepez (Altınova Sinan Mah.) | C92: =VLOOKUP(A92,import!A:C,3,0) -> DOĞRU | D92: Çiğ Köfte | E92: =VLOOKUP(A92,import!A:J,5,0) -> 155 | F92: =VLOOKUP(A92,import!A:J,6,0) -> 18 | G92: =VLOOKUP(A92,import!A:J,7,0) -> 5 | H92: =VLOOKUP(A92,import!A:J,8,0) -> 19 | I92: =VLOOKUP(A92,import!A:J,9,0) -> 24 | J92: =VLOOKUP(A92,import!A:J,10,0) -> 0.21 | K92: MUSTAFA KIZILBOĞA | L92: 5380344911 | M92: Kepez | N92: Altınova Sinan | O92: Altınova Sinan Mah. Kaşlılar sk. No:40 Kepez/ANTALYA | P92: =VLOOKUP(A92,import!A:P,16,0) -> Geleneksel | R92: TRUE | S92: FALSE | T92: Randevu Alındı | U92: Betül Demir | V92: Ahmet Balcı | X92: 44503 | Y92: 44504 | AK92: Betül Demir | AP92: Aşur Can Acar
A93: 619f8fc374a1d1e8af5548bf | B93: Adıyaman Subaşı Çiğ Köfte, Kepez (Yeni Emek Mah.) | C93: =VLOOKUP(A93,import!A:C,3,0) -> DOĞRU | D93: Çiğ Köfte | E93: =VLOOKUP(A93,import!A:J,5,0) -> 39 | F93: =VLOOKUP(A93,import!A:J,6,0) -> 9 | G93: =VLOOKUP(A93,import!A:J,7,0) -> 11 | H93: =VLOOKUP(A93,import!A:J,8,0) -> 7 | I93: =VLOOKUP(A93,import!A:J,9,0) -> 18 | J93: =VLOOKUP(A93,import!A:J,10,0) -> 0.61 | K93: AKINALP RAMAZAN PAMUK | L93: 5424567769 | M93: Kepez | N93: Yeni Emek | O93: Yeni Emek Mah. Ceyhan Cad. No:91 Kepez/ANTALYA | P93: =VLOOKUP(A93,import!A:P,16,0) -> Geleneksel | R93: TRUE | S93: TRUE | W93: öğle ara / ben hepsini çekip mailden atacağım dedi | AA93: Görüşüldü | AB93: 44545 | AK93: Betül Demir | AP93: Aşur Can Acar
A94: 5ff32fa8eeb85d16dacf164e | B94: Adıyaman Subaşı Çiğ Köfte, Kepez (Yeni Mah.) | C94: =VLOOKUP(A94,import!A:C,3,0) -> DOĞRU | D94: Çiğ Köfte | E94: =VLOOKUP(A94,import!A:J,5,0) -> 328 | F94: =VLOOKUP(A94,import!A:J,6,0) -> 10 | G94: =VLOOKUP(A94,import!A:J,7,0) -> 10 | H94: =VLOOKUP(A94,import!A:J,8,0) -> 20 | I94: =VLOOKUP(A94,import!A:J,9,0) -> 30 | J94: =VLOOKUP(A94,import!A:J,10,0) -> 0.33 | K94: GADRİYE ARICAN | L94: 5414877939 | M94: Kepez | N94: Yeni | O94: Yeni Mah. Aliya İzzet Begoviç Cad. No:104/B Kepez/Antalya | P94: =VLOOKUP(A94,import!A:P,16,0) -> Geleneksel | Q94: 16-25 | R94: TRUE | S94: FALSE | T94: Başka Şubeden Çekilecek | W94: alparslan bey dönüş yapacak/istemiyor/ oğlu işe konuşup dönüş sağlayacak /5467598908 boyle bır no yoktur dıyor alparslan beyın esı ıstemedıklerını belırttı/ ürünlerinin çöpe gitmesini istemiyormuş ikna olmadı | AA94: Görüşüldü | AB94: 44405 | AC94: Dönüş Yapacak | AD94: 44491 | AE94: Görüşüldü | AF94: 44495 | AG94: Görüşüldü | AH94: 44503 | AK94: Eylem Ünal | AL94: Betül Demir | AM94: Tuğba Buyur | AN94: Betül Demir | AP94: Aşur Can Acar
A95: 6238e498f3920255bc6b0e2a | B95: Adıyaman Subaşı Çiğ Köfte, Kepez (Yeşiltepe Mah.) | C95: =VLOOKUP(A95,import!A:C,3,0) -> DOĞRU | D95: Çiğ Köfte | E95: =VLOOKUP(A95,import!A:J,5,0) -> 51 | F95: =VLOOKUP(A95,import!A:J,6,0) -> 13 | G95: =VLOOKUP(A95,import!A:J,7,0) -> 9 | H95: =VLOOKUP(A95,import!A:J,8,0) -> 12 | I95: =VLOOKUP(A95,import!A:J,9,0) -> 21 | J95: =VLOOKUP(A95,import!A:J,10,0) -> 0.43 | K95: OKAN TÜRK | L95: 5431070728 | M95: Kepez | N95: Yeşiltepe | O95: Yeşiltepe Mah. Tevfik Fikret Cad. Civelek Apt. No:13/C Kepez/Antalya | P95: =VLOOKUP(A95,import!A:P,16,0) -> Geleneksel | R95: TRUE | S95: FALSE | T95: Randevu Alındı | U95: Zeliha Özer | V95: Ahmet Balcı | X95: 44649 | Y95: 44653 | AA95: Görüşüldü | AB95: 44649 | AK95: Zeliha Özer
A96: 614eea06f3b406f9fb0afaba | B96: Adıyaman Subaşı Çiğ Köfte, Muratpaşa (Güvenlik Mah.) | C96: =VLOOKUP(A96,import!A:C,3,0) -> DOĞRU | D96: Çiğ Köfte | E96: =VLOOKUP(A96,import!A:J,5,0) -> 757 | F96: =VLOOKUP(A96,import!A:J,6,0) -> 27 | G96: =VLOOKUP(A96,import!A:J,7,0) -> 22 | H96: =VLOOKUP(A96,import!A:J,8,0) -> 11 | I96: =VLOOKUP(A96,import!A:J,9,0) -> 33 | J96: =VLOOKUP(A96,import!A:J,10,0) -> 0.67 | K96: HASAN SOYVURAL | L96: 5435412017 | M96: Muratpaşa | N96: Güvenlik | O96: Güvenlik Mah. 281 Sk. No:24/B Muratpaşa/Antalya | P96: =VLOOKUP(A96,import!A:P,16,0) -> Geleneksel | R96: TRUE | S96: FALSE | T96: Randevu Alındı | U96: Hatem Soyaslan | V96: Önder Örtel | X96: 44496 | Y96: 44497 | AA96: Ulaşılamadı | AB96: 44473 | AC96: Ulaşılamadı | AD96: 44477 | AE96: Tekrar Aranacak | AF96: 44480 | AG96: Ulaşılamadı | AH96: 44496 | AI96: Görüşüldü | AJ96: 44496 | AK96: Hatem Soyaslan | AL96: Hatem Soyaslan | AM96: Tuğba Buyur | AN96: Hatem Soyaslan | AO96: Hatem Soyaslan | AP96: Korcan Işık
A97: 6017f446d32da6d3cad22f5a | B97: Adıyaman Subaşı Çiğ Köfte, Muratpaşa (Sedir Mah.- Çallı) | C97: =VLOOKUP(A97,import!A:C,3,0) -> DOĞRU | D97: Çiğ Köfte | E97: =VLOOKUP(A97,import!A:J,5,0) -> 178 | F97: =VLOOKUP(A97,import!A:J,6,0) -> 9 | G97: =VLOOKUP(A97,import!A:J,7,0) -> 8 | H97: =VLOOKUP(A97,import!A:J,8,0) -> 3 | I97: =VLOOKUP(A97,import!A:J,9,0) -> 11 | J97: =VLOOKUP(A97,import!A:J,10,0) -> 0.73 | K97: Neslihan Temel | L97: 2423461017 | M97: Muratpaşa | N97: Sedir | O97: Sedir Mah. Vatan Blv. No 22 B | P97: =VLOOKUP(A97,import!A:P,16,0) -> Geleneksel | Q97: 0-15 | R97: TRUE | S97: TRUE | T97: Başka Şubeden Çekilecek | W97: Mail atacak/mail adresi tekrar verildi fotoğrafların gönderimini sağlarım dedi. | AA97: Ulaşılamadı | AB97: 44386 | AC97: Görüşüldü | AD97: 44412 | AK97: Eylem Ünal | AL97: Deneme | AP97: Aşur Can Acar
A98: 60ec3f450c1947237b91051d | B98: Adıyaman Subaşı Çiğ Köfte, Muratpaşa (Yıldız Mah.) | C98: =VLOOKUP(A98,import!A:C,3,0) -> DOĞRU | D98: Çiğ Köfte | E98: =VLOOKUP(A98,import!A:J,5,0) -> 1335 | F98: =VLOOKUP(A98,import!A:J,6,0) -> 97 | G98: =VLOOKUP(A98,import!A:J,7,0) -> 13 | H98: =VLOOKUP(A98,import!A:J,8,0) -> 35 | I98: =VLOOKUP(A98,import!A:J,9,0) -> 48 | J98: =VLOOKUP(A98,import!A:J,10,0) -> 0.27 | K98: ALİ CANPOLAT | L98: 2423453336 | M98: Muratpaşa | N98: Yıldız | O98: Yıldız Mah. Yıldız Cad. No:44 Muratpaşa/Antalya | P98: =VLOOKUP(A98,import!A:P,16,0) -> Geleneksel | R98: TRUE | S98: FALSE | T98: Randevu Alındı | U98: Edanur Türkkan | V98: Ergin Avcı | W98: TÜM ÜRÜNLER ÇEKİLMİŞ | X98: 44411 | Y98: 44414 | AA98: Görüşüldü | AB98: 44403 | AC98: Tekrar Aranacak | AD98: 44405 | AE98: Görüşüldü | AF98: 44405 | AG98: Görüşüldü | AH98: 44407 | AI98: Görüşüldü | AJ98: 44421 | AK98: Hatem Soyaslan | AL98: Hatem Soyaslan | AM98: Nazlıcan Dinçer | AN98: Hatem Soyaslan | AO98: Edanur Türkkan | AP98: Korcan Işık
A99: 6204ff5681c92ba6726ae84b | B99: Adıyaman Subaşı Çiğ Köfte, Serik (Merkez Mah.) | C99: =VLOOKUP(A99,import!A:C,3,0) -> DOĞRU | D99: Çiğ Köfte | E99: =VLOOKUP(A99,import!A:J,5,0) -> 64 | F99: =VLOOKUP(A99,import!A:J,6,0) -> 15 | G99: =VLOOKUP(A99,import!A:J,7,0) -> 0 | H99: =VLOOKUP(A99,import!A:J,8,0) -> 6 | I99: =VLOOKUP(A99,import!A:J,9,0) -> 6 | J99: =VLOOKUP(A99,import!A:J,10,0) -> 0 | K99: CELAL ÇAYIR | L99: 5303669644 | M99: Serik | N99: Orta 2. Bölge | O99: Orta mahalle işler cad no 50 iç kapı no 4 Serik Antalya | P99: =VLOOKUP(A99,import!A:P,16,0) -> Geleneksel | R99: FALSE | S99: FALSE
A100: 61cf73f2c211a25b42d9e961 | B100: Adıyamanlı Çiğ Köfte Erkan Usta, Alanya (Güllerpınarı Mah.) | C100: =VLOOKUP(A100,import!A:C,3,0) -> DOĞRU | D100: Çiğ Köfte | E100: =VLOOKUP(A100,import!A:J,5,0) -> 139 | F100: =VLOOKUP(A100,import!A:J,6,0) -> 27 | G100: =VLOOKUP(A100,import!A:J,7,0) -> 9 | H100: =VLOOKUP(A100,import!A:J,8,0) -> 16 | I100: =VLOOKUP(A100,import!A:J,9,0) -> 25 | J100: =VLOOKUP(A100,import!A:J,10,0) -> 0.36 | K100: ALPEREN TEKİN | L100: 5521563200 | M100: Alanya | N100: Kadıpaşa | O100: Kadıpaşa Mah. İkizler Sk. Kutup Apt. No 26, Alanya | P100: =VLOOKUP(A100,import!A:P,16,0) -> Geleneksel | R100: FALSE | S100: FALSE
...

Sheet Takvim
A1: =E1 -> ID | B1: Hedef İlçeler | C1: TARİH | D1: Randevu Alan | E1: ID | F1: RESTORAN | G1: SAAT | H1: İLÇE / MAHALLE | I1: YETKİLİ KİŞİ / TELEFON | J1: ADRES | K1: Notlar | L1: Fotoğraf Adeti | M1: Toplam Ürün | N1: Şubeli | O1: İptal
A2: =E2 | C2: 44270
A3: =E3 | B3: Kepez Konyaaltı Muratpaşa
A4: =E4 -> 601aa203f0cf7b1acfa2a62d | C4: Ahmet Can Mülayim | D4: Beyza gülşah | E4: 601aa203f0cf7b1acfa2a62d | F4: Hakan Usta Çorba & Döner, Muratpaşa (Güllük Mah.) | G4: 12.00 | H4: Muratpaşa/Kızılsaray | I4: Yener bey/5526969609 | J4: Kızılsaray Mah. Anafartalar Cad. Tuna Apt. No:68/B Muratpaşa/Antalya | L4: 24 | M4: =VLOOKUP(E4,'Hedef Liste'!A:J,9,0) -> #N/A
A5: =E5 -> 5fe5918c1a12f955ddf7caa7 | C5: Ahmet Can Mülayim | D5: Beyza gülşah | E5: 5fe5918c1a12f955ddf7caa7 | F5: Başak Pide & Lahmacun, Muratpaşa (Etiler Mah.) | G5: 0.58333333 | H5: Muratpaşa/Muratpaşa | I5: İlkay bey/2422449154 | J5: Muratpaşa Mah. 564 Sk. No:38/C Muratpaşa/Antalya | M5: =VLOOKUP(E5,'Hedef Liste'!A:J,9,0) -> 31
A6: =E6 -> 5ff2da3ee97c0d6355d27827 | C6: Ahmet Can Mülayim | D6: Beyza gülşah | E6: 5ff2da3ee97c0d6355d27827 | F6: Antalya Ht Pide & Kebap & Lahmacun, Muratpaşa (Kızılsaray Mah.) | G6: 16.00 | H6: Muratpaşa/Kızılsaray | I6: Haşim bey/2422480007 | J6: kızılsaray mahallesi 76 sokak demir apt. no27/B muratpaşa Antalya | L6: 8 | M6: =VLOOKUP(E6,'Hedef Liste'!A:J,9,0) -> #N/A
A7: =E7 -> 601915862a3726165912b983 | C7: Ahmet Can Mülayim | D7: Beyza gülşah | E7: 601915862a3726165912b983 | F7: Gelatte, Muratpaşa (Kapalıyol Mah.) | G7: 17.30 | H7: Muratpaşa/Kızılsaray | I7: Hacer hanım/2422282333 | J7: Kızılsaray Mah. Şarampol Cd. No:1 Muratpaşa/Antalya | K7: Adres:bazı yerlerde şu şekilde görünüyor: Kazım Özalp Cad. Elmalı Mah. No:1 | L7: 26 | M7: =VLOOKUP(E7,'Hedef Liste'!A:J,9,0) -> 50
A8: =E8
A9: =E9 | B9: ÇARŞAMBAYA ERTELENECEK
A10: =E10
A11: =E11
A12: =E12
A13: =E13
A14: =E14
A15: =E15 -> 5fa124f4e5cea0023bb0d57b | B15: Konyaaltı Muratpaşa | C15: Kaan Soytürk | D15: Özlem gümüş | E15: 5fa124f4e5cea0023bb0d57b | F15: Dürümcü Bedir Usta , Konyaaltı (Liman Mah.) | G15: 0.4375 | H15: Konyaaltı/Liman | I15: Mehmet / 5075130984 | J15: Liman Mah. 32. Sk.3B | M15: =VLOOKUP(E15,'Hedef Liste'!A:J,9,0) -> 14
A16: =E16 -> 5f8445a9ec14c4f567032b72 | C16: Kaan Soytürk | D16: Özlem gümüş | E16: 5f8445a9ec14c4f567032b72 | F16: Urfa Sultan Sofrası, Konyaaltı (Liman Mah.) | G16: 14.00 | H16: Konyaaltı/ Liman | I16: Ali/ 2422593304 | J16: Liman, Liman Mah. Boğaçay Cad, Erhan Apt 63/B, 07130 Konyaaltı/Antalya | M16: =VLOOKUP(E16,'Hedef Liste'!A:J,9,0) -> 65
A17: =E17 -> 6023457ef981397be13b5287 | C17: Kaan Soytürk | D17: Özlem gümüş | E17: 6023457ef981397be13b5287 | F17: Han Döner, Konyaaltı (Liman Mah.) | G17: 16.00 | H17: Konyaaltı/Liman | I17: Cantürk/ 2422593459 | J17: Liman mahallesi Akdeniz Bulvarı 278 C | M17: =VLOOKUP(E17,'Hedef Liste'!A:J,9,0) -> 34
A18: =E18 -> 5f50ef2902f0631f92f2b317 | C18: Kaan Soytürk | D18: Özlem gümüş | E18: 5f50ef2902f0631f92f2b317 | F18: Urfa Sultan Sofrası (Hurma Mah.) | G18: 0.72916667 | H18: Konyaaltı/ Hurma | I18: Mehmet Bey/ 0532 428 0763 | J18: Hurma, Boğaçay Cd. 86/A, 07130 Konyaaltı/Antalya | M18: =VLOOKUP(E18,'Hedef Liste'!A:J,9,0) -> 63
A19: =E19
A20: =E20
A21: =E21 | C21: 44271
A22: =E22 -> 5fe5918c1a12f955ddf7caa7 | B22: Kepez Konyaaltı Muratpaşa | C22: Ahmet Can Mülayim | D22: Beyza gülşah | E22: 5fe5918c1a12f955ddf7caa7 | F22: Başak Pide & Lahmacun, Muratpaşa (Etiler Mah.) | G22: 0.58333333 | H22: Muratpaşa/Muratpaşa | I22: İlkay bey/2422449154 | J22: Muratpaşa Mah. 564 Sk. No:38/C Muratpaşa/Antalya | M22: =VLOOKUP(E22,'Hedef Liste'!A:J,9,0) -> 31
A23: =E23 -> 5fa50b7051c1c4a31fdfce68 | C23: Ahmet Can Mülayim | D23: Beyza gülşah | E23: 5fa50b7051c1c4a31fdfce68 | F23: Bi Lezzet , Konyaaltı (Altınkum mah.) | G23: 12.00 | H23: Konyaaltı/Altınkum | I23: Aysel hanım/2422291234 | J23: Altınkum Mah. 448 Sk. No: 1/B | L23: 32 | M23: =VLOOKUP(E23,'Hedef Liste'!A:J,9,0) -> 10
A24: =E24 -> 5fc78cf8492cf9585db7f161 | C24: Ahmet Can Mülayim | D24: Beyza gülşah | E24: 5fc78cf8492cf9585db7f161 | F24: Harika Simit (Altınkum Mah.) | G24: 14.00 | H24: Konyaaltı/Altınkum | I24: Arif bey/5433461666 | J24: Altınkum Mah. Kuşçu Apt 450. Sk. No:3 07070 Konyaaltı/Antalya | K24: Adres gitmeden aranıp sorulacak | L24: 16 | M24: =VLOOKUP(E24,'Hedef Liste'!A:J,9,0) -> #N/A
A25: =E25 -> 5fc4aa314073e31cb6b797bb | C25: Ahmet Can Mülayim | D25: Beyza gülşah | E25: 5fc4aa314073e31cb6b797bb | F25: Charlotte Pastane & Fırın (Altınkum Mah.) | G25: 16.00 | H25: Konyaaltı/Altınkum | I25: Mehmet Mert bey/ 02423123456/2422302526 | J25: Altınkum Mah. Atatürk Bulv. İbrahim Ak Apt. No:134/A Konyaaltı/Antalya | L25: 50 | M25: =VLOOKUP(E25,'Hedef Liste'!A:J,9,0) -> #N/A
A26: =E26 -> 5ff7dbf9292a6106c2b160e2 | C26: Ahmet Can Mülayim | D26: Beyza gülşah | E26: 5ff7dbf9292a6106c2b160e2 | F26: Gözleme Mantı & Çorba 06 , Konyaaltı (Altınkum Mah.) | G26: 17.30 | H26: Konyaaltı/Altınkum | I26: Cahide Uğurlu/2422302244 | J26: Altınkum, özlem apartmanı, 431. Sk. 10/A | L26: 28
A27: =E27
A28: =E28 -> 5fd4c1f414bd8861dcaabc66 | B28: ERTELENECEK | D28: Özlem arslan | E28: 5fd4c1f414bd8861dcaabc66 | F28: Avşar Tantuni (Arapsuyu Mah.) | G28: 0.4375 | H28: Konyaaltı Arapsuyu | I28: Osman Avşar/2422302133 | J28: Arapsuyu Mah. Atatürk Blv. 5M Migros AVM | L28: numara düşmüyor direk kapanıyor
A29: =E29
A30: =E30
A31: =E31
A32: =E32
A33: =E33
A34: =E34 -> 5f9dd416e5cea08c88b0b572 | B34: Konyaaltı Muratpaşa | C34: Kaan Soytürk | D34: Özlem gümüş | E34: 5f9dd416e5cea08c88b0b572 | F34: Baraqah Cafe & Bistro , Konyaaltı (Hurma Mah.) | G34: 0.4375 | H34: Konyaaltı/ Hurma | I34: İlyas / 2425040404 | J34: Hurma Mah. 37. Cad. (Hurma Cad.) No: 37 | K34: Ustası yokmuş | M34: =VLOOKUP(E34,'Hedef Liste'!A:J,9,0) -> #N/A | N34: hedefg listede bulınamadı
A35: =E35 -> 5ff588f8fd7f0a6a810c62bf | C35: Kaan Soytürk | D35: Özlem gümüş | E35: 5ff588f8fd7f0a6a810c62bf | F35: Torku Ziyafet Döner, Konyaaltı (Liman Mah.) | G35: 0.5 | H35: Konyaaltı/ Liman | I35: Buğrahan / 05546299234 | J35: Liman Mahallesi Atatürk Bulvarı No:224/1 Konyaaltı-Antalya | K35: 15 ürün çıkartamam şuan ben sizi arıycam dedi | M35: =VLOOKUP(E35,'Hedef Liste'!A:J,9,0) -> 47
A36: =E36 -> 5f909d089d51bfe47d29ddf7 | C36: Kaan Soytürk | D36: Özlem gümüş | E36: 5f909d089d51bfe47d29ddf7 | F36: Yamaçoba Restoran | G36: 0.58333333 | H36: Konyaaltı/ Liman | I36: Dilek/ 2422595040 | J36: Liman Mah. Atatürk Bulv. Heniye Hnm. Apt. No: 283 / B | K36: Ustası İstanbul'a gitmiş | M36: =VLOOKUP(E36,'Hedef Liste'!A:J,9,0) -> #N/A | N36: hedef listede bulunamadı
A37: =E37 -> 604338c695464a8594840860 | C37: Kaan Soytürk | D37: Özlem gümüş | E37: 604338c695464a8594840860 | F37: Ayvalık Tost, Konyaaltı (Liman Mah.) | G37: 16:00 | H37: Konyaaltı/ Liman | I37: Halil/ 2422596663 | J37: Liman Mah. Atatürk Bulv. No:206/A Konyaaltı/ANTALYA | M37: =VLOOKUP(E37,'Hedef Liste'!A:J,9,0) -> 84
A38: =E38
A39: =E39
A40: =E40 | B40: Alanya
A41: =E41 -> 603c20fb982a67ec430ae8dc | C41: Emrah Sarı | D41: Kadriye Polat | E41: 603c20fb982a67ec430ae8dc | F41: Chiko Pide & Kebap, Alanya (Okurcalar Mah.) | G41: 12:30 | H41: Alanya/Okurcalar | I41: Mehmet Karaca/5526525507 | J41: Okurcalar Mahallesi Alara Grand Bazaar CHİKO pide&kebab | L41: fotoğrafçı işten çıkmış | M41: =VLOOKUP(E41,'Hedef Liste'!A:J,9,0) -> #N/A | N41: hedef listede bulunamadı
A42: =E42 -> 603c32299ae2e82a73337f27 | C42: Emrah Sarı | D42: Kadriye Polat | E42: 603c32299ae2e82a73337f27 | F42: Aksu Köfte & Piyaz, Alanya (Güllerpınarı Mah.) | G42: 16:00 | H42: Alanya/Güller Pınarı | I42: Asiye İnkaya/2425136800 | J42: hasan akçalıoğlu cad. güllerpınarı mah. ismi sok. aksu köfte piyaz 14/a Antalya/Alanya | L42: fotoğrafçı işten çıkmış | M42: =VLOOKUP(E42,'Hedef Liste'!A:J,9,0) -> 9
A43: =E43 -> 602636f92f6cd8dc817da084 | C43: Emrah Sarı | D43: Kadriye Polat | E43: 602636f92f6cd8dc817da084 | F43: İsos Döner, Alanya (Saray Mah.) | G43: 14:30 | H43: Alanya/Saray | I43: ALİ RIZA HÜRREMOĞLU/2425120102 | J43: Saray Mah. Gülen Sok. No:6 Alanya/Antalya | L43: fotoğrafçı işten çıkmış | M43: =VLOOKUP(E43,'Hedef Liste'!A:J,9,0) -> 18
A44: =E44 -> 602e88cab868aa4d22f76042 | C44: Emrah Sarı | D44: Kadriye Polat | E44: 602e88cab868aa4d22f76042 | F44: Gönlübol Ocakbaşı, Alanya (Kızlarpınarı Mah.) | G44: 17:30 | H44: Alanya/Kızlar Pınarı | I44: AYDIN KAYA/2425130701 | J44: Kızlar Pınarı Mah. Mehmet Akif Ersoy Cad. No:42/D Alanya/ANTALYA | L44: fotoğrafçı işten çıkmış | M44: =VLOOKUP(E44,'Hedef Liste'!A:J,9,0) -> #N/A | N44: hedef listede yanlışa çevrilmiş
A45: =E45
A46: =E46 | C46: 44272
A47: =E47 -> 5fc627db6b8a2f0edfd5e81b | B47: Kepez Konyaaltı Muratpaşa | C47: Ahmet Can Mülayim | E47: 5fc627db6b8a2f0edfd5e81b | F47: Nur Pastanesi , Konyaaltı (Pınarbaşı Mah.) | G47: 0.5 | H47: Konyaaltı Arapsuyu | I47: Emine Taşar/2422296565 | J47: Pınarbaşı Mah. Pınarbaşı Cad. Kazım Tabur Apt. No:6 | L47: 97 | M47: =VLOOKUP(E47,'Hedef Liste'!A:J,9,0) -> 121
A48: =E48 -> 6004eec557c43114cf03c893 | C48: Ahmet Can Mülayim | D48: Özlem arslan | E48: 6004eec557c43114cf03c893 | F48: Sembol Lahmacun & Pide & Kebap, Konyaaltı (Arapsuyu Mah.) | G48: 0.58333333 | H48: Konyaaltı Arapsuyu | I48: Recep Kılınç/2422262263 | J48: Arapsuyu Mah. Arapsuyu Cad. No 26 C | L48: 17 | M48: =VLOOKUP(E48,'Hedef Liste'!A:J,9,0) -> 28
A49: =E49 -> 5fcd8f3fa68bfd135b232d26 | C49: Ahmet Can Mülayim | D49: Ezgi Turan | E49: 5fcd8f3fa68bfd135b232d26 | F49: Mandalina Cafe & Bistro (Arapsuyu Mah.) | G49: 0.66666667 | H49: Konyaaltı Arapsuyu | I49: fuat bey /2422299000 | J49: Arapsuyu Mah. Arapsuyu Cad. Deniz Apt. No 31 | K49: 1 hafta sonra yemeklerle ilgili güncelleme olucak bundan dolayı erteleme | M49: =VLOOKUP(E49,'Hedef Liste'!A:J,9,0) -> 63
A50: =E50 -> 603a66dc303c95666c2f8714 | C50: Ahmet Can Mülayim | D50: Kadriye Polat | E50: 603a66dc303c95666c2f8714 | F50: Har Döner, Konyaaltı (Toros Mah.) | G50: 17:30 | H50: Konyaaltı Toros | I50: Volkan Erdem Alyanak/2422295522 | J50: Toros Mah. Üniversite Cad. N0 56 A | L50: 9 | M50: =VLOOKUP(E50,'Hedef Liste'!A:J,9,0) -> 7
A51: =E51
A52: =E52
A53: =E53 -> 5ff2da3ee97c0d6355d27827 | B53: Konyaaltı Muratpaşa | C53: Tuba Diker | D53: Kadriye Polat | E53: 5ff2da3ee97c0d6355d27827 | F53: Antalya Ht Pide & Kebap & Lahmacun, Muratpaşa (Kızılsaray Mah.) | G53: 0.45833333 | H53: Muratpaşa/Meltem | I53: AYDIN İNAN /2422384867 | J53: Meltem Mahallesi 8.Cd. No:9 Antalyaspor Stadı Altı Muratpaşa/ANTALYA | M53: =VLOOKUP(E53,'Hedef Liste'!A:J,9,0) -> #N/A | N53: hdef listede bulunamadı
A54: =E54 -> 5fd0c9e69c74d697eb306b23 | C54: Tuba Diker | D54: Ezgi Turan | E54: 5fd0c9e69c74d697eb306b23 | F54: Coffee's (Meltem Mah.) | G54: 0.52083333 | H54: Muratpaşa Meltem | I54: SELAMİ EROĞLU 5320131974 | J54: Meltem, Sahil Antalya Yaşam Parkı, Beach Park No: 10/31, 07030 Muratpaşa/Antalya | M54: =VLOOKUP(E54,'Hedef Liste'!A:J,9,0) -> #N/A | N54: hedef listede bulunamadı
A55: =E55 -> 5fbe08bc213cdb28556d66f5 | C55: Tuba Diker | D55: Kadriye Polat | E55: 5fbe08bc213cdb28556d66f5 | F55: Meşhur Dönerci Aydın Usta (Meltem Mah.) | G55: 0.60416667 | H55: Muratpaşa/Meltem | I55: AYDIN İNAN / 2422384867 | J55: Meltem Mahallesi 8.Cd. No:9 Antalyaspor Stadı Altı Muratpaşa/ANTALYA | K55: çekim gerçekleşmiş | M55: =VLOOKUP(E55,'Hedef Liste'!A:J,9,0) -> 16
A56: =E56 -> 5f841f9a2e67e56b126941ab | C56: Tuba Diker | D56: Ezgi Turan | E56: 5f841f9a2e67e56b126941ab | F56: Waffle Se7en, Meltem | G56: 16:30 | H56: Muratpaşa Meltem | I56: UMUT DOST/5050859303 | J56: Tarık Akıltopu Cad., No:15, Muratpaşa, Antalya, Türkiye, | M56: =VLOOKUP(E56,'Hedef Liste'!A:J,9,0) -> 9
A57: =E57 -> 5fd758a4216a5a34591863ef | C57: Tuba Diker | D57: Kadriye Polat | E57: 5fd758a4216a5a34591863ef | F57: Bi Dana Döner, Muratpaşa (Barbaros/Kaleiçi Mah.) | G57: 17:30 | H57: Muratpaşa/Barbaros | I57: SELÇUK KÜPELİ/2422475566 | J57: Barbaros Mah. Atatürk Cad. No:33/C Muratpaşa/Antalya | M57: =VLOOKUP(E57,'Hedef Liste'!A:J,9,0) -> #N/A
A58: =E58
A59: =E59 | B59: Alanya
A60: =E60 -> 5fc65f74e3a84d334d680c44 | C60: Emrah Sarı | D60: Kadriye Polat | E60: 5fc65f74e3a84d334d680c44 | F60: Kerembey Börekçilik (Bahçelievler Mah.) | G60: 10.30 | H60: Muratpaşa/Bahçelievler | I60: GÜLHAN GÜZELYURT /2422436933 | J60: Bahçelievler Mah. Pamir Cad. Kıncı Apt. No:14/B Muratpaşa/Antalya | L60: fotoğrafçı işten çıkmış | M60: =VLOOKUP(E60,'Hedef Liste'!A:J,9,0) -> #N/A
A61: =E61 -> 6037a88166fc6063b0a0d41f | C61: Emrah Sarı | D61: Kadriye Polat | E61: 6037a88166fc6063b0a0d41f | F61: Alican Kebap & Pide, Alanya (Mahmutlar Mah.) | G61: 0.60416667 | H61: Alanya / Mahmutlar | I61: Pınar Alican/5456116729 | J61: Barış Cad. 4 B | L61: fotoğrafçı işten çıkmış | M61: =VLOOKUP(E61,'Hedef Liste'!A:J,9,0) -> 45
A62: =E62 -> 603c06cad6d0ada588914384 | C62: Emrah Sarı | D62: Kadriye Polat | E62: 603c06cad6d0ada588914384 | F62: Mini Vitamin Cafe & Kebap Evi, Alanya (Oba Mah.) | G62: 16:00 | H62: Alanya/Oba 1. Bölge | I62: Nazife Sezgin/2425140049 | J62: Oba mahallesi obagöl mevkii Mesut otel caddesi 36/a Alanya/Antalya | L62: fotoğrafçı işten çıkmış | M62: =VLOOKUP(E62,'Hedef Liste'!A:J,9,0) -> 24
A63: =E63 -> 5ff47e208365abca93906e39 | C63: Emrah Sarı | D63: Kadriye Polat | E63: 5ff47e208365abca93906e39 | F63: Naula Gurme, Alanya (Mahmutlar Mah.) | G63: 17:30 | H63: Alanya/Mahmutlar | I63: ZEYNEP KASAP/5535071685 | J63: Naula harabeleri girişi | L63: fotoğrafçı işten çıkmış | M63: =VLOOKUP(E63,'Hedef Liste'!A:J,9,0) -> 14 | N63: hedef listede yanlışa çevrilmiş
A64: =E64
A65: =E65 | C65: 44273
A66: =E66 -> 5fd6887fcba35df6fed19865 | B66: Kepez Konyaaltı Muratpaşa | C66: Ahmet Can Mülayim | D66: Kadriye Polat | E66: 5fd6887fcba35df6fed19865 | F66: Ethembey Börek Dükkanı (Öğretmenevleri Mah.) | G66: 10.00 | H66: Konyaaltı/Öğretmenevleri | I66: Ethem Uğuz/2422282121 | J66: Öğretmenevleri Mah. 935 Sk. No 4 | K66: 0-15 | L66: 2 | M66: =VLOOKUP(E66,'Hedef Liste'!A:J,9,0) -> 9
A67: =E67 -> 5f50edcfa8493a29f6ec5b5f | C67: Ahmet Can Mülayim | D67: Özlem gümüş | E67: 5f50edcfa8493a29f6ec5b5f | F67: Pizza Stockholm, Hurma | G67: 0.5 | H67: Konyaaltı/Hurma | I67: Uğur/ 05054970742 | J67: Hurma, 195 Sk Polat Apt D:26/B, 07130 Konyaaltı/Antalya | K67: 2 personeli kaza yapmış erteleme talep etti haftaya aranacak. | M67: =VLOOKUP(E67,'Hedef Liste'!A:J,9,0) -> 67
A68: =E68 -> 5fc7a5e943628c28d36f5975 | C68: Ahmet Can Mülayim | D68: Kadriye Polat | E68: 5fc7a5e943628c28d36f5975 | F68: Gurme Meze Evi, Konyaaltı (Öğretmenevleri) | G68: 14.00 | H68: Konyaaltı /Öğretmenevleri | I68: HATİCE AYSUN SERT/5372723075 | J68: Öğretmenevleri Mah. Öğretmenler Cad. Maviköy Sitesi D:c blok No:2, 07100 Konyaaltı/Antalya | K68: (PAZARTESİ SAAT 13:00 İSTİYOR) | M68: =VLOOKUP(E68,'Hedef Liste'!A:J,9,0) -> 22
A69: =E69 -> 5f843ba72e67e5714769448c | C69: Ahmet Can Mülayim | D69: Kadriye Polat | E69: 5f843ba72e67e5714769448c | F69: Meşhur Bizim Tostçu (Altınkum Mah.) | G69: 16.00 | H69: Konyaaltı/Altınkum | I69: Celalettin Karaman /2422280715 | J69: Altınkum, Gözde Apt, 432. Sk. D:11, 07070 Konyaaltı/Antalya | L69: (ACİL İŞİ ÇIKMIŞ) | M69: =VLOOKUP(E69,'Hedef Liste'!A:J,9,0) -> 22
A70: =E70
A71: =E71
A72: =E72 -> 5fb78bf06a0b21337ff02aee | B72: Konyaaltı Muratpaşa | C72: Kaan Soytürk | D72: Kadriye Polat | E72: 5fb78bf06a0b21337ff02aee | F72: Osmanlı Serpme Börek , Konyaaltı (Siteler Mah.) | G72: 0.4375 | H72: Kepez/Avni Tolunay | I72: Feride Dönmez/2429992930 | J72: Siteler Mah. Hürriyet Cad. | M72: =VLOOKUP(E72,'Hedef Liste'!A:J,9,0) -> 9
A73: =E73 | F73: Araya randevu alınmayacak | M73: =VLOOKUP(E73,'Hedef Liste'!A:J,9,0) -> #N/A
A74: =E74 | M74: =VLOOKUP(E74,'Hedef Liste'!A:J,9,0) -> #N/A
A75: =E75 -> 60378301f539a036fb059534 | C75: Kaan Soytürk | D75: Kadriye Polat | E75: 60378301f539a036fb059534 | F75: Sinem Hanımın Köfteleri, Kepez (Ahatlı Mah.) | G75: 16:00 | H75: Kepez/Ahatlı | I75: ÖMER BİLİM/5528885020 | J75: Ahatlı mahallesi ulusoy caddesi beşler apartmanı no:104/a | M75: =VLOOKUP(E75,'Hedef Liste'!A:J,9,0) -> #N/A
A76: =E76
A77: =E77
A78: =E78 | B78: Konyaaltı Muratpaşa
A79: =E79 -> 5ff5e616a76df6458fba3587 | C79: Tuba Diker | D79: Ezgi Turan | E79: 5ff5e616a76df6458fba3587 | F79: Sivas Cem Pide, Muratpaşa (Bayındır Mah.) | G79: 0.45833333 | H79: Muratpaşa Meltem | I79: CEM İNGÜN 2422380758 | J79: Bayındır Mah. 329 Sk. Arınur Apt. No:4/A Muratpaşa/Antalya | K79: (SALIYA ERTELENDİ) | M79: =VLOOKUP(E79,'Hedef Liste'!A:J,9,0) -> 30
A80: =E80 -> 5ff2c9f0333ef54dfdb02cb1 | C80: Tuba Diker | D80: Kadriye Polat | E80: 5ff2c9f0333ef54dfdb02cb1 | F80: Sivas Sofrası (Şirinyalı Mah.) | G80: 0.60416667 | H80: Muratpaşa/Kırcami | I80: LEYLA GÜNDÜZ YILMAZ/2423210758 | J80: Kırcami Mah. 1804 Sk. No:1/2 Muratpaşa/Antalya | K80: (İPTAL // ÇOK UZUN SÜRER O KADAR ÜRÜN ÇIKARAMAM DEDİ)) / devir olmuş yeni yerde istemiyor çekim | M80: =VLOOKUP(E80,'Hedef Liste'!A:J,9,0) -> #N/A
A81: =E81 -> 5ff6ce58e348f66c27a1b2bb | C81: Tuba Diker | D81: Kadriye Polat | E81: 5ff6ce58e348f66c27a1b2bb | F81: Çorbacı Şemsi, Muratpaşa (Kırcami Mah.) | G81: 16:00 | H81: Muratpaşa / Zümrütova | I81: GÖKHAN AKARCA /2423239141 | J81: Zümrütova Mah. Sinanoğlu Cd. No:41/B Muratpaşa/Antalya | K81: (SALIYA ERTELENDİ) / çekime gidilmemiş | M81: =VLOOKUP(E81,'Hedef Liste'!A:J,9,0) -> #N/A
A82: =E82 -> 5ff981011f40a3f3b390f4f9 | C82: Tuba Diker | D82: Kadriye Polat | E82: 5ff981011f40a3f3b390f4f9 | F82: Özyurt Mutfağı Izgara & Pide, Muratpaşa (Meydankavağı Mah.) | G82: 17:30 | H82: Muratpaşa/Meydankavağı | I82: TAYLAN ÖZKAN/2423110062 | J82: Meydankavağı Mh. İsmail Cem Caddesi No:56/A, 07200 Muratpaşa/Antalya | K82: (PAZARTESİ 17,30 A İSTEDİ) | M82: =VLOOKUP(E82,'Hedef Liste'!A:J,9,0) -> 52
A83: =E83
A84: =E84 | C84: 44274
A85: =E85 -> 5fc4f237125c2a5c9a5e05f8 | B85: Kepez Konyaaltı Muratpaşa | C85: Ahmet Can Mülayim | D85: Kadriye Polat | E85: 5fc4f237125c2a5c9a5e05f8 | F85: İki Kerebiç (Siteler Mah.) | G85: 0.45833333 | H85: Konyaaltı/Siteler | I85: MEHMET ALİ HAVLE/5543492541 | J85: Balbey mah. İsmet paşa cad. no:16/F | L85: 10 | M85: =VLOOKUP(E85,'Hedef Liste'!A:J,9,0) -> #N/A
A86: =E86 -> 5fc9fef81b6cf60ff6396db5 | C86: Ahmet Can Mülayim | D86: Kadriye Polat | E86: 5fc9fef81b6cf60ff6396db5 | F86: İlhan Börek & Cafe (Uncalı Mah.) | G86: 0.58333333 | H86: Konyaaltı/Uncalı | I86: Senem Yücal/5323940820 | J86: Uncalı mah. Üniversite Cad. Günsaray Apt. No 6 | L86: 18 | M86: =VLOOKUP(E86,'Hedef Liste'!A:J,9,0) -> 27
A87: =E87 -> 5fede679cf3376b479b4cbd5 | C87: Ahmet Can Mülayim | D87: Enes | E87: 5fede679cf3376b479b4cbd5 | F87: Fahrish Balık & Fast Food (Siteler Mah.) | G87: 0.66666667 | H87: Konyaaltı/Siteler | I87: Fahriye Bilkay/2423311333 | J87: Siteler Mah. Şehit Polis Memuru Muhammet Oğuz Kılınç Sk. Rüya Evleri A Blk. No 8 | L87: 22 | M87: =VLOOKUP(E87,'Hedef Liste'!A:J,9,0) -> 10
A88: =E88 -> 6040d09856cff1173cd82ee6 | C88: Ahmet Can Mülayim | D88: Enes | E88: 6040d09856cff1173cd82ee6 | F88: Angara Pilavcısı, Konyaaltı (Siteler Mah. ) | G88: 17:30 | H88: Konyaaltı/Siteler | I88: Emre Yasin Uzun/5416497707 | J88: Siteler Mah. 1355 Sk. No 15 /1 | L88: 11 | M88: =VLOOKUP(E88,'Hedef Liste'!A:J,9,0) -> 9
A89: =E89
A90: =E90
A91: =E91 -> 6034b24131282187876f3f77 | B91: Konyaaltı Muratpaşa | C91: Kaan Soytürk | D91: Kadriye Polat | E91: 6034b24131282187876f3f77 | F91: Antep's Baklavaları, Konyaaltı (Pınarbaşı Mah.) | G91: 0.4375 | H91: Konyaaltı /Pınarbaşı | I91: İBRAHİM HALİL ŞİMŞEK/2422292707 ibrahim bey cep 5322670402 | J91: Pınarbaşı Mah. Atatürk Blv. No:26/A Konyaaltı/ANTALYA | M91: =VLOOKUP(E91,'Hedef Liste'!A:J,9,0) -> 36
A92: =E92 | F92: Araya randevu alınmayacak | M92: =VLOOKUP(E92,'Hedef Liste'!A:J,9,0) -> #N/A
A93: =E93 | M93: =VLOOKUP(E93,'Hedef Liste'!A:J,9,0) -> #N/A
A94: =E94 -> 5fbbef068d95864f515bfd19 | C94: Kaan Soytürk | D94: Kadriye Polat | E94: 5fbbef068d95864f515bfd19 | F94: Crescent Patisserie (Pınarbaşı Mah.) | G94: 16:00 | H94: Konyaaltı /Pınarbaşı | I94: Hilal Akköz Özçil 5359551134 | J94: Pınarbaşı Mah. Üniversite Cad. Akdeniz Apt. No:114 B ( Pınarbaşı taksi durağının 500 metre ilerisinde konyaaltı orjinal terzisinin yanı) | M94: =VLOOKUP(E94,'Hedef Liste'!A:J,9,0) -> #N/A
A95: =E95 -> 5fbe2833a9c8365e72adad31 | C95: Kaan Soytürk | D95: Enes | E95: 5fbe2833a9c8365e72adad31 | F95: 63 Ervan Urfa Sofrası (Pınarbaşı Mah.) | G95: 17:30 | H95: Konyaaltı / Pınarbaşı | I95: Recep Çevik /2422286307 cep tel: 05414699609 | J95: Pınarbaşı Mah. Pınarbaşı Cad. No:10
A96: =E96
A97: =E97 | B97: Konyaaltı Muratpaşa
A98: =E98 -> 5fa7e8e07bc469d599188244 | C98: Tuba Diker | D98: Şükriye Demir | E98: 5fa7e8e07bc469d599188244 | F98: Barbekü Mangal Evi (Soğuksu Mah.) | G98: 0.54166667 | H98: muratpaşa/yıldız | I98: iİsmail karalan/5415402500 | J98: Yıldız Mah. Kazım Karabekir Cad. Kitiş Apt. No:94/1 Muratpaşa/Antalya | K98: (PAZARTESİYE ERTELENDİ) ÖZLEM HANIMLA GÖRÜŞÜLDÜ | M98: =VLOOKUP(E98,'Hedef Liste'!A:J,9,0) -> 23
A99: =E99 -> 60228f7b944e3c921edf2f47 | C99: Tuba Diker | E99: 60228f7b944e3c921edf2f47 | F99: Saray Kebap & Döner & Izgara, Muratpaşa (Varlık Mah.) | G99: 0.60416667 | H99: Muratpaşa/Varlık | I99: CELALETTİN SOLAK / 2422447296 | J99: 100. Yıl Blv. No:103/1-B Muratpaşa/Antalya | K99: (PAZARTESİYE ERTELENDİ) | M99: =VLOOKUP(E99,'Hedef Liste'!A:J,9,0) -> 32
A100: =E100 -> 5fedd46e4f55ab0b519d89a2 | C100: Tuba Diker | D100: Kadriye Polat | E100: 5fedd46e4f55ab0b519d89a2 | F100: Tatlı Ye Tatlı Konuş, Muratpaşa (Varlık Mah.) | G100: 0.66666667 | H100: Muratpaşa/Varlık | I100: FATMA KINAMA/5326838133 | J100: Varlık Mah. 202 Sk. Yazır Apt. No:4/C Muratpaşa/Antalya | K100: (PAZARTESİYE ERTELENDİ) | M100: =VLOOKUP(E100,'Hedef Liste'!A:J,9,0) -> 42
...

Sheet import
A1: Restaurant ID | B1: Restoran Adı | C1: IsActive | D1: Mutfak | E1: TOPLAM SİPARİŞ | F1: SON 2 HAFTA | G1: RESİMLİ ÜRÜN | H1: RESİMSİZ ÜRÜN | I1: TOPLAM ÜRÜN | J1: Ratio | K1: Yetkili | L1: Telefon | M1: İLÇE | N1: MAHALLE | O1: ADRES | P1: Geleneksel Zincir | Q1: Eklendi mi
A2: 5f50ef2902f0631f92f2b317 | B2: Urfa Sultan Sofrası, Konyaaltı (Hurma Mah.) | C2: DOĞRU | D2: Kebap | E2: 1882 | F2: 106 | G2: 29 | H2: 34 | I2: 63 | J2: 0.46 | K2: Mehmet Sait Tuzlu | L2: 2422593737 | M2: Konyaaltı | N2: Hurma | O2: Hurma, Boğaçay Cd. 86/A, 07130 Konyaaltı/Antalya | P2: Geleneksel | Q2: =COUNTIF('Hedef Liste'!$A:$A,A2) -> 1
A3: 5f51a845db3207980f921da7 | B3: Buffalo Burger (Güzeloba Mah.) | C3: DOĞRU | D3: Burger | E3: 2826 | F3: 174 | G3: 24 | H3: 37 | I3: 61 | J3: 0.39 | K3: TARIK ÇAĞIMNI | L3: 2423490053 | M3: Muratpaşa | N3: Güzeloba | O3: Güzeloba, Rauf Denktaş Cd No:20, 07230 Muratpaşa/Antalya | P3: Geleneksel | Q3: =COUNTIF('Hedef Liste'!$A:$A,A3) -> 1
A4: 5f4f4d1e0f8c874fbdfd8514 | B4: A + New Concept Pide, Muratpaşa (Güzeloba Mah.) | C4: DOĞRU | D4: Pide | E4: 332 | F4: 8 | G4: 0 | H4: 30 | I4: 30 | J4: 0 | K4: ABDULLAH KORAL DEMİRAL | L4: 2423230002 | M4: Muratpaşa | N4: Güzeloba | O4: Güzeloba Mah. 2114 Sok. No:6/A Muratpaşa/Antalya | P4: Geleneksel | Q4: =COUNTIF('Hedef Liste'!$A:$A,A4) -> 1
A5: 5f523281a1df3029230c5746 | B5: Kayseri Yöre Sofrası Börek & Mantı (Güzeloba Mah.) | C5: DOĞRU | D5: Börek | E5: 942 | F5: 67 | G5: 0 | H5: 41 | I5: 41 | J5: 0 | K5: HAYRULLAH KARACA | L5: 2423495638 | M5: Muratpaşa | N5: Güzeloba | O5: Güzeloba, Havaalanı Cd. No:39, 07230 Muratpaşa/Antalya | P5: Geleneksel | Q5: =COUNTIF('Hedef Liste'!$A:$A,A5) -> 1
A6: 5f55e7921fcf335b6c81b7bb | B6: A + New Concept Pide (Çağlayan Mah.) | C6: DOĞRU | D6: Pide | E6: 633 | F6: 22 | G6: 0 | H6: 39 | I6: 39 | J6: 0 | K6: ABDULLAH KORAL DEMİRAL | L6: 2423230002 | M6: Muratpaşa | N6: Çağlayan | O6: Çağlayan Mah, Nazlı Apt, Bülent Ecevit Blv. D:No:123, 07230 Muratpaşa/Antalya | P6: Geleneksel | Q6: =COUNTIF('Hedef Liste'!$A:$A,A6) -> 1
A7: 5f565c3b4769a6b4cb4e3a87 | B7: Ali Baba Lahmacun & Pide, Kepez (Kültür Mah.) | C7: DOĞRU | D7: Pide | E7: 22394 | F7: 1182 | G7: 24 | H7: 50 | I7: 74 | J7: 0.32 | K7: Yener Beytüzün | L7: 2425031637 | M7: Kepez | N7: Kültür | O7: Kültür mah. 75. Yıl caddesi Mecid Beytüzün aprt. No 22, 07090 Kepez/Antalya | P7: Geleneksel | Q7: =COUNTIF('Hedef Liste'!$A:$A,A7) -> 1
A8: 5f59e8063d4a6419d4ac9ee9 | B8: Dürümcü Cafer Usta, Muratpaşa (Etiler Mah.) | C8: DOĞRU | D8: Kebap | E8: 1294 | F8: 80 | G8: 0 | H8: 23 | I8: 23 | J8: 0 | K8: MUSTAFA YILDIRIM | L8: 5074445664 | M8: Muratpaşa | N8: Muratpaşa | O8: Etiler Mahallesi Şair Dede Caddesi &, 592. Sk. No:12, 07000 Muratpaşa/Antalya | P8: Geleneksel | Q8: =COUNTIF('Hedef Liste'!$A:$A,A8) -> 1
A9: 5f5f379bc5a78437df6f559e | B9: Usta Lahmacun & Kebap, Muratpaşa (Perge Caddesi) | C9: DOĞRU | D9: Lahmacun | E9: 1803 | F9: 113 | G9: 0 | H9: 46 | I9: 46 | J9: 0 | K9: İSMAİL KILIÇ | L9: 2423117007 | M9: Muratpaşa | N9: Meydankavağı | O9: Tarım Mah, Perge Blv. No:63/3, 07100 Muratpaşa/Antalya | P9: Geleneksel | Q9: =COUNTIF('Hedef Liste'!$A:$A,A9) -> 1
A10: 5f609515c0a00b2653212f59 | B10: Up To You Tost & Sandviç, Kepez (Ahatlı Mah.) | C10: DOĞRU | D10: Tost & Sandviç | E10: 8686 | F10: 248 | G10: 0 | H10: 30 | I10: 30 | J10: 0 | K10: Büşra Oktay | L10: 5060559516 | M10: Kepez | N10: Ahatlı | O10: Ahatlı, Ulusoy Cd. No:96, 07090 Kepez/Antalya | P10: Geleneksel | Q10: =COUNTIF('Hedef Liste'!$A:$A,A10) -> 1
A11: 5f60a5178d5d517bed03bc6e | B11: Duru Pizza & Lahmacun, Kepez (Kültür Mah.) | C11: DOĞRU | D11: Pizza | E11: 8415 | F11: 709 | G11: 0 | H11: 53 | I11: 53 | J11: 0 | K11: Recep Kavak | L11: 2422274466 | M11: Kepez | N11: Kültür | O11: Kültür, 3840. Sk. No:5, 07090 Bahtılı Köyü Köyü/Kepez/Antalya | P11: Geleneksel | Q11: =COUNTIF('Hedef Liste'!$A:$A,A11) -> 1
A12: 5f5257464769a628d74e14b8 | B12: Chicken Box, Kepez (Ahatlı Mah.) | C12: DOĞRU | D12: Tavuk | E12: 5820 | F12: 142 | G12: 0 | H12: 13 | I12: 13 | J12: 0 | K12: MEHMET AKGÜN | L12: 5510346339 | M12: Kepez | N12: Ahatlı | O12: Ahatlı, 3140. Sk., 07090 Kepez/Antalya | P12: Geleneksel | Q12: =COUNTIF('Hedef Liste'!$A:$A,A12) -> 1
A13: 5f55efebde36fc4648bf74b9 | B13: Pide Dünyası 07 (Güvenlik Mah.) | C13: DOĞRU | D13: Pide | E13: 1425 | F13: 68 | G13: 17 | H13: 15 | I13: 32 | J13: 0.53 | K13: NURDAN BAŞARAN | L13: 2423464371 | M13: Muratpaşa | N13: Memurevleri | O13: Güvenlik Mahallesi Derya Caddesi Gencer Apt, D:8/A, 07050 Muratpaşa/Antalya | P13: Geleneksel | Q13: =COUNTIF('Hedef Liste'!$A:$A,A13) -> 1
... A23: 5f7f24a3449e3137c1f07479 | B23: Karadeniz Pide & Kebap, Konyaaltı (Liman Mah.) | C23: DOĞRU | D23: Kebap | E23: 4323 | F23: 176 | G23: 53 | H23: 42 | I23: 95 | J23: 0.56 | K23: Halil Nane | L23: 2422590753 | M23: Konyaaltı | N23: Liman | O23: Liman, Boğaçayı Cd. Metin Apt., 07000 Konyaaltı/Antalya | P23: Geleneksel | Q23: =COUNTIF('Hedef Liste'!$A:$A,A23) -> 1
A24: 5f68c298eed8843043a9efc1 | B24: Kepçe Kayseri Mantısı & Ev Yemekleri, Kepez (Kültür Mah.) | C24: DOĞRU | D24: Mantı | E24: 1428 | G24: 0 | H24: 15 | I24: 15 | J24: 0 | K24: NEHİR TAYFUR | L24: 5523560738 | M24: Kepez | N24: Kültür | O24: Kültür, Ulusoy Cd. No: 41/A, 07090 Kepez/Antalya | P24: Geleneksel | Q24: =COUNTIF('Hedef Liste'!$A:$A,A24) -> 1
A25: 5f85a0f4a32e9971993964be | B25: Burger State, Muratpaşa (Mehmetçik Mah. - Termessos Bulvarı) | C25: DOĞRU | D25: Burger | E25: 2741 | F25: 89 | G25: 30 | H25: 40 | I25: 70 | J25: 0.43 | K25: CENGİZ KIRATLI | L25: 2423212424 | M25: Muratpaşa | N25: Mehmetçik | O25: Mehmetçik Mah., Muratpaşa, Antalya, Türkiye, | P25: Geleneksel | Q25: =COUNTIF('Hedef Liste'!$A:$A,A25) -> 1
A26: 5f8361f7e3bea65025bba8d3 | B26: Lara Sultan Çorbacısı (Fener Mah.) | C26: DOĞRU | D26: Kebap | E26: 845 | G26: 20 | H26: 53 | I26: 73 | J26: 0.27 | K26: ŞEYHMUS AKTAN | L26: 2423231121 | M26: Muratpaşa | N26: Fener | O26: Fener, Tekelioğlu Cd. No:65, 07100 Muratpaşa/Antalya | P26: Geleneksel | Q26: =COUNTIF('Hedef Liste'!$A:$A,A26) -> 1
A27: 5f837c1f962a9610dcccb359 | B27: Akçalar Restaurant, Kepez (Yeni Mah.) | C27: DOĞRU | D27: Pide | E27: 7548 | F27: 320 | G27: 15 | H27: 13 | I27: 28 | J27: 0.54 | K27: AHMET TIBIK | L27: 2423259900 | M27: Kepez | N27: Yeni | O27: Yeni, Aliya Izzet Begoviç Cd, 07060 Kepez/Antalya | P27: Geleneksel | Q27: =COUNTIF('Hedef Liste'!$A:$A,A27) -> 1
A28: 5f837cfe83cb6ed75b3c59a0 | B28: Ayyıldız Döner, Kepez (Yenidoğan Mah.) | C28: DOĞRU | D28: Döner | E28: 1315 | F28: 47 | G28: 0 | H28: 15 | I28: 15 | J28: 0 | K28: ADEM YILDIZ | L28: 2422270727 | M28: Kepez | N28: Kültür | O28: Yeni Doğan, 3066. Sk. No:2 D:6, 07090 Kepez/Antalya | P28: Geleneksel | Q28: =COUNTIF('Hedef Liste'!$A:$A,A28) -> 1
A29: 5f843cb28599559a441565da | B29: Doğa Sofrası, Konyaaltı (Arapsuyu Mah.) | C29: DOĞRU | D29: Kebap | E29: 2652 | F29: 82 | G29: 12 | H29: 45 | I29: 57 | J29: 0.21 | K29: Gökdeniz Küçükaslan | L29: 2422291897 | M29: Konyaaltı | N29: Arapsuyu | O29: Arapsuyu, Belediye Cd. 23/A, 07070 Konyaaltı/Antalya | P29: Geleneksel | Q29: =COUNTIF('Hedef Liste'!$A:$A,A29) -> 1
A30: 5f8445a9ec14c4f567032b72 | B30: Urfa Sultan Sofrası, Konyaaltı (Liman Mah.) | C30: DOĞRU | D30: Kebap | E30: 1732 | F30: 62 | G30: 16 | H30: 49 | I30: 65 | J30: 0.25 | K30: Ali Yıldız | L30: 2422593304 | M30: Konyaaltı | N30: Liman | O30: Liman, Liman Mah. Boğaçay Cad, Erhan Apt 63/B, 07130 Konyaaltı/Antalya | P30: Geleneksel | Q30: =COUNTIF('Hedef Liste'!$A:$A,A30) -> 1
A31: 5f91c87c20c35273b586d454 | B31: McDonald's, Alanya (Güllerpınarı Mah.) | C31: DOĞRU | D31: Burger | E31: 6575 | F31: 147 | G31: 362 | H31: 3 | I31: 365 | J31: 0.99 | K31: Filiz Coşkun | L31: 2123363575 | M31: Alanya | N31: Şekerhane | O31: Güller pınarı mahellesi Keykubat Cad. No: 5 07400 Alanya / Antalya | P31: Key | Q31: =COUNTIF('Hedef Liste'!$A:$A,A31) -> 0
A32: 5f68be11bfa7ff6806d7afad | B32: Gaziantepliler Kebapçısı, Kepez (Kültür Mah.) | C32: DOĞRU | D32: Kebap | E32: 5100 | F32: 181 | G32: 0 | H32: 38 | I32: 38 | J32: 0 | K32: CUMA ÇOBAN | L32: 2422220027 | M32: Kepez | N32: Kültür | O32: Kültür, Hürriyet Cd. No:38, 07090 Kepez/Antalya | P32: Geleneksel | Q32: =COUNTIF('Hedef Liste'!$A:$A,A32) -> 1
A33: 5f82f95cec14c4919b031948 | B33: Aydoğanlar 32 Pide & Kebap, Kepez (Kanal Mah.) | C33: DOĞRU | D33: Kebap | E33: 5081 | F33: 180 | G33: 14 | H33: 9 | I33: 23 | J33: 0.61 | K33: Şahin Aydoğan | L33: 2423328945 | M33: Kepez | N33: Kanal | O33: Yasemin Cad., No:26 Kanal Mah., Kepez, Antalya, Türkiye | P33: Geleneksel | Q33: =COUNTIF('Hedef Liste'!$A:$A,A33) -> 1
A34: 5f836022711c853e1df82779 | B34: Havva Tantuni (Soğuksu Mah.) | C34: DOĞRU | D34: Sokak Lezzetleri | E34: 2700 | F34: 108 | G34: 19 | H34: 86 | I34: 105 | J34: 0.18 | K34: ALİ CAN | L34: 2423447475 | M34: Muratpaşa | N34: Güvenlik | O34: Soğuksu Mah. Palmiye Cad. Hasan Acar Apt. No:20/C Çallı Muratpaşa, Antalya | P34: Geleneksel | Q34: =COUNTIF('Hedef Liste'!$A:$A,A34) -> 1
A35: 5f840a26c1a12254390958f4 | B35: Ayaz'ım Mutfak, Kepez (Yeşilyurt Mah.) | C35: DOĞRU | D35: Döner | E35: 2134 | F35: 155 | G35: 15 | H35: 38 | I35: 53 | J35: 0.28 | K35: Hande Çabuk | L35: 5422461677 | M35: Kepez | N35: Yeşilyurt | O35: Yeşilyurt, 4376. Sk. No:11, 07220 Bahtılı Köyü Köyü/Kepez/Antalya | P35: Geleneksel | Q35: =COUNTIF('Hedef Liste'!$A:$A,A35) -> 1
A36: 5f84344da32e99e33339441d | B36: Meltem Balıkçısı & Meze Evi, Konyaaltı (Altınkum Mah.) | C36: DOĞRU | D36: Deniz Ürünleri | E36: 487 | F36: 2 | G36: 0 | H36: 53 | I36: 53 | J36: 0 | K36: Çağla Deniz Dönmez | L36: 2422298181 | M36: Konyaaltı | N36: Gürsu | O36: Altınkum, 126/1, Gazi Mustafa Kemal Blv., 07070 Konyaaltı/Antalya | P36: Geleneksel | Q36: =COUNTIF('Hedef Liste'!$A:$A,A36) -> 1
A37: 5f844958a09b8c9df7a1b345 | B37: Dr. Pizza, Konyaaltı (Toros Mah.) | C37: DOĞRU | D37: Pizza | E37: 3831 | F37: 145 | G37: 17 | H37: 74 | I37: 91 | J37: 0.19 | K37: SÜLEYMAN ARIKAN | L37: 2422298180 | M37: Konyaaltı | N37: Pınarbaşı | O37: Toros, 15. Cd. No:37, 07070, 07070 Konyaaltı/Antalya | P37: Geleneksel | Q37: =COUNTIF('Hedef Liste'!$A:$A,A37) -> 1
A38: 5f88460d5071cad15090decb | B38: Ghot Pizzeria (Yeşilbahçe Mah.) | C38: DOĞRU | D38: Pizza | E38: 1590 | F38: 90 | G38: 48 | H38: 27 | I38: 75 | J38: 0.64 | K38: İSA BAHÇECİ | L38: 2423110785 | M38: Muratpaşa | N38: Yeşilbahçe | O38: Yeşilbahçe, Metin Kasapoğlu Cd. No:38, 07160 Muratpaşa/Antalya | P38: Geleneksel | Q38: =COUNTIF('Hedef Liste'!$A:$A,A38) -> 1
... A43: 5f55eb6a3d4a64b3dfac5eca | B43: Kor Ateş Pide & Kebap & Lahmacun (Doğugarajı Mevkii) | C43: DOĞRU | D43: Lahmacun | E43: 5055 | F43: 328 | G43: 26 | H43: 33 | I43: 59 | J43: 0.44 | K43: Rıdvan Tunç | L43: 2423221881 | M43: Muratpaşa | N43: Yüksekalan | O43: Yüksekalan, kepekçi apartmanı, 488. Sk. no: 13/d, 07100 Muratpaşa/Antalya | P43: Geleneksel | Q43: =COUNTIF('Hedef Liste'!$A:$A,A43) -> 1
A44: 5f5652d2bfaa9ab5c031db80 | B44: Gülveren Pilavcısı, Kepez (Gülveren Mah.) | C44: YANLIŞ | D44: Sokak Lezzetleri | E44: 15 | G44: 0 | H44: 25 | I44: 25 | J44: 0 | K44: Yılmaz Turan | L44: 5300445410 | M44: Kepez | N44: Gülveren | O44: Gülveren, saray apartmanı, 3713. Sk. no 3 D:b, 07070 Kepez/Antalya | P44: Geleneksel | Q44: =COUNTIF('Hedef Liste'!$A:$A,A44) -> 1
A45: 5f59e3a20cca8c11047b12ac | B45: Fratelli Di Pizza, Muratpaşa (Meydankavağı Mah.) | C45: DOĞRU | D45: Pizza | E45: 3071 | F45: 102 | G45: 78 | H45: 24 | I45: 102 | J45: 0.76 | K45: ÖNDER ÖZTÜRK | L45: 2423127878 | M45: Muratpaşa | N45: Meydankavağı | O45: Lara Karataş Apartmanı, Meydankavağı Mahallesi İsmail Cem Caddesi, 1596. Sk., 07000 Muratpaşa | P45: Geleneksel | Q45: =COUNTIF('Hedef Liste'!$A:$A,A45) -> 1
A46: 5f5f4252356069484db33453 | B46: Acıktım Sivas Pide & Köfte, Muratpaşa (Şirinyalı Mah.) | C46: DOĞRU | D46: Pide | E46: 530 | F46: 15 | G46: 29 | H46: 9 | I46: 38 | J46: 0.76 | K46: ERDAL BULUT | L46: 2423170758 | M46: Muratpaşa | N46: Şirinyalı | O46: Şirinyalı mah. 1523 sk. Durhan apt. 10/A ANTALYA, 07180 Muratpaşa/Antalya | P46: Geleneksel | Q46: =COUNTIF('Hedef Liste'!$A:$A,A46) -> 1
A47: 5f68c64d60fd3fcfac89580f | B47: Korikos Tantuni, Kepez (Kültür Mah.) | C47: DOĞRU | D47: Sokak Lezzetleri | E47: 11044 | F47: 336 | G47: 5 | H47: 11 | I47: 16 | J47: 0.31 | K47: Volkan Kazancı | L47: 5495191004 | M47: Kepez | N47: Kültür | O47: Kültür, 3876. Sk. No: 64/B, 07100 Kepez/Antalya | P47: Geleneksel | Q47: =COUNTIF('Hedef Liste'!$A:$A,A47) -> 1
A48: 5f7f29a3962a963fa3cc6286 | B48: Iva Sushi & Bistro, Konyaaltı (Liman Mah.) | C48: DOĞRU | D48: Uzak Doğu | E48: 737 | F48: 28 | G48: 0 | H48: 161 | I48: 161 | J48: 0 | K48: MURAT KAYA | L48: 2422595960 | M48: Konyaaltı | N48: Liman | O48: Liman Mah. Boğaçay Cd. No:65/A, 07130 Konyaaltı/Antalya | P48: Geleneksel | Q48: =COUNTIF('Hedef Liste'!$A:$A,A48) -> 1
A49: 5f807d0100b31a6d4e16fa48 | B49: Ascuola Pizza, Muratpaşa (Meltem Mah.) | C49: DOĞRU | D49: Pizza | E49: 2945 | F49: 168 | G49: 34 | H49: 11 | I49: 45 | J49: 0.76 | K49: TİMUÇİN ÖNAL | L49: 2422370022 | M49: Muratpaşa | N49: Meltem | O49: Meltem, Sakıp Sabancı Blv. No:14, 07030 Muratpaşa/Antalya | P49: Geleneksel | Q49: =COUNTIF('Hedef Liste'!$A:$A,A49) -> 1
A50: 5f84e0b8ef2d604cbb0050d5 | B50: Hacı Saad Kebap (Şirinyalı Mah.) | C50: DOĞRU | D50: Lahmacun | E50: 2283 | F50: 136 | G50: 1 | H50: 56 | I50: 57 | J50: 0.02 | K50: ERDOĞAN KONUK | L50: 2423240707 | M50: Muratpaşa | N50: Fener | O50: Şirinyalı Mahallesi Tekelioğlu Cd. Bașer Apt. 6/2, 07170 Muratpaşa/Antalya | P50: Geleneksel | Q50: =COUNTIF('Hedef Liste'!$A:$A,A50) -> 1
A51: 5f843125ace10e640ca5d170 | B51: Lahmacun Diyarı (Altınkum Mah.) | C51: YANLIŞ | D51: Lahmacun | E51: 50 | G51: 0 | H51: 30 | I51: 30 | J51: 0 | K51: Nuran Doğan | L51: 2422280666 | M51: Konyaaltı | N51: Altınkum | O51: Altınkum Mah. Anadolu Cad. Sinan Apt. No:41 A | P51: Geleneksel | Q51: =COUNTIF('Hedef Liste'!$A:$A,A51) -> 1
A52: 5f8441450e96ef55f47d6bcb | B52: Şanlıurfa Dergah Sofrası, Konyaaltı (Hurma Mah.) | C52: DOĞRU | D52: Kebap | E52: 5538 | F52: 549 | G52: 0 | H52: 61 | I52: 61 | J52: 0 | K52: Mehmet KILIÇ | L52: 2422909050 | M52: Konyaaltı | N52: Hurma | O52: Hurma mah. 195 sk. No:3 / B | P52: Geleneksel | Q52: =COUNTIF('Hedef Liste'!$A:$A,A52) -> 1
A53: 5f845216b238a1cacf89a205 | B53: Ülkü Fırın, Konyaaltı (Uncalı Mah.) | C53: DOĞRU | D53: Tost & Sandviç | E53: 3305 | F53: 165 | G53: 76 | H53: 87 | I53: 163 | J53: 0.47 | K53: HAKAN KAYA | L53: 2423127474 | M53: Konyaaltı | N53: Uncalı | O53: Uncalı mah. Toroslar cad. İncedağ G 72 E, 07100 Konyaaltı/Antalya | P53: Geleneksel | Q53: =COUNTIF('Hedef Liste'!$A:$A,A53) -> 1
A54: 5f8fffd83025fe553e56ce43 | B54: Çıtır Tost, Konyaaltı (Öğretmenevleri Mah.) | C54: YANLIŞ | D54: Tost & Sandviç | E54: 2 | G54: 0 | H54: 15 | I54: 15 | J54: 0 | K54: Ünal Tutucu | L54: 242229002 | M54: Konyaaltı | N54: Öğretmenevleri | O54: öğretmenevleri mah. Anadolu cad. Çamlık sit. A blk. No:84/B Konyaaltı | P54: Geleneksel | Q54: =COUNTIF('Hedef Liste'!$A:$A,A54) -> 1
A55: 5f9deb24911dec3e7772cfba | B55: Çorbacı Restaurant (Altınkum Mah.) | C55: DOĞRU | D55: Kebap | E55: 1013 | F55: 50 | G55: 13 | H55: 46 | I55: 59 | J55: 0.22 | K55: Mehmet Küreşoğlu | L55: 2422292466 | M55: Konyaaltı | N55: Altınkum | O55: Altınkum Mah. G.Mustafa Kemal Bulv. 436 Sk. Sinem Apt. 27/1 | P55: Geleneksel | Q55: =COUNTIF('Hedef Liste'!$A:$A,A55) -> 1
A56: 5fb538260991ed4c9cb90d1b | B56: Komagene Etsiz Çiğ Köfte, Muratpaşa (Deniz Mah.) | C56: DOĞRU | D56: Çiğ Köfte | E56: 577 | F56: 4 | G56: 43 | H56: 4 | I56: 47 | J56: 0.91 | K56: Esra Gonca Parlar | L56: 5515912507 | M56: Muratpaşa | N56: Deniz | O56: DENİZ MH. KONYAALTI CD. NO:30/A | P56: Key | Q56: =COUNTIF('Hedef Liste'!$A:$A,A56) -> 0
A57: 5fa106dd430e01254abd5fa5 | B57: American Fat Burger, Muratpaşa (Çağlayan Mah.) | C57: YANLIŞ | D57: Burger | E57: 1392 | G57: 0 | H57: 30 | I57: 30 | J57: 0 | K57: ABDULLAH KORAL DEMİRAL | L57: 2423230002 | M57: Muratpaşa | N57: Çağlayan | O57: Çağlayan, Bülent Ecevit Blv. No:123, 07230 Muratpaşa/Antalya | P57: Geleneksel | Q57: =COUNTIF('Hedef Liste'!$A:$A,A57) -> 1
A58: 5fa306967d922ba84433562f | B58: Alo Lahmacun Uğur & Kebap (Fener Mah.) | C58: DOĞRU | D58: Kebap | E58: 2726 | F58: 98 | G58: 0 | H58: 39 | I58: 39 | J58: 0 | K58: METİN BOZOĞLAN | L58: 2423242019 | M58: Muratpaşa | N58: Fener | O58: Fener Mah. 1967 Sk. Erkan Apt. No:26/A Muratpaşa/Antalya | P58: Geleneksel | Q58: =COUNTIF('Hedef Liste'!$A:$A,A58) -> 1
A59: 5fa3eec204afdaa4b5980b96 | B59: Torku Ziyafet Döner, Muratpaşa (Yeşilbahçe Mah.) | C59: DOĞRU | D59: Döner | E59: 3862 | F59: 73 | G59: 23 | H59: 4 | I59: 27 | J59: 0.85 | K59: HAKKI ŞİRİN | L59: 2423227022 | M59: Muratpaşa | N59: Yeşilbahçe | O59: Yeşilbahçe Mah. Metin Kasapoğlu Cad. Küçükkaya Sitesi B Blok No:28/A Muratpaşa Antalya | P59: Geleneksel | Q59: =COUNTIF('Hedef Liste'!$A:$A,A59) -> 1
A60: 5fa7bd2d68dc122ad2b6cb52 | B60: İso Burger (Zerdalilik Mah.) | C60: DOĞRU | D60: Burger | E60: 1256 | F60: 19 | G60: 21 | H60: 17 | I60: 38 | J60: 0.55 | K60: MEHMET KAR | L60: 2423213298 | M60: Muratpaşa | N60: Sinan | O60: Zerdalilik Mah. Balıkçıoğlu Cad. No:4/A Muratpaşa/Antalya | P60: Geleneksel | Q60: =COUNTIF('Hedef Liste'!$A:$A,A60) -> 1
A61: 5fafbb6bc3498c7abb5225b1 | B61: Martı Balık Pişiricisi, Muratpaşa (Termessos Bulvarı) | C61: DOĞRU | D61: Deniz Ürünleri | E61: 1233 | F61: 76 | G61: 0 | H61: 64 | I61: 64 | J61: 0 | K61: İBRAHİM EKE | L61: 2423225454 | M61: Muratpaşa | N61: Mehmetçik | O61: Mehmetçik Mah. Termessos Bulv. A1 Girişi No:18 A1-A Muratpaşa/Antalya | P61: Geleneksel | Q61: =COUNTIF('Hedef Liste'!$A:$A,A61) -> 1
A62: 5fafc6cdb288b308b17420f4 | B62: Ant Şampiyon Kokoreç & Döner (Sedir Mah.) | C62: DOĞRU | D62: Döner | E62: 836 | F62: 30 | G62: 0 | H62: 50 | I62: 50 | J62: 0 | K62: Necat Çiftçioğlu | L62: 2423467599 | M62: Muratpaşa | N62: Güvenlik | O62: sedir mah. vatan bulv. deniz apt. no:18 D | P62: Geleneksel | Q62: =COUNTIF('Hedef Liste'!$A:$A,A62) -> 1
A63: 5fbe2833a9c8365e72adad31 | B63: Ervan Urfa Sofrası, Konyaaltı (Pınarbaşı Mah.) | C63: DOĞRU | D63: Kebap | E63: 505 | F63: 3 | G63: 0 | H63: 33 | I63: 33 | J63: 0 | K63: Recep Çevik | L63: 2422286307 | M63: Konyaaltı | N63: Pınarbaşı | O63: Pınarbaşı Mah. Pınarbaşı Cad. No:10 | P63: Geleneksel | Q63: =COUNTIF('Hedef Liste'!$A:$A,A63) -> 1
A64: 5fbaaa891fe99b35bec34763 | B64: Daş Kelle'nin Yeri (Kuzeyyaka Mah.) | C64: YANLIŞ | D64: Kebap | E64: 461 | G64: 0 | H64: 35 | I64: 35 | J64: 0 | K64: Veli Daş | L64: 2423262611 | M64: Kepez | N64: Kuzeyyaka | O64: Kuzeyyaka Mah. Göksu cad. | P64: Geleneksel | Q64: =COUNTIF('Hedef Liste'!$A:$A,A64) -> 1
A65: 5fb3b625382beedfb0b50e53 | B65: Kebap 32 , Konyaaltı (Gürsu Mah.) | C65: DOĞRU | D65: Kebap | E65: 409 | G65: 0 | H65: 26 | I65: 26 | J65: 0 | K65: Erhan Büyükkahraman | L65: 2422503232 | M65: Konyaaltı | N65: Gürsu | O65: Gürsu Mah. 355 Sk. M Blk. No:15 | P65: Geleneksel | Q65: =COUNTIF('Hedef Liste'!$A:$A,A65) -> 1
A66: 5fb6a2989b5192087c695fb7 | B66: Buffalo Burger, Muratpaşa (Meltem Mah.) | C66: DOĞRU | D66: Burger | E66: 969 | F66: 48 | G66: 11 | H66: 27 | I66: 38 | J66: 0.29 | K66: AHMET GÜLGEN | L66: 5050148855 | M66: Muratpaşa | N66: Meltem | O66: Meltem Mah. Akdeniz Blv. Ticari Üniteler No:10/21 Muratpaşa/Antalya | P66: Geleneksel | Q66: =COUNTIF('Hedef Liste'!$A:$A,A66) -> 1
A67: 5fb636bbb41f8126a1d1cfe4 | B67: Route Burger House (Güzeloba Mah.) | C67: DOĞRU | D67: Burger | E67: 4588 | F67: 181 | G67: 27 | H67: 34 | I67: 61 | J67: 0.44 | K67: ASLAN HOSSEINZADEH | L67: 2425029606 | M67: Muratpaşa | N67: Güzeloba | O67: Güzeloba Mah. Çağlayangil Cad. No:30 Muratpaşa/Antalya | P67: Geleneksel | Q67: =COUNTIF('Hedef Liste'!$A:$A,A67) -> 1
A68: 5fb54661ff16207d34052da0 | B68: Komagene Etsiz Çiğ Köfte, Kumluca (Merkez) | C68: DOĞRU | D68: Çiğ Köfte | E68: 2056 | F68: 121 | G68: 77 | H68: 3 | I68: 80 | J68: 0.96 | K68: Esra Gonca Parlar | L68: 5343975740 | M68: Kumluca | N68: Eskicami | O68: KARŞIYAKA MH. ADNAN MENDERES BLV. NO:10 | P68: Key | Q68: =COUNTIF('Hedef Liste'!$A:$A,A68) -> 0
A69: 5fb5393ace1278430f6e0826 | B69: Komagene Etsiz Çiğ Köfte, Muratpaşa (Gençlik Mah.) | C69: DOĞRU | D69: Çiğ Köfte | E69: 1717 | F69: 63 | G69: 56 | H69: 4 | I69: 60 | J69: 0.93 | K69: Esra Gonca Parlar | L69: 5547742616 | M69: Muratpaşa | N69: Gençlik | O69: GENÇLİK MH. IŞIKLAR CD. KENDİROĞLU APT. NO:3/B | P69: Key | Q69: =COUNTIF('Hedef Liste'!$A:$A,A69) -> 0
A70: 5fb53a2ba2eb871e8a181531 | B70: Komagene Etsiz Çiğ Köfte, Bayındır | C70: DOĞRU | D70: Çiğ Köfte | E70: 3463 | F70: 101 | G70: 79 | H70: 3 | I70: 82 | J70: 0.96 | K70: Esra Gonca Parlar | L70: 5313884707 | M70: Muratpaşa | N70: Soğuksu | O70: BAYINDIR MH. PINAR CD. PELİN APT NO:13 | P70: Key | Q70: =COUNTIF('Hedef Liste'!$A:$A,A70) -> 0
A71: 5fb544a0b471f3e4b1233756 | B71: Komagene Etsiz Çiğ Köfte, Gazipaşa (Gazi Mah.) | C71: DOĞRU | D71: Çiğ Köfte | E71: 81 | F71: 2 | G71: 40 | H71: 2 | I71: 42 | J71: 0.95 | K71: Esra Gonca Parlar | L71: 5324743104 | M71: Gazipaşa | N71: Cumhuriyet | O71: GAZİ MH. FAHRİ LEYLEK CD. NO:1/C | P71: Key | Q71: =COUNTIF('Hedef Liste'!$A:$A,A71) -> 0
A72: 5f982413ad9906b4b4fe10e6 | B72: Rıhtım Döner, Muratpaşa (Gençlik Mah. - Işıklar Cad.) | C72: DOĞRU | D72: Döner | E72: 3382 | F72: 123 | G72: 15 | H72: 18 | I72: 33 | J72: 0.45 | K72: YETER GÜNEŞ | L72: 2422415577 | M72: Muratpaşa | N72: Haşimişcan | O72: Haşimişcan, 12/A, Recep Peker Cd., 07010 Muratpaşa/Antalya | P72: Geleneksel | Q72: =COUNTIF('Hedef Liste'!$A:$A,A72) -> 1
A73: 5f9d946c4754fede3c9bd20e | B73: Ayvaz Balıkçılık, Konyaaltı (Uncalı Mah.) | C73: DOĞRU | D73: Deniz Ürünleri | E73: 1410 | F73: 61 | G73: 6 | H73: 58 | I73: 64 | J73: 0.09 | K73: Serpil Sülü | L73: 2422272535 | M73: Kepez | N73: Avni Tolunay | O73: Avni Tolunay Mah. Hürriyet cad. no: 252 | P73: Geleneksel | Q73: =COUNTIF('Hedef Liste'!$A:$A,A73) -> 1
A74: 5f9fcd50ba6938a6dd3bdc5d | B74: Pizza Pan , Kepez (Kültür) | C74: DOĞRU | D74: Pizza | E74: 1867 | F74: 44 | G74: 0 | H74: 87 | I74: 87 | J74: 0 | K74: Fırat Demir | L74: 2422262222 | M74: Kepez | N74: Kültür | O74: Kültür Mah. 3820 Sk. Güler Apt. No: 1/7 | P74: Geleneksel | Q74: =COUNTIF('Hedef Liste'!$A:$A,A74) -> 1
A75: 5fa2cc505d22a06be18d7ef4 | B75: Has Gebizli Pide & Köfte & Piyaz (Tarım Mah.) | C75: DOĞRU | D75: Sokak Lezzetleri | E75: 721 | F75: 5 | G75: 0 | H75: 21 | I75: 21 | J75: 0 | K75: KADİR KARAKÖK | L75: 5526116355 | M75: Muratpaşa | N75: Meydankavağı | O75: Tarım mah, Şakir akdemir ap, Perge Blv. No:49/B, 07200 Muratpaşa/Antalya | P75: Geleneksel | Q75: =COUNTIF('Hedef Liste'!$A:$A,A75) -> 1
A76: 5fa30bc1f4944d33e101109e | B76: Saray Kebap & Pide (Zerdalilik Mah.) | C76: DOĞRU | D76: Pide | E76: 2642 | F76: 164 | G76: 0 | H76: 53 | I76: 53 | J76: 0 | K76: TANER BACIK | L76: 2423220068 | M76: Muratpaşa | N76: Zerdalilik | O76: Zerdalilik Mah. Burhanettin Onat Cad. No:62/A Muratpaşa/Antalya | P76: Geleneksel | Q76: =COUNTIF('Hedef Liste'!$A:$A,A76) -> 1
A77: 5fa31a78d6d571b7bf642d1b | B77: Duygu Döner & Yemek (Güvenlik Mah.) | C77: DOĞRU | D77: Döner | E77: 256 | F77: 15 | G77: 0 | H77: 26 | I77: 26 | J77: 0 | K77: ALİ GÖYNÜK | L77: 2423443447 | M77: Muratpaşa | N77: Güvenlik | O77: Güvenlik Mah. Kazım Karabekir Cad. Altaş Apt. No:170A Muratpaşa/Antalya | P77: Geleneksel | Q77: =COUNTIF('Hedef Liste'!$A:$A,A77) -> 1
... A83: 5fafd5cbfc12bf571bc0f546 | B83: Tutku Döner, Kepez (Dokuma Mah.) | C83: DOĞRU | D83: Döner | E83: 1270 | F83: 46 | G83: 0 | H83: 22 | I83: 22 | J83: 0 | K83: Salih Öztürk | L83: 2423450787 | M83: Kepez | N83: Fabrikalar | O83: Özgürlük Mah. Namık Kemal Bulv. Konak Apt. No:42 | P83: Geleneksel | Q83: =COUNTIF('Hedef Liste'!$A:$A,A83) -> 1
A84: 5fafe969f3746f9db8bd8511 | B84: Acity Chicken, Kepez (Kültür Mah.) | C84: DOĞRU | D84: Tavuk | E84: 232 | G84: 7 | H84: 9 | I84: 16 | J84: 0.44 | K84: TURAN TOKLU | L84: 2422269595 | M84: Kepez | N84: Kültür | O84: Kültür, Ulusoy Cd. 25/A, 07090 Bahtılı Köyü Köyü/Kepez/Antalya | P84: Geleneksel | Q84: =COUNTIF('Hedef Liste'!$A:$A,A84) -> 1
A85: 5fb4bfe60f8486650dfc0144 | B85: Köy Çorbacısı Döner&Pide&Kebap (Şirinyalı Mah.) | C85: DOĞRU | D85: Pide | E85: 529 | F85: 9 | G85: 8 | H85: 44 | I85: 52 | J85: 0.15 | K85: EMİNE ERDEM | L85: 2423167375 | M85: Muratpaşa | N85: Şirinyalı | O85: Şirinyalı Mah. İsmet Gökşen Cad. Gül Turgut Apt. No:52/A Muratpaşa/Antalya | P85: Geleneksel | Q85: =COUNTIF('Hedef Liste'!$A:$A,A85) -> 1
A86: 5fb537d39b5f02eb0b24c00a | B86: The Pizza , Konyaaltı (Liman Mah.) | C86: DOĞRU | D86: Pizza | E86: 456 | G86: 0 | H86: 37 | I86: 37 | J86: 0 | K86: Yusuf İslam Kaya | L86: 2422294867 | M86: Konyaaltı | N86: Liman | O86: Liman Mah. 35. Cd. No: 18 | P86: Geleneksel | Q86: =COUNTIF('Hedef Liste'!$A:$A,A86) -> 1
A87: 5fad64cc8687401071570ffb | B87: The Culture Döner , Kepez (Kültür Mah.) | C87: DOĞRU | D87: Döner | E87: 348 | G87: 0 | H87: 10 | I87: 10 | J87: 0 | K87: Yener Man | L87: 5436930715 | M87: Kepez | N87: Kültür | O87: Kültür Mah. 3881 Sk. No 14 | P87: Geleneksel | Q87: =COUNTIF('Hedef Liste'!$A:$A,A87) -> 1
A88: 5fc2a83643de1e9302f33aec | B88: Burdur'lu Soykan Pide & Kebap , Kepez ( Kanal Mah.) | C88: DOĞRU | D88: Kebap | E88: 2262 | F88: 96 | G88: 18 | H88: 46 | I88: 64 | J88: 0.28 | K88: Suat Karataş | L88: 5465363007 | M88: Kepez | N88: Kanal | O88: Kanal Mah. Yasemin Cad. no:30 A | P88: Geleneksel | Q88: =COUNTIF('Hedef Liste'!$A:$A,A88) -> 1
A89: 5fbe08bc213cdb28556d66f5 | B89: Meşhur Dönerci Aydın Usta (Meltem Mah.) | C89: DOĞRU | D89: Döner | E89: 9427 | F89: 166 | G89: 6 | H89: 10 | I89: 16 | J89: 0.38 | K89: AYDIN İNAN | L89: 2422384867 | M89: Muratpaşa | N89: Meltem | O89: Meltem Mahallesi 8.Cd. No:9 Antalyaspor Stadı Altı Muratpaşa/ANTALYA | P89: Geleneksel | Q89: =COUNTIF('Hedef Liste'!$A:$A,A89) -> 1
A90: 5fb56e58b7a8af2302e630f5 | B90: Adıyaman Çiğköftecisi (Zafer Mah.) | C90: DOĞRU | D90: Çiğ Köfte | E90: 1232 | F90: 34 | G90: 8 | H90: 21 | I90: 29 | J90: 0.28 | K90: Ahmet Özcan | L90: 5517980798 | M90: Kepez | N90: Zafer | O90: Zafer Mah. Mithat Paşa Cad. Selanik Apt. No:120/B | P90: Geleneksel | Q90: =COUNTIF('Hedef Liste'!$A:$A,A90) -> 1
A91: 5fc63162e6e547e3398a4f90 | B91: Adıyaman Subaşı Çiğ Köfte (Bayındır Mah.) | C91: DOĞRU | D91: Çiğ Köfte | E91: 63 | F91: 6 | G91: 9 | H91: 17 | I91: 26 | J91: 0.35 | K91: AHMET SÜER | L91: 5322774990 | M91: Muratpaşa | N91: Meltem | O91: Bayındır Mah. Toroslar Cad. Gülşen Eyican Apt. No:68/C Muratpaşa/Antalya | P91: Geleneksel | Q91: =COUNTIF('Hedef Liste'!$A:$A,A91) -> 1
A92: 5fa962d57aa814426b199a38 | B92: Yicem Pizza & Ayvalık Tostu (Fener Mah.) | C92: DOĞRU | D92: Tost & Sandviç | E92: 253 | F92: 27 | G92: 0 | H92: 147 | I92: 147 | J92: 0 | K92: MEHMET SELÇUK KÖSEOĞLU | L92: 2423231177 | M92: Muratpaşa | N92: Fener | O92: Fener Mah. 1968 Sk. No:21/A Muratpaşa/Antalya | P92: Geleneksel | Q92: =COUNTIF('Hedef Liste'!$A:$A,A92) -> 1
A93: 5fc257e93e7a7a4278919f71 | B93: Egeli Kızarmış Tavuk & Kokoreç Evi , Kepez (Kanal Mah.) | C93: DOĞRU | D93: Sokak Lezzetleri | E93: 645 | F93: 12 | G93: 0 | H93: 44 | I93: 44 | J93: 0 | K93: Tufan Doğan | L93: 5538035309 | M93: Kepez | N93: Erenköy | O93: Kanal Mah. Yasemin Cad. 27B | P93: Geleneksel | Q93: =COUNTIF('Hedef Liste'!$A:$A,A93) -> 1
A94: 5fc7a5e943628c28d36f5975 | B94: Gurme Meze Evi, Konyaaltı (Öğretmenevleri) | C94: DOĞRU | D94: Ev Yemekleri | E94: 1971 | F94: 88 | G94: 18 | H94: 4 | I94: 22 | J94: 0.82 | K94: HATİCE AYSUN SERT | L94: 5372723075 | M94: Konyaaltı | N94: Öğretmenevleri | O94: Öğretmenevleri Mah. Öğretmenler Cad. Maviköy Sitesi D:c blok No:2, 07100 Konyaaltı/Antalya | P94: Geleneksel | Q94: =COUNTIF('Hedef Liste'!$A:$A,A94) -> 1
A95: 5fc7caac3353437a020ca8f4 | B95: Rota Pizza, Kepez (Kültür Mah.) | C95: DOĞRU | D95: Pizza | E95: 7071 | F95: 211 | G95: 0 | H95: 54 | I95: 54 | J95: 0 | K95: DENİZHAN AKSOY | L95: 5301765733 | M95: Kepez | N95: Ahatlı | O95: Kültür Mah. Ulusoy Cad. No:25/B Kepez/Antalya | P95: Geleneksel | Q95: =COUNTIF('Hedef Liste'!$A:$A,A95) -> 1
A96: 5fc76897c535c590b6457b61 | B96: Adıyaman Çiğ Köfte Noktası (Zerdalilik Mah.- Cebesoy Cad.) | C96: DOĞRU | D96: Çiğ Köfte | E96: 599 | F96: 22 | G96: 0 | H96: 21 | I96: 21 | J96: 0 | K96: AHMET YAZICI | L96: 5415079625 | M96: Muratpaşa | N96: Zerdalilik | O96: Zerdalilik Mah. Cebesoy Cad. No:55/C Muratpaşa/Antalya | P96: Geleneksel | Q96: =COUNTIF('Hedef Liste'!$A:$A,A96) -> 1
A97: 5fc89c664d28609e29aa1888 | B97: Nur Pastanesi, Kepez (Yeni Mah.) | C97: DOĞRU | D97: Pasta & Tatlı | E97: 1095 | F97: 64 | G97: 29 | H97: 19 | I97: 48 | J97: 0.6 | K97: İsa Sarpdağ | L97: 2423261582 | M97: Kepez | N97: Yeni | O97: Yeni Mah. Aliya İzzet Begoviç Cad. No 60 | P97: Geleneksel | Q97: =COUNTIF('Hedef Liste'!$A:$A,A97) -> 1
A98: 5fd29f9fa70ce437e9cc0eb7 | B98: Komagene Etsiz Çiğ Köfte, Konyaaltı (Toros Mah.) | C98: DOĞRU | D98: Çiğ Köfte | E98: 1687 | F98: 64 | G98: 86 | H98: 4 | I98: 90 | J98: 0.96 | K98: Esra Gonca Parlar | L98: 5412561113 | M98: Konyaaltı | N98: Toros | O98: TOROS MH. TOROSLAR CD. NO:5/A | P98: Key | Q98: =COUNTIF('Hedef Liste'!$A:$A,A98) -> 0
A99: 5fd2afa050b50408583f4837 | B99: Komagene Etsiz Çiğ Köfte, Kepez (Kanal Mah. - Halide Edip Cad.) | C99: DOĞRU | D99: Çiğ Köfte | E99: 21 | G99: 46 | H99: 3 | I99: 49 | J99: 0.94 | K99: Esra Gonca Parlar | L99: 5379725351 | M99: Kepez | N99: Barış | O99: KANAL MH. HALİDE EDİP CD. KIZILIŞIK APT 41/C | P99: Key | Q99: =COUNTIF('Hedef Liste'!$A:$A,A99) -> 0
A100: 5fae438e001ef304161feb0e | B100: Kepçenin Yeri , Konyaaltı (Liman Mah.) | C100: DOĞRU | D100: Kebap | E100: 1390 | F100: 73 | G100: 15 | H100: 57 | I100: 72 | J100: 0.21 | K100: Sedat Hüseyin Bener | L100: 5305630207 | M100: Konyaaltı | N100: Liman | O100: Liman Mah. Atatürk Bulv. Gürtaş Apt. No:226/A-1 | P100: Geleneksel | Q100: =COUNTIF('Hedef Liste'!$A:$A,A100) -> 1
A101: 5fd39f77580d385c53a8957b | B101: Komagene Etsiz Çiğ Köfte, Kepez (Zafer Mah.) | C101: DOĞRU | D101: Çiğ Köfte | E101: 749 | F101: 33 | G101: 38 | H101: 3 | I101: 41 | J101: 0.93 | K101: Esra Gonca Parlar | L101: 5357260822 | M101: Kepez | N101: Zafer | O101: ZAFER MH. MİTHAT PAŞA CD. SOYÇİÇEK APT. NO: 72/B | P101: Key | Q101: =COUNTIF('Hedef Liste'!$A:$A,A101) -> 0
A102: 5fd3a6993f3121ba35af8f7a | B102: Komagene Etsiz Çiğ Köfte, Manavgat (Yukarı Pazarcı Mah.) | C102: DOĞRU | D102: Çiğ Köfte | E102: 23 | G102: 66 | H102: 4 | I102: 70 | J102: 0.94 | K102: Esra Gonca Parlar | L102: 5537421444 | M102: Manavgat | N102: Y.pazarcı | O102: YUKARI PAZARCI MAH. MEHMET AKİF CAD. NO:5/A | P102: Key | Q102: =COUNTIF('Hedef Liste'!$A:$A,A102) -> 0
A103: 5fd54410c0ac5d274f007bc0 | B103: Komagene Etsiz Çiğ Köfte, Kepez (Ayanoğlu Mah.) | C103: DOĞRU | D103: Çiğ Köfte | E103: 222 | F103: 8 | G103: 51 | H103: 4 | I103: 55 | J103: 0.93 | K103: Esra Gonca Parlar | L103: 5417310307 | M103: Kepez | N103: Ayanoğlu | O103: AYANOĞLU MH. SÜLEYMAN DEMİREL BULV. NO:54/C | P103: Key | Q103: =COUNTIF('Hedef Liste'!$A:$A,A103) -> 0
A104: 5fd55023ad8c483974d9a4fb | B104: Komagene Etsiz Çiğ Köfte, Muratpaşa (Cumhuriyet Mah.) | C104: DOĞRU | D104: Çiğ Köfte | E104: 1679 | F104: 68 | G104: 58 | H104: 5 | I104: 63 | J104: 0.92 | K104: Esra Gonca Parlar | L104: 5524170715 | M104: Muratpaşa | N104: Cumhuriyet | O104: CUMHURİYET MH. 659 SK. KILINÇ AP. 2C | P104: Key | Q104: =COUNTIF('Hedef Liste'!$A:$A,A104) -> 0
A105: 5fd5f621f95cae52b1fd246e | B105: Komagene Etsiz Çiğ Köfte, Korkuteli (Kiremitli Mah.) | C105: DOĞRU | D105: Çiğ Köfte | E105: 323 | F105: 13 | G105: 64 | H105: 3 | I105: 67 | J105: 0.96 | K105: Esra Gonca Parlar | L105: 5079597980 | M105: Korkuteli | N105: Kiremitli | O105: KİREMİTLİ MH. ŞEHİT BİNBAŞI CENGİZ TOYTUNÇ CD. 3/B | P105: Key | Q105: =COUNTIF('Hedef Liste'!$A:$A,A105) -> 0
A106: 5fd5f9d034da9f6f5b4de6e2 | B106: Komagene Etsiz Çiğ Köfte, Kepez (Sütçüler Mah.) | C106: DOĞRU | D106: Çiğ Köfte | E106: 1104 | F106: 39 | G106: 68 | H106: 5 | I106: 73 | J106: 0.93 | K106: Esra Gonca Parlar | L106: 5445351971 | M106: Kepez | N106: Habibler | O106: SÜTÇÜLER CD. SÜTÇÜLER MH. NO:72 | P106: Key | Q106: =COUNTIF('Hedef Liste'!$A:$A,A106) -> 0
A107: 5fd6033c7b81596bd0a8b1cc | B107: Komagene Etsiz Çiğ Köfte, Kepez (Teomanpaşa Mah.) | C107: DOĞRU | D107: Çiğ Köfte | E107: 275 | F107: 51 | G107: 82 | H107: 4 | I107: 86 | J107: 0.95 | K107: Esra Gonca Parlar | L107: 5423130748 | M107: Kepez | N107: Teomanpaşa | O107: TEOMANPAŞA MH. NECİP FAZIL KISAKÜREK CD. NO:10/C | P107: Key | Q107: =COUNTIF('Hedef Liste'!$A:$A,A107) -> 0
A108: 5fd9ee64928d8a6514a08fe6 | B108: Komagene Etsiz Çiğ Köfte, Muratpaşa (Tarım Mah.) | C108: DOĞRU | D108: Çiğ Köfte | E108: 1637 | F108: 89 | G108: 65 | H108: 3 | I108: 68 | J108: 0.96 | K108: Esra Gonca Parlar | L108: 5423345479 | M108: Muratpaşa | N108: Meydankavağı | O108: TARIM MH.PERGE BULV.AYŞE ALİ GÜNDOĞDU SİT. A BLOK NO:9 B | P108: Key | Q108: =COUNTIF('Hedef Liste'!$A:$A,A108) -> 0
A109: 5fd9f89a6f0bd94842996c1e | B109: Komagene Etsiz Çiğ Köfte, Manavgat (Yayla Mah.) | C109: DOĞRU | D109: Çiğ Köfte | E109: 1056 | F109: 55 | G109: 110 | H109: 4 | I109: 114 | J109: 0.96 | K109: Esra Gonca Parlar | L109: 5530600100 | M109: Manavgat | N109: Emek | O109: YAYLA MH. BARBAROS CD. NO:22/Z02 | P109: Key | Q109: =COUNTIF('Hedef Liste'!$A:$A,A109) -> 0
A110: 5fdb4d653dabf2330d17a67a | B110: Komagene Etsiz Çiğ Köfte, Serik (Orta Mah.) | C110: DOĞRU | D110: Çiğ Köfte | E110: 1676 | F110: 138 | G110: 108 | H110: 9 | I110: 117 | J110: 0.92 | K110: Esra Gonca Parlar | L110: 5317067500 | M110: Serik | N110: Yeni | O110: PROF. DR. YAŞAR UÇAR CAD. NO:44/C | P110: Key | Q110: =COUNTIF('Hedef Liste'!$A:$A,A110) -> 0
A111: 5fdb4fd351fcaebecf930d8f | B111: Komagene Etsiz Çiğ Köfte, Kepez (Göçerler Mah.) | C111: DOĞRU | D111: Çiğ Köfte | E111: 2118 | F111: 108 | G111: 102 | H111: 8 | I111: 110 | J111: 0.93 | K111: Esra Gonca Parlar | L111: 5466107707 | M111: Kepez | N111: Esentepe | O111: GÖÇERLER MAH. 5435 SK. NO:4 BD İÇ KAPI NO: 10 | P111: Key | Q111: =COUNTIF('Hedef Liste'!$A:$A,A111) -> 0
A112: 5f835c5ecdf1d82ca4c841ce | B112: Atmaca Cafe, Muratpaşa (Altındağ Mah.) | C112: DOĞRU | D112: Döner | E112: 3446 | F112: 134 | G112: 0 | H112: 88 | I112: 88 | J112: 0 | K112: ERSİN ORAL | L112: 2422487276 | M112: Muratpaşa | N112: Altındağ | O112: Altındağ Mahallesi, Durmaz Apt, 100 Yıl Blv 4/A, 07050 Muratpaşa/Antalya | P112: Geleneksel | Q112: =COUNTIF('Hedef Liste'!$A:$A,A112) -> 1
A113: 5f8360bafb4bf05cc3322e9b | B113: Antalya Pizza, Kepez (Yeşiltepe Mah. - Dokuma) | C113: DOĞRU | D113: Pizza | E113: 1875 | F113: 54 | G113: 0 | H113: 31 | I113: 31 | J113: 0 | K113: AHMET ÇETİN | L113: 2423330202 | M113: Kepez | N113: Özgürlük | O113: Yeşiltepe, Tevfik Fikret Cd 49/B, 07020 Kepez/Antalya | P113: Geleneksel | Q113: =COUNTIF('Hedef Liste'!$A:$A,A113) -> 1
A114: 5f843d43fb9c247c8e4f566e | B114: Pizza Plaza, Konyaaltı (Arapsuyu Mah.) | C114: DOĞRU | D114: Pizza | E114: 1292 | F114: 28 | G114: 21 | H114: 12 | I114: 33 | J114: 0.64 | K114: Serim Öztorul | L114: 2422286364 | M114: Konyaaltı | N114: Kuşkavağı | O114: Arapsuyu, 575. Sk. no8/a D:1, 07070 Konyaaltı/Antalya | P114: Geleneksel | Q114: =COUNTIF('Hedef Liste'!$A:$A,A114) -> 1
A115: 5f9bf6e7262fbf3caee7cf11 | B115: KFC, Fabrikalar (Özdilek) | C115: DOĞRU | D115: Tavuk | E115: 12281 | F115: 254 | G115: 90 | H115: 1 | I115: 91 | J115: 0.99 | K115: Tamer Yılmaz | L115: 1111111111 | M115: Kepez | N115: Fabrikalar | O115: Fabrikalar Mah Dokucular Mevki Özdilekpark AVM No:2 D:225, Fikri Erten Cd., 07090 Kepez | P115: Key | Q115: =COUNTIF('Hedef Liste'!$A:$A,A115) -> 0
A116: 5f9c0193e0317e591f4d5667 | B116: KFC, Arapsuyu (5M Migros) | C116: YANLIŞ | D116: Tavuk | E116: 8991 | G116: 91 | H116: 1 | I116: 92 | J116: 0.99 | K116: Tamer Yılmaz | L116: 1111111111 | M116: Konyaaltı | N116: Arapsuyu | O116: Arapsuyu, Atatürk Blv. D:Mağaza C14 - C15, 07070 Konyaaltı/Antalya | P116: Key | Q116: =COUNTIF('Hedef Liste'!$A:$A,A116) -> 0
A117: 5fa303ae78cb575fa2c49d49 | B117: Makarnacım (Fener Mah.) | C117: DOĞRU | D117: Sokak Lezzetleri | E117: 349 | F117: 17 | G117: 0 | H117: 9 | I117: 9 | J117: 0 | K117: GÜLAY EREN TOYRAN | L117: 5453245550 | M117: Muratpaşa | N117: Çağlayan | O117: Fener Mah. Fener Cad. Lal Sitesi A Blok 45 A/A Muratpaşa/Antalya | P117: Geleneksel | Q117: =COUNTIF('Hedef Liste'!$A:$A,A117) -> 1
A118: 5f85a8f3a09b8c1916a1c7c4 | B118: Fratelli Di Pizza, Konyaaltı (Uncalı Mah.) | C118: DOĞRU | D118: Pizza | E118: 4306 | F118: 163 | G118: 78 | H118: 24 | I118: 102 | J118: 0.76 | K118: ÖNDER ÖZTÜRK | L118: 2422290044 | M118: Konyaaltı | N118: Uluç | O118: Uncalı, Çamlık Cd, 07070 Konyaaltı/Antalya | P118: Geleneksel | Q118: =COUNTIF('Hedef Liste'!$A:$A,A118) -> 1
...

Sheet Durum Parametreler
C2: Başka Şubeden Çekilecek | H2: Mertcan
C3: BlackList | H3: Enes
A4: 44197 | C4: Çekim İstemiyor | H4: Ezgi Turan
A5: 44198 | C5: Devir | H5: Hatem Soyaslan
A6: 44199 | C6: Dönüş Yapacak | H6: Zeliha Özer
A7: 44200 | C7: Franchise | H7: Emre Dalgıç
A8: 44201 | C8: İleride Randevu Alınacak | F8: Önder Örtel | H8: Gül Değirmenci
A9: 44202 | C9: Lokasyon Uzak | F9: Fatih Özpelit | H9: Yurdagül Kulaksız
A10: 44203 | C10: Haziran'da Aranacak | H10: Ayfer Altın
A11: 44204 | C11: Menü Güncellemesi Yapılacak | H11: Ayşegül Kır
A12: 44205 | C12: Personel Eksik | H12: Damla Kılcı
A13: 44206 | C13: Randevu Alındı | F13: Ayşegül Kır | H13: Özlem arslan
A14: 44207 | C14: Randevu İptal | F14: Betül Demir | H14: Beyza gülşah
A15: 44208 | C15: Restoran Silindi | F15: Hatem Soyaslan | H15: Özlem gümüş
A16: 44209 | C16: Sistemden Çıkmak İstiyor | F16: Selcan Topçu | H16: Tuğba Buyur
A17: 44210 | C17: Tadilat Var | F17: Sude Alkan | H17: Kadriye Polat
A18: 44211 | C18: Ulaşılamadı | F18: Yurdagül Kulaksız | H18: Şükriye Demir
A19: 44212 | C19: Yılbaşından Sonra Aranacak | F19: Zeliha Özer | H19: Ece Bayındır
A20: 44213 | F20: Ferhat Köksal | H20: Senanur Çınar
A21: 44214 | F21: Enes Günal | H21: Şura Özcan
A22: 44215 | C22: Dönüş Yapacak | F22: Serap Apaydın | H22: Funda Ünlü
A23: 44216 | C23: Görüşüldü | H23: Sıla Göksunaz Esen
A24: 44217 | C24: Tekrar Aranacak | H24: Emel Yılmaz
A25: 44218 | C25: Ulaşılamadı | H25: Ecem Ersöz
A26: 44219 | C26: Yetkili Yok | H26: Livanur Elibol
A27: 44220 | H27: Eda Cıbır
A28: 44221 | C28: Hemen Randevu İstiyorum | H28: Meryem Yalabık
A29: 44222 | C29: Fotoğraflarım Var | H29: Serenay Yalabık
A30: 44223 | C30: İleride Randevu İstiyorum
A31: 44224
A32: 44225
A33: 44226 | C33: Randevu Alınabilir
A34: 44227 | C34: Çekim İstemiyor
A35: 44228 | C35: Fotoğrafları Yok - Randevu Alınabilir
A36: 44229 | C36: Fotoğrafları Gönderecek
A37: 44230
A38: 44231
A39: 44232
A40: 44233
A41: 44234
A42: 44235
A43: 44236
A44: 44237
A45: 44238
A46: 44239
A47: 44240
A48: 44241
... A820: 45013

Sheet özet
G4: Tarih | H4: Başarılı Randevu | I4: İptal Randevu | J4: Top. Rest | K4: =COUNTIFS(import!$C:$C,"true",import!$P:$P,"Geleneksel") -> 0 | O4: İptal Randevu | P4: Fotoğraflandırılan Top. Ürün | Q4: Fotoğraflandırılan Ort. Ürün
B5: Başka Şubeden Çekilecek | C5: =COUNTIFS('Hedef Liste'!T:T,B5,'Hedef Liste'!C:C,"doğru",'Hedef Liste'!P:P,"Geleneksel",'Hedef Liste'!J:J,"=0%") -> 8 | D5: Toplam Rest | E5: =COUNTIFS(import!C:C,"doğru",import!P:P,"Geleneksel") -> 1777 | J5: Fotoğraflı | K5: =COUNTIFS(import!$C:$C,"true",import!$P:$P,"Geleneksel",import!$J:$J,">0%") -> 0 | M5: =$K$5/$K$4 -> #DIV/0!
B6: BlackList | C6: =COUNTIFS('Hedef Liste'!T:T,B6,'Hedef Liste'!C:C,"doğru",'Hedef Liste'!P:P,"Geleneksel",'Hedef Liste'!J:J,"=0%") -> 11 | D6: Fotoğraflı | E6: =COUNTIFS(import!C:C,"doğru",import!P:P,"Geleneksel",import!J:J,">0%") -> 894
B7: Çekim İstemiyor | C7: =COUNTIFS('Hedef Liste'!T:T,B7,'Hedef Liste'!C:C,"doğru",'Hedef Liste'!P:P,"Geleneksel",'Hedef Liste'!J:J,"=0%") -> 185 | D7: % | E7: =E6/E5 -> 0.5030951 | J7: Ürün Adet | K7: 0-25 | M7: 25+ | S7: İptal Oranı
B8: Devir | C8: =COUNTIFS('Hedef Liste'!T:T,B8,'Hedef Liste'!C:C,"doğru",'Hedef Liste'!P:P,"Geleneksel",'Hedef Liste'!J:J,"=0%") -> 8 | J8: Fotoğraflı | K8: =COUNTIFS(import!$C:$C,"true",import!$J:$J,">0%",import!$P:$P,"Geleneksel",import!$I:$I,"<=25") -> 0 | L8: =K8/K5 -> #DIV/0! | M8: =COUNTIFS(import!C:C,"true",import!J:J,">0%",import!P:P,"Geleneksel",import!I:I,">25") -> 0 | N8: =M8/K5 -> #DIV/0! | S8: =O13/N13 -> #DIV/0!
B9: Dönüş Yapacak | C9: =COUNTIFS('Hedef Liste'!T:T,B9,'Hedef Liste'!C:C,"doğru",'Hedef Liste'!P:P,"Geleneksel",'Hedef Liste'!J:J,"=0%") -> 21 | J9: 0-20% | K9: =COUNTIFS(import!C:C,"true",import!J:J,">0%",import!J:J,"<=20%",import!P:P,"Geleneksel",import!I:I,"<=25") -> 0 | L9: =K9/K8 -> #DIV/0! | M9: =COUNTIFS(import!C:C,"true",import!J:J,">0%",import!J:J,"<=20%",import!P:P,"Geleneksel",import!I:I,">25") -> 0 | N9: =M9/M8 -> #DIV/0!
B10: Franchise | C10: =COUNTIFS('Hedef Liste'!T:T,B10,'Hedef Liste'!C:C,"doğru",'Hedef Liste'!P:P,"Geleneksel",'Hedef Liste'!J:J,"=0%") -> 10 | J10: 21-50% | K10: =COUNTIFS(import!C:C,"true",import!J:J,">20%",import!J:J,"<=50%",import!P:P,"Geleneksel",import!I:I,"<=25") -> 0 | L10: =K10/K8 -> #DIV/0! | M10: =COUNTIFS(import!C:C,"true",import!J:J,">20%",import!J:J,"<=50%",import!P:P,"Geleneksel",import!I:I,">25") -> 0 | N10: =M10/M8 -> #DIV/0!
B11: İleride Randevu Alınacak | C11: =COUNTIFS('Hedef Liste'!T:T,B11,'Hedef Liste'!C:C,"doğru",'Hedef Liste'!P:P,"Geleneksel",'Hedef Liste'!J:J,"=0%") -> 59 | J11: 51-80% | K11: =COUNTIFS(import!C:C,"true",import!J:J,">50%",import!J:J,"<=80%",import!P:P,"Geleneksel",import!I:I,"<=25") -> 0 | L11: =K11/K8 -> #DIV/0! | M11: =COUNTIFS(import!C:C,"true",import!J:J,">50%",import!J:J,"<=80%",import!P:P,"Geleneksel",import!I:I,">25") -> 0 | N11: =M11/M8 -> #DIV/0!
B12: Lokasyon Uzak | C12: =COUNTIFS('Hedef Liste'!T:T,B12,'Hedef Liste'!C:C,"doğru",'Hedef Liste'!P:P,"Geleneksel",'Hedef Liste'!J:J,"=0%") -> 2 | J12: >80% | K12: =COUNTIFS(import!C:C,"true",import!J:J,">80%",import!P:P,"Geleneksel",import!I:I,"<=25") -> 0 | L12: =K12/K8 -> #DIV/0! | M12: =COUNTIFS(import!C:C,"true",import!J:J,">80%",import!P:P,"Geleneksel",import!I:I,">25") -> 0 | N12: =M12/M8 -> #DIV/0!
B13: Haziran'da Aranacak | C13: =COUNTIFS('Hedef Liste'!T:T,B13,'Hedef Liste'!C:C,"doğru",'Hedef Liste'!P:P,"Geleneksel",'Hedef Liste'!J:J,"=0%") -> 0
B14: Menü Güncellemesi Yapılacak | C14: =COUNTIFS('Hedef Liste'!T:T,B14,'Hedef Liste'!C:C,"doğru",'Hedef Liste'!P:P,"Geleneksel",'Hedef Liste'!J:J,"=0%") -> 3
B15: Personel Eksik | C15: =COUNTIFS('Hedef Liste'!T:T,B15,'Hedef Liste'!C:C,"doğru",'Hedef Liste'!P:P,"Geleneksel",'Hedef Liste'!J:J,"=0%") -> 2
B16: Randevu Alındı | C16: =COUNTIFS('Hedef Liste'!T:T,B16,'Hedef Liste'!C:C,"doğru",'Hedef Liste'!P:P,"Geleneksel",'Hedef Liste'!J:J,"=0%") -> 72
B17: Randevu İptal | C17: =COUNTIFS('Hedef Liste'!T:T,B17,'Hedef Liste'!C:C,"doğru",'Hedef Liste'!P:P,"Geleneksel",'Hedef Liste'!J:J,"=0%") -> 20
B18: Restoran Silindi | C18: =COUNTIFS('Hedef Liste'!T:T,B18,'Hedef Liste'!C:C,"doğru",'Hedef Liste'!P:P,"Geleneksel",'Hedef Liste'!J:J,"=0%") -> 6
B19: Sistemden Çıkmak İstiyor | C19: =COUNTIFS('Hedef Liste'!T:T,B19,'Hedef Liste'!C:C,"doğru",'Hedef Liste'!P:P,"Geleneksel",'Hedef Liste'!J:J,"=0%") -> 8
B20: Tadilat Var | C20: =COUNTIFS('Hedef Liste'!T:T,B20,'Hedef Liste'!C:C,"doğru",'Hedef Liste'!P:P,"Geleneksel",'Hedef Liste'!J:J,"=0%") -> 9
B21: Ulaşılamadı | C21: =COUNTIFS('Hedef Liste'!T:T,B21,'Hedef Liste'!C:C,"doğru",'Hedef Liste'!P:P,"Geleneksel",'Hedef Liste'!J:J,"=0%") -> 46
B22: Ramazandan Sonra Randevu Istiyor | C22: =COUNTIFS('Hedef Liste'!T:T,B22,'Hedef Liste'!C:C,"doğru",'Hedef Liste'!P:P,"Geleneksel",'Hedef Liste'!J:J,"=0%") -> 0
B23: Fotoğrafı Var | C23: =COUNTIFS('Hedef Liste'!S:S,"True",'Hedef Liste'!C:C,"doğru",'Hedef Liste'!P:P,"Geleneksel",'Hedef Liste'!J:J,"=0%") -> 187
B24: TOPLAM | C24: =SUM(C5:C23) -> 657 | D24: =COUNTIFS('Hedef Liste'!C:C,"doğru",'Hedef Liste'!P:P,"Geleneksel") -> 1736
D25: =COUNTIFS('Hedef Liste'!C:C,"true",'Hedef Liste'!P:P,"Geleneksel",'Hedef Liste'!J:J,">0%")+(SUM(C23,C5,C7,C10,C16)) -> 462
D26: =D25/D24 -> 0.26612903
B27: Randevu Başarı %
B28: =C16/COUNTIFS('Hedef Liste'!R:R,"true",'Hedef Liste'!C:C,"true") -> #DIV/0!

Sheet Sayfa16
