Workbook

Sheet TAKVİM
C1: TARİH | D1: Randevu Alan | E1: ID | F1: RESTORAN | G1: SAAT | H1: İLÇE / MAHALLE | I1: YETKİLİ KİŞİ / TELEFON | J1: ADRES | K1: Notlar | L1: Fotoğraf Adeti | M1: Toplam ürün | N1: Şubeli | O1: İptal
C2: 44250
B3: Nilüfer | C3: Okan Yazıcı | E3: 5f9830a779e0ec412130a6e1 | F3: The Dream Cafe, Nilüfer (Görükle Mah.) | G3: 10.30 | H3: Nilüfer/Dumlupınar | I3: Muhammet Bey / 5370591840 | J3: DUMLUPINAR MAH/SEMT KALKAN SK. NO: 6 B NİLÜFER/ BURSA | K3: iptal sebebi : ürünlerini yetiştirememis. yeni rand alındı | M3: =VLOOKUP(E3,'Hedef Liste'!A:I,8,false) -> 7 | N3: FALSE | O3: TRUE
A4: =E4 -> 5f8a0cdc5e5acb1aa3c96c71 | C4: Okan Yazıcı | E4: 5f8a0cdc5e5acb1aa3c96c71 | F4: Dr. Çıtır Nilüfer (Görükle Mah.) | G4: 12.30 | H4: Nilüfer/Dumlupınar | I4: Abdullah Erdağ/ 5325113724 | J4: Dumlupınar Mah. Atatürk BLV. A Blok No:9 C Nilüfer / Bursa | L4: 13 | M4: =VLOOKUP(E4,'Hedef Liste'!A:I,8,false) -> #N/A | N4: FALSE | O4: FALSE
A5: =E5 -> 5feb936512b71547b1a47059 | C5: Okan Yazıcı | E5: 5feb936512b71547b1a47059 | F5: Bari Pizza, Nilüfer (Görükle Mah.) | G5: 16:00 | H5: Nilüfer/Dumlupınar | I5: Erbay Bey / 5355024060 | J5: Dumlupınar Mah. Yonca Sk B No 3 B / C | L5: 20 | M5: =VLOOKUP(E5,'Hedef Liste'!A:I,8,false) -> #N/A | N5: FALSE | O5: FALSE
A6: =E6 -> 5f33d5aa9876961be68f5c32 | C6: Okan Yazıcı | E6: 5f33d5aa9876961be68f5c32 | F6: Bi Dünya Tavuk, Görükle | G6: 16:15 | H6: Nilüfer/Dumlupınar | I6: Erbay Bey / 5355024060 | J6: Dumlupınar Mah. Yonca Sk B No 3 B / C | M6: =VLOOKUP(E6,'Hedef Liste'!A:I,8,false) -> 20 | N6: FALSE | O6: FALSE
A7: =E7 -> 5f33d6ac13c9ae370a245201 | C7: Okan Yazıcı | E7: 5f33d6ac13c9ae370a245201 | F7: Ekmekarası Cheese & Steak, Görükle | G7: 16:30 | H7: Nilüfer/Dumlupınar | I7: Erbay Bey / 5355024060 | J7: Dumlupınar Mah. Yonca Sk B No 3 B / C | M7: =VLOOKUP(E7,'Hedef Liste'!A:I,8,false) -> 18 | N7: FALSE | O7: FALSE
A8: =E8 | N8: FALSE | O8: FALSE
A9: =E9 | C9: 44251
A10: =E10 | N10: FALSE | O10: FALSE
A11: =E11 -> 5fc9f2ecf7f5fedadbf474c7 | B11: Nilüfer | C11: Okan Yazıcı | E11: 5fc9f2ecf7f5fedadbf474c7 | F11: Nezih Sofrası, İhsaniye | G11: 0.45833333 | H11: Nilüfer/İhsaniye | I11: Mehmet Bey / 5076903821 | J11: İhsaniye Mah. Cami Sok. No:40 A Nilüfer / Bursa | L11: 36 | M11: =VLOOKUP(E11,'Hedef Liste'!A:I,8,false) -> 17 | N11: FALSE | O11: FALSE
A12: =E12 -> 5f356216bee28716b7544376 | C12: Okan Yazıcı | E12: 5f356216bee28716b7544376 | F12: Çınar Pideli Köfte, Görükle | G12: 0.52083333 | H12: Nilüfer/Dumlupınar | I12: Cem Bey / 2244837473 | J12: Dumlupınar, Atatürk Cd. No:96, 16285 Nilüfer/Bursa | L12: 7 | M12: =VLOOKUP(E12,'Hedef Liste'!A:I,8,false) -> 14 | N12: FALSE | O12: FALSE
A13: =E13 -> 5f29acb8f52a7882a29ce8f8 | C13: Okan Yazıcı | E13: 5f29acb8f52a7882a29ce8f8 | F13: Maydonoz Döner (Yediselviler Mah.) | G13: 14.00 | H13: Yıldırım/ Mehmet Akif Ersoy | I13: Mustafa Yeşilyurt /5379605800 | J13: Yediselviler Mahallesi Teyyareci Mehmet Ali Cad. No: 122/B Bursa/Yıldırım | L13: 22 | M13: =VLOOKUP(E13,'Hedef Liste'!A:I,8,false) -> #N/A | N13: FALSE | O13: FALSE
A14: =E14 -> 5f986b9cf5e5b1409859f617 | C14: Okan Yazıcı | E14: 5f986b9cf5e5b1409859f617 | F14: Şiptar Waffle & Kumpirr | G14: 0.66666667 | H14: Nilüfer/Dumlupınar | I14: Furkan Bey / 5414293800 | J14: Dumlupınar mah, Yurt Sk. No:1 B, 16285 Nilüfer Bursa | L14: 5 | M14: =VLOOKUP(E14,'Hedef Liste'!A:I,8,false) -> 8 | N14: FALSE | O14: FALSE
A15: =E15 -> 5f93f0c47ddac110b496a88a | C15: Okan Yazıcı | E15: 5f93f0c47ddac110b496a88a | F15: Hobi Paket Büfe (Görükle) | G15: 0.72916667 | H15: Nilüfer/Dumlupınar | I15: Sezer Dindar/ 2244835300 | J15: Dumlupınar Mah. Atatürk Cad. İnak Apt No:98 Nilüfer Bursa | L15: 21 | M15: =VLOOKUP(E15,'Hedef Liste'!A:I,8,false) -> #N/A | N15: FALSE | O15: FALSE
A16: =E16 | C16: 44252
A17: =E17 | N17: FALSE | O17: FALSE
A18: =E18 | N18: FALSE | O18: FALSE
A19: =E19 -> 5f33cb9613c9ae3a45245042 | B19: Nilüfer | C19: Okan Yazıcı | E19: 5f33cb9613c9ae3a45245042 | F19: Tatlı Kafa (Görükle Mah.) | G19: 12.30 | H19: Nilüfer/Görükle | I19: TAYFUR UGUR/05535059382 | J19: Görükle, Görükle, Güneş Sitesi B Blok, Üçoluk Cd., 16285 Nilüfer/Bursa | L19: 28 | M19: =VLOOKUP(E19,'Hedef Liste'!A:I,8,false) -> 15 | N19: FALSE | O19: FALSE
A20: =E20 -> 60141cc0f8fb0b4cbff9fd57 | C20: Okan Yazıcı | E20: 60141cc0f8fb0b4cbff9fd57 | F20: Got The Munchies, Nilüfer (Görükle Mah.) | G20: 13.30 | H20: Nilüfer/Görükle | I20: TAYFUR UGUR/05535059382 | J20: Görükle, Görükle, Güneş Sitesi B Blok, Üçoluk Cd., 16285 Nilüfer/Bursa | L20: 7 | M20: =VLOOKUP(E20,'Hedef Liste'!A:I,8,false) -> 1 | N20: FALSE | O20: FALSE
A21: =E21 -> 5f35164cf7ff4273512a75e9 | C21: Okan Yazıcı | E21: 5f35164cf7ff4273512a75e9 | F21: Aybalam Fast Food & Salad, Nilüfer (Görükle Mah.) | G21: 15:30 | H21: Nilüfer/Dumlupınar | I21: Orkhan Bey / 5387882843 | J21: Dumlupınar, Gülveren Cd. No 3a D:f, 16285 Nilüfer/Bursa | L21: 34 | M21: =VLOOKUP(E21,'Hedef Liste'!A:I,8,false) -> #N/A | N21: FALSE | O21: FALSE
A22: =E22 -> 5f9c3c6346f1ccdda9012da3 | C22: Okan Yazıcı | E22: 5f9c3c6346f1ccdda9012da3 | F22: Abad Izgara Tavuk, Nilüfer (Görükle Mah.) | G22: 16:30 | H22: Nilüfer/Dumlupınar | I22: Orkhan Bey / 5387882843 | J22: Dumlupınar, Gülveren Cd. No 3a D:f, 16285 Nilüfer/Bursa | L22: 11 | M22: =VLOOKUP(E22,'Hedef Liste'!A:I,8,false) -> #N/A | N22: FALSE | O22: FALSE
A23: =E23 | C23: 44253
A24: =E24 | N24: FALSE | O24: FALSE
A25: =E25 -> 5f89ec2cf3a2617e0116e56c | B25: Nilüfer | C25: Okan Yazıcı | E25: 5f89ec2cf3a2617e0116e56c | F25: Tacos House Nilüfer (Görükle Mah.) | G25: 0.4375 | H25: Nilüfer / Dumlupınar | I25: Ali Osman Bey / 5367083340 | J25: Dumlupınar Mah. Selanik Cad. C Blok No:2 C/B Nilüfer / BURSA | L25: 4 | M25: =VLOOKUP(E25,'Hedef Liste'!A:I,8,false) -> 16 | N25: FALSE | O25: FALSE
A26: =E26 -> 5fe70f4912b7157194a3e7b7 | C26: Okan Yazıcı | E26: 5fe70f4912b7157194a3e7b7 | F26: Ataköy Çorbacısı ( Görükle Mah. ) | G26: 0.5 | H26: Nilüfer / Dumlupınar | I26: Adil Bey / 5300524029 | J26: DUMLUPINAR MAH. MEHTAP(500) SK. NO: 1 B İÇ KAPI NO: 1 NİLÜFER/ BURSA | L26: 40 | M26: =VLOOKUP(E26,'Hedef Liste'!A:I,8,false) -> #N/A | N26: FALSE | O26: FALSE
A27: =E27 -> 5fdc9d0151fcae23bf932d49 | C27: Okan Yazıcı | E27: 5fdc9d0151fcae23bf932d49 | F27: Bursam Yöresel Tatlılar, Nilüfer (Görükle Mah.) | G27: 14:00 | H27: Nilüfer/Dumlupınar | I27: Ömer Bey / 5334656393 | J27: Dumlupınar, İskele Sk. No:11, 16100 Nilüfer/Bursa | L27: 4 | M27: =VLOOKUP(E27,'Hedef Liste'!A:I,8,false) -> 1 | N27: FALSE | O27: FALSE
A28: =E28 -> 5f2a60ebd93dda939adfd661 | C28: Okan Yazıcı | E28: 5f2a60ebd93dda939adfd661 | F28: Tarihi Sürmene Pilavcısı (Görükle Mah.) | G28: 0.58333333 | H28: Nilüfer/Dumlupınar | I28: Ömer Bey / 5334656393 | J28: Dumlupınar, İskele Sk. No:11, 16100 Nilüfer/Bursa | L28: 54 | M28: =VLOOKUP(E28,'Hedef Liste'!A:I,8,false) -> 11 | N28: FALSE | O28: FALSE
A29: =E29 -> 5f99a7246d4572ecf0865f21 | C29: Okan Yazıcı | E29: 5f99a7246d4572ecf0865f21 | F29: Lokma & Sweet, Nilüfer (Görükle Mah.) | G29: 16:00 | H29: Nilüfer/Görükle | I29: Onur Bey / 5436649775 | J29: Görükle Mah. Atatürk Bulvarı Yeşilova Sit. No: 4 / A Nilüfer / Bursa | L29: 26 | M29: =VLOOKUP(E29,'Hedef Liste'!A:I,8,false) -> 16 | N29: FALSE | O29: FALSE
A30: =E30 | C30: 44256
A31: =E31 | N31: FALSE | O31: FALSE
A32: =E32 -> 5f8afff5850babf36035123f | B32: Nilüfer | C32: Okan Yazıcı | D32: Mertcan | E32: 5f8afff5850babf36035123f | F32: Maydanoz Döner (Görükle Mah.) | G32: 0.5 | H32: Nilüfer / Görükle | I32: Neziyha Baykal / 2249990587 | J32: Dumlupınar Mah. Gelibolu Cad. No:44 D Blok Nilüfer Bursa/Görükle | L32: 5 | M32: =VLOOKUP(E32,'Hedef Liste'!A:I,8,false) -> 9 | N32: FALSE | O32: FALSE
C33: Okan Yazıcı | D33: Mertcan | E33: 5f96f8d4cb8e8dc51fd7fa06 | F33: Şehzade Ev Yemekleri (Görükle Mah.) | G33: 0.58333333 | H33: Nilüfer / Dumlupınar | I33: Fatih Bey / 2244835765 | J33: Dumlupınar Mah. Atatürk (500) Cad. A Blok No:96 A İç Kapı No:4 Nilüfer / Bursa | K33: İptal sebebi : restorantı o anda yogunmuş . Tekrar Rand. oluşturulmuş. | M33: =VLOOKUP(E33,'Hedef Liste'!A:I,8,false) -> 8 | N33: FALSE | O33: TRUE
A34: =E34 | C34: Okan Yazıcı | M34: =VLOOKUP(E304,'Hedef Liste'!A:I,8,false) -> 45 | N34: FALSE | O34: FALSE
A35: =E35 -> 5fb8e56a4da10631737ad4e5 | C35: Okan Yazıcı | E35: 5fb8e56a4da10631737ad4e5 | F35: Konya Mutfağı ( 23 Nisan Mah.) | G35: 16:30 | H35: Nilüfer / 23 Nisan | I35: Levent Bey / 2244434542 | J35: 23 Nisan Mah. 75. yıl Bulvarı no 3 a | L35: 18 | M35: =VLOOKUP(E35,'Hedef Liste'!A:I,8,false) -> 43 | N35: FALSE | O35: FALSE
A36: =E36 -> 5fa455fed0f0f7001443f111 | C36: Okan Yazıcı | D36: Enes | E36: 5fa455fed0f0f7001443f111 | F36: Aztec Coffee | G36: 14:00 | H36: Nilüfer / Dumlupınar | I36: Mehmet Bey / 5422837240 | J36: Dumlupınar, Adapark sitesi, Doluca Sk. 2b, 16240 Nilüfer/Bursa | L36: 39 | M36: =VLOOKUP(E36,'Hedef Liste'!A:I,8,false) -> 119 | N36: FALSE | O36: FALSE
A37: =E37 | C37: 44257
A38: =E38 | N38: FALSE | O38: FALSE
A39: =E39 | B39: Nilüfer | M39: =VLOOKUP(E47,'Hedef Liste'!A:I,8,false) -> 4 | N39: FALSE | O39: FALSE
A40: =E40 -> 5fe337a4879562b335ccd438 | C40: Okan Yazıcı | E40: 5fe337a4879562b335ccd438 | F40: İkizler Hasan Ustam, Nilüfer (Konak Mah.) | G40: 0.5625 | H40: Nilüfer/konak | I40: EMEL AÇAR/2244528080/Yavuz bey 5363136131 | J40: Konak Mah. yıldırım cad. No 19/ a NİLÜFER/ BURSA | L40: 37 | M40: =VLOOKUP(E40,'Hedef Liste'!A:I,8,false) -> 3 | N40: FALSE | O40: FALSE
C41: Okan Yazıcı | E41: 5f356353c1827876608d31e3 | F41: Kaşık Kaşık Ev Yemekleri & Pide, Görükle | G41: 15.30 | H41: Nilüfer / Görükle | I41: Emre Alkış / 2244836662 | J41: Görükle, Atatürk Cd. No:101, 16220 Nilüfer/Bursa | K41: iptal sebebi : öğlen saati yoğun olduklari için ilgilenememisler. tekrar Rand. alınmış. | M41: =VLOOKUP(E41,'Hedef Liste'!A:I,8,false) -> 45 | N41: FALSE | O41: TRUE
A42: =E42 -> 5fda1c613fcdb0a1ee5076f2 | C42: Okan Yazıcı | E42: 5fda1c613fcdb0a1ee5076f2 | F42: Keyif Ekler ( Beşevler Mah. ) | G42: 16:30 | H42: Nilüfer / Konak | I42: Fatma Hanım / 5369500083 | J42: Konak Mah Beşevler Cad No:29/A Nilüfer/BURSA | L42: 22 | M42: =VLOOKUP(E42,'Hedef Liste'!A:I,8,false) -> 4 | N42: FALSE | O42: FALSE
A43: =E43 -> 5fabf7e2001ef3d1131fc2cd | C43: Okan Yazıcı | E43: 5fabf7e2001ef3d1131fc2cd | F43: Nilüfer Konya Etli Ekmek & Pide Salonu (Konak Mah.) | G43: 17.30 | H43: Nilüfer / konak | I43: Hatice Canbaz / 2244531595 | J43: Konak Mah. Yıldırım Cad. 18 Nolu Bğmz No: 101 d Nilüfer / Bursa | L43: 4 | M43: =VLOOKUP(E43,'Hedef Liste'!A:I,8,false) -> #N/A | N43: FALSE | O43: FALSE
A44: =E44 | C44: 44258
B45: Nilüfer | C45: Okan Yazıcı | D45: Ayfer Altın | E45: 5fe4a5dbabb7f2a528cefc5f | F45: Barış Döner, Nilüfer (Konak Mah.) | G45: 10.30 | H45: Nilüfer/ Konak | I45: Savaş Budak 5354989451 | J45: Konak Mah. Beşevler Cad. Şengül Aprt. No:70 A Nilüfer / Bursa | K45: iptal sebebi : restorant sahibi broşürden cekilecek sanmış. tekrar Rand. oluşturulmuş. | M45: =VLOOKUP(E46,'Hedef Liste'!A:I,8,false) -> #N/A | N45: FALSE | O45: TRUE
A46: =E46 -> 5ff31c3b37c1db8aab56ddfd | C46: Okan Yazıcı | D46: Ayfer Altın | E46: 5ff31c3b37c1db8aab56ddfd | F46: Bizim Köfte, Nilüfer (Konak Mah.) | G46: 11.30 | H46: Nilüfer/ Konak | I46: Üsame Bey / 5315100317 | J46: Konak Mah. Yavuz Sok. No:46/ A Nilüfer / Bursa | L46: 27 | M46: =VLOOKUP(E47,'Hedef Liste'!A:I,8,false) -> 4 | N46: FALSE | O46: FALSE
A47: =E47 -> 5fca37bfd1572e9d2050503e | C47: Okan Yazıcı | D47: Ayfer Altın | E47: 5fca37bfd1572e9d2050503e | F47: Anne Eli Börek, Nilüfer (Konak Mah.) | G47: 13.00 | H47: Nilüfer/ Konak | I47: Alihan Kesenek 5325566823 | J47: Konak Mah. Yıldırım Cad. 150 B Nilüfer / Bursa | L47: 12 | M47: =VLOOKUP(E48,'Hedef Liste'!A:I,8,false) -> 44 | N47: FALSE | O47: FALSE
C48: Okan Yazıcı | D48: Ayfer Altın | E48: 5fb7d70027a7a7731adba7d5 | F48: İbrahim Ustam Kebap & Lahmacun, Nilüfer (Konak Mah.) | G48: 15.30 | H48: Nilüfer/ Konak | I48: Kazım Öztemel 5412913505 | J48: Konak Mah. Beşevler Cad. No:86 A Nilüfer / Bursa | K48: iptal sebebi : çekim için yeri müsait değilmiş. tekrar aranmak istemiyor.SİSTEMDEN ÇIKMAK İSTİYOR. | M48: =VLOOKUP(E49,'Hedef Liste'!A:I,8,false) -> 8 | N48: FALSE | O48: TRUE
A49: =E49 -> 5fbbaeba7c52f703705238dc | C49: Okan Yazıcı | D49: Ayfer Altın | E49: 5fbbaeba7c52f703705238dc | F49: Konak Piliç Evi, Nilüfer | G49: 16.30 | H49: Nilüfer/ Konak | I49: Yunus Emre Yılmaz 5353597035 | J49: Konak Mah. Yavuz Sok. 43 B 1 Nilüfer / Bursa | L49: 14 | M49: =VLOOKUP(E46,'Hedef Liste'!A:I,8,false) -> #N/A | N49: FALSE | O49: FALSE
A50: =E50 | M50: =VLOOKUP(#REF!,'Hedef Liste'!A:I,8,false) -> #REF! | N50: FALSE | O50: FALSE
A51: =E51 | C51: 44259
A52: =E52 -> 5f363f4f64610e6375605aaa | B52: Nilüfer | C52: Okan Yazıcı | D52: Mertcan | E52: 5f363f4f64610e6375605aaa | F52: Güler Pide & Kebap, Çamlıca | G52: 12.30 | H52: Nilüfer/çamlıca | I52: Bekir/02244511103/5056524823 | J52: Çamlıca, Kavakdere Cd. No:152, 16110 Nilüfer/Bursa | L52: 26 | M52: =VLOOKUP(E52,'Hedef Liste'!A:I,8,false) -> 15 | N52: FALSE | O52: FALSE
C53: Okan Yazıcı | D53: Enes | E53: 6030fc238364b83eb0994c81 | F53: Görükle İpekspor (Görükle Mah.) | G53: 10.30 | H53: Nilüfer / Dumlupınar | I53: Gizem Hanım / 5443950016 | J53: Dumlupınar Mah. Atatürk (490) Cad. No: 108 A İç Kapı No: 1 Nilüfer / Bursa | K53: ERTELEDİ-RAMAZANDAN SONRA | M53: =VLOOKUP(E53,'Hedef Liste'!A:I,8,false) -> 29 | N53: FALSE | O53: TRUE
C54: Okan Yazıcı | D54: Damla Kılcı | E54: 5fc7ed580b71919407136302 | F54: Bursa Tarihi Taş Fırın | G54: 12.00 | H54: Nilüfer Odunluk | I54: Engin DEMİR/5386434013 | J54: odunluk mah lefkoşa cd no 55 | K54: iptal sebebi : Getiryemek benim fiyat listemi guncellemedi. ilgilenmedi. ben de sistemden çıkış yaptım. | M54: =VLOOKUP(E54,'Hedef Liste'!A:I,8,false) -> 31 | N54: FALSE | O54: TRUE
A55: =E55 -> 5f33f06ed6022785bad33be2 | C55: Okan Yazıcı | D55: Mertcan | E55: 5f33f06ed6022785bad33be2 | F55: Gıt Gıt Piliç, Beşevler | G55: 14.00 | H55: Nilüfer Beşevler | I55: GÜLNUR AKYÜZ 5434507050 | J55: Beşevler, Yıldırım Cad. No:34, 16110 Nilüfer/Bursa | L55: 23 | M55: =VLOOKUP(E55,'Hedef Liste'!A:I,8,false) -> 34 | N55: FALSE | O55: FALSE
A56: =E56 -> 5f33d943e99eb6a9711c0f22 | C56: Okan Yazıcı | D56: Damla Kılcı | E56: 5f33d943e99eb6a9711c0f22 | F56: Kayhan Pideli Köfte & Cantık, Konak | G56: 15.30 | H56: Nilüfer Konak | I56: İsmail Topaloğlu/5326509580 | J56: Konak mah. Yıldırım cad. 36/A Nilüfer/Bursa | M56: =VLOOKUP(E56,'Hedef Liste'!A:I,8,false) -> 26 | N56: FALSE | O56: FALSE
C57: Okan Yazıcı | D57: Gül Değirmenci | E57: 6017cf9faa213a53a8e3d685 | F57: Demluk Tost Evi, Nilüfer (Konak Mah.) | G57: 17.00 | H57: Nilüfer Konak | I57: Muhammet Akgün / 5422148993 | J57: Bursa nilüfer konak mahallesi bakır sok no 14 c | K57: ERTELEDİ | M57: =VLOOKUP(E57,'Hedef Liste'!A:I,8,false) -> #N/A | N57: FALSE | O57: TRUE
A58: =E58 | C58: 44260 | L58: 5
A59: =E59 -> 5f34f5bd5e18f6d8f23e52c2 | B59: Nilüfer | C59: Okan Yazıcı | D59: Emre Dalgıç | E59: 5f34f5bd5e18f6d8f23e52c2 | F59: Aktif Kumru, Nilüfer (Beşevler Mah.) | G59: 10.30 | H59: Nilüfer/ Beşevler | I59: Gökhan bey/2244510042/5326102618 | J59: Yıldırım Caddesi Beşevler Mahallesi 161A, Nilufer/Bursa | L59: 20 | M59: =VLOOKUP(E61,'Hedef Liste'!A:I,8,false) -> 37 | N59: FALSE | O59: FALSE
A60: =E60 -> 5f929a632b98346a5b9fdee1 | C60: Okan Yazıcı | D60: Gül Değirmenci | E60: 5f929a632b98346a5b9fdee1 | F60: Pizza Maestro Nilüfer (Kültür Mah.) | G60: 12.00 | H60: Nilüfer Kültür | I60: Onur Can Bey 5517103416 | J60: Kültür Mah. Bilginer Cad. No:99 B İç Kapı No:1 Nilüfer / Bursa | L60: 43 | M60: =VLOOKUP(E63,'Hedef Liste'!A:I,8,false) -> #N/A | N60: FALSE | O60: FALSE
A61: =E61 -> 5f366db34589dfec564a9a7a | C61: Okan Yazıcı | E61: 5f366db34589dfec564a9a7a | F61: Dönerci Murat Paket Büfe, Beşevler | G61: 0.58333333 | H61: Nilüfer/Beşevler | I61: Songül Han / 2244511632 | J61: Beşevler, Bilginler Cd. No:10, 16110 Nilüfer/Bursa | L61: 20 | M61: =VLOOKUP(E59,'Hedef Liste'!A:I,8,false) -> 1 | N61: FALSE | O61: FALSE
A62: =E62 -> 5f34125c03a81847ad9253f1 | C62: Okan Yazıcı | D62: Gül Değirmenci | E62: 5f34125c03a81847ad9253f1 | F62: Abacus Tavuk, Görükle | G62: 15.30 | H62: Nilüfer Görükle | I62: Mehmet Ali Kara / 5457764113 | J62: Görükle Sakarya Mahallesi, Taşkent Sk. No:14/B, 16285 Nilüfer/Bursa | L62: 18 | M62: =VLOOKUP(E60,'Hedef Liste'!A:I,8,false) -> 46 | N62: FALSE | O62: FALSE
A63: =E63 -> 5fe4a5dbabb7f2a528cefc5f | C63: Okan Yazıcı | D63: Gül Değirmenci | E63: 5fe4a5dbabb7f2a528cefc5f | F63: Barış Döner, Nilüfer (Konak Mah.) | G63: 17.00 | H63: Nilüfer/ Konak | I63: Savaş Budak 5354989451 | J63: Konak Mah. Beşevler Cad. Şengül Aprt. No:70 A Nilüfer / Bursa | M63: =VLOOKUP(E62,'Hedef Liste'!A:I,8,false) -> #N/A | N63: FALSE | O63: FALSE
A64: =E64 | C64: 44263 | M64: =VLOOKUP(E64,'Hedef Liste'!A:I,8,false) -> #N/A | N64: FALSE | O64: FALSE
A65: =E65 -> 5f351fd2bee2878e2a543d9b | B65: Nilüfer | C65: Okan Yazıcı | D65: Yurdagül Kulaksız | E65: 5f351fd2bee2878e2a543d9b | F65: Abla Eli Tost & Kumru, Nilüfer (Görükle Mah.) | G65: 0.4375 | H65: Nilüfer/Görükle | I65: Önder/ 5532714925 | J65: Görükle, As acar sitesi, Bahriye Üçok Cd. 37 /A, 16285 Nilüfer/Bursa | L65: 23
C66: Okan Yazıcı | D66: Mertcan | E66: 5ffddfc735e580d4c345222e | F66: Home Burger, Nilüfer (Görükle Mah.) | G66: 0.5 | H66: Nilüfer/Görükle | I66: 5327305702 | J66: Görükle Mah. Harmanlık Cad. 17/B Nilüfer / Bursa | K66: iptal sebebi : menü değişikliği olmuş. tekrar Rand. alınmış. | M66: =VLOOKUP(E65,'Hedef Liste'!A:I,8,false) -> 7 | N66: FALSE | O66: FALSE
A67: =E67 -> 5fbeacbb23cac489b63513d2 | C67: Okan Yazıcı | D67: Gül Değirmenci | E67: 5fbeacbb23cac489b63513d2 | F67: Mola Cafe | G67: 14.00 | H67: Nilüfer/Görükle | I67: İsmet Bey/ 2244800061 | J67: Görükle Mah. Atatürk Cad. No 47 | L67: 41 | M67: =VLOOKUP(E66,'Hedef Liste'!A:I,8,false) -> #N/A | N67: FALSE | O67: FALSE
A68: =E68 -> 5ff73c333c3b6e49176157a8 | C68: Okan Yazıcı | D68: Ayfer Altın | E68: 5ff73c333c3b6e49176157a8 | F68: Ağababa Tavacısı Nilüfer, (Görükle Mah.) | G68: 15.30 | H68: Nilüfer/Görükle | I68: Feyyaz/5366043935 | J68: Görükle Mah. Taşkent Sk No: 20/ A | L68: 11 | M68: =VLOOKUP(E67,'Hedef Liste'!A:I,8,false) -> 23 | N68: FALSE | O68: FALSE
A69: =E69 -> 5f35277b7199f829c98fd476 | C69: Okan Yazıcı | D69: Gül Değirmenci | E69: 5f35277b7199f829c98fd476 | F69: Haşhaş Gözleme, Nilüfer (Görükle Mah.) | G69: 17.00 | H69: Nilüfer / Görükle | I69: Emre Gündüz 5522255755 - Elif Hnm 5522255759 | J69: Sakarya Mahallesi Atatürk Cd. Önder Sok yerleşim sitesi Nergis Apt, 9/2, 16285 Nilüfer/Bursa | L69: 14 | M69: =VLOOKUP(E68,'Hedef Liste'!A:I,8,false) -> 15 | N69: FALSE | O69: FALSE
A70: =E70 -> 5f340cf6590da37e2a61abb7 | C70: Okan Yazıcı | D70: Mertcan | E70: 5f340cf6590da37e2a61abb7 | F70: Ayaküstü Unlu Mamüller, Görükle | G70: 18.00 | H70: Nilüfer / Görükle | I70: Yakup Yazman 5334263978 | J70: Görükle Mah. Atatürk Caddesi Yerleşim Sitesi 85 | L70: 19 | M70: =VLOOKUP(E69,'Hedef Liste'!A:I,8,false) -> 8 | N70: FALSE | O70: FALSE
A71: =E71 -> 5f9d531a430e01ec5cbd3d99 | C71: Okan Yazıcı | D71: Mertcan | E71: 5f9d531a430e01ec5cbd3d99 | F71: Ayaküstü Çorba Döner | G71: 18.00, | H71: Nilüfer / Görükle | I71: 5334263978 | J71: Görükle, 16285 Nilüfer/Bursa | M71: =VLOOKUP(F71,'Hedef Liste'!A:I,8,false) -> #N/A | N71: FALSE | O71: FALSE
A72: =E72 | C72: 44264
A73: =E73 -> 5f3682fccd664a4e536adc06 | B73: Nilüfer | C73: Okan Yazıcı | D73: Yurdagül Kulaksız | E73: 5f3682fccd664a4e536adc06 | F73: Bulut Cafe, Nilüfer (Görükle Mah.) | G73: 0.41666667 | H73: Nilüfer/Görükle | I73: Ahmet/ 5419384803 | J73: Universite Cad. No:15/B Görükle Nilüfer/BURSA | L73: 12 | M73: =VLOOKUP(E73,'Hedef Liste'!A:I,8,false) -> 6 | N73: FALSE | O73: FALSE
A74: =E74 -> 5fbfa4fb78fc31b307425e2b | C74: Okan Yazıcı | D74: Yurdagül Kulaksız | E74: 5fbfa4fb78fc31b307425e2b | F74: Tabure Sokak Tostu | G74: 0.5 | H74: Nilüfer/Görükle | I74: Kürşad Melih/ 5349860120 | J74: görükle mahallesi gonca sokak oruc 9 apt altı no:3/ab görükle nilüfer bursa | L74: 8 | M74: =VLOOKUP(E74,'Hedef Liste'!A:I,8,false) -> #N/A | N74: FALSE | O74: FALSE
A75: =E75 -> 5ff720c73c3b6ec3ab6155a6 | C75: Okan Yazıcı | D75: Gül Değirmenci | E75: 5ff720c73c3b6ec3ab6155a6 | F75: Bool Soğuk Sunthewich, Nilüfer (Görükle Mah.) | G75: 14.00 | H75: Nilüfer / Görükle | I75: Şenol Tuna / 5369428977 | J75: Görükle mahallesi üniversite caddesi (koşu yolu) No: 19/C Nilüfer Bursa | L75: 4 | M75: =VLOOKUP(E75,'Hedef Liste'!A:I,8,false) -> 13 | N75: FALSE | O75: FALSE
A76: =E76 -> 5fcfe1acb1ac8d256147a122 | C76: Okan Yazıcı | D76: Gül Değirmenci | E76: 5fcfe1acb1ac8d256147a122 | F76: Semaver Kahvaltı & Gözleme Evi, Nilüfer( Görükle Mah.) | G76: 15.30 | H76: Nilüfer/ Görükle | I76: 5445058630 / Barış Gürlü | J76: Görükle mah, Taşkent Sk. No:8/A, 16240 Nilüfer/Bursa | K76: erteleme | M76: =VLOOKUP(E76,'Hedef Liste'!A:I,8,false) -> #N/A | N76: FALSE | O76: FALSE
A77: =E77 -> 5f943da0016ad29f9307a4b6 | C77: Okan Yazıcı | D77: Gül Değirmenci | E77: 5f943da0016ad29f9307a4b6 | F77: Esnaf Usulü, Nilüfer (Görükle Mah.) | G77: 17.00 | H77: Nilüfer / Görükle | I77: 5301618143 / Emre Kenar | J77: Dumlupınar Mah. Bahariye Cad. No: 1 B Nilüfer / Bursa | K77: erteleme | M77: =VLOOKUP(E77,'Hedef Liste'!A:I,8,false) -> 26 | N77: FALSE | O77: FALSE
A78: =E78 | M78: =VLOOKUP(E78,'Hedef Liste'!A:I,8,false) -> #N/A | N78: FALSE | O78: FALSE
A79: =E79 | C79: 44265
A80: =E80 | M80: =VLOOKUP(E108,'Hedef Liste'!A:I,8,false) -> #N/A | N80: FALSE | O80: FALSE
A81: =E81 | M81: =VLOOKUP(E109,'Hedef Liste'!A:I,8,false) -> 5 | N81: FALSE | O81: FALSE
C82: Okan Yazıcı | D82: Gül Değirmenci | E82: 5f34f8cff3dfd1028f2df5e0 | F82: Her Şey Fırından Antep Sofrası, Nilüfer (Esentepe Mah.) | G82: 14.00 | H82: Nilüfer/Esentepe | I82: Medeni Bey / 5320612765 | J82: Esentepe mah. İyigün Sok. Güral İş Merkezi No: 1/D | K82: RAMAZANDAN SONRA | M82: =VLOOKUP(E82,'Hedef Liste'!A:I,8,false) -> 16 | N82: FALSE | O82: FALSE
A83: =E83 | M83: =VLOOKUP(E110,'Hedef Liste'!A:I,8,false) -> 3 | N83: FALSE | O83: FALSE
A84: =E84 | M84: =VLOOKUP(E112,'Hedef Liste'!A:I,8,false) -> #N/A | N84: FALSE | O84: FALSE
A85: =E85 | M85: =VLOOKUP(E85,'Hedef Liste'!A:I,8,false) -> #N/A | N85: FALSE | O85: FALSE
A86: =E86 | C86: 44266
A87: =E87 -> ALINMAYACAK!!! | E87: ALINMAYACAK!!! | M87: =VLOOKUP(E87,'Hedef Liste'!A:I,8,false) -> #N/A | N87: FALSE | O87: FALSE
A88: =E88 | B88: Nilüfer | C88: Okan Yazıcı | M88: =VLOOKUP(E102,'Hedef Liste'!A:I,8,false) -> 2 | N88: FALSE | O88: FALSE
A89: =E89 | C89: Okan Yazıcı | M89: =VLOOKUP(E103,'Hedef Liste'!A:I,8,false) -> 44 | N89: FALSE | O89: FALSE
A90: =E90 | C90: Okan Yazıcı | M90: =VLOOKUP(E104,'Hedef Liste'!A:I,8,false) -> #N/A | N90: FALSE | O90: FALSE
A91: =E91 | C91: Okan Yazıcı | M91: =VLOOKUP(E105,'Hedef Liste'!A:I,8,false) -> #N/A | N91: FALSE | O91: FALSE
A92: =E92 | C92: Okan Yazıcı | M92: =VLOOKUP(E106,'Hedef Liste'!A:I,8,false) -> #N/A | N92: FALSE | O92: FALSE
A93: =E93 | C93: 44267
A94: =E94 | M94: =VLOOKUP(E94,'Hedef Liste'!A:I,8,false) -> #N/A | N94: FALSE | O94: FALSE
A95: =E95 -> ALINMAYACAK!!! | B95: Nilüfer | C95: Okan Yazıcı | E95: ALINMAYACAK!!! | M95: =VLOOKUP(#REF!,'Hedef Liste'!A:I,8,false) -> #REF! | N95: FALSE | O95: FALSE
A96: =E96 | C96: Okan Yazıcı | M96: =VLOOKUP(#REF!,'Hedef Liste'!A:I,8,false) -> #REF! | N96: FALSE | O96: FALSE
A97: =E97 | C97: Okan Yazıcı | M97: =VLOOKUP(#REF!,'Hedef Liste'!A:I,8,false) -> #REF! | N97: FALSE | O97: FALSE
A98: =E98 | C98: Okan Yazıcı | M98: =VLOOKUP(E111,'Hedef Liste'!A:I,8,false) -> #N/A | N98: FALSE | O98: FALSE
A99: =E99 | C99: Okan Yazıcı | M99: =VLOOKUP(#REF!,'Hedef Liste'!A:I,8,false) -> #REF! | N99: FALSE | O99: FALSE
A100: =E100 | C100: 44270
...

Sheet Hedef Liste
A1: Restaurant ID | B1: Restoran Adı | C1: Satışa Açık Mı? | D1: Mutfak | E1: TOPLAM SİPARİŞ | F1: SON 2 HAFTA | G1: RESİMLİ ÜRÜN | H1: RESİMSİZ ÜRÜN | I1: TOPLAM ÜRÜN | J1: Ratio | K1: Yetkili | L1: Telefon | M1: İLÇE | N1: MAHALLE | O1: ADRES | P1: Geleneksel Zincir | Q1: Telefon 2 | R1: Aradık Mı? | S1: Kendi Fotosu Var | T1: Randevu Durumu | U1: Randevu Alan | V1: Fotoğrafçı | W1: Not | X1: Randevu Alma Tarihi | Y1: Randevu Tarihi | Z1: Anket Durum | AA1: 1. Arama | AB1: 1. Arama Tarihi | AC1: 2. Arama | AD1: 2. Arama Tarihi | AE1: 3. Arama | AF1: 3. Arama Tarihi | AG1: 4. Arama | AH1: 4. Arama Tarihi | AI1: 5. Arama | AJ1: 5. Arama Tarihi | AK1: 1. Arayan | AL1: 2. Arayan | AM1: 3. Arayan | AN1: 4. Arayan | AO1: 5. Arayan | AP1: SY | AQ1: SY - Durum
A2: 6065701b2b0371904cddc921 | B2: 01 Güney Tantuni Nilüfer (23 Nisan Mah.) | C2: =VLOOKUP(A2,import!A:C,3,false) -> DOĞRU | D2: Sokak Lezzetleri | E2: =VLOOKUP(A2,import!A:J,5,0) -> 3421 | F2: =VLOOKUP(A2,import!A:J,6,0) -> 177 | G2: =VLOOKUP(A2,import!A:J,7,0) -> 9 | H2: =VLOOKUP(A2,import!A:J,8,0) -> 8 | I2: =VLOOKUP(A2,import!A:J,9,0) -> 17 | J2: =VLOOKUP(A2,import!A:J,10,0) -> 0.53 | K2: ŞÜKRÜ GEZDİM | L2: 5392092343 | M2: Nilüfer | N2: 44309 | O2: 23 NİSAN MAH. 253. SK. A BLOK NO: 10 A NİLÜFER/ BURSA | P2: =VLOOKUP(A2,import!A:P,16,0) -> Geleneksel | R2: TRUE | S2: FALSE | T2: Randevu Alındı | U2: Ezgi Turan | V2: Alper Gökdemir | X2: 44302 | Y2: 44302 | AP2: Furkan Çağdaş Kuloğlu
A3: 616d96b36556b4255ed7731c | B3: 1 Ankara Dönercisi, Nilüfer ( Görükle Mah.) | C3: =VLOOKUP(A3,import!A:C,3,false) -> DOĞRU | D3: Döner | E3: =VLOOKUP(A3,import!A:J,5,0) -> 502 | F3: =VLOOKUP(A3,import!A:J,6,0) -> 72 | G3: =VLOOKUP(A3,import!A:J,7,0) -> 0 | H3: =VLOOKUP(A3,import!A:J,8,0) -> 20 | I3: =VLOOKUP(A3,import!A:J,9,0) -> 20 | J3: =VLOOKUP(A3,import!A:J,10,0) -> 0 | K3: Tolga Halat | L3: 5416370229 | M3: Nilüfer | N3: Görükle | O3: Görükle Mah. Kardelen Cad. No:17 A Nilüfer / Bursa | P3: Geleneksel | R3: TRUE | S3: FALSE | T3: Çekim İstemiyor | W3: şuan düşünmüyorum dedi / şuan istemiyorum daha öncede dedim dedi | AA3: Görüşüldü | AB3: 44494 | AC3: Tekrar Aranacak | AD3: 44496 | AE3: Görüşüldü | AF3: 44501 | AG3: Görüşüldü | AH3: 44519 | AK3: Ferhat Köksal | AL3: Tuğba Buyur | AM3: Ezgi Turan | AN3: Betül Demir | AP3: Hakan Özler
A4: 60cd9b99a761103d1155a701 | B4: 1 Lezzet Yaprak Döner, Osmangazi (Fatih Mah.) | C4: =VLOOKUP(A4,import!A:C,3,false) -> DOĞRU | D4: Döner | E4: =VLOOKUP(A4,import!A:J,5,0) -> 270 | F4: =VLOOKUP(A4,import!A:J,6,0) -> 1 | G4: =VLOOKUP(A4,import!A:J,7,0) -> 3 | H4: =VLOOKUP(A4,import!A:J,8,0) -> 1 | I4: =VLOOKUP(A4,import!A:J,9,0) -> 4 | J4: =VLOOKUP(A4,import!A:J,10,0) -> 0.75 | K4: LALELİ YEMEK TARIM ÜRÜNLERİ HAYVANCILIK GID.SAN.TİC VE LTD.ŞTİ | L4: 5418561676 | M4: Osmangazi | N4: Fatih | O4: Fatih Mah/Semt 1.Meram Sk. No: 2 Osmangazi/ Bursa | P4: =VLOOKUP(A4,import!A:P,16,0) -> Geleneksel | R4: TRUE | S4: FALSE | T4: Randevu Alındı | U4: Ayşegül Dulkadir | V4: Alper Gökdemir | X4: 44375 | Y4: 44377 | AA4: Görüşüldü | AB4: 44375 | AK4: Ayşegül Dulkadir | AP4: Zuhal Kocabıçak
A5: 614d98e9d439820bc8499796 | B5: 1 Tat Fast Food, Mudanya (Güzeyalı Mah.) | C5: =VLOOKUP(A5,import!A:C,3,false) -> DOĞRU | D5: Tost & Sandviç | E5: =VLOOKUP(A5,import!A:J,5,0) -> 231 | F5: =VLOOKUP(A5,import!A:J,6,0) -> 19 | G5: =VLOOKUP(A5,import!A:J,7,0) -> 0 | H5: =VLOOKUP(A5,import!A:J,8,0) -> 28 | I5: =VLOOKUP(A5,import!A:J,9,0) -> 28 | J5: =VLOOKUP(A5,import!A:J,10,0) -> 0 | K5: İBRAHİM HALİL ZENCİRLİ | L5: 5558924525 | M5: Mudanya | N5: Güzelyalı Yalı | O5: güzelyalı Yalı mah. atatürk cad. no 121 | P5: =VLOOKUP(A5,import!A:P,16,0) -> Geleneksel | R5: TRUE | S5: TRUE | W5: mail verildi | AA5: Ulaşılamadı | AB5: 44504 | AC5: Görüşüldü | AD5: 44504 | AK5: Sude Alkan | AL5: Sude Alkan | AP5: Furkan Çağdaş Kuloğlu
A6: 609a93310c17448a0f23bf61 | B6: 10 Bull's Burger, Nilüfer (Görükle Mah.) | C6: =VLOOKUP(A6,import!A:C,3,false) -> DOĞRU | D6: Burger | E6: =VLOOKUP(A6,import!A:J,5,0) -> 9347 | F6: =VLOOKUP(A6,import!A:J,6,0) -> 415 | G6: =VLOOKUP(A6,import!A:J,7,0) -> 24 | H6: =VLOOKUP(A6,import!A:J,8,0) -> 7 | I6: =VLOOKUP(A6,import!A:J,9,0) -> 31 | J6: =VLOOKUP(A6,import!A:J,10,0) -> 0.77 | K6: EBRU DOĞRU | L6: 5424080565 | M6: Nilüfer | N6: Dumlupınar | O6: Dumlupınar Mah. Tarabya Cad. No 5 | P6: =VLOOKUP(A6,import!A:P,16,0) -> Geleneksel | R6: TRUE | S6: FALSE | T6: Randevu Alındı | U6: Duygu Telli | V6: Alper Gökdemir | W6: dç perşembe randevu alınacak | X6: 44428 | Y6: 44433 | AC6: Görüşüldü | AD6: 44428 | AE6: Tekrar Aranacak | AF6: 44434 | AG6: Ulaşılamadı | AH6: 44435 | AI6: Görüşüldü | AJ6: 44436 | AL6: Duygu Telli | AM6: Deneme | AN6: Deneme | AP6: Furkan Çağdaş Kuloğlu
A7: 60cda7265d9a80560a976b7f | B7: 10 Fil Döner, Nilüfer (Cumhuriyet Mah.) | C7: =VLOOKUP(A7,import!A:C,3,false) -> YANLIŞ | D7: Döner | E7: =VLOOKUP(A7,import!A:J,5,0) -> 3004 | F7: =VLOOKUP(A7,import!A:J,6,0) | G7: =VLOOKUP(A7,import!A:J,7,0) -> 25 | H7: =VLOOKUP(A7,import!A:J,8,0) -> 14 | I7: =VLOOKUP(A7,import!A:J,9,0) -> 39 | J7: =VLOOKUP(A7,import!A:J,10,0) -> 0.64 | K7: ALİ İHSAN ATAR | L7: 2244500065 | M7: Nilüfer | N7: Cumhuriyet | O7: Cumhuriyet Mah., Selin Sitesi, No:D Blok, Nilüfer, Bursa, Türkiye, | P7: =VLOOKUP(A7,import!A:P,16,0) -> Geleneksel | R7: TRUE | S7: TRUE | U7: Mertcan karaman | V7: hamdican | W7: yüzüme kapattı | X7: 44411 | Y7: 44414 | AA7: Görüşüldü | AB7: 44410 | AC7: Görüşüldü | AD7: 44411 | AE7: Görüşüldü | AG7: Görüşüldü | AH7: 44419 | AI7: Tekrar Aranacak | AJ7: 44434 | AK7: Derya Tatlı | AL7: Mertcan karaman | AN7: Deneme | AP7: Furkan Çağdaş Kuloğlu
A8: 60b63875c17ff7c8b64732b5 | B8: 10 Fil Döner, Nilüfer (Görükle Mah.) | C8: =VLOOKUP(A8,import!A:C,3,false) -> DOĞRU | D8: Döner | E8: =VLOOKUP(A8,import!A:J,5,0) -> 9375 | F8: =VLOOKUP(A8,import!A:J,6,0) -> 388 | G8: =VLOOKUP(A8,import!A:J,7,0) -> 21 | H8: =VLOOKUP(A8,import!A:J,8,0) -> 5 | I8: =VLOOKUP(A8,import!A:J,9,0) -> 26 | J8: =VLOOKUP(A8,import!A:J,10,0) -> 0.81 | K8: FARUK TAHTALI | L8: 2244800018 | M8: Nilüfer | N8: Dumlupınar | O8: Dumlupınar mahallesi Selanik cadde no35/D | P8: =VLOOKUP(A8,import!A:P,16,0) -> Geleneksel | R8: TRUE | S8: FALSE | T8: Franchise | W8: ulaşılamadı-05534382288 | AA8: Ulaşılamadı | AB8: 44355 | AK8: Ezgi Turan | AP8: Furkan Çağdaş Kuloğlu
A9: 6123e6661ccf6f7101a3d036 | B9: 10 Fil Dönerrrrr, Nilüfer (29 Ekim Mah.) | C9: =VLOOKUP(A9,import!A:C,3,false) -> DOĞRU | D9: Döner | E9: =VLOOKUP(A9,import!A:J,5,0) -> 2893 | F9: =VLOOKUP(A9,import!A:J,6,0) -> 193 | G9: =VLOOKUP(A9,import!A:J,7,0) -> 23 | H9: =VLOOKUP(A9,import!A:J,8,0) -> 7 | I9: =VLOOKUP(A9,import!A:J,9,0) -> 30 | J9: =VLOOKUP(A9,import!A:J,10,0) -> 0.77 | K9: ENİSE ÖNEMLİ | L9: 5529226455 | M9: Nilüfer | N9: 44498 | O9: 29 ekim mahallesi cavit orhan tütengil caddesi A blok no:16A/B Nilüfer Bursa | P9: =VLOOKUP(A9,import!A:P,16,0) -> Geleneksel | R9: TRUE | S9: FALSE | T9: Randevu Alındı | U9: Ezgi Turan | V9: Alper Gökdemir | X9: 44441 | Y9: 44441 | AA9: Görüşüldü | AB9: 44441 | AK9: Ezgi Turan | AP9: Furkan Çağdaş Kuloğlu
A10: 5fb69e473a023211f821b345 | B10: 1991 Tarihi Ortaköy Kumpircisi & Waffle & Mantı ( Balat Mah ) | C10: =VLOOKUP(A10,import!A:C,3,false) -> DOĞRU | D10: Sokak Lezzetleri | E10: =VLOOKUP(A10,import!A:J,5,0) -> 937 | F10: =VLOOKUP(A10,import!A:J,6,0) -> 16 | G10: =VLOOKUP(A10,import!A:J,7,0) -> 4 | H10: =VLOOKUP(A10,import!A:J,8,0) -> 31 | I10: =VLOOKUP(A10,import!A:J,9,0) -> 35 | J10: =VLOOKUP(A10,import!A:J,10,0) -> 0.11 | K10: Seniye Katılmış | L10: 5414877429 | M10: Nilüfer | N10: Ahmet Yesevi | O10: ahmet yesevi mah. Bey sokak no 4 / B / C | P10: =VLOOKUP(A10,import!A:P,16,0) -> Geleneksel | Q10: 35+ | R10: TRUE | S10: FALSE | T10: Franchise | W10: ahmet bey ile görüşüldü. eksikleri ben mail atarım dediler. mail verildi. | AA10: Görüşüldü | AB10: 44440 | AK10: Gül Değirmenci | AP10: Furkan Çağdaş Kuloğlu
A11: 5f340d9c4c2c7718b137c273 | B11: 1991 Tarihi Ortaköy Kumpircisi, Gemlik (Hamidiye Mah.) | C11: =VLOOKUP(A11,import!A:C,3,false) -> DOĞRU | D11: Sokak Lezzetleri | E11: =VLOOKUP(A11,import!A:J,5,0) -> 1406 | F11: =VLOOKUP(A11,import!A:J,6,0) -> 22 | G11: =VLOOKUP(A11,import!A:J,7,0) -> 9 | H11: =VLOOKUP(A11,import!A:J,8,0) -> 32 | I11: =VLOOKUP(A11,import!A:J,9,0) -> 41 | J11: =VLOOKUP(A11,import!A:J,10,0) -> 0.22 | K11: Seda Akaç | L11: 5541913228 | M11: Gemlik | N11: Hamidiye | O11: Hamidiye, Yalı Ap, Kumsal Sk. No:15/A, 16600 Gemlik/Bursa | P11: =VLOOKUP(A11,import!A:P,16,0) -> Geleneksel | Q11: 35+ | R11: TRUE | S11: FALSE | T11: Franchise | AP11: Furkan Çağdaş Kuloğlu
A12: 5fafcc7a12b47973bd4cb881 | B12: 1991 Tarihi Ortaköy Kumpiricisi ( 23 Nisan ) | C12: =VLOOKUP(A12,import!A:C,3,false) -> DOĞRU | D12: Sokak Lezzetleri | E12: =VLOOKUP(A12,import!A:J,5,0) -> 1830 | F12: =VLOOKUP(A12,import!A:J,6,0) -> 53 | G12: =VLOOKUP(A12,import!A:J,7,0) -> 6 | H12: =VLOOKUP(A12,import!A:J,8,0) -> 43 | I12: =VLOOKUP(A12,import!A:J,9,0) -> 49 | J12: =VLOOKUP(A12,import!A:J,10,0) -> 0.12 | K12: Gülşah Berkan | L12: 2244411710 | M12: Nilüfer | N12: 44309 | O12: 23 Nisan Mah. 254. sokak a blok no 2 a/a | P12: =VLOOKUP(A12,import!A:P,16,0) -> Geleneksel | Q12: 35+ | R12: TRUE | S12: FALSE | T12: Franchise | AK12: Nazlıcan Dinçer | AP12: Furkan Çağdaş Kuloğlu
A13: 5fa2cbcccd7959cc76d320ec | B13: 1991 Tarihi Ortaköy Kumpiricisi ( Altınşehir ) | C13: =VLOOKUP(A13,import!A:C,3,false) -> DOĞRU | D13: Pasta & Tatlı | E13: =VLOOKUP(A13,import!A:J,5,0) -> 774 | F13: =VLOOKUP(A13,import!A:J,6,0) -> 17 | G13: =VLOOKUP(A13,import!A:J,7,0) -> 29 | H13: =VLOOKUP(A13,import!A:J,8,0) -> 16 | I13: =VLOOKUP(A13,import!A:J,9,0) -> 45 | J13: =VLOOKUP(A13,import!A:J,10,0) -> 0.64 | K13: Burcu Budak | L13: 2245022828 | M13: Nilüfer | N13: Özlüce | O13: Altınşehir Mah. Abdipekçi Caddesi b/48 Firuze tarihi ortaköy kumpircisi | P13: =VLOOKUP(A13,import!A:P,16,0) -> Geleneksel | Q13: 35+ | R13: TRUE | S13: FALSE | T13: Randevu Alındı | U13: Ezgi Turan | V13: Alper Gökdemir | W13: devam çekimi talep etmiyor | X13: 44295 | Y13: 44299 | AA13: Tekrar Aranacak | AB13: 44418 | AC13: Görüşüldü | AD13: 44384 | AE13: Görüşüldü | AF13: 44439 | AK13: Zeliha Özer | AL13: Tutku Erdoğan | AM13: Ferhat Köksal | AO13: Sude Alkan | AP13: Zuhal Kocabıçak
A14: 6202601046efdf498165a5e9 | B14: 20 m2 Sosisli, Osmangazi (Demirtaş Cumhuriyet Mah.) | C14: =VLOOKUP(A14,import!A:C,3,false) -> DOĞRU | D14: Sokak Lezzetleri | E14: =VLOOKUP(A14,import!A:J,5,0) | F14: =VLOOKUP(A14,import!A:J,6,0) | G14: =VLOOKUP(A14,import!A:J,7,0) -> 0 | H14: =VLOOKUP(A14,import!A:J,8,0) -> 21 | I14: =VLOOKUP(A14,import!A:J,9,0) -> 21 | J14: =VLOOKUP(A14,import!A:J,10,0) -> 0 | K14: Emre Parmaksız | L14: 5316748752 | M14: Osmangazi | N14: Demirtaş Cumhuriyet | O14: Demirtaş Cumhuriyet Mah. 3. Cad. L Blok No:20 2/1 Osmangazi / Bursa | P14: =VLOOKUP(A14,import!A:P,16,0) -> Geleneksel | R14: TRUE | S14: TRUE | T14: Çekim İstemiyor | U14: Ferhat Köksal | V14: Alper Gökdemir | W14: işletme müdürü ferdi beyden randevu alındı | X14: 44618 | Y14: 44619 | AA14: Görüşüldü | AB14: 44618 | AK14: Ferhat Köksal
A15: 60cdf42dc1b0a308ad9e5e94 | B15: 20 m2 Sosisli, Osmangazi (Kayıhan Mah.) | C15: =VLOOKUP(A15,import!A:C,3,false) -> DOĞRU | D15: Sokak Lezzetleri | E15: =VLOOKUP(A15,import!A:J,5,0) -> 118 | F15: =VLOOKUP(A15,import!A:J,6,0) -> 6 | G15: =VLOOKUP(A15,import!A:J,7,0) -> 0 | H15: =VLOOKUP(A15,import!A:J,8,0) -> 14 | I15: =VLOOKUP(A15,import!A:J,9,0) -> 14 | J15: =VLOOKUP(A15,import!A:J,10,0) -> 0 | K15: EMRE PARMAKSIZ | L15: 2242256224 | M15: Osmangazi | N15: Kayıhan | O15: Kayihan mahallesi ünlü cadde no 15A Osmangazi/BURSA | P15: =VLOOKUP(A15,import!A:P,16,0) -> Geleneksel | R15: TRUE | S15: FALSE | T15: Ulaşılamadı | W15: açmıyor / AÇMADI - ulaşılamadı - ulaşılamadı | AA15: Ulaşılamadı | AB15: 44378 | AC15: Ulaşılamadı | AD15: 44389 | AE15: Ulaşılamadı | AF15: 44411 | AG15: Ulaşılamadı | AH15: 44492 | AI15: Ulaşılamadı | AJ15: 44517 | AK15: Ayşegül Dulkadir | AL15: Derya Tatlı | AM15: Özlem Güner | AN15: Hatem Soyaslan | AO15: Ferhat Köksal | AP15: Furkan Çağdaş Kuloğlu
A16: 6255ba54f6892a49e26e0ea4 | B16: 3 Kardeşler Group Tantuni Yaprak Döner, Osmangazi (Ulu Mah.) | C16: =VLOOKUP(A16,import!A:C,3,false) -> DOĞRU | D16: Döner | E16: =VLOOKUP(A16,import!A:J,5,0) -> 69 | F16: =VLOOKUP(A16,import!A:J,6,0) -> 57 | G16: =VLOOKUP(A16,import!A:J,7,0) -> 0 | H16: =VLOOKUP(A16,import!A:J,8,0) -> 20 | I16: =VLOOKUP(A16,import!A:J,9,0) -> 20 | J16: =VLOOKUP(A16,import!A:J,10,0) -> 0 | K16: ÜÇ KARDEŞLER GROUP GIDA SANAYİ VE TİCARET LİMİTED ŞİRKETİ | L16: 2242521195 | M16: Osmangazi | N16: Ulu | O16: Ulu Mah. Kıbrıs Şehitleri Cad. No: 109 Osmangazi | P16: =VLOOKUP(A16,import!A:P,16,0) -> Geleneksel | R16: FALSE | S16: FALSE
A17: 5f351858b0d244ce3f801c0c | B17: 33 Suat Usta Mersin Tantuni, Nilüfer (Görükle Mah.) | C17: =VLOOKUP(A17,import!A:C,3,false) -> DOĞRU | D17: Sokak Lezzetleri | E17: =VLOOKUP(A17,import!A:J,5,0) -> 25824 | F17: =VLOOKUP(A17,import!A:J,6,0) -> 661 | G17: =VLOOKUP(A17,import!A:J,7,0) -> 6 | H17: =VLOOKUP(A17,import!A:J,8,0) -> 22 | I17: =VLOOKUP(A17,import!A:J,9,0) -> 28 | J17: =VLOOKUP(A17,import!A:J,10,0) -> 0.21 | K17: Fatih Sali | L17: 5399392129 | M17: Nilüfer | N17: Görükle | O17: Görükle, Bariş Sk, 16110 Nilüfer/Bursa | P17: =VLOOKUP(A17,import!A:P,16,0) -> Geleneksel | Q17: 16-25 | R17: TRUE | S17: FALSE | T17: Randevu Alındı | U17: Ezgi Turan | V17: Okan Yazıcı | W17: 5349314239 devam çekimi istemiyorlar/1 ay sonra aransın menüye yeniler eklenecek/1 ay sonra aransın | X17: 44303 | Y17: 44305 | AA17: Tekrar Aranacak | AB17: 44378 | AC17: Görüşüldü | AD17: 44390 | AE17: Tekrar Aranacak | AF17: 44412 | AG17: Görüşüldü | AH17: 44417 | AI17: Ulaşılamadı | AJ17: 44522 | AK17: Ezgi Turan | AL17: Mavi Arslan | AM17: Duygu Telli | AN17: Duygu Telli | AO17: Tuğba Buyur | AP17: Hakan Özler
A18: 61adf65d041d10e59e79ae8f | B18: 4 Bros Burger, Nilüfer (Balat Mah.) | C18: =VLOOKUP(A18,import!A:C,3,false) -> DOĞRU | D18: Burger | E18: =VLOOKUP(A18,import!A:J,5,0) -> 264 | F18: =VLOOKUP(A18,import!A:J,6,0) -> 16 | G18: =VLOOKUP(A18,import!A:J,7,0) -> 0 | H18: =VLOOKUP(A18,import!A:J,8,0) -> 36 | I18: =VLOOKUP(A18,import!A:J,9,0) -> 36 | J18: =VLOOKUP(A18,import!A:J,10,0) -> 0 | K18: 4 Bros Gıda Sanayi Ve Ticaret Limited Şirketi | L18: 2245041404 | M18: Nilüfer | N18: Balat | O18: Balat Mah. Bozkır Sk. Dikencik Meteor Evleri No:15-16 Nilüfer | P18: =VLOOKUP(A18,import!A:P,16,0) -> Geleneksel | R18: TRUE | S18: FALSE | T18: Başka Şubeden Çekilecek | W18: 29 ekim mah. işletmesindeki fotoğrafları kullanmak istiyor | AA18: Görüşüldü | AB18: 44543 | AK18: Ferhat Köksal | AP18: Zuhal Kocabıçak
A19: 6051f8f8118797393b4072a8 | B19: 7 Başak Börek, Osmangazi ( Dikkaldırım Mah.) | C19: =VLOOKUP(A19,import!A:C,3,false) -> DOĞRU | D19: Börek | E19: =VLOOKUP(A19,import!A:J,5,0) -> 975 | F19: =VLOOKUP(A19,import!A:J,6,0) -> 26 | G19: =VLOOKUP(A19,import!A:J,7,0) -> 3 | H19: =VLOOKUP(A19,import!A:J,8,0) -> 6 | I19: =VLOOKUP(A19,import!A:J,9,0) -> 9 | J19: =VLOOKUP(A19,import!A:J,10,0) -> 0.33 | K19: Şükrü Köse | L19: 5326381573 | M19: Osmangazi | N19: Dikkaldırım | O19: Dikkaldırım Mah. Dikkaldırım Cad. No:58 A Osamangazi / Bursa | P19: =VLOOKUP(A19,import!A:P,16,0) -> Geleneksel | R19: TRUE | S19: FALSE | T19: Randevu Alındı | U19: Emel Yılmaz | V19: t.y. | X19: 44292 | Y19: 44293 | AK19: Derya Tatlı | AO19: Mertcan karaman | AP19: Hakan Özler
A20: 60bf711716598a9ceecd2fb6 | B20: 7 İklim Döner, Yıldırım (Esenevler Mah.) | C20: =VLOOKUP(A20,import!A:C,3,false) -> DOĞRU | D20: Döner | E20: =VLOOKUP(A20,import!A:J,5,0) -> 463 | F20: =VLOOKUP(A20,import!A:J,6,0) -> 25 | G20: =VLOOKUP(A20,import!A:J,7,0) -> 0 | H20: =VLOOKUP(A20,import!A:J,8,0) -> 21 | I20: =VLOOKUP(A20,import!A:J,9,0) -> 21 | J20: =VLOOKUP(A20,import!A:J,10,0) -> 0 | K20: BİRSEL EKİZ | L20: 5372132516 | M20: Yıldırım | N20: Esenevler | O20: Esenevler Mh. Erikli Cd. 27 | P20: =VLOOKUP(A20,import!A:P,16,0) -> Geleneksel | R20: TRUE | S20: FALSE | T20: Çekim İstemiyor | W20: saat uygun olmadı/ 1 ay sonra aranacak- şuanda mesgul | Z20: Hemen Randevu İstiyorum | AA20: Tekrar Aranacak | AB20: 44392 | AC20: Ulaşılamadı | AD20: 44393 | AE20: Görüşüldü | AF20: 44410 | AG20: Yetkili Yok | AH20: 44411 | AI20: Görüşüldü | AJ20: 44494 | AL20: Tutku Erdoğan | AM20: Ezgi Turan | AN20: Deneme | AO20: Ezgi Turan | AP20: Furkan Çağdaş Kuloğlu
A21: 626883ff9c98ac5891443855 | B21: Aba Tost House, Nilüfer (Görükle Mah.) | C21: =VLOOKUP(A21,import!A:C,3,false) -> DOĞRU | D21: Tost & Sandviç | E21: =VLOOKUP(A21,import!A:J,5,0) -> 4 | F21: =VLOOKUP(A21,import!A:J,6,0) -> 4 | G21: =VLOOKUP(A21,import!A:J,7,0) -> 2 | H21: =VLOOKUP(A21,import!A:J,8,0) -> 77 | I21: =VLOOKUP(A21,import!A:J,9,0) -> 79 | J21: =VLOOKUP(A21,import!A:J,10,0) -> 0.03 | K21: Volkan Bredereke | L21: 5364574409 | M21: Nilüfer | N21: Görükle | O21: Görükle Mah., Taşkent Sok., No:14, Nilüfer, Bursa, Türkiye, | P21: =VLOOKUP(A21,import!A:P,16,0) -> Geleneksel | R21: FALSE | S21: FALSE
A22: 5f364665a886cd8bd548f5d7 | B22: Ababe Uygar Cafe, Nilüfer (Görükle Mah.) | C22: =VLOOKUP(A22,import!A:C,3,false) -> DOĞRU | D22: Tost & Sandviç | E22: =VLOOKUP(A22,import!A:J,5,0) -> 2067 | F22: =VLOOKUP(A22,import!A:J,6,0) -> 90 | G22: =VLOOKUP(A22,import!A:J,7,0) -> 5 | H22: =VLOOKUP(A22,import!A:J,8,0) -> 42 | I22: =VLOOKUP(A22,import!A:J,9,0) -> 47 | J22: =VLOOKUP(A22,import!A:J,10,0) -> 0.11 | K22: Erkut Kocabaş | L22: 5076451405 | M22: Nilüfer | N22: Dumlupınar | O22: Dumlupınar, Pamukkale Cd. No:27 D:B, 16285 Nilüfer/Bursa | P22: =VLOOKUP(A22,import!A:P,16,0) -> Geleneksel | Q22: 35+ | R22: TRUE | T22: Randevu Alındı | U22: Özlem Güner | V22: Hamdi Can | W22: 5327063031- dç istemez | X22: 44411 | Y22: 44413 | AA22: Tekrar Aranacak | AB22: 44355 | AC22: Görüşüldü | AD22: 44362 | AE22: Tekrar Aranacak | AF22: 44363 | AG22: Görüşüldü | AH22: 44364 | AI22: Dönüş Yapacak | AJ22: 44518 | AK22: Deneme | AL22: Gül Değirmenci | AM22: Ezgi Turan | AN22: Deneme | AO22: Tuğba Buyur | AP22: Furkan Çağdaş Kuloğlu
A23: 61154c77be8d2d3ec8606237 | B23: Abacus Tavuk (Görükle Mah.) | C23: =VLOOKUP(A23,import!A:C,3,false) -> DOĞRU | D23: Tavuk | E23: =VLOOKUP(A23,import!A:J,5,0) -> 1763 | F23: =VLOOKUP(A23,import!A:J,6,0) -> 158 | G23: =VLOOKUP(A23,import!A:J,7,0) -> 10 | H23: =VLOOKUP(A23,import!A:J,8,0) -> 68 | I23: =VLOOKUP(A23,import!A:J,9,0) -> 78 | J23: =VLOOKUP(A23,import!A:J,10,0) -> 0.13 | K23: Furkan Tosunoğlu | L23: 5522397317 | M23: Nilüfer | N23: Görükle | O23: Görükle Mah., Taşkent Sok., No:14, Nilüfer, Bursa, Türkiye, | P23: =VLOOKUP(A23,import!A:P,16,0) -> Geleneksel | R23: TRUE | S23: FALSE | T23: Randevu Alındı | U23: Sezer Arslan | V23: hamdi | W23: açmadı /cekım ıstemıyorlar gerıye kalan uurunlerı ıcın | X23: 44431 | Y23: 44434 | AA23: Ulaşılamadı | AB23: 44431 | AC23: Görüşüldü | AD23: 44431 | AE23: Ulaşılamadı | AF23: 44488 | AG23: Görüşüldü | AH23: 44489 | AK23: Dicle Harmancı | AL23: Sezer Arslan | AM23: Zeliha Özer | AN23: Selcan Topçu | AP23: Hakan Özler
A24: 613c514313a2a902b80b1a30 | B24: Abad Izgara Tavuk (Görükle Mah.) | C24: =VLOOKUP(A24,import!A:C,3,false) -> DOĞRU | D24: Tavuk | E24: =VLOOKUP(A24,import!A:J,5,0) | F24: =VLOOKUP(A24,import!A:J,6,0) | G24: =VLOOKUP(A24,import!A:J,7,0) -> 0 | H24: =VLOOKUP(A24,import!A:J,8,0) -> 19 | I24: =VLOOKUP(A24,import!A:J,9,0) -> 19 | J24: =VLOOKUP(A24,import!A:J,10,0) -> 0 | K24: NAZLI DENİZ EZGİ | L24: 2249992819 | M24: Nilüfer | N24: Dumlupınar | O24: DUMLUPINAR MAH. GÜLVEREN CAD. A BLOK NO: 3 A/F NİLÜFER/ BURSA | P24: =VLOOKUP(A24,import!A:P,16,0) -> Geleneksel | R24: TRUE | S24: FALSE | T24: Çekim İstemiyor | U24: Ezgi Turan | V24: HAMDİ | W24: ulaşılamadı | X24: 44463 | Y24: 44466 | AA24: Ulaşılamadı | AB24: 44482 | AK24: Ferhat Köksal | AP24: Hakan Özler
A25: 6262ab55987dd34202a14d5e | B25: Abant Tost & Gözleme, Nilüfer (Görükle Mah.) | C25: =VLOOKUP(A25,import!A:C,3,false) -> DOĞRU | D25: Tost & Sandviç | E25: =VLOOKUP(A25,import!A:J,5,0) -> 5 | F25: =VLOOKUP(A25,import!A:J,6,0) -> 5 | G25: =VLOOKUP(A25,import!A:J,7,0) -> 0 | H25: =VLOOKUP(A25,import!A:J,8,0) -> 11 | I25: =VLOOKUP(A25,import!A:J,9,0) -> 11 | J25: =VLOOKUP(A25,import!A:J,10,0) -> 0 | K25: AYŞE GÜL KUYUMCU | L25: 5411176537 | M25: Nilüfer | N25: Görükle | O25: Görükle Mah. Koza Cad. C Blok No: 6 C/A Nilüfer / Bursa | P25: =VLOOKUP(A25,import!A:P,16,0) -> Geleneksel | R25: FALSE | S25: FALSE
A26: 60e84d4b3e4ad3a3ba05edb3 | B26: Abarttık Çiğ Köfteci & Fast Food, Nilüfer (Dumlupınar Mah.) | C26: =VLOOKUP(A26,import!A:C,3,false) -> YANLIŞ | D26: Tost & Sandviç | E26: =VLOOKUP(A26,import!A:J,5,0) -> 146 | F26: =VLOOKUP(A26,import!A:J,6,0) | G26: =VLOOKUP(A26,import!A:J,7,0) -> 12 | H26: =VLOOKUP(A26,import!A:J,8,0) -> 8 | I26: =VLOOKUP(A26,import!A:J,9,0) -> 20 | J26: =VLOOKUP(A26,import!A:J,10,0) -> 0.6 | K26: MUSA FURKAN BAYIL | L26: 5370111496 | M26: Nilüfer | N26: Dumlupınar | O26: Dumlupınar mahallesi Bahariye caddesi sefaniye gündüz sitesi apt. No2/a nilüfer | P26: =VLOOKUP(A26,import!A:P,16,0) -> Geleneksel | R26: TRUE | S26: FALSE | T26: Randevu Alındı | V26: hamdi | X26: 44405 | Y26: 44407 | AA26: Görüşüldü | AB26: 44405 | AP26: Furkan Çağdaş Kuloğlu
A27: 5f9b1536c933834abf817896 | B27: Abc Pizza & Fast Food | C27: =VLOOKUP(A27,import!A:C,3,false) -> DOĞRU | D27: Pizza | E27: =VLOOKUP(A27,import!A:J,5,0) -> 5307 | F27: =VLOOKUP(A27,import!A:J,6,0) -> 112 | G27: =VLOOKUP(A27,import!A:J,7,0) -> 29 | H27: =VLOOKUP(A27,import!A:J,8,0) -> 20 | I27: =VLOOKUP(A27,import!A:J,9,0) -> 49 | J27: =VLOOKUP(A27,import!A:J,10,0) -> 0.59 | K27: YASEMİN CEYHAN | L27: 2249994135 | M27: Nilüfer | N27: Görükle | O27: GÖRÜKLE MAH. KOZA(490) CAD. ÖZİNAL-4 APT. NO: 46 A NİLÜFER/ BURSA | P27: =VLOOKUP(A27,import!A:P,16,0) -> Geleneksel | Q27: 35+ | R27: TRUE | S27: FALSE | T27: Randevu Alındı | U27: Nazlıcan Dinçer | V27: Alper Gökdemir | W27: açmadı | X27: 44287 | Y27: 44291 | AA27: Ulaşılamadı | AB27: 44496 | AC27: Ulaşılamadı | AD27: 44412 | AE27: Ulaşılamadı | AF27: 44434 | AK27: Nurhayat Kabataş | AL27: Duygu Telli | AM27: Deneme | AP27: Hakan Özler
A28: 5f29adfb83063085497055cc | B28: Abi Açız (Görükle Mah.) | C28: =VLOOKUP(A28,import!A:C,3,false) -> DOĞRU | D28: Börek | E28: =VLOOKUP(A28,import!A:J,5,0) -> 7221 | F28: =VLOOKUP(A28,import!A:J,6,0) -> 324 | G28: =VLOOKUP(A28,import!A:J,7,0) -> 31 | H28: =VLOOKUP(A28,import!A:J,8,0) -> 78 | I28: =VLOOKUP(A28,import!A:J,9,0) -> 109 | J28: =VLOOKUP(A28,import!A:J,10,0) -> 0.28 | K28: Muhammet Erat | L28: 5433144844 | M28: Nilüfer | N28: Görükle | O28: Görükle, Koza Cd., 16285 Nilüfer/Bursa | P28: =VLOOKUP(A28,import!A:P,16,0) -> Geleneksel | Q28: 35+ | R28: TRUE | S28: FALSE | T28: Randevu Alındı | U28: Ezgi Turan | V28: hamdican | W28: KESİNLİKLE AMA KESİNLİKLE ARAMAYIN!!!!!!!!/fotoğrafları göndermişler/hıc musaıt degılım kapatmak zorundayım dedı | X28: 44469 | Y28: 44470 | AA28: Görüşüldü | AB28: 44362 | AC28: Ulaşılamadı | AD28: 44389 | AE28: Görüşüldü | AF28: 44393 | AG28: Görüşüldü | AH28: 44469 | AI28: Görüşüldü | AJ28: 44522 | AK28: Tutku Erdoğan | AL28: Dicle Harmancı | AM28: Tutku Erdoğan | AN28: Ezgi Turan | AO28: Tuğba Buyur | AP28: Hakan Özler
A29: 61c4e26546db4eefa91489b3 | B29: Abişoğlu Patisserie & Cafe, Nilüfer (Görükle Mah.) | C29: =VLOOKUP(A29,import!A:C,3,false) -> DOĞRU | D29: Pasta & Tatlı | E29: =VLOOKUP(A29,import!A:J,5,0) -> 1568 | F29: =VLOOKUP(A29,import!A:J,6,0) -> 218 | G29: =VLOOKUP(A29,import!A:J,7,0) -> 56 | H29: =VLOOKUP(A29,import!A:J,8,0) -> 25 | I29: =VLOOKUP(A29,import!A:J,9,0) -> 81 | J29: =VLOOKUP(A29,import!A:J,10,0) -> 0.69 | K29: Ali Taş | L29: 2244834096 | M29: Nilüfer | N29: Dumlupınar | O29: Görükle Mah. Atatürk Cad. Yeşiloba Sit. E Blok No:86 E/A İç Kapı No:1 Nilüfer Bursa | P29: =VLOOKUP(A29,import!A:P,16,0) -> Geleneksel | R29: TRUE | S29: FALSE | T29: Randevu Alındı | U29: Kübra Toprak | V29: Alper Gökdemir | W29: yetkili yok barış bey ilgileniyormuş 4 den sonra geliyormuş. barış bey :05439406149 / BARIŞ BEYDEN RANDEVU ALINDI. | X29: 44565 | Y29: 44567 | AA29: Yetkili Yok | AB29: 44565 | AC29: Görüşüldü | AD29: 44565 | AK29: Kübra Toprak | AL29: Kübra Toprak
A30: 5f351fd2bee2878e2a543d9b | B30: Abla Eli Tost & Kumru, Nilüfer (Görükle Mah.) | C30: =VLOOKUP(A30,import!A:C,3,false) -> YANLIŞ | D30: Tost & Sandviç | E30: =VLOOKUP(A30,import!A:J,5,0) -> 7081 | F30: =VLOOKUP(A30,import!A:J,6,0) | G30: =VLOOKUP(A30,import!A:J,7,0) -> 2 | H30: =VLOOKUP(A30,import!A:J,8,0) -> 7 | I30: =VLOOKUP(A30,import!A:J,9,0) -> 9 | J30: =VLOOKUP(A30,import!A:J,10,0) -> 0.22 | K30: Elşan Sungur | L30: 5053752166 | M30: Nilüfer | N30: Görükle | O30: Görükle, As acar sitesi, Bahriye Üçok Cd. 37 /A, 16285 Nilüfer/Bursa | P30: =VLOOKUP(A30,import!A:P,16,0) -> Geleneksel | Q30: 35+ | R30: TRUE | S30: FALSE | T30: Randevu Alındı | U30: Ezgi Turan | V30: hamdi | W30: devam çekimi alındı 5532714925/Önder bey/ tüm ürünler çekilmiş | X30: 44442 | Y30: 44445 | AA30: Görüşüldü | AB30: 44362 | AC30: Görüşüldü | AD30: 44370 | AE30: Ulaşılamadı | AF30: 44412 | AG30: Görüşüldü | AH30: 44424 | AK30: Gül Değirmenci | AL30: Tutku Erdoğan | AM30: Duygu Telli | AN30: Sezer Arslan | AP30: Hakan Özler
A31: 60ec64a231e8d1ca239ba21d | B31: Ablanın Pilavı, Nilüfer (Görükle Mah.) | C31: =VLOOKUP(A31,import!A:C,3,false) -> DOĞRU | D31: Sokak Lezzetleri | E31: =VLOOKUP(A31,import!A:J,5,0) -> 283 | F31: =VLOOKUP(A31,import!A:J,6,0) -> 25 | G31: =VLOOKUP(A31,import!A:J,7,0) -> 0 | H31: =VLOOKUP(A31,import!A:J,8,0) -> 14 | I31: =VLOOKUP(A31,import!A:J,9,0) -> 14 | J31: =VLOOKUP(A31,import!A:J,10,0) -> 0 | K31: Kadir Yelim | L31: 5453630016 | M31: Nilüfer | N31: Görükle | O31: Görükle Mah. Atatürk Cad. Yerleşim B Blok Karanfil No:87 İç Kapı No:41 B/L Nilüfer / Bursa | P31: =VLOOKUP(A31,import!A:P,16,0) -> Geleneksel | R31: TRUE | S31: FALSE | T31: Çekim İstemiyor | V31: Alper Gökdemir | W31: Açmıyorrr-istemiyorum dedi yüzüme kapattı/ kesinlikle aranmasın ben hiç bir işletmem için fotoğraf çekimi istemiyorum bi faydasını görmedim daha önce çekim yaptırdım çünkü dedi. | AA31: Ulaşılamadı | AB31: 44411 | AC31: Ulaşılamadı | AD31: 44433 | AE31: Ulaşılamadı | AF31: 44435 | AG31: Ulaşılamadı | AH31: 44436 | AI31: Görüşüldü | AJ31: 44517 | AK31: Ezgi Turan | AL31: Deneme | AM31: Deneme | AN31: Ferhat Köksal | AO31: Kübra Toprak | AP31: Hakan Özler
A32: 60a0fbd35d8f6a605b763595 | B32: Ablanın Yeri Chicken & Fast Food, Nilüfer (Görükle Mah.) | C32: =VLOOKUP(A32,import!A:C,3,false) -> DOĞRU | D32: Tavuk | E32: =VLOOKUP(A32,import!A:J,5,0) -> 679 | F32: =VLOOKUP(A32,import!A:J,6,0) | G32: =VLOOKUP(A32,import!A:J,7,0) -> 0 | H32: =VLOOKUP(A32,import!A:J,8,0) -> 8 | I32: =VLOOKUP(A32,import!A:J,9,0) -> 8 | J32: =VLOOKUP(A32,import!A:J,10,0) -> 0 | K32: Melike Sarı | L32: 5425511619 | M32: Nilüfer | N32: Dumlupınar | O32: Dumlupınar Mah. Gürpınar Cad. Hiltoon-9 B Blok No:16 B / B Nilüfer / Bursa | P32: =VLOOKUP(A32,import!A:P,16,0) -> Geleneksel | R32: TRUE | S32: FALSE | T32: Başka Şubeden Çekilecek | W32: Bu aralar çok yoğunuz elemanımızda yok tek başımıza olduğumuz için ilerleyen haftalarfa görüşme sağlayalım istediler.-Telefoun kapalı öğleden snra tekrar aransın.ÇEKİM OLMUŞ | AA32: Ulaşılamadı | AB32: 44351 | AC32: Ulaşılamadı | AD32: 44355 | AE32: Ulaşılamadı | AF32: 44361 | AG32: Ulaşılamadı | AH32: 44362 | AI32: Ulaşılamadı | AJ32: 44436 | AK32: Özlem Güner | AL32: Nazlıcan Dinçer | AM32: Nazlıcan Dinçer | AN32: Deneme | AP32: Furkan Çağdaş Kuloğlu
A33: 61d6f94ced4531cad1fffb44 | B33: Ablay Döner, Orhangazi (Arapzade Mah.) | C33: =VLOOKUP(A33,import!A:C,3,false) -> DOĞRU | D33: Döner | E33: =VLOOKUP(A33,import!A:J,5,0) -> 559 | F33: =VLOOKUP(A33,import!A:J,6,0) -> 10 | G33: =VLOOKUP(A33,import!A:J,7,0) -> 0 | H33: =VLOOKUP(A33,import!A:J,8,0) -> 11 | I33: =VLOOKUP(A33,import!A:J,9,0) -> 11 | J33: =VLOOKUP(A33,import!A:J,10,0) -> 0 | K33: NURAY ABLAY | L33: 5414697066 | M33: Orhangazi | N33: Arapzade | O33: Arapzade MAh. Yalova Cad. No: 57 Orhangazi | P33: =VLOOKUP(A33,import!A:P,16,0) -> Geleneksel | R33: TRUE | S33: FALSE | T33: Randevu İptal | U33: Ferhat Köksal | V33: Mustafa OCAK | X33: 44693 | Y33: 44694 | AA33: Görüşüldü | AB33: 44693 | AK33: Ferhat Köksal
A34: 5f9945892c0f986692e0161e | B34: Able Chef Brekfast & Sandviç, Nilüfer (Görükle Mah.) | C34: =VLOOKUP(A34,import!A:C,3,false) -> DOĞRU | D34: Tost & Sandviç | E34: =VLOOKUP(A34,import!A:J,5,0) -> 15789 | F34: =VLOOKUP(A34,import!A:J,6,0) -> 370 | G34: =VLOOKUP(A34,import!A:J,7,0) -> 25 | H34: =VLOOKUP(A34,import!A:J,8,0) -> 22 | I34: =VLOOKUP(A34,import!A:J,9,0) -> 47 | J34: =VLOOKUP(A34,import!A:J,10,0) -> 0.53 | K34: Fatih Karakaya | L34: 5334232078 | M34: Nilüfer | N34: Görükle | O34: GÖRÜKLE MAH. TAŞKENT(490) SK. AKŞEMSETTİN KONUTLARI A BLOK NO: 4 A/A İÇ KAPI NO: 1 NİLÜFER/ BURSA | P34: =VLOOKUP(A34,import!A:P,16,0) -> Geleneksel | R34: TRUE | S34: FALSE | T34: Randevu Alındı | U34: Emel Yılmaz | V34: Alper Gökdemir | W34: devam çekimi istemiyor/teyit için arandı meşgule attı | X34: 44293 | Y34: 44294 | AA34: Görüşüldü | AB34: 44368 | AC34: Dönüş Yapacak | AD34: 44411 | AE34: Ulaşılamadı | AF34: 44412 | AG34: Görüşüldü | AH34: 44417 | AK34: Ezgi Turan | AM34: Duygu Telli | AN34: Deneme | AP34: Hakan Özler
A35: 616d9161a233ccd70b1d9b10 | B35: Abone Cafe & Fast Food, Nilüfer (Görükle Mah.) | C35: =VLOOKUP(A35,import!A:C,3,false) -> DOĞRU | D35: Tost & Sandviç | E35: =VLOOKUP(A35,import!A:J,5,0) -> 1855 | F35: =VLOOKUP(A35,import!A:J,6,0) -> 345 | G35: =VLOOKUP(A35,import!A:J,7,0) -> 27 | H35: =VLOOKUP(A35,import!A:J,8,0) -> 4 | I35: =VLOOKUP(A35,import!A:J,9,0) -> 31 | J35: =VLOOKUP(A35,import!A:J,10,0) -> 0.87 | K35: Farrukh Mammadov | L35: 2249992695 | M35: Nilüfer | N35: Görükle | O35: Görükle Mah. Harmanlık Cad. No:30 A Nilüfer / Bursa | P35: Geleneksel | R35: TRUE | S35: FALSE | T35: Randevu Alındı | U35: Tuğba Buyur | V35: Hamdi Can Hikmet | W35: 5537144341 / ferruh bey | X35: 44522 | Y35: 44524 | AA35: Ulaşılamadı | AB35: 44494 | AC35: Ulaşılamadı | AD35: 44496 | AE35: Ulaşılamadı | AF35: 44518 | AG35: Görüşüldü | AH35: 44522 | AK35: Ferhat Köksal | AL35: Tuğba Buyur | AM35: Tuğba Buyur | AN35: Tuğba Buyur | AP35: Hakan Özler
A36: 5f33cc41c1fe82072db006f7 | B36: Abooo Öz Doruk Döner (Görükle Mah.) | C36: =VLOOKUP(A36,import!A:C,3,false) -> DOĞRU | D36: Döner | E36: =VLOOKUP(A36,import!A:J,5,0) -> 726 | F36: =VLOOKUP(A36,import!A:J,6,0) -> 31 | G36: =VLOOKUP(A36,import!A:J,7,0) -> 0 | H36: =VLOOKUP(A36,import!A:J,8,0) -> 28 | I36: =VLOOKUP(A36,import!A:J,9,0) -> 28 | J36: =VLOOKUP(A36,import!A:J,10,0) -> 0 | K36: Şabettin Çallar | L36: 2244833034 | M36: Nilüfer | N36: Görükle | O36: Görükle Sakarya Mah. Atatürk Cad. Gonca Sok. 3 Oruç Dokuz Apt. Nilüfer, Bursa | P36: =VLOOKUP(A36,import!A:P,16,0) -> Geleneksel | Q36: 0-15 | R36: TRUE | S36: FALSE | T36: Çekim İstemiyor | W36: SÜREKLİ TERS KONUSUYOR. | AA36: Görüşüldü | AB36: 44365 | AC36: Dönüş Yapacak | AD36: 44436 | AE36: Görüşüldü | AF36: 44439 | AK36: Ezgi Turan | AL36: Deneme | AM36: Ezgi Turan | AO36: Duygu Telli | AP36: Hakan Özler
A37: 602119c9450e7fb53adf11e1 | B37: Abuzer Usta Pide & Kebap & Lahmacun, Yıldırım (Teferrüç Mah.) | C37: =VLOOKUP(A37,import!A:C,3,false) -> DOĞRU | D37: Pide | E37: =VLOOKUP(A37,import!A:J,5,0) -> 2228 | F37: =VLOOKUP(A37,import!A:J,6,0) -> 86 | G37: =VLOOKUP(A37,import!A:J,7,0) -> 18 | H37: =VLOOKUP(A37,import!A:J,8,0) -> 5 | I37: =VLOOKUP(A37,import!A:J,9,0) -> 23 | J37: =VLOOKUP(A37,import!A:J,10,0) -> 0.78 | K37: Emine Taşçı | L37: 2243262701 | M37: Yıldırım | N37: Teferrüç | O37: Teferrüç Mah Devrengeç Cad. No 8 | P37: =VLOOKUP(A37,import!A:P,16,0) -> Geleneksel | Q37: 0-15 | R37: TRUE | S37: FALSE | T37: Randevu Alındı | U37: Ferhat Köksal | V37: Alper Gökdemir | W37: YTKİLİ YOK ben iletirim sizlere geri donus saglarım dedi- randevu olusturuldu | AA37: Yetkili Yok | AB37: 44389 | AC37: Ulaşılamadı | AD37: 44393 | AE37: Görüşüldü | AF37: 44455 | AK37: Nurhayat Kabataş | AL37: Tutku Erdoğan | AM37: Ferhat Köksal | AO37: Duygu Telli | AP37: Furkan Çağdaş Kuloğlu
A38: 6116a1bf3891a331e6487ecd | B38: Academy Döner, Osmangazi (Emek Adnan Menderes Mah.) | C38: =VLOOKUP(A38,import!A:C,3,false) -> DOĞRU | D38: Döner | E38: =VLOOKUP(A38,import!A:J,5,0) -> 7155 | F38: =VLOOKUP(A38,import!A:J,6,0) -> 545 | G38: =VLOOKUP(A38,import!A:J,7,0) -> 16 | H38: =VLOOKUP(A38,import!A:J,8,0) -> 103 | I38: =VLOOKUP(A38,import!A:J,9,0) -> 119 | J38: =VLOOKUP(A38,import!A:J,10,0) -> 0.13 | K38: MUSTAFA YEŞİLYURT | L38: 5523630300 | M38: Osmangazi | N38: Emek Adnan Menderes | O38: EMEK ADNAN MENDERES MAH. TURGUT ÖZAL CAD. NO: 62 A OSMANGAZİ/ BURSA | P38: =VLOOKUP(A38,import!A:P,16,0) -> Geleneksel | R38: TRUE | S38: FALSE | T38: Randevu Alındı | W38: çekimim gerçekleşti benim der kontrol ettim randevu yok takvimde yeniden de çekim istemiyor yapıldı zaten onları yükleyin der | AA38: Görüşüldü | AB38: 44515 | AK38: Hatem Soyaslan | AP38: Beray Güllü
A39: 6210ce1c4f6e67b56fe00076 | B39: Acars Fast Food, Osmangazi (Bahar Mah.) | C39: =VLOOKUP(A39,import!A:C,3,false) -> DOĞRU | D39: Tost & Sandviç | E39: =VLOOKUP(A39,import!A:J,5,0) -> 9 | F39: =VLOOKUP(A39,import!A:J,6,0) | G39: =VLOOKUP(A39,import!A:J,7,0) -> 0 | H39: =VLOOKUP(A39,import!A:J,8,0) -> 21 | I39: =VLOOKUP(A39,import!A:J,9,0) -> 21 | J39: =VLOOKUP(A39,import!A:J,10,0) -> 0 | K39: Yunus Acar | L39: 5510042989 | M39: Osmangazi | N39: Bahar | O39: Bahar Mah. 2. Kanarya Sok. No:16 Osmangazi / Bursa | P39: =VLOOKUP(A39,import!A:P,16,0) -> Geleneksel | R39: FALSE | S39: FALSE
A40: 62276b0fecbcbba16453a93e | B40: Acı Dayı Cantık, Osmangazi (Kayhan Mah.) | C40: =VLOOKUP(A40,import!A:C,3,false) -> DOĞRU | D40: Pide | E40: =VLOOKUP(A40,import!A:J,5,0) -> 54 | F40: =VLOOKUP(A40,import!A:J,6,0) -> 26 | G40: =VLOOKUP(A40,import!A:J,7,0) -> 0 | H40: =VLOOKUP(A40,import!A:J,8,0) -> 14 | I40: =VLOOKUP(A40,import!A:J,9,0) -> 14 | J40: =VLOOKUP(A40,import!A:J,10,0) -> 0 | K40: YUSUF PİDECİ | L40: 2242215489 | M40: Osmangazi | N40: Kayıhan | O40: Kayıhan Mah. Boğaz Sok. No:11 Osmangazi/Bursa | P40: =VLOOKUP(A40,import!A:P,16,0) -> Geleneksel | R40: FALSE | S40: FALSE
A41: 6131d7bfa84332e6312372f7 | B41: Acıkınca İlk Durak, (Görükle Mah.) | C41: =VLOOKUP(A41,import!A:C,3,false) -> DOĞRU | D41: Tavuk | E41: =VLOOKUP(A41,import!A:J,5,0) -> 3274 | F41: =VLOOKUP(A41,import!A:J,6,0) -> 78 | G41: =VLOOKUP(A41,import!A:J,7,0) -> 0 | H41: =VLOOKUP(A41,import!A:J,8,0) -> 31 | I41: =VLOOKUP(A41,import!A:J,9,0) -> 31 | J41: =VLOOKUP(A41,import!A:J,10,0) -> 0 | K41: Çağatay Güleç | L41: 5069076690 | M41: Nilüfer | N41: Dumlupınar | O41: Dumlupınar Mah. Yurt Cad. no 1 | P41: =VLOOKUP(A41,import!A:P,16,0) -> Geleneksel | R41: TRUE | S41: FALSE | T41: Çekim İstemiyor | W41: SİSTEMİ AÇIN İLK BAŞTA DEDİ. SİNİRLİ - ŞUAN YOĞUNUM DEDİ KAPATTI | AA41: Görüşüldü | AB41: 44457 | AC41: Görüşüldü | AD41: 44459 | AE41: Görüşüldü | AF41: 44475 | AK41: Sude Alkan | AL41: Ezgi Turan | AM41: Ferhat Köksal | AP41: Furkan Çağdaş Kuloğlu
A42: 5f3642f882cfcf0c7a526261 | B42: Acıktık Tantuni, Nilüfer (Görükle Mah.) | C42: =VLOOKUP(A42,import!A:C,3,false) -> DOĞRU | D42: Sokak Lezzetleri | E42: =VLOOKUP(A42,import!A:J,5,0) -> 3830 | F42: =VLOOKUP(A42,import!A:J,6,0) -> 7 | G42: =VLOOKUP(A42,import!A:J,7,0) -> 1 | H42: =VLOOKUP(A42,import!A:J,8,0) -> 6 | I42: =VLOOKUP(A42,import!A:J,9,0) -> 7 | J42: =VLOOKUP(A42,import!A:J,10,0) -> 0.14 | K42: DOĞAN YAZICI | L42: 5377096638 | M42: Nilüfer | N42: Dumlupınar | O42: Dumlupınar, Pamukkale Cd. No:27, 16285, 16285 Nilüfer/Bursa | P42: =VLOOKUP(A42,import!A:P,16,0) -> Geleneksel | Q42: 16-25 | R42: TRUE | S42: FALSE | T42: Randevu Alındı | U42: Gül Değirmenci | V42: Hamdi Can | X42: 44336 | Y42: 44342 | AC42: Ulaşılamadı | AD42: 44418 | AE42: Ulaşılamadı | AF42: 44434 | AK42: Tutku Erdoğan | AL42: Duygu Telli | AM42: Deneme | AO42: Deneme | AP42: Furkan Çağdaş Kuloğlu
A43: 626079303a94f93359008e05 | B43: Acıktım Döner, Nilüfer (Görükle Mah.) | C43: =VLOOKUP(A43,import!A:C,3,false) -> DOĞRU | D43: Döner | E43: =VLOOKUP(A43,import!A:J,5,0) -> 18 | F43: =VLOOKUP(A43,import!A:J,6,0) -> 18 | G43: =VLOOKUP(A43,import!A:J,7,0) -> 0 | H43: =VLOOKUP(A43,import!A:J,8,0) -> 15 | I43: =VLOOKUP(A43,import!A:J,9,0) -> 15 | J43: =VLOOKUP(A43,import!A:J,10,0) -> 0 | K43: Selahiddin Döndüoğlu | L43: 2244800001 | M43: Nilüfer | N43: Dumlupınar | O43: Dumlupınar Mah. Atatürk Cad. No:96 Nilüfer / Bursa | P43: =VLOOKUP(A43,import!A:P,16,0) -> Geleneksel | R43: FALSE | S43: FALSE
A44: 620246fd36d54881c9c72a57 | B44: Acıktım Fast Food, Osmangazi (Emek Adnan Menderes Mah) | C44: =VLOOKUP(A44,import!A:C,3,false) -> DOĞRU | D44: Döner | E44: =VLOOKUP(A44,import!A:J,5,0) -> 36 | F44: =VLOOKUP(A44,import!A:J,6,0) -> 2 | G44: =VLOOKUP(A44,import!A:J,7,0) -> 0 | H44: =VLOOKUP(A44,import!A:J,8,0) -> 10 | I44: =VLOOKUP(A44,import!A:J,9,0) -> 10 | J44: =VLOOKUP(A44,import!A:J,10,0) -> 0 | K44: AYŞE KÜPÜÇ | L44: 5423054522 | M44: Osmangazi | N44: Emek Adnan Menderes | O44: Adnan Menderes Mah. Şelale Sok. No:2 Osmangazi/Bursa | P44: =VLOOKUP(A44,import!A:P,16,0) -> Geleneksel | R44: FALSE | S44: FALSE
A45: 62697a89b25ae11271ec0ee7 | B45: Acıktım Pide Lahmacun & Döner, Yıldırım (Yeşilyayla Mah.) | C45: =VLOOKUP(A45,import!A:C,3,false) -> DOĞRU | D45: Pide | E45: =VLOOKUP(A45,import!A:J,5,0) | F45: =VLOOKUP(A45,import!A:J,6,0) | G45: =VLOOKUP(A45,import!A:J,7,0) -> 0 | H45: =VLOOKUP(A45,import!A:J,8,0) -> 37 | I45: =VLOOKUP(A45,import!A:J,9,0) -> 37 | J45: =VLOOKUP(A45,import!A:J,10,0) -> 0 | K45: SEDAT ÇUBUK | L45: 2243637300 | M45: Yıldırım | N45: Baruthane | O45: Baruthane Mah. Teyyareci Mehmet Ali Cad. No: 147 A Yıldırım/Bursa | P45: =VLOOKUP(A45,import!A:P,16,0) -> Geleneksel | R45: FALSE | S45: FALSE
A46: 61c4c05ce2ed2f7ea067f4f6 | B46: Acil Aperatif, Nilüfer (Ertuğrul Mah.) | C46: =VLOOKUP(A46,import!A:C,3,false) -> DOĞRU | D46: Tost & Sandviç | E46: =VLOOKUP(A46,import!A:J,5,0) -> 162 | F46: =VLOOKUP(A46,import!A:J,6,0) -> 8 | G46: =VLOOKUP(A46,import!A:J,7,0) -> 0 | H46: =VLOOKUP(A46,import!A:J,8,0) -> 53 | I46: =VLOOKUP(A46,import!A:J,9,0) -> 53 | J46: =VLOOKUP(A46,import!A:J,10,0) -> 0 | K46: Ufuk Narin | L46: 5442505050 | M46: Nilüfer | N46: Ertuğrul | O46: Ertuğrul Mah. Doğan Avcıoğlu Cad. Asrın B Blok No:3 B/A Nilüfer / Bursa | P46: =VLOOKUP(A46,import!A:P,16,0) -> Geleneksel | R46: TRUE | S46: FALSE | T46: Ulaşılamadı | W46: açmadı | AA46: Ulaşılamadı | AB46: 44589 | AK46: Zeliha Özer
A47: 622fb25f693431c030038574 | B47: Acil Pilav İbrahim Usta, Nilüfer (İhsaniye Mah.) | C47: =VLOOKUP(A47,import!A:C,3,false) -> DOĞRU | D47: Sokak Lezzetleri | E47: =VLOOKUP(A47,import!A:J,5,0) -> 61 | F47: =VLOOKUP(A47,import!A:J,6,0) -> 26 | G47: =VLOOKUP(A47,import!A:J,7,0) -> 0 | H47: =VLOOKUP(A47,import!A:J,8,0) -> 18 | I47: =VLOOKUP(A47,import!A:J,9,0) -> 18 | J47: =VLOOKUP(A47,import!A:J,10,0) -> 0 | K47: Dilan Kaymak | L47: 2242507505 | M47: Nilüfer | N47: İhsaniye | O47: İhsaniye Mah. Ulubat Sok. Esra No: 4 D Nilüfer Bursa | P47: =VLOOKUP(A47,import!A:P,16,0) -> Geleneksel | R47: FALSE | S47: FALSE
A48: 61c4c7a55eed8ceebccd48d5 | B48: Aç Göz Fast Food, Nilüfer (Görükle Mah.) | C48: =VLOOKUP(A48,import!A:C,3,false) -> YANLIŞ | D48: Tost & Sandviç | E48: =VLOOKUP(A48,import!A:J,5,0) -> 35 | F48: =VLOOKUP(A48,import!A:J,6,0) | G48: =VLOOKUP(A48,import!A:J,7,0) -> 0 | H48: =VLOOKUP(A48,import!A:J,8,0) -> 10 | I48: =VLOOKUP(A48,import!A:J,9,0) -> 10 | J48: =VLOOKUP(A48,import!A:J,10,0) -> 0 | K48: Emre Kaykusuz | L48: 5527458211 | M48: Nilüfer | N48: Görükle | O48: Görükle Mah. Koza Cad. Emir Apt.A Blok No:49 A Nilüfer / Bursa | P48: =VLOOKUP(A48,import!A:P,16,0) -> Geleneksel | R48: TRUE | S48: FALSE | T48: Ulaşılamadı | W48: ulaşılamadı .açmadı | AA48: Ulaşılamadı | AB48: 44557 | AC48: Ulaşılamadı | AD48: 44565 | AE48: Ulaşılamadı | AF48: 44589 | AK48: Ferhat Köksal | AL48: Kübra Toprak | AM48: Yurdagül Kulaksız
A49: 61db1c83095bde1a4ebde033 | B49: Açina, Mustafakemalpaşa (Hamzabey Mah.) | C49: =VLOOKUP(A49,import!A:C,3,false) -> DOĞRU | D49: Dünya Mutfağı | E49: =VLOOKUP(A49,import!A:J,5,0) -> 110 | F49: =VLOOKUP(A49,import!A:J,6,0) | G49: =VLOOKUP(A49,import!A:J,7,0) -> 0 | H49: =VLOOKUP(A49,import!A:J,8,0) -> 64 | I49: =VLOOKUP(A49,import!A:J,9,0) -> 64 | J49: =VLOOKUP(A49,import!A:J,10,0) -> 0 | K49: SUAT BULDU | L49: 2246138686 | M49: Mustafakemalpaşa | N49: Hamzabey | O49: Hamzabey Mah. Bursa Cd. No:152 Mustafakemalpaşa | P49: =VLOOKUP(A49,import!A:P,16,0) -> Geleneksel | R49: FALSE | S49: FALSE
A50: 60b74ca1783529579bd9ed83 | B50: Ada Aperatif Osmangazi (Altınova Mah.) | C50: =VLOOKUP(A50,import!A:C,3,false) -> DOĞRU | D50: Tost & Sandviç | E50: =VLOOKUP(A50,import!A:J,5,0) -> 35 | F50: =VLOOKUP(A50,import!A:J,6,0) -> 2 | G50: =VLOOKUP(A50,import!A:J,7,0) -> 0 | H50: =VLOOKUP(A50,import!A:J,8,0) -> 32 | I50: =VLOOKUP(A50,import!A:J,9,0) -> 32 | J50: =VLOOKUP(A50,import!A:J,10,0) -> 0 | K50: SAMET YAŞLI | L50: 5442331232 | M50: Osmangazi | N50: Altınova | O50: Altınova Mahallesi Murat Hüdavendigar Bulvarı No 173/A Osmangazi BURSA | P50: =VLOOKUP(A50,import!A:P,16,0) -> Geleneksel | R50: TRUE | S50: FALSE | T50: Dönüş Yapacak | W50: 5616101963 | AA50: Görüşüldü | AB50: 44357 | AC50: Ulaşılamadı | AD50: 44375 | AE50: Görüşüldü | AF50: 44376 | AG50: Yetkili Yok | AH50: 44376 | AI50: Dönüş Yapacak | AJ50: 44548 | AL50: Ayşegül Dulkadir | AM50: Nazlıcan Dinçer | AN50: Deneme | AO50: Sude Alkan | AP50: Hakan Özler
A51: 626933f960e628fd466ed633 | B51: Ada Büfe, Osmangazi (Elmasbahçeler Mah.) | C51: =VLOOKUP(A51,import!A:C,3,false) -> DOĞRU | D51: Tost & Sandviç | E51: =VLOOKUP(A51,import!A:J,5,0) | F51: =VLOOKUP(A51,import!A:J,6,0) | G51: =VLOOKUP(A51,import!A:J,7,0) -> 0 | H51: =VLOOKUP(A51,import!A:J,8,0) -> 15 | I51: =VLOOKUP(A51,import!A:J,9,0) -> 15 | J51: =VLOOKUP(A51,import!A:J,10,0) -> 0 | K51: EBRU TAŞÇA | L51: 5314913190 | M51: Osmangazi | N51: Zafer | O51: Elmasbahçeler mah. 39. okul sk. no: 2 osmangazi/ bursa | P51: =VLOOKUP(A51,import!A:P,16,0) -> Geleneksel | R51: FALSE | S51: FALSE
A52: 610a87046b115c0e41a1920f | B52: Ada Dondurma, İnegöl (Osmaniye Mah.) | C52: =VLOOKUP(A52,import!A:C,3,false) -> DOĞRU | D52: Pasta & Tatlı | E52: =VLOOKUP(A52,import!A:J,5,0) -> 263 | F52: =VLOOKUP(A52,import!A:J,6,0) -> 13 | G52: =VLOOKUP(A52,import!A:J,7,0) -> 11 | H52: =VLOOKUP(A52,import!A:J,8,0) -> 6 | I52: =VLOOKUP(A52,import!A:J,9,0) -> 17 | J52: =VLOOKUP(A52,import!A:J,10,0) -> 0.65 | K52: Ramazan Yardımcı | L52: 5529217036 | M52: İnegöl | N52: Osmaniye | O52: Osmaniye Mah. Şebboy Cad. No:11 A İnegöl / Bursa | P52: =VLOOKUP(A52,import!A:P,16,0) -> Geleneksel | R52: TRUE | S52: FALSE | T52: Randevu Alındı | U52: Ezgi Turan | V52: Alper Gökdemir | X52: 44470 | Y52: 44473 | AA52: Tekrar Aranacak | AB52: 44466 | AC52: Görüşüldü | AD52: 44470 | AK52: Tuğba Buyur | AL52: Ezgi Turan | AP52: Hakan Özler
A53: 601914d37c051d1c0d20f9fe | B53: Ada Izgara (Görükle Mah.) | C53: =VLOOKUP(A53,import!A:C,3,false) -> YANLIŞ | D53: Köfte | E53: =VLOOKUP(A53,import!A:J,5,0) -> 108 | F53: =VLOOKUP(A53,import!A:J,6,0) | G53: =VLOOKUP(A53,import!A:J,7,0) -> 0 | H53: =VLOOKUP(A53,import!A:J,8,0) -> 13 | I53: =VLOOKUP(A53,import!A:J,9,0) -> 13 | J53: =VLOOKUP(A53,import!A:J,10,0) -> 0 | K53: Ersen Beki | L53: 2244833031 | M53: Nilüfer | N53: Görükle | O53: Görükle Mah. Atatürk Cad. Trio Eğlence Merkezi C Blok 101 C Nilüfer / Bursa | P53: =VLOOKUP(A53,import!A:P,16,0) -> Geleneksel | Q53: 16-25 | R53: TRUE | S53: TRUE | W53: bugün tekrar gönderecek fotoğrafları/c5538871714-mail gönderildi." | AA53: Görüşüldü | AB53: 44386 | AK53: Sezer Arslan | AO53: Mertcan karaman | AP53: Hakan Özler
A54: 61fd5ea640a212271003cae6 | B54: Ada Muhallebi, Osmangazi (Cumhuriyet Mah.) | C54: =VLOOKUP(A54,import!A:C,3,false) -> DOĞRU | D54: Pasta & Tatlı | E54: =VLOOKUP(A54,import!A:J,5,0) -> 82 | F54: =VLOOKUP(A54,import!A:J,6,0) -> 9 | G54: =VLOOKUP(A54,import!A:J,7,0) -> 21 | H54: =VLOOKUP(A54,import!A:J,8,0) -> 29 | I54: =VLOOKUP(A54,import!A:J,9,0) -> 50 | J54: =VLOOKUP(A54,import!A:J,10,0) -> 0.42 | K54: Murat Kurtuluş | L54: 5337777323 | M54: Osmangazi | N54: Demirtaş Cumhuriyet | O54: Demirtaş Cumhuriyet Mah. 7. Cad No: 77 F Osmangazi / Bursa | P54: =VLOOKUP(A54,import!A:P,16,0) -> Geleneksel | R54: TRUE | S54: FALSE | T54: Randevu Alındı | U54: Ferhat Köksal | V54: Alper Gökdemir | X54: 44618 | Y54: 44619 | AA54: Görüşüldü | AB54: 44618 | AK54: Ferhat Köksal
A55: 60e2c162705c6d075587f312 | B55: Adakale Cağ Döner, Yıldırım (Yiğitler Mah.) | C55: =VLOOKUP(A55,import!A:C,3,false) -> DOĞRU | D55: Döner | E55: =VLOOKUP(A55,import!A:J,5,0) -> 7 | F55: =VLOOKUP(A55,import!A:J,6,0) | G55: =VLOOKUP(A55,import!A:J,7,0) -> 13 | H55: =VLOOKUP(A55,import!A:J,8,0) -> 3 | I55: =VLOOKUP(A55,import!A:J,9,0) -> 16 | J55: =VLOOKUP(A55,import!A:J,10,0) -> 0.81 | K55: MUSTAFA AYIK | L55: 2243424208 | M55: Yıldırım | N55: Yiğitler | O55: Yiğitler Mah. E1. Sok. No: 5 A Yıldırım/ Bursa | P55: =VLOOKUP(A55,import!A:P,16,0) -> Geleneksel | R55: TRUE | S55: FALSE | T55: Randevu Alındı | U55: Mertcan karaman | V55: hamdi can | W55: 5324098836 | X55: 44427 | Y55: 44432 | AA55: Ulaşılamadı | AB55: 44412 | AC55: Ulaşılamadı | AD55: 44414 | AE55: Ulaşılamadı | AF55: 44415 | AG55: Ulaşılamadı | AH55: 44419 | AI55: Görüşüldü | AJ55: 44421 | AK55: Nazlıcan Dinçer | AL55: Sezer Arslan | AM55: Ezgi Turan | AN55: Ezgi Turan | AP55: Zuhal Kocabıçak
A56: 62325b5b214d947bc94cfd76 | B56: Adana Pilavcısı, Nilüfer (Görükle Mah.) | C56: =VLOOKUP(A56,import!A:C,3,false) -> DOĞRU | D56: Sokak Lezzetleri | E56: =VLOOKUP(A56,import!A:J,5,0) -> 1010 | F56: =VLOOKUP(A56,import!A:J,6,0) -> 179 | G56: =VLOOKUP(A56,import!A:J,7,0) -> 0 | H56: =VLOOKUP(A56,import!A:J,8,0) -> 8 | I56: =VLOOKUP(A56,import!A:J,9,0) -> 8 | J56: =VLOOKUP(A56,import!A:J,10,0) -> 0 | K56: Yunus Kaya | L56: 5491191601 | M56: Nilüfer | N56: Görükle | O56: Görükle Mah. Üçoluk Cad. Yerleşim Sit. No: 3 A Nilüfer / Bursa | P56: =VLOOKUP(A56,import!A:P,16,0) -> Geleneksel | R56: FALSE | S56: FALSE
A57: 5f3561637199f879fe901207 | B57: Adana Sofrası, Görükle | C57: =VLOOKUP(A57,import!A:C,3,false) -> DOĞRU | D57: Kebap | E57: =VLOOKUP(A57,import!A:J,5,0) -> 13229 | F57: =VLOOKUP(A57,import!A:J,6,0) -> 567 | G57: =VLOOKUP(A57,import!A:J,7,0) -> 20 | H57: =VLOOKUP(A57,import!A:J,8,0) -> 5 | I57: =VLOOKUP(A57,import!A:J,9,0) -> 25 | J57: =VLOOKUP(A57,import!A:J,10,0) -> 0.8 | K57: Leyla Aydın | L57: 2244835641 | M57: Nilüfer | N57: Dumlupınar | O57: Görükle Dumlupınar Mahallesi, Atatürk Cd., 16285 Nilüfer/Bursa | P57: =VLOOKUP(A57,import!A:P,16,0) -> Geleneksel | Q57: 35+ | R57: TRUE | S57: FALSE | T57: Randevu Alındı | U57: Ayşegül Dulkadir | V57: Alper Gökdemir | W57: daha sonra aranacak | X57: 44386 | Y57: 44390 | AA57: Tekrar Aranacak | AB57: 44385 | AC57: Görüşüldü | AD57: 44386 | AE57: Görüşüldü | AF57: 44436 | AK57: Ezgi Turan | AL57: Ayşegül Dulkadir | AO57: Tutku Erdoğan | AP57: Hakan Özler
A58: 5f9fed8c5d22a0a5828d628f | B58: Adana Tatlıcısı & Dondurma | C58: =VLOOKUP(A58,import!A:C,3,false) -> DOĞRU | D58: Pasta & Tatlı | E58: =VLOOKUP(A58,import!A:J,5,0) -> 289 | F58: =VLOOKUP(A58,import!A:J,6,0) -> 41 | G58: =VLOOKUP(A58,import!A:J,7,0) -> 14 | H58: =VLOOKUP(A58,import!A:J,8,0) -> 23 | I58: =VLOOKUP(A58,import!A:J,9,0) -> 37 | J58: =VLOOKUP(A58,import!A:J,10,0) -> 0.38 | K58: ARİF ÇIRPAN | L58: 5455759451 | M58: Nilüfer | N58: Altınşehir | O58: Altınşehir mah Muammer Aksoy caddesi 22 | P58: =VLOOKUP(A58,import!A:P,16,0) -> Geleneksel | Q58: 0-15 | R58: TRUE | S58: TRUE | T58: Başka Şubeden Çekilecek | W58: müsait zamanım olmadı göndercegim dendi/gönderecekmiş.- | AA58: Tekrar Aranacak | AB58: 44349 | AC58: Ulaşılamadı | AD58: 44355 | AE58: Ulaşılamadı | AF58: 44357 | AG58: Görüşüldü | AH58: 44362 | AI58: Ulaşılamadı | AJ58: 44393 | AL58: Gül Değirmenci | AM58: Gül Değirmenci | AN58: Gül Değirmenci | AP58: Furkan Çağdaş Kuloğlu
A59: 6151953a0e11177e080568fa | B59: Adana Tatlıcısı & Dondurma, Yıldırım (Yeşilyayla Mah.) | C59: =VLOOKUP(A59,import!A:C,3,false) -> DOĞRU | D59: Pasta & Tatlı | E59: =VLOOKUP(A59,import!A:J,5,0) -> 174 | F59: =VLOOKUP(A59,import!A:J,6,0) -> 1 | G59: =VLOOKUP(A59,import!A:J,7,0) -> 32 | H59: =VLOOKUP(A59,import!A:J,8,0) -> 2 | I59: =VLOOKUP(A59,import!A:J,9,0) -> 34 | J59: =VLOOKUP(A59,import!A:J,10,0) -> 0.94 | K59: ARİF ÇIRPAN | L59: 5383705205 | M59: Yıldırım | N59: Mehmetakifersoy | O59: Yeşilyayla Mah. Teyyareci Mehmet Ali Cad. No: 124 A Z1 Yıldırım/ Bursa | P59: =VLOOKUP(A59,import!A:P,16,0) -> Geleneksel | R59: TRUE | S59: TRUE | AA59: Ulaşılamadı | AB59: 44482 | AK59: Ayşegül Kır | AP59: Zuhal Kocabıçak
A60: 621e60ac725bcba42fac4268 | B60: Adana Tatlıcısı Kenan Usta, Osmangazi (Orhanbey Mah.) | C60: =VLOOKUP(A60,import!A:C,3,false) -> DOĞRU | D60: Pasta & Tatlı | E60: =VLOOKUP(A60,import!A:J,5,0) -> 6 | F60: =VLOOKUP(A60,import!A:J,6,0) | G60: =VLOOKUP(A60,import!A:J,7,0) -> 0 | H60: =VLOOKUP(A60,import!A:J,8,0) -> 30 | I60: =VLOOKUP(A60,import!A:J,9,0) -> 30 | J60: =VLOOKUP(A60,import!A:J,10,0) -> 0 | K60: KENAN MENGİ | L60: 5413979899 | M60: Osmangazi | N60: Hocaalizade | O60: Orhanbey Mah. Atatürk Cad. No: 56/1 Osmangazi | P60: =VLOOKUP(A60,import!A:P,16,0) -> Geleneksel | R60: FALSE | S60: FALSE
A61: 61d631c8486f8357a7b05032 | B61: Adana Tatlıcısı, İnegöl (Cuma Mah.) | C61: =VLOOKUP(A61,import!A:C,3,false) -> DOĞRU | D61: Pasta & Tatlı | E61: =VLOOKUP(A61,import!A:J,5,0) -> 111 | F61: =VLOOKUP(A61,import!A:J,6,0) -> 15 | G61: =VLOOKUP(A61,import!A:J,7,0) -> 0 | H61: =VLOOKUP(A61,import!A:J,8,0) -> 6 | I61: =VLOOKUP(A61,import!A:J,9,0) -> 6 | J61: =VLOOKUP(A61,import!A:J,10,0) -> 0 | K61: Betül Demirel | L61: 5379511711 | M61: İnegöl | N61: Hamidiye | O61: Cuma Mah. Hastane Cad. No: 24/A İnegöl/Bursa | P61: =VLOOKUP(A61,import!A:P,16,0) -> Geleneksel | R61: FALSE | S61: FALSE
A62: 61df62c147ac9f5188856071 | B62: Adana Ütü Tost, Nilüfer ( Görükle Mah.) | C62: =VLOOKUP(A62,import!A:C,3,false) -> YANLIŞ | D62: Tost & Sandviç | E62: =VLOOKUP(A62,import!A:J,5,0) | F62: =VLOOKUP(A62,import!A:J,6,0) | G62: =VLOOKUP(A62,import!A:J,7,0) -> 0 | H62: =VLOOKUP(A62,import!A:J,8,0) -> 10 | I62: =VLOOKUP(A62,import!A:J,9,0) -> 10 | J62: =VLOOKUP(A62,import!A:J,10,0) -> 0 | K62: FATMA USLU | L62: 5301571517 | M62: Nilüfer | N62: Görükle | O62: Görükle Mah. Atatürk Cad. Yerleşim C Blok Papatya Apt. No:85 C/L İç Kapı No:37 Nilüfer / Bursa | P62: =VLOOKUP(A62,import!A:P,16,0) -> Geleneksel | R62: FALSE | S62: FALSE | T62: Ulaşılamadı | AA62: Ulaşılamadı | AB62: 44618 | AK62: Ferhat Köksal
A63: 626923610c8674840bd1d7eb | B63: Adanadayım Kebap, Osmangazi (Kükürtlü Mah.) | C63: =VLOOKUP(A63,import!A:C,3,false) -> DOĞRU | D63: Kebap | E63: =VLOOKUP(A63,import!A:J,5,0) | F63: =VLOOKUP(A63,import!A:J,6,0) | G63: =VLOOKUP(A63,import!A:J,7,0) -> 0 | H63: =VLOOKUP(A63,import!A:J,8,0) -> 40 | I63: =VLOOKUP(A63,import!A:J,9,0) -> 40 | J63: =VLOOKUP(A63,import!A:J,10,0) -> 0 | K63: CEYDA ŞENYUVA | L63: 2243690101 | M63: Osmangazi | N63: Kükürtlü | O63: Kükürtlü, Zübeyde Hanım Cd. No:32, 16070 Osmangazi/Bursa | P63: =VLOOKUP(A63,import!A:P,16,0) -> Geleneksel | R63: FALSE | S63: FALSE
A64: 5fe5d4db58f3ac0d45e4bc1a | B64: Adanalı Recep Usta, Osmangazi (Dikkaldırım Mah.) | C64: =VLOOKUP(A64,import!A:C,3,false) -> DOĞRU | D64: Kebap | E64: =VLOOKUP(A64,import!A:J,5,0) -> 759 | F64: =VLOOKUP(A64,import!A:J,6,0) -> 35 | G64: =VLOOKUP(A64,import!A:J,7,0) -> 9 | H64: =VLOOKUP(A64,import!A:J,8,0) -> 3 | I64: =VLOOKUP(A64,import!A:J,9,0) -> 12 | J64: =VLOOKUP(A64,import!A:J,10,0) -> 0.75 | K64: Recep Barbaros | L64: 5386620001 | M64: Osmangazi | N64: Dikkaldırım | O64: Hüdavendigar Mah. Dikkaldırım Cad. 71 Osmangazi / Bursa | P64: =VLOOKUP(A64,import!A:P,16,0) -> Geleneksel | Q64: 16-25 | R64: TRUE | S64: FALSE | T64: Randevu Alındı | U64: Eda Cıbır | V64: Salih Kolcu | W64: mertcan beye dönüş yapılcak 5558780001// 1 nisandan sonra aarancak- kendileri dönüş yapıcak | X64: 44305 | Y64: 44308 | AP64: Hakan Özler
A65: 61a62cbce067c2598e754791 | B65: Adem Usta Pide Salonu, Karacabey (Tavşanlı M.) | C65: =VLOOKUP(A65,import!A:C,3,false) -> DOĞRU | D65: Kebap | E65: =VLOOKUP(A65,import!A:J,5,0) -> 1642 | F65: =VLOOKUP(A65,import!A:J,6,0) -> 90 | G65: =VLOOKUP(A65,import!A:J,7,0) -> 0 | H65: =VLOOKUP(A65,import!A:J,8,0) -> 29 | I65: =VLOOKUP(A65,import!A:J,9,0) -> 29 | J65: =VLOOKUP(A65,import!A:J,10,0) -> 0 | K65: SELÇUK AĞRAŞ | L65: 2246763031 | M65: Karacabey | N65: Sırabademler | O65: Tavşanlı Mah. Runguçpaşa Cad. Uslu Apt. No:70/B Karacabey/Bursa | P65: Geleneksel | R65: FALSE | S65: FALSE | AP65: Zuhal Kocabıçak
A66: 6192773b51c1a0c9e76d8b5a | B66: Adıyaman Çiğ Köfte Time, Osmangazi (Fatih M.) | C66: =VLOOKUP(A66,import!A:C,3,false) -> DOĞRU | D66: Çiğ Köfte | E66: =VLOOKUP(A66,import!A:J,5,0) -> 1427 | F66: =VLOOKUP(A66,import!A:J,6,0) -> 55 | G66: =VLOOKUP(A66,import!A:J,7,0) -> 10 | H66: =VLOOKUP(A66,import!A:J,8,0) -> 11 | I66: =VLOOKUP(A66,import!A:J,9,0) -> 21 | J66: =VLOOKUP(A66,import!A:J,10,0) -> 0.48 | K66: YUSUF YAŞAROĞLU | L66: 5461122416 | M66: Osmangazi | N66: Fatih | O66: Fatih Mahallesi 4.Uslu Sokak No:2 Osmangazi Bursa | P66: =VLOOKUP(A66,import!A:P,16,0) -> Geleneksel | R66: TRUE | S66: FALSE | T66: Randevu Alındı | U66: Kübra Toprak | V66: Alper Gökdemir | W66: abbas beyden randevu alındı. | X66: 44522 | Y66: 44524 | AA66: Görüşüldü | AB66: 44522 | AK66: Kübra Toprak | AP66: Zuhal Kocabıçak
A67: 626a9b3f717ec16841ef9ef9 | B67: Adıyaman Çiğ Köfte, Osmangazi (Doğanbey Mah.) | C67: =VLOOKUP(A67,import!A:C,3,false) -> DOĞRU | D67: Çiğ Köfte | E67: =VLOOKUP(A67,import!A:J,5,0) | F67: =VLOOKUP(A67,import!A:J,6,0) | G67: =VLOOKUP(A67,import!A:J,7,0) -> 0 | H67: =VLOOKUP(A67,import!A:J,8,0) -> 5 | I67: =VLOOKUP(A67,import!A:J,9,0) -> 5 | J67: =VLOOKUP(A67,import!A:J,10,0) -> 0 | K67: AYHAN TÜRKTEN | L67: 5532442296 | M67: Osmangazi | N67: Doğanbey | O67: Doğanbey Mah. Doğanbey Cad. No: 4 Osmangazi/Bursa | P67: =VLOOKUP(A67,import!A:P,16,0) -> Geleneksel | R67: FALSE | S67: FALSE
A68: 62582e429055766f7cc5f4ae | B68: Adıyaman Çiğ Köftecisi Abdülgaffar Usta (Cumhuriyet Mah.) | C68: =VLOOKUP(A68,import!A:C,3,false) -> DOĞRU | D68: Çiğ Köfte | E68: =VLOOKUP(A68,import!A:J,5,0) -> 1 | F68: =VLOOKUP(A68,import!A:J,6,0) | G68: =VLOOKUP(A68,import!A:J,7,0) -> 4 | H68: =VLOOKUP(A68,import!A:J,8,0) -> 27 | I68: =VLOOKUP(A68,import!A:J,9,0) -> 31 | J68: =VLOOKUP(A68,import!A:J,10,0) -> 0.13 | K68: Dilek Üner | L68: 5412265149 | M68: Osmangazi | N68: Demirtaş Cumhuriyet | O68: Demirtaş Cumhuriyet Mah. Çevre Yolu Cad. No:174 A İç Kapı No: 13 Osmangazi /Bursa | P68: =VLOOKUP(A68,import!A:P,16,0) -> Geleneksel | R68: FALSE | S68: FALSE
A69: 6169a873116cb8b4a0049ad8 | B69: Adıyaman Çiğ Köftecisi Orhan Usta (İhsaniye Mah.) | C69: =VLOOKUP(A69,import!A:C,3,false) -> DOĞRU | D69: Çiğ Köfte | E69: =VLOOKUP(A69,import!A:J,5,0) -> 319 | F69: =VLOOKUP(A69,import!A:J,6,0) -> 1 | G69: =VLOOKUP(A69,import!A:J,7,0) -> 0 | H69: =VLOOKUP(A69,import!A:J,8,0) -> 15 | I69: =VLOOKUP(A69,import!A:J,9,0) -> 15 | J69: =VLOOKUP(A69,import!A:J,10,0) -> 0 | K69: İbrahim Kuru | L69: 5396225046 | M69: Nilüfer | N69: İhsaniye | O69: İhsaniye Mah. Okul Cad. Burçak / A Blok No: 72 A/B Nilüfer / Bursa | P69: Geleneksel | R69: TRUE | S69: FALSE | T69: Başka Şubeden Çekilecek | W69: öğleden sonra saat 2 bucuk gıbı aranacak / devir alınmış ama diğer şubeden alınacakmış | AA69: Görüşüldü | AB69: 44494 | AK69: Ferhat Köksal | AP69: Hakan Özler
A70: 61d44f499db2061450bd58ef | B70: Adıyaman Çiğ Köftecisi Orhan Usta, Nilüfer (Balkan Mah.) | C70: =VLOOKUP(A70,import!A:C,3,false) -> DOĞRU | D70: Çiğ Köfte | E70: =VLOOKUP(A70,import!A:J,5,0) -> 201 | F70: =VLOOKUP(A70,import!A:J,6,0) -> 11 | G70: =VLOOKUP(A70,import!A:J,7,0) -> 0 | H70: =VLOOKUP(A70,import!A:J,8,0) -> 14 | I70: =VLOOKUP(A70,import!A:J,9,0) -> 14 | J70: =VLOOKUP(A70,import!A:J,10,0) -> 0 | K70: EMİNE ŞEN | L70: 5315861858 | M70: Nilüfer | N70: Balkan | O70: Balkan Mah. Kanuni (&10) Sk. No: 9 Nilüfer | P70: =VLOOKUP(A70,import!A:P,16,0) -> Geleneksel | R70: TRUE | S70: FALSE | T70: Ulaşılamadı | W70: hat düşmüyo | AA70: Ulaşılamadı | AB70: 44589 | AK70: Zeliha Özer
A71: 5fa6bbe6458a5201fb99763e | B71: Adıyaman Çiğ Köftecisi Ömer Aybak, Nilüfer (23 Nisan Mah.) | C71: =VLOOKUP(A71,import!A:C,3,false) -> DOĞRU | D71: Çiğ Köfte | E71: =VLOOKUP(A71,import!A:J,5,0) -> 1274 | F71: =VLOOKUP(A71,import!A:J,6,0) -> 69 | G71: =VLOOKUP(A71,import!A:J,7,0) -> 9 | H71: =VLOOKUP(A71,import!A:J,8,0) -> 1 | I71: =VLOOKUP(A71,import!A:J,9,0) -> 10 | J71: =VLOOKUP(A71,import!A:J,10,0) -> 0.9 | K71: Mehmet Taşkın | L71: 5544422073 | M71: Nilüfer | N71: 44309 | O71: 23 Nisan Mah. Gökçen Sk. A No:1 A/C Nilüfer / Bursa | P71: =VLOOKUP(A71,import!A:P,16,0) -> Geleneksel | Q71: 0-15 | R71: TRUE | S71: FALSE | T71: Franchise | AK71: Deneme | AP71: Furkan Çağdaş Kuloğlu
A72: 6267f8bd60e6288bb0420102 | B72: Adıyaman Çiğ Köftecisi Ömer Aybak, Yenişehir (Yenigün Mah.) | C72: =VLOOKUP(A72,import!A:C,3,false) -> DOĞRU | D72: Çiğ Köfte | E72: =VLOOKUP(A72,import!A:J,5,0) | F72: =VLOOKUP(A72,import!A:J,6,0) | G72: =VLOOKUP(A72,import!A:J,7,0) -> 0 | H72: =VLOOKUP(A72,import!A:J,8,0) -> 38 | I72: =VLOOKUP(A72,import!A:J,9,0) -> 38 | J72: =VLOOKUP(A72,import!A:J,10,0) -> 0 | K72: HASAN AKDENİZ | L72: 5358325439 | M72: Yenişehir | N72: Yenigün | O72: YENİGÜN MAH.ÖNCÜ CAD. A NO:23 A YENİŞEHİR/BURSA | P72: =VLOOKUP(A72,import!A:P,16,0) -> Geleneksel | R72: FALSE | S72: FALSE
A73: 61d62bc2e76513185cba3ed1 | B73: Adıyaman Çiğ Köftecisi Ömer Aybak, Yıldırım (Erikli Mah.) | C73: =VLOOKUP(A73,import!A:C,3,false) -> DOĞRU | D73: Çiğ Köfte | E73: =VLOOKUP(A73,import!A:J,5,0) -> 32 | F73: =VLOOKUP(A73,import!A:J,6,0) -> 3 | G73: =VLOOKUP(A73,import!A:J,7,0) -> 5 | H73: =VLOOKUP(A73,import!A:J,8,0) -> 3 | I73: =VLOOKUP(A73,import!A:J,9,0) -> 8 | J73: =VLOOKUP(A73,import!A:J,10,0) -> 0.63 | K73: Fatih Çoşkun | L73: 2243421615 | M73: Yıldırım | N73: Esenevler | O73: Erikli Mh. Erikli CD. No16/A yıldırım/BURSA | P73: =VLOOKUP(A73,import!A:P,16,0) -> Geleneksel | R73: FALSE | S73: FALSE
A74: 612de9ebe96c51e1717e4e56 | B74: Adıyaman Çiğköftecisi Ömer Aslan, Osmangazi (Yenikaraman Mah.) | C74: =VLOOKUP(A74,import!A:C,3,false) -> DOĞRU | D74: Çiğ Köfte | E74: =VLOOKUP(A74,import!A:J,5,0) -> 84 | F74: =VLOOKUP(A74,import!A:J,6,0) -> 3 | G74: =VLOOKUP(A74,import!A:J,7,0) -> 0 | H74: =VLOOKUP(A74,import!A:J,8,0) -> 10 | I74: =VLOOKUP(A74,import!A:J,9,0) -> 10 | J74: =VLOOKUP(A74,import!A:J,10,0) -> 0 | K74: YUNUS ASLAN | L74: 5362021604 | M74: Osmangazi | N74: Yenibağlar | O74: yenibağlar mah yeni harbiye caddesi no 43 osmangazi bursa | P74: =VLOOKUP(A74,import!A:P,16,0) -> Geleneksel | R74: TRUE | S74: FALSE | T74: Franchise | AA74: Ulaşılamadı | AB74: 44447 | AK74: Sude Alkan | AP74: Zuhal Kocabıçak
A75: 610a76823176c85ba005f99b | B75: Adıyaman Yamanlar Çiğ Köfte & Döner, Osmangazi (Selimiye Mah) | C75: =VLOOKUP(A75,import!A:C,3,false) -> DOĞRU | D75: Çiğ Köfte | E75: =VLOOKUP(A75,import!A:J,5,0) | F75: =VLOOKUP(A75,import!A:J,6,0) | G75: =VLOOKUP(A75,import!A:J,7,0) -> 17 | H75: =VLOOKUP(A75,import!A:J,8,0) -> 0 | I75: =VLOOKUP(A75,import!A:J,9,0) -> 17 | J75: =VLOOKUP(A75,import!A:J,10,0) -> 1 | K75: HÜSEYİN YAMAN | L75: 5466462686 | M75: Osmangazi | N75: Selimiye | O75: Selimiye Mah. Sili Sk. 10 | P75: =VLOOKUP(A75,import!A:P,16,0) -> Geleneksel | R75: TRUE | S75: FALSE | T75: Randevu Alındı | U75: Deneme | V75: Alper Gökdemir | X75: 44420 | Y75: 44425 | AA75: Görüşüldü | AB75: 44420 | AK75: Ezgi Turan | AP75: Furkan Çağdaş Kuloğlu
A76: 6220e0cee7c2e0319b16e665 | B76: Adıyaman Yedim Çiğ Köfte, Osmangazi (Emek Adnan Menderes Mah.) | C76: =VLOOKUP(A76,import!A:C,3,false) -> DOĞRU | D76: Sokak Lezzetleri | E76: =VLOOKUP(A76,import!A:J,5,0) -> 5 | F76: =VLOOKUP(A76,import!A:J,6,0) | G76: =VLOOKUP(A76,import!A:J,7,0) -> 0 | H76: =VLOOKUP(A76,import!A:J,8,0) -> 8 | I76: =VLOOKUP(A76,import!A:J,9,0) -> 8 | J76: =VLOOKUP(A76,import!A:J,10,0) -> 0 | K76: Ayşe Demirel | L76: 5424221616 | M76: Osmangazi | N76: Emek Zekai Gümüşdiş | O76: Emek Zekai Gümüşdiş Mah. Turgut Özal Cad. No: 39/A Osmnagazi/Bursa | P76: =VLOOKUP(A76,import!A:P,16,0) -> Geleneksel | R76: FALSE | S76: FALSE
A77: 60be3b97288f29d9d7c88aa3 | B77: Adıyamanlı Çiğ Köfteci Bilal Korkut, Nilüfer (Altınşehir Mah.) | C77: =VLOOKUP(A77,import!A:C,3,false) -> DOĞRU | D77: Çiğ Köfte | E77: =VLOOKUP(A77,import!A:J,5,0) -> 1164 | F77: =VLOOKUP(A77,import!A:J,6,0) -> 75 | G77: =VLOOKUP(A77,import!A:J,7,0) -> 16 | H77: =VLOOKUP(A77,import!A:J,8,0) -> 7 | I77: =VLOOKUP(A77,import!A:J,9,0) -> 23 | J77: =VLOOKUP(A77,import!A:J,10,0) -> 0.7 | K77: SAİT KORKUT | L77: 5550023602 | M77: Nilüfer | N77: Altınşehir | O77: Altınşehir Mahallesi 323.sok. No:17A | P77: =VLOOKUP(A77,import!A:P,16,0) -> Geleneksel | R77: TRUE | S77: FALSE | T77: Randevu Alındı | U77: Betül Demir | V77: Alper Gökdemir | X77: 44543 | Y77: 44545 | AA77: Ulaşılamadı | AB77: 44376 | AC77: Dönüş Yapacak | AD77: 44377 | AE77: Görüşüldü | AF77: 44378 | AG77: Görüşüldü | AH77: 44393 | AI77: Görüşüldü | AJ77: 44543 | AL77: Tutku Erdoğan | AM77: Ezgi Turan | AN77: Tutku Erdoğan | AO77: Betül Demir | AP77: Furkan Çağdaş Kuloğlu
A78: 601bf98bb589a12b6000371d | B78: Adıyamanlı Çiğ Köfteci Erbay Usta, İnegöl (Kemalpaşa Mah.) | C78: =VLOOKUP(A78,import!A:C,3,false) -> DOĞRU | D78: Çiğ Köfte | E78: =VLOOKUP(A78,import!A:J,5,0) -> 1032 | F78: =VLOOKUP(A78,import!A:J,6,0) -> 15 | G78: =VLOOKUP(A78,import!A:J,7,0) -> 16 | H78: =VLOOKUP(A78,import!A:J,8,0) -> 8 | I78: =VLOOKUP(A78,import!A:J,9,0) -> 24 | J78: =VLOOKUP(A78,import!A:J,10,0) -> 0.67 | K78: Yakup Bay | L78: 2247131454 | M78: İnegöl | N78: Kemalpaşa | O78: Kemalpaşa Mah. Mahmut Esatbey Cad. No:199 İnegöl / Bursa | P78: =VLOOKUP(A78,import!A:P,16,0) -> Geleneksel | Q78: 16-25 | R78: TRUE | S78: FALSE | T78: Randevu Alındı | U78: Ezgi Turan | V78: HAMDİCAN | W78: 5373298233 | X78: 44453 | Y78: 44454 | AP78: Hakan Özler
A79: 603a40409ae2e80013331e43 | B79: Adıyamanlı Çiğ Köfteci Erkan Usta (Vıraca Mah.) | C79: =VLOOKUP(A79,import!A:C,3,false) -> YANLIŞ | D79: Çiğ Köfte | E79: =VLOOKUP(A79,import!A:J,5,0) -> 237 | F79: =VLOOKUP(A79,import!A:J,6,0) | G79: =VLOOKUP(A79,import!A:J,7,0) -> 6 | H79: =VLOOKUP(A79,import!A:J,8,0) -> 4 | I79: =VLOOKUP(A79,import!A:J,9,0) -> 10 | J79: =VLOOKUP(A79,import!A:J,10,0) -> 0.6 | K79: Rıdvan Cömert | L79: 2246140202 | O79: Vıraca Mah. Bursa Cad. No:69 / A Mustafakemalpaşa / Bursa | P79: =VLOOKUP(A79,import!A:P,16,0) -> Geleneksel | R79: FALSE | S79: FALSE | T79: Franchise | AP79: Zuhal Kocabıçak
A80: 6076041b4dcb454a00e6131f | B80: Adıyamanlı Çiğ Köfteci Erkan Usta, Gemlik (Hamidiye Mah.) | C80: =VLOOKUP(A80,import!A:C,3,false) -> DOĞRU | D80: Çiğ Köfte | E80: =VLOOKUP(A80,import!A:J,5,0) -> 2433 | F80: =VLOOKUP(A80,import!A:J,6,0) -> 113 | G80: =VLOOKUP(A80,import!A:J,7,0) -> 11 | H80: =VLOOKUP(A80,import!A:J,8,0) -> 14 | I80: =VLOOKUP(A80,import!A:J,9,0) -> 25 | J80: =VLOOKUP(A80,import!A:J,10,0) -> 0.44 | K80: MEHMET ALPER | L80: 2245120202 | M80: Gemlik | N80: Hamidiye | O80: Hamidiye mahallesi Hürriyet caddesi no 14 a Gemlik Bursa | P80: =VLOOKUP(A80,import!A:P,16,0) -> Geleneksel | R80: TRUE | S80: FALSE | T80: Franchise | AP80: Furkan Çağdaş Kuloğlu
A81: 5f96e97b20c3527a058740f9 | B81: Adıyamanlı Çiğ Köfteci Erkan Usta, Görükle (Kalkan Sok.) | C81: =VLOOKUP(A81,import!A:C,3,false) -> DOĞRU | D81: Çiğ Köfte | E81: =VLOOKUP(A81,import!A:J,5,0) -> 6260 | F81: =VLOOKUP(A81,import!A:J,6,0) -> 119 | G81: =VLOOKUP(A81,import!A:J,7,0) -> 6 | H81: =VLOOKUP(A81,import!A:J,8,0) -> 1 | I81: =VLOOKUP(A81,import!A:J,9,0) -> 7 | J81: =VLOOKUP(A81,import!A:J,10,0) -> 0.86 | K81: Yunus Emre Kuştepe | L81: 2244800048 | M81: Nilüfer | N81: Dumlupınar | O81: Dumlupınar Mah. Kalkan Sok. Eda Apt. No:4 D Nilüfer / Bursa | P81: =VLOOKUP(A81,import!A:P,16,0) -> Geleneksel | Q81: Dumlupınar Mah. Kalkan Sok. Eda Apt. No:4 D Nilüfer / Bursa | R81: TRUE | S81: FALSE | T81: Randevu Alındı | U81: Ezgi Turan | V81: Ahmet Durmaz | X81: 44292 | Y81: 44293 | AP81: Furkan Çağdaş Kuloğlu
A82: 61d458b323cc28834a9b86ce | B82: Adıyamanlı Çiğ Köfteci Erkan Usta, Karacabey (Tavşanlı Mah.) | C82: =VLOOKUP(A82,import!A:C,3,false) -> DOĞRU | D82: Çiğ Köfte | E82: =VLOOKUP(A82,import!A:J,5,0) -> 296 | F82: =VLOOKUP(A82,import!A:J,6,0) -> 29 | G82: =VLOOKUP(A82,import!A:J,7,0) -> 6 | H82: =VLOOKUP(A82,import!A:J,8,0) -> 11 | I82: =VLOOKUP(A82,import!A:J,9,0) -> 17 | J82: =VLOOKUP(A82,import!A:J,10,0) -> 0.35 | K82: BİLAL CEYRAN | L82: 2246768678 | M82: Karacabey | N82: Sırabademler | O82: Sırabademler mahallesi ortaokul caddesi No:92/C Karacabey | P82: =VLOOKUP(A82,import!A:P,16,0) -> Geleneksel | R82: FALSE | S82: FALSE
A83: 6259a11661fda58bb63b028f | B83: Adıyamanlı Çiğ Köfteci Erkan Usta, Nilüfer (Ataevler M.Sedir S) | C83: =VLOOKUP(A83,import!A:C,3,false) -> DOĞRU | D83: Çiğ Köfte | E83: =VLOOKUP(A83,import!A:J,5,0) -> 13 | F83: =VLOOKUP(A83,import!A:J,6,0) -> 13 | G83: =VLOOKUP(A83,import!A:J,7,0) -> 0 | H83: =VLOOKUP(A83,import!A:J,8,0) -> 6 | I83: =VLOOKUP(A83,import!A:J,9,0) -> 6 | J83: =VLOOKUP(A83,import!A:J,10,0) -> 0 | K83: BURAK TOKUŞ | L83: 5312480037 | M83: Nilüfer | N83: Barış | O83: Komşupark Evleri, Ataevler mahallesi, Sedir Sk. No:11 / 20/B, 16140 Nilüfer/Bursa | P83: =VLOOKUP(A83,import!A:P,16,0) -> Geleneksel | R83: FALSE | S83: FALSE
A84: 601949c37d417606d23a5eab | B84: Adıyamanlı Çiğ Köfteci Erkan Usta, Nilüfer (Ataevler Mah.) | C84: =VLOOKUP(A84,import!A:C,3,false) -> DOĞRU | D84: Çiğ Köfte | E84: =VLOOKUP(A84,import!A:J,5,0) -> 143 | F84: =VLOOKUP(A84,import!A:J,6,0) | G84: =VLOOKUP(A84,import!A:J,7,0) -> 4 | H84: =VLOOKUP(A84,import!A:J,8,0) -> 5 | I84: =VLOOKUP(A84,import!A:J,9,0) -> 9 | J84: =VLOOKUP(A84,import!A:J,10,0) -> 0.44 | K84: Mübeççel Çaylan | L84: 5537339717 | M84: Nilüfer | N84: Ataevler | O84: Ataevler Mah. Fuzuli Cad. B Blok No: 2 B İç Kapı No: 36 Nilüfer / Bursa | P84: =VLOOKUP(A84,import!A:P,16,0) -> Geleneksel | Q84: 0-15 | R84: TRUE | S84: FALSE | T84: Randevu Alındı | U84: Mertcan | V84: Okan Yazıcı | X84: 44286 | Y84: 44286 | AP84: Zuhal Kocabıçak
A85: 607d5ae26af4c4624d827696 | B85: Adıyamanlı Çiğ Köfteci Erkan Usta, Nilüfer (Üçevler Mah.) | C85: =VLOOKUP(A85,import!A:C,3,false) -> DOĞRU | D85: Çiğ Köfte | E85: =VLOOKUP(A85,import!A:J,5,0) -> 448 | F85: =VLOOKUP(A85,import!A:J,6,0) | G85: =VLOOKUP(A85,import!A:J,7,0) -> 8 | H85: =VLOOKUP(A85,import!A:J,8,0) -> 3 | I85: =VLOOKUP(A85,import!A:J,9,0) -> 11 | J85: =VLOOKUP(A85,import!A:J,10,0) -> 0.73 | K85: SEFA CANSIZ | L85: 5342972159 | M85: Nilüfer | N85: Üçevler | O85: Üçevler Mah. Dörtler Sk no 4 | P85: =VLOOKUP(A85,import!A:P,16,0) -> Geleneksel | R85: FALSE | S85: FALSE | T85: Franchise | AP85: Zuhal Kocabıçak
A86: 618bb42cadfb066feb31fa49 | B86: Adıyamanlı Çiğ Köfteci Erkan Usta, Osmangazi (Hürriyet Mah.) | C86: =VLOOKUP(A86,import!A:C,3,false) -> DOĞRU | D86: Çiğ Köfte | E86: =VLOOKUP(A86,import!A:J,5,0) -> 19 | F86: =VLOOKUP(A86,import!A:J,6,0) | G86: =VLOOKUP(A86,import!A:J,7,0) -> 0 | H86: =VLOOKUP(A86,import!A:J,8,0) -> 5 | I86: =VLOOKUP(A86,import!A:J,9,0) -> 5 | J86: =VLOOKUP(A86,import!A:J,10,0) -> 0 | K86: SUAT GÜLERYÜZ | L86: 5359434906 | M86: Osmangazi | N86: Hürriyet | O86: Hürriyet Mah. Mihraplı Köprü Cad. No:12 B Osmangazi / Bursa | P86: =VLOOKUP(A86,import!A:P,16,0) -> Geleneksel | R86: TRUE | S86: FALSE | T86: Çekim İstemiyor | W86: çekim istemiyor | AA86: Görüşüldü | AB86: 44543 | AK86: Ferhat Köksal | AP86: Hakan Özler
A87: 61fc299240e4a67b297c2eb5 | B87: Adıyamanlı Çiğ Köfteci Erkan Usta, Osmangazi (İbrahim Paşa Mah.) | C87: =VLOOKUP(A87,import!A:C,3,false) -> DOĞRU | D87: Çiğ Köfte | E87: =VLOOKUP(A87,import!A:J,5,0) -> 2 | F87: =VLOOKUP(A87,import!A:J,6,0) | G87: =VLOOKUP(A87,import!A:J,7,0) -> 9 | H87: =VLOOKUP(A87,import!A:J,8,0) -> 7 | I87: =VLOOKUP(A87,import!A:J,9,0) -> 16 | J87: =VLOOKUP(A87,import!A:J,10,0) -> 0.56 | K87: SEVİM KARA | L87: 5374631950 | M87: Osmangazi | N87: Nalbantoğlu | O87: İBRAHİMPAŞA MAH. İBRAHİMPAŞA CAD. NİLÜFER APT. NO: 1 B OSMANGAZİ/ BURSA | P87: =VLOOKUP(A87,import!A:P,16,0) -> Geleneksel | R87: FALSE | S87: FALSE
A88: 61a6259e26645947a97e9570 | B88: Adıyamanlı Çiğ Köfteci Erkan Usta, Yıldırım (Hacıseyfettin Mh.) | C88: =VLOOKUP(A88,import!A:C,3,false) -> DOĞRU | D88: Çiğ Köfte | E88: =VLOOKUP(A88,import!A:J,5,0) -> 261 | F88: =VLOOKUP(A88,import!A:J,6,0) -> 62 | G88: =VLOOKUP(A88,import!A:J,7,0) -> 11 | H88: =VLOOKUP(A88,import!A:J,8,0) -> 12 | I88: =VLOOKUP(A88,import!A:J,9,0) -> 23 | J88: =VLOOKUP(A88,import!A:J,10,0) -> 0.48 | K88: MURAT KORKUT | L88: 5451631600 | M88: Yıldırım | N88: Yıldırım | O88: Hacıseyfettin Mah. Beyazıt Cad. No: 36 Yıldırım | P88: Geleneksel | R88: TRUE | S88: FALSE | T88: Randevu Alındı | U88: Ferhat Köksal | V88: Alper Gökdemir | W88: 2 gibi arayın şuan müsait değilim dedi | X88: 44550 | Y88: 44552 | AA88: Görüşüldü | AB88: 44550 | AK88: Ferhat Köksal | AP88: Zuhal Kocabıçak
A89: 62616ccbfdfe23539fdac932 | B89: Adıyamanlı Çiğ Köfteci Erkan Usta, Yıldırım (Yavuzselim Mh.) | C89: =VLOOKUP(A89,import!A:C,3,false) -> DOĞRU | D89: Çiğ Köfte | E89: =VLOOKUP(A89,import!A:J,5,0) -> 2 | F89: =VLOOKUP(A89,import!A:J,6,0) -> 2 | G89: =VLOOKUP(A89,import!A:J,7,0) -> 0 | H89: =VLOOKUP(A89,import!A:J,8,0) -> 23 | I89: =VLOOKUP(A89,import!A:J,9,0) -> 23 | J89: =VLOOKUP(A89,import!A:J,10,0) -> 0 | K89: ÖZGÜR KERÇİN | L89: 5353360460 | M89: Yıldırım | N89: Yavuzselım | O89: Yavuzselim Mah. Su Deposu Cad. No: 33 Yıldırım | P89: =VLOOKUP(A89,import!A:P,16,0) -> Geleneksel | R89: FALSE | S89: FALSE
A90: 60197cba3dd8badcec55e5d5 | B90: Adıyamanlı Çiğ Köfteci Erkan Usta, Yıldırım (Zümrütevler Mah.) | C90: =VLOOKUP(A90,import!A:C,3,false) -> DOĞRU | D90: Çiğ Köfte | E90: =VLOOKUP(A90,import!A:J,5,0) -> 196 | F90: =VLOOKUP(A90,import!A:J,6,0) -> 9 | G90: =VLOOKUP(A90,import!A:J,7,0) -> 6 | H90: =VLOOKUP(A90,import!A:J,8,0) -> 1 | I90: =VLOOKUP(A90,import!A:J,9,0) -> 7 | J90: =VLOOKUP(A90,import!A:J,10,0) -> 0.86 | K90: Suat Kaygın | L90: 5336403849 | M90: Yıldırım | N90: Zümrütevler | O90: Zümrütevler, Çiçek Cd. no 175, 16340 Yıldırım/Bursa | P90: =VLOOKUP(A90,import!A:P,16,0) -> Geleneksel | Q90: 0-15 | R90: FALSE | S90: FALSE | T90: Franchise | AP90: Furkan Çağdaş Kuloğlu
A91: 5fd79afc12cbf355e7e54aa0 | B91: Adıyamanlı Çiğ Köfteci Hasan Usta ( Gemlik Hamidiye Mah.) | C91: =VLOOKUP(A91,import!A:C,3,false) -> DOĞRU | D91: Çiğ Köfte | E91: =VLOOKUP(A91,import!A:J,5,0) -> 241 | F91: =VLOOKUP(A91,import!A:J,6,0) -> 3 | G91: =VLOOKUP(A91,import!A:J,7,0) -> 13 | H91: =VLOOKUP(A91,import!A:J,8,0) -> 5 | I91: =VLOOKUP(A91,import!A:J,9,0) -> 18 | J91: =VLOOKUP(A91,import!A:J,10,0) -> 0.72 | K91: Ramazan Yazar | L91: 2245132372 | M91: Gemlik | N91: Dr.ziya Kaya | O91: Dr. Ziya Kaya Mah. Orhangazi cad. küçük apt no 84 | P91: =VLOOKUP(A91,import!A:P,16,0) -> Geleneksel | Q91: 16-25 | R91: TRUE | S91: FALSE | T91: Randevu Alındı | U91: Ezgi Turan | V91: Alper Gökdemir | W91: KENDİ ÜRETİİMLERİMDE VAR İLERİKİ DÖNEMDE ÇEKİM YAPILMASINI İSTERİM DEDİ./Haftasonu aranacak | X91: 44454 | Y91: 44455 | AA91: Ulaşılamadı | AB91: 44414 | AC91: Yetkili Yok | AD91: 44419 | AE91: Ulaşılamadı | AF91: 44421 | AG91: Dönüş Yapacak | AH91: 44445 | AK91: Gül Değirmenci | AL91: Ezgi Turan | AM91: Deneme | AN91: Ezgi Turan | AP91: Furkan Çağdaş Kuloğlu
A92: 607600787b5fd6d03637cea2 | B92: Adıyamanlı Çiğ Köfteci Hasan Usta (Beyazıt Cad.) | C92: =VLOOKUP(A92,import!A:C,3,false) -> DOĞRU | D92: Çiğ Köfte | E92: =VLOOKUP(A92,import!A:J,5,0) -> 708 | F92: =VLOOKUP(A92,import!A:J,6,0) -> 1 | G92: =VLOOKUP(A92,import!A:J,7,0) -> 11 | H92: =VLOOKUP(A92,import!A:J,8,0) -> 5 | I92: =VLOOKUP(A92,import!A:J,9,0) -> 16 | J92: =VLOOKUP(A92,import!A:J,10,0) -> 0.69 | K92: Tarık Kartay | L92: 2243293434 | M92: Yıldırım | N92: Selimzade | O92: Selimzade Mah. Beyazıt Cad. Yunusemre Apt No: 18 B İç Kapı No: B 2 Yıldırım / Bursa | P92: =VLOOKUP(A92,import!A:P,16,0) -> Geleneksel | R92: TRUE | S92: FALSE | T92: Franchise | AP92: Zuhal Kocabıçak
A93: 5ff89103b765dd4e49b06c6e | B93: Adıyamanlı Çiğ Köfteci Hasan Usta (Dikkaldırım Mah.) | C93: =VLOOKUP(A93,import!A:C,3,false) -> DOĞRU | D93: Çiğ Köfte | E93: =VLOOKUP(A93,import!A:J,5,0) -> 1014 | F93: =VLOOKUP(A93,import!A:J,6,0) -> 13 | G93: =VLOOKUP(A93,import!A:J,7,0) -> 18 | H93: =VLOOKUP(A93,import!A:J,8,0) -> 13 | I93: =VLOOKUP(A93,import!A:J,9,0) -> 31 | J93: =VLOOKUP(A93,import!A:J,10,0) -> 0.58 | K93: Hilal Bayraktar | L93: 5384916151 | M93: Osmangazi | N93: Hüdavendigar | O93: Hüdavendigar Mah. Dikkaldırım Cad. Yılmaz Apt. No:47 / 1A Osmangazi / Bursa | P93: =VLOOKUP(A93,import!A:P,16,0) -> Geleneksel | Q93: 26-35 | R93: TRUE | S93: FALSE | T93: Franchise | W93: numara kullanılmıyor | AK93: Gül Değirmenci | AP93: Hakan Özler
A94: 6064880af10f9f1bc1e820b1 | B94: Adıyamanlı Çiğ Köfteci Hasan Usta (Prof. Tezok Cad.) | C94: =VLOOKUP(A94,import!A:C,3,false) -> DOĞRU | D94: Çiğ Köfte | E94: =VLOOKUP(A94,import!A:J,5,0) -> 297 | F94: =VLOOKUP(A94,import!A:J,6,0) | G94: =VLOOKUP(A94,import!A:J,7,0) -> 14 | H94: =VLOOKUP(A94,import!A:J,8,0) -> 12 | I94: =VLOOKUP(A94,import!A:J,9,0) -> 26 | J94: =VLOOKUP(A94,import!A:J,10,0) -> 0.54 | K94: Nurten Sağnıç Denlü | L94: 5525828934 | M94: Yıldırım | N94: 152evler | O94: 152 Evler Mah. Prof Tezok Cad. Dörtler Serhat A Blok No:42 C Yıldırım / Bursa | P94: =VLOOKUP(A94,import!A:P,16,0) -> Geleneksel | R94: TRUE | S94: FALSE | T94: Randevu Alındı | U94: Deneme | V94: Hamdi Can Hikmet | X94: 44428 | Y94: 44434 | AA94: Ulaşılamadı | AB94: 44350 | AC94: Görüşüldü | AD94: 44392 | AE94: Görüşüldü | AF94: 44428 | AK94: Gül Değirmenci | AL94: Derya Tatlı | AM94: Deneme | AP94: Furkan Çağdaş Kuloğlu
A95: 5fdb3a30fa501116174b2b9c | B95: Adıyamanlı Çiğ Köfteci Hasan Usta (Şehreküstü Mah.) | C95: =VLOOKUP(A95,import!A:C,3,false) -> DOĞRU | D95: Çiğ Köfte | E95: =VLOOKUP(A95,import!A:J,5,0) -> 273 | F95: =VLOOKUP(A95,import!A:J,6,0) | G95: =VLOOKUP(A95,import!A:J,7,0) -> 24 | H95: =VLOOKUP(A95,import!A:J,8,0) -> 3 | I95: =VLOOKUP(A95,import!A:J,9,0) -> 27 | J95: =VLOOKUP(A95,import!A:J,10,0) -> 0.89 | K95: Kadriye Çelik | L95: 2242210005 | M95: Osmangazi | N95: Reyhan | O95: Şehreküstü Mah. Durak Cad. No:6 D Osmangazi / Bursa | P95: =VLOOKUP(A95,import!A:P,16,0) -> Geleneksel | Q95: 16-25 | R95: TRUE | S95: FALSE | T95: Randevu Alındı | U95: Gül Değirmenci | V95: Alper Gökdemir | X95: 44365 | Y95: 44371 | AA95: Görüşüldü | AB95: 44365 | AP95: Zuhal Kocabıçak
A96: 6090135d969d3a9a603e75ba | B96: Adıyamanlı Çiğ Köfteci Hasan Usta Yıldırım (Teferrüç Mah.) | C96: =VLOOKUP(A96,import!A:C,3,false) -> DOĞRU | D96: Çiğ Köfte | E96: =VLOOKUP(A96,import!A:J,5,0) -> 1071 | F96: =VLOOKUP(A96,import!A:J,6,0) -> 13 | G96: =VLOOKUP(A96,import!A:J,7,0) -> 15 | H96: =VLOOKUP(A96,import!A:J,8,0) -> 14 | I96: =VLOOKUP(A96,import!A:J,9,0) -> 29 | J96: =VLOOKUP(A96,import!A:J,10,0) -> 0.52 | K96: Mustafa Topsakal | L96: 5454630768 | M96: Yıldırım | N96: Teferrüç | O96: Teferrüç Mahallesi 2 Menekşe Caddesi no 1 | P96: =VLOOKUP(A96,import!A:P,16,0) -> Geleneksel | R96: TRUE | S96: FALSE | T96: Franchise | W96: DİĞER ŞUBELERDEN ÇEKİLEN FOTOĞRAFLAR KULLANILSIN | AK96: Tutku Erdoğan | AO96: Sude Alkan | AP96: Furkan Çağdaş Kuloğlu
A97: 608dea7752c2ad16bcb159c2 | B97: Adıyamanlı Çiğ Köfteci Hasan Usta, Demirtaş | C97: =VLOOKUP(A97,import!A:C,3,false) -> DOĞRU | D97: Çiğ Köfte | E97: =VLOOKUP(A97,import!A:J,5,0) -> 1381 | F97: =VLOOKUP(A97,import!A:J,6,0) -> 69 | G97: =VLOOKUP(A97,import!A:J,7,0) -> 18 | H97: =VLOOKUP(A97,import!A:J,8,0) -> 17 | I97: =VLOOKUP(A97,import!A:J,9,0) -> 35 | J97: =VLOOKUP(A97,import!A:J,10,0) -> 0.51 | K97: Murat Dumlupınar | L97: 5315215957 | M97: Osmangazi | N97: Demirtaş Cumhuriyet | O97: Demirtaş Cumhuriyet Mah. Çevre Yolu Cad. No:95-97 İç Kapı No: 1 Osmangazi / Bursa | P97: =VLOOKUP(A97,import!A:P,16,0) -> Geleneksel | R97: TRUE | S97: FALSE | T97: Ulaşılamadı | W97: numara kullanılmıyor numara değil - numara internette yok | AA97: Ulaşılamadı | AB97: 44386 | AC97: Ulaşılamadı | AD97: 44428 | AE97: Ulaşılamadı | AF97: 44433 | AL97: Deneme | AP97: Hakan Özler
A98: 60a4d83baa74f75988f8d2c0 | B98: Adıyamanlı Çiğ Köfteci Hasan Usta, Demirtaş (Dumlupınar Mah.) | C98: =VLOOKUP(A98,import!A:C,3,false) -> DOĞRU | D98: Çiğ Köfte | E98: =VLOOKUP(A98,import!A:J,5,0) -> 728 | F98: =VLOOKUP(A98,import!A:J,6,0) -> 51 | G98: =VLOOKUP(A98,import!A:J,7,0) -> 7 | H98: =VLOOKUP(A98,import!A:J,8,0) -> 10 | I98: =VLOOKUP(A98,import!A:J,9,0) -> 17 | J98: =VLOOKUP(A98,import!A:J,10,0) -> 0.41 | K98: Gökhan Ateşharman | L98: 5510231551 | M98: Osmangazi | N98: Demirtaş Dumlupınar | O98: Demirtaş Dumlupınar Mah. 47.Cad No:2 A Osmangazi / Bursa | P98: =VLOOKUP(A98,import!A:P,16,0) -> Geleneksel | R98: TRUE | S98: FALSE | T98: Franchise | W98: DİĞER ÇEKİLEN RESİMLER KULLANILABİLRİZ | AP98: Hakan Özler
A99: 626937bfaaf71c1120929cb3 | B99: Adıyamanlı Çiğ Köfteci Hasan Usta, Gürsu (Kurtuluş Mah.) | C99: =VLOOKUP(A99,import!A:C,3,false) -> DOĞRU | D99: Çiğ Köfte | E99: =VLOOKUP(A99,import!A:J,5,0) | F99: =VLOOKUP(A99,import!A:J,6,0) | G99: =VLOOKUP(A99,import!A:J,7,0) -> 0 | H99: =VLOOKUP(A99,import!A:J,8,0) -> 33 | I99: =VLOOKUP(A99,import!A:J,9,0) -> 33 | J99: =VLOOKUP(A99,import!A:J,10,0) -> 0 | K99: OSMAN YAĞIZ | L99: 5421711671 | M99: Gürsu | N99: Zafer | O99: ZAFER MAH. ZAFER CAD. NO: 45 B- İÇ KAPI NO: - GÜRSU/ BURSA | P99: =VLOOKUP(A99,import!A:P,16,0) -> Geleneksel | R99: TRUE | S99: FALSE | T99: Randevu Alındı | U99: Hatem Soyaslan | W99: 5388671135 | X99: 44699 | Y99: 44700 | AA99: Görüşüldü | AB99: 44699
A100: 607ee157e8f1af2d30ef7451 | B100: Adıyamanlı Çiğ Köfteci Hasan Usta, Gürsu (Yenidoğan Mah.) | C100: =VLOOKUP(A100,import!A:C,3,false) -> DOĞRU | D100: Çiğ Köfte | E100: =VLOOKUP(A100,import!A:J,5,0) -> 547 | F100: =VLOOKUP(A100,import!A:J,6,0) -> 6 | G100: =VLOOKUP(A100,import!A:J,7,0) -> 17 | H100: =VLOOKUP(A100,import!A:J,8,0) -> 10 | I100: =VLOOKUP(A100,import!A:J,9,0) -> 27 | J100: =VLOOKUP(A100,import!A:J,10,0) -> 0.63 | K100: Bahri Zencirkıran | L100: 5366991634 | M100: Gürsu | N100: Yenidoğan | O100: Yenidoğan Mah. Ramiz Yiğit Cad. No:117 /A Gürsu / Bursa | P100: =VLOOKUP(A100,import!A:P,16,0) -> Geleneksel | R100: TRUE | S100: FALSE | T100: Başka Şubeden Çekilecek | W100: DİĞER ÇEKİLEN RESİMLER KULLANILABİLRİZ | AP100: Zuhal Kocabıçak
...

Sheet Geleneksel Zincir
A1: Restaurant ID | B1: G/Key
A2: 5e42bcad21681f73277de18d | B2: Geleneksel
A3: 5f29442d27ec987405facadc | B3: Geleneksel
A4: 5f75f18e137b77b369284b20 | B4: Geleneksel
A5: 5fff61e335e580873f459b0d | B5: Geleneksel
A6: 5f29ae6e7ff0a337ab2ef12c | B6: Geleneksel
A7: 5f9bf9345a3727fc4bef1d96 | B7: Key Account
A8: 5fac9888f1d8540ff7e94ea4 | B8: Geleneksel
A9: 5fad8f102048d250a2a0a990 | B9: Geleneksel
A10: 5de68bec178a640b7145ef9e | B10: Geleneksel
A11: 5f990ca8016ad282e607df5a | B11: Geleneksel
A12: 5c56a2bc9f3d2620d4e42f94 | B12: Geleneksel
... A27060: 6089529b0c8d630422d48008 | B27060: Geleneksel
A27061: 6089526c3a5c1faf3acd6609 | B27061: #N/A
A27062: 6089515bed7a3e745073f5ac | B27062: Geleneksel
A27063: 60894e914589d3085c99cacf | B27063: Key Account
A27064: 60894ab44589d3087799c995 | B27064: Key Account
A27065: 608947ac2590ce2e57238ee5 | B27065: Key Account
A27066: 608946992590cef651238edb | B27066: Geleneksel
A27067: 6089468286ba16ef858de303 | B27067: Geleneksel
A27068: 608943ff588eb021484b8452 | B27068: Geleneksel
A27069: 6089432cf372e1d61025277e | B27069: Key Account
A27070: 60893f7f77461c7e52f08b4e | B27070: Key Account
A27071: 60893f2a588eb0bcb84b83fe | B27071: Geleneksel
A27072: 60893ebf94bee037a9836af4 | B27072: Geleneksel
A27073: 60893bc12d44eb4c328a417f | B27073: Geleneksel
... A43330: 5c5459989f3d26761ae3b456 | B43330: SİLİNDİ

Sheet import
A1: Restaurant ID | B1: Restoran Adı | C1: IsActive | D1: Mutfak | E1: TOPLAM SİPARİŞ | F1: SON 2 HAFTA | G1: RESİMLİ ÜRÜN | H1: RESİMSİZ ÜRÜN | I1: TOPLAM ÜRÜN | J1: Ratio | K1: Yetkili | L1: Telefon | M1: İLÇE | N1: MAHALLE | O1: ADRES | P1: Geleneksel Zincir | Q1: Eklendi mi
A2: 5f29abbc3fdebeba45b35296 | B2: Mis Döner (Dikkaldırım) | C2: DOĞRU | D2: Döner | E2: 17836 | F2: 365 | G2: 35 | H2: 35 | I2: 70 | J2: 0.5 | K2: Mustafa Aksoy | L2: 2242380282 | M2: Osmangazi | N2: Dikkaldırım | O2: Dikkaldırım, Herkül Sk. 1/A, 16090 Osmangazi/Bursa | P2: Geleneksel | Q2: =COUNTIF('Hedef Liste'!$A:$A,A2) -> 1
A3: 5f33c84bc159868b8b919721 | B3: Gel Tat Pide Sarayı, İnegöl (Kemal Paşa Mah.) | C3: DOĞRU | D3: Pide | E3: 1102 | F3: 19 | G3: 14 | H3: 8 | I3: 22 | J3: 0.64 | K3: Mehmet Bingöl | L3: 2247770656 | M3: İnegöl | N3: Uludağ Üniversitesi İnegöl Yerleşkesi | O3: Kemalpaşa, Mahmut Esat Bey Cd. No:261, 16400 İnegöl/Bursa | P3: Geleneksel | Q3: =COUNTIF('Hedef Liste'!$A:$A,A3) -> 1
A4: 5f33d277b61d53824a6d788c | B4: Yasa Cafe & Restaurant (Üçevler Mah.) | C4: DOĞRU | D4: Sokak Lezzetleri | E4: 1292 | F4: 15 | G4: 87 | H4: 22 | I4: 109 | J4: 0.8 | K4: Mehmet Ferhan Dal | L4: 2242320333 | M4: Nilüfer | N4: Üçevler | O4: Üçevler, Nilüfer Cd. No:29, 16120 Nilüfer/Bursa | P4: Geleneksel | Q4: =COUNTIF('Hedef Liste'!$A:$A,A4) -> 1
A5: 5f33e70730bf636aaf2c96e4 | B5: Big Mamma's (Ahmet Yesevi Mah.) | C5: DOĞRU | D5: Dünya Mutfağı | E5: 911 | F5: 37 | G5: 0 | H5: 99 | I5: 99 | J5: 0 | K5: Raif Yılmaz | L5: 2242448414 | M5: Nilüfer | N5: Ahmet Yesevi | O5: Ahmetyesevi Mah., Hürriyet Cad. Flora Rezidans Evleri No:21, 16140 Nilüfer/Bursa | P5: Geleneksel | Q5: =COUNTIF('Hedef Liste'!$A:$A,A5) -> 1
A6: 5f33f13c6b1e0f5516f3a80a | B6: Konya Tandır & Etli Ekmek, Osmangazi (Panayır Mah.) | C6: DOĞRU | D6: Sokak Lezzetleri | E6: 2535 | F6: 72 | G6: 20 | H6: 17 | I6: 37 | J6: 0.54 | K6: ARİF USLU | L6: 5510119000 | M6: Osmangazi | N6: Panayır | O6: Panayır, 3. Pınar Cd. no:194/A, 16600 Osmangazi/Bursa | P6: Geleneksel | Q6: =COUNTIF('Hedef Liste'!$A:$A,A6) -> 1
A7: 5f33f2cb759ccb1f3a4fbfbf | B7: Türk Sofrası Beyran & Kebap, Osmangazi (Soğanlı Mah.) | C7: DOĞRU | D7: Kebap | E7: 13104 | F7: 304 | G7: 45 | H7: 24 | I7: 69 | J7: 0.65 | K7: Hamit Türk | L7: 2242340027 | M7: Osmangazi | N7: Altınova | O7: Soğanlı, Soğanlı Blv. No:30, 16190 Osmangazi/Bursa | P7: Geleneksel | Q7: =COUNTIF('Hedef Liste'!$A:$A,A7) -> 1
A8: 5f34136af16ee24bc29e89f6 | B8: İllede Tantuni, Gemlik (Hamidiye Mah.) | C8: DOĞRU | D8: Sokak Lezzetleri | E8: 2024 | F8: 73 | G8: 19 | H8: 34 | I8: 53 | J8: 0.36 | K8: Gülfer Turan | L8: 2245122155 | M8: Gemlik | N8: Balıkpazarı | O8: Balıkpazarı, Sefa Sk. No:1, 16600 Gemlik/Bursa | P8: Geleneksel | Q8: =COUNTIF('Hedef Liste'!$A:$A,A8) -> 1
A9: 5f3525910274b85bbc5c9499 | B9: Demir Amca, Nilüfer (Görükle Mah.) | C9: DOĞRU | D9: Döner | E9: 4525 | G9: 0 | H9: 32 | I9: 32 | J9: 0 | K9: Tamer Esigül | L9: 2244836600 | M9: Nilüfer | N9: Dumlupınar | O9: Dumlupınar, Gelibolu Cd. Birlik Apt D:no:8/B, 16285 Nilüfer/Bursa | P9: Geleneksel | Q9: =COUNTIF('Hedef Liste'!$A:$A,A9) -> 1
A10: 5f356353c1827876608d31e3 | B10: Kaşık Kaşık Ev Yemekleri & Pide (Görükle Mah.) | C10: DOĞRU | D10: Ev Yemekleri | E10: 5989 | F10: 290 | G10: 28 | H10: 45 | I10: 73 | J10: 0.38 | K10: Emre Alkış | L10: 2244836662 | M10: Nilüfer | N10: Görükle | O10: Görükle, Atatürk Cd. No:101, 16220 Nilüfer/Bursa | P10: Geleneksel | Q10: =COUNTIF('Hedef Liste'!$A:$A,A10) -> 1
A11: 5f2bea2c6207d21afba4051b | B11: Gıt Gıt Piliç (Çekirge Mah.) | C11: YANLIŞ | D11: Tavuk | E11: 1168 | G11: 15 | H11: 2 | I11: 17 | J11: 0.88 | K11: Ayhan Bal | L11: 2242330022 | M11: Osmangazi | N11: Çekirge | O11: Çekirge, Çekirge Cd. No:195/A, 16000 Osmangazi/Bursa | P11: Geleneksel | Q11: =COUNTIF('Hedef Liste'!$A:$A,A11) -> 1
A12: 5f363e910274b875b25c9e6a | B12: Beyzade Kebap (Konak Mah.) | C12: DOĞRU | D12: Pide | E12: 4218 | F12: 132 | G12: 25 | H12: 27 | I12: 52 | J12: 0.48 | K12: Cemal Çelik | L12: 2244518381 | M12: Nilüfer | N12: Konak | O12: Konak Mahallesi, Beşevler Cad, Alıcı Sitesi 75/A, 16110 Nilüfer | P12: Geleneksel | Q12: =COUNTIF('Hedef Liste'!$A:$A,A12) -> 1
A13: 5f363f4f64610e6375605aaa | B13: Güler Pide & Kebap (Çamlıca Mah.) | C13: DOĞRU | D13: Kebap | E13: 3166 | F13: 57 | G13: 20 | H13: 15 | I13: 35 | J13: 0.57 | K13: Feyzinur Dinç | L13: 2244511103 | M13: Nilüfer | N13: Çamlıca | O13: Çamlıca, Kavakdere Cd. No:152, 16110 Nilüfer/Bursa | P13: Geleneksel | Q13: =COUNTIF('Hedef Liste'!$A:$A,A13) -> 1
A14: 5f364322da66dcf75ed6fa17 | B14: Maviş Döner (Ertuğrul Mah.) | C14: DOĞRU | D14: Döner | E14: 1049 | F14: 27 | G14: 8 | H14: 25 | I14: 33 | J14: 0.24 | K14: Dilek Konak | L14: 5315104612 | M14: Nilüfer | N14: Ertuğrul | O14: Ertuğrul, Elmas Sk. No:37 D:1A, 16120 Nilüfer/Bursa | P14: Geleneksel | Q14: =COUNTIF('Hedef Liste'!$A:$A,A14) -> 1
A15: 5f36459686f7db3bf9f8f783 | B15: Kelebek Izgara (Fethiye Mah.) | C15: DOĞRU | D15: Tavuk | E15: 842 | F15: 9 | G15: 17 | H15: 10 | I15: 27 | J15: 0.63 | K15: Serhan Kelebekler | L15: 2242420272 | M15: Nilüfer | N15: Fethiye | O15: Fethiye, Top Sahası Cd. 6/B, 16140 Nilüfer/Bursa | P15: Geleneksel | Q15: =COUNTIF('Hedef Liste'!$A:$A,A15) -> 1
A16: 5f364665a886cd8bd548f5d7 | B16: Ababe Uygar Cafe, Nilüfer (Görükle Mah.) | C16: DOĞRU | D16: Tost & Sandviç | E16: 2067 | F16: 90 | G16: 5 | H16: 42 | I16: 47 | J16: 0.11 | K16: Erkut Kocabaş | L16: 5076451405 | M16: Nilüfer | N16: Dumlupınar | O16: Dumlupınar, Pamukkale Cd. No:27 D:B, 16285 Nilüfer/Bursa | P16: Geleneksel | Q16: =COUNTIF('Hedef Liste'!$A:$A,A16) -> 1
A17: 5f3647a7d64681800afebdf8 | B17: Doyum Ev Yemekleri & Kahvaltı, Nilüfer (Görükle Mah.) | C17: DOĞRU | D17: Ev Yemekleri | E17: 1463 | F17: 45 | G17: 8 | H17: 21 | I17: 29 | J17: 0.28 | K17: Yüksel Bütün | L17: 5322081634 | M17: Nilüfer | N17: Dumlupınar | O17: Dumlupınar, Cevizlik Cd., 16285 Nilüfer/Bursa | P17: Geleneksel | Q17: =COUNTIF('Hedef Liste'!$A:$A,A17) -> 1
A18: 5f3655dcf41354fdb64f34ec | B18: Öz Urfa Altıngül Kebap & Pide (Ulu Mah.) | C18: DOĞRU | D18: Kebap | E18: 5577 | F18: 136 | G18: 46 | H18: 20 | I18: 66 | J18: 0.7 | K18: Hasan Güzel | L18: 2242510202 | M18: Osmangazi | N18: Ulu | O18: Ulu, Kıbrıs Şehitleri Cd. No:79 D:44, 16220 Osmangazi/Bursa | P18: Geleneksel | Q18: =COUNTIF('Hedef Liste'!$A:$A,A18) -> 1
A19: 5f36705e7bcccf3ebed975cd | B19: Ağa Dürüm (Esenevler Mah.) | C19: DOĞRU | D19: Kebap | E19: 1760 | F19: 44 | G19: 0 | H19: 16 | I19: 16 | J19: 0 | K19: Ağa Kaçar | L19: 2243421240 | M19: Yıldırım | N19: Esenevler | O19: Esenevler, Erikli Cd. No:67, 16300 Yıldırım/Bursa | P19: Geleneksel | Q19: =COUNTIF('Hedef Liste'!$A:$A,A19) -> 1
A20: 5f367a690274b83dd15ca324 | B20: Pesto Makarna, Nilüfer (Görükle Mah.) | C20: DOĞRU | D20: Mantı | E20: 1314 | F20: 31 | G20: 23 | H20: 12 | I20: 35 | J20: 0.66 | K20: Egemen Kalelioğlu | L20: 5327021093 | M20: Nilüfer | N20: Dumlupınar | O20: Dumlupınar, Doluca Sk. No:2, 16285 Nilüfer/Bursa | P20: Geleneksel | Q20: =COUNTIF('Hedef Liste'!$A:$A,A20) -> 1
A21: 5f331a0a456a2699c5cf7696 | B21: İncirli Tostçusu, (İhsaniye Mah.) | C21: DOĞRU | D21: Tost & Sandviç | E21: 905 | F21: 80 | G21: 0 | H21: 46 | I21: 46 | J21: 0 | K21: Yaşar Gedikli | L21: 5536660016 | M21: Nilüfer | N21: İhsaniye | O21: İhsaniye Mah. Tuna Cad. Uğurkent Apt. A Blok No:125/1C Nilüfer Bursa | P21: Geleneksel | Q21: =COUNTIF('Hedef Liste'!$A:$A,A21) -> 1
A22: 5f35454d02e0080ccb8fd4e8 | B22: Arsamiea Çiğ Köfte, Nilüfer (Görükle Mah.) | C22: DOĞRU | D22: Sokak Lezzetleri | E22: 3154 | F22: 55 | G22: 10 | H22: 12 | I22: 22 | J22: 0.45 | K22: ASADULLAH RAHMANI | L22: 5078230818 | M22: Nilüfer | N22: Dumlupınar | O22: Dumlupınar mah. Gülveren cad. A blok No:3 A/A Nilüfer/BURSA | P22: Geleneksel | Q22: =COUNTIF('Hedef Liste'!$A:$A,A22) -> 1
A23: 5f33b3071f35d301c156d256 | B23: Lezzet Dürümcüsü (FSM Bulvarı) | C23: DOĞRU | D23: Kebap | E23: 4129 | F23: 225 | G23: 0 | H23: 66 | I23: 66 | J23: 0 | K23: Bedri Özdemir | L23: 2242450089 | M23: Osmangazi | N23: Bağlarbaşı | O23: Esentepe, Fsm Bulvarı, Esentepe Kavşağı 227/D, 16130 Nilüfer/Bursa | P23: Geleneksel | Q23: =COUNTIF('Hedef Liste'!$A:$A,A23) -> 1
... A33: 5f34104bc58bef77bb118692 | B33: Ala İskender, Gemlik (Hamidiye Mah.) | C33: DOĞRU | D33: Döner | E33: 2960 | F33: 77 | G33: 33 | H33: 6 | I33: 39 | J33: 0.85 | K33: Mehmet Ferit Çelik | L33: 5067772758 | M33: Gemlik | N33: Hamidiye | O33: Hamidiye, İstiklal Cd. No:12, 16600 Gemlik/Bursa | P33: Geleneksel | Q33: =COUNTIF('Hedef Liste'!$A:$A,A33) -> 1
A34: 5f34111f987696e1048f6a49 | B34: Kardelen Etli Ekmek, Gemlik (Hamidiye Mah.) | C34: YANLIŞ | D34: Pide | E34: 339 | G34: 7 | H34: 4 | I34: 11 | J34: 0.64 | K34: Mülazım Rama | L34: 2245121100 | M34: Gemlik | N34: Dr.ziya Kaya | O34: Hamidiye, Orhangazi Cd. No:75, 16600 Gemlik/Bursa | P34: Geleneksel | Q34: =COUNTIF('Hedef Liste'!$A:$A,A34) -> 1
A35: 5f34f5bd5e18f6d8f23e52c2 | B35: Aktif Kumru, Nilüfer (Beşevler Mah.) | C35: DOĞRU | D35: Sokak Lezzetleri | E35: 3489 | F35: 101 | G35: 4 | H35: 1 | I35: 5 | J35: 0.8 | K35: Fadime Aras Turgut | L35: 2244510042 | M35: Nilüfer | N35: Beşevler | O35: Yıldırım Caddesi Beşevler Mahallesi 161A, Nilufer/Bursa | P35: Geleneksel | Q35: =COUNTIF('Hedef Liste'!$A:$A,A35) -> 1
A36: 5f363dce5e18f66f053e6206 | B36: Pide Store (Konak Mah.) | C36: DOĞRU | D36: Pide | E36: 3624 | F36: 122 | G36: 0 | H36: 46 | I36: 46 | J36: 0 | K36: Gülçin Cengizhan | L36: 2244514060 | M36: Nilüfer | N36: Konak | O36: Konak, Konak Cd. No:7, 16110 Nilüfer/Bursa | P36: Geleneksel | Q36: =COUNTIF('Hedef Liste'!$A:$A,A36) -> 1
A37: 5f3646b764610ea11d605c2b | B37: Tostçu İlker (Selamet Mah.) | C37: DOĞRU | D37: Tost & Sandviç | E37: 3045 | F37: 116 | G37: 27 | H37: 5 | I37: 32 | J37: 0.84 | K37: Serpil Şen | L37: 2242562359 | M37: Osmangazi | N37: Selamet | O37: Selamet, Zekibey Sk. No:24, 16240 Osmangazi/Bursa | P37: Geleneksel | Q37: =COUNTIF('Hedef Liste'!$A:$A,A37) -> 1
A38: 5f364a11c18278ab7b8d3c65 | B38: Raşit Usta Etli Ekmek & Pide (19 Mayıs Mah.) | C38: DOĞRU | D38: Pide | E38: 2000 | F38: 58 | G38: 33 | H38: 24 | I38: 57 | J38: 0.58 | K38: Mehmet Bozbaş | L38: 5378812335 | M38: Nilüfer | N38: 44700 | O38: Özlüce, Side Cd. No:2, 16120 Nilüfer/Bursa | P38: Geleneksel | Q38: =COUNTIF('Hedef Liste'!$A:$A,A38) -> 1
A39: 5f366db34589dfec564a9a7a | B39: Dönerci Murat Paket Büfe (Beşevler Mah.) | C39: DOĞRU | D39: Döner | E39: 10523 | F39: 448 | G39: 34 | H39: 37 | I39: 71 | J39: 0.48 | K39: Songül Han | L39: 2244511632 | M39: Nilüfer | N39: Beşevler | O39: Beşevler, Bilginler Cd. No:10, 16110 Nilüfer/Bursa | P39: Geleneksel | Q39: =COUNTIF('Hedef Liste'!$A:$A,A39) -> 1
A40: 5f3681be82cfcf554f526711 | B40: İsos Döner, Osmangazi (Dikkaldırım Mah.) | C40: DOĞRU | D40: Döner | E40: 14931 | F40: 554 | G40: 12 | H40: 7 | I40: 19 | J40: 0.63 | K40: Hacer Tutkun | L40: 2242331033 | M40: Osmangazi | N40: Dikkaldırım | O40: Hüdavendigar, Dikkaldırım Cd. 71/A, 16090 Osmangazi/Bursa | P40: Geleneksel | Q40: =COUNTIF('Hedef Liste'!$A:$A,A40) -> 1
A41: 5f333cefabcd6ae24be1561e | B41: Atmaca'a Aperarif (Aktarhüssam Mah.) | C41: DOĞRU | D41: Kahvaltı | E41: 1573 | F41: 31 | G41: 20 | H41: 19 | I41: 39 | J41: 0.51 | K41: Orhan Atmaca | L41: 2242251256 | M41: Osmangazi | N41: Aktarhüssam | O41: Şehreküstü Mahallesi Şehreküstü Caddesi 15-1 16050 Osmangazi/Bursa Türkiye | P41: Geleneksel | Q41: =COUNTIF('Hedef Liste'!$A:$A,A41) -> 1
A42: 5f330e97d60227fcc5d3256a | B42: Kelebek Pastanesi, Nilüfer (Görükle Mah.) | C42: DOĞRU | D42: Kahvaltı | E42: 4102 | F42: 346 | G42: 15 | H42: 2 | I42: 17 | J42: 0.88 | K42: Nigar Sabir | L42: 5366077750 | M42: Nilüfer | N42: Görükle | O42: Görükle, Bahriye Üçok Cd., 16285 Nilüfer/Bursa | P42: Geleneksel | Q42: =COUNTIF('Hedef Liste'!$A:$A,A42) -> 1
A43: 5f3310a8d602277241d3257e | B43: Strong Burger, Nilüfer (Görükle Mah.) | C43: DOĞRU | D43: Burger | E43: 9367 | F43: 284 | G43: 17 | H43: 22 | I43: 39 | J43: 0.44 | K43: MUHAMMED FURKAN KELEŞ | L43: 2244800088 | M43: Nilüfer | N43: Dumlupınar | O43: Dumlupınar mahallesi selanik caddesi no:6 görükle, 1, 16285 Bursa | P43: Geleneksel | Q43: =COUNTIF('Hedef Liste'!$A:$A,A43) -> 1
A44: 5f33b8876b1e0f42e1f39bf7 | B44: Can Pide (Gürsu) | C44: DOĞRU | D44: Pide | E44: 5801 | F44: 92 | G44: 0 | H44: 20 | I44: 20 | J44: 0 | K44: Ali Yılmaz | L44: 2243711340 | M44: Gürsu | N44: Zafer | O44: Zafer Mah. Atatürk Cad. 22/A Gürsu, Bursa | P44: Geleneksel | Q44: =COUNTIF('Hedef Liste'!$A:$A,A44) -> 1
A45: 5f33d6cf089c64743b779dfe | B45: Yetad Pide (Ahmetvefikpaşa Mah.) | C45: DOĞRU | D45: Pide | E45: 2244 | G45: 0 | H45: 24 | I45: 24 | J45: 0 | K45: Yakup Han | L45: 2243728100 | M45: Kestel | N45: Ahmetvefikpaşa | O45: Ahmet Vefik Paşa, Bursa Cd. No:45 D:B, 16450 Kestel/Bursa | P45: Geleneksel | Q45: =COUNTIF('Hedef Liste'!$A:$A,A45) -> 1
A46: 5f33d943e99eb6a9711c0f22 | B46: Kayhan Pideli Köfte & Cantık (Beşevler Mah.) | C46: DOĞRU | D46: Pide | E46: 3787 | F46: 59 | G46: 8 | H46: 26 | I46: 34 | J46: 0.24 | K46: İsmail Topaloğlu | L46: 2244518471 | M46: Nilüfer | N46: Beşevler | O46: Konak, Yıldırım Cd., 16110 Nilüfer/Bursa | P46: Geleneksel | Q46: =COUNTIF('Hedef Liste'!$A:$A,A46) -> 1
A47: 5f340cdead55164706586156 | B47: Dürümce 01 Ciğer & Kebap, Gemlik (Hamidiye Mah.) | C47: YANLIŞ | D47: Kebap | E47: 761 | G47: 0 | H47: 24 | I47: 24 | J47: 0 | K47: Saadet Malbora | L47: 2245136363 | M47: Gemlik | N47: Hamidiye | O47: Hamidiye, Kumsal Sk. no 11a, 16600 Gemlik/Bursa | P47: Geleneksel | Q47: =COUNTIF('Hedef Liste'!$A:$A,A47) -> 1
A48: 5f34565fbdf9f831e7223706 | B48: Şanlı 63 Kebap & Pide & Lahmacun, Nilüfer (Beşevler Mah.) | C48: DOĞRU | D48: Kebap | E48: 1741 | F48: 79 | G48: 15 | H48: 17 | I48: 32 | J48: 0.47 | K48: Mehmet Çiftçi | L48: 2244530563 | M48: Nilüfer | N48: Beşevler | O48: Beşevler Cd. No 152, 16140 Nilüfer/Bursa | P48: Geleneksel | Q48: =COUNTIF('Hedef Liste'!$A:$A,A48) -> 1
A49: 5f33d6fa03a8183101924b13 | B49: Beef Burger (İhsaniye Mah.) | C49: DOĞRU | D49: Burger | E49: 3563 | F49: 28 | G49: 0 | H49: 94 | I49: 94 | J49: 0 | K49: Özge Dündar | L49: 5331668655 | M49: Nilüfer | N49: İhsaniye | O49: İhsaniye Mah., Barbaros Cad., No:16, Nilüfer, Bursa, | P49: Geleneksel | Q49: =COUNTIF('Hedef Liste'!$A:$A,A49) -> 1
A50: 5f332fce03a818ecd1924037 | B50: Tostum (Kükürtlü Mah.) | C50: DOĞRU | D50: Tost & Sandviç | E50: 2976 | F50: 21 | G50: 23 | H50: 36 | I50: 59 | J50: 0.39 | K50: Jale Pelin Kelle | L50: 2242346640 | M50: Osmangazi | N50: Kükürtlü | O50: Kükürtlü, Belde Cd. Nergis Apt. 2/A, 16040 Osmangazi/Bursa | P50: Geleneksel | Q50: =COUNTIF('Hedef Liste'!$A:$A,A50) -> 1
A51: 5f3642f882cfcf0c7a526261 | B51: Acıktık Tantuni, Nilüfer (Görükle Mah.) | C51: DOĞRU | D51: Sokak Lezzetleri | E51: 3830 | F51: 7 | G51: 1 | H51: 6 | I51: 7 | J51: 0.14 | K51: DOĞAN YAZICI | L51: 5377096638 | M51: Nilüfer | N51: Dumlupınar | O51: Dumlupınar, Pamukkale Cd. No:27, 16285, 16285 Nilüfer/Bursa | P51: Geleneksel | Q51: =COUNTIF('Hedef Liste'!$A:$A,A51) -> 1
A52: 5f34f69df7ff4235052a74e6 | B52: Gurme Mutfak, Nilüfer (Ertuğrulkent Mah.) | C52: DOĞRU | D52: Ev Yemekleri | E52: 35 | G52: 0 | H52: 61 | I52: 61 | J52: 0 | K52: Murat Furat | L52: 2244134949 | M52: Nilüfer | N52: Ertuğrul | O52: Ertuğrul, Ahmet Taner Kışlalı Bulvarı, 163 Sok. No:26 D:B Blok, 16120 Nilüfer/Bursa | P52: Geleneksel | Q52: =COUNTIF('Hedef Liste'!$A:$A,A52) -> 1
A53: 5f34f9bbf7ff4230ac2a7538 | B53: Burger House Handmade, Nilüfer (Fethiye Mah.) | C53: DOĞRU | D53: Burger | E53: 1366 | F53: 42 | G53: 37 | H53: 23 | I53: 60 | J53: 0.62 | K53: Ömer Faruk Yeğen | L53: 2242429888 | M53: Nilüfer | N53: Fethiye | O53: Fethiye, Fatih Sultan Mehmet Blv. No:153, 16140 Nilüfer/Bursa | P53: Geleneksel | Q53: =COUNTIF('Hedef Liste'!$A:$A,A53) -> 1
A54: 5f36316e82cfcf5ecf526065 | B54: Bol Burger, Yıldırım (Millet Mah.) | C54: DOĞRU | D54: Burger | E54: 1666 | F54: 41 | G54: 17 | H54: 9 | I54: 26 | J54: 0.65 | K54: Barış Ünsal | L54: 2245030496 | M54: Yıldırım | N54: Millet | O54: Millet, Gardenya Sokak, Derya Cd., 16270 Yıldırım | P54: Geleneksel | Q54: =COUNTIF('Hedef Liste'!$A:$A,A54) -> 1
A55: 5f3630c902e0087dfd8fdc3c | B55: Taşkın Fırın, Yıldırım (Millet Mah.) | C55: DOĞRU | D55: Pasta & Tatlı | E55: 1759 | F55: 49 | G55: 14 | H55: 18 | I55: 32 | J55: 0.44 | K55: Uğur İlyas Taşkın | L55: 5541812116 | M55: Yıldırım | N55: Millet | O55: Millet, Derya Cd. no 71/1, 16230 Yıldırım/Bursa | P55: Geleneksel | Q55: =COUNTIF('Hedef Liste'!$A:$A,A55) -> 1
A56: 5f33ba55c1fe82fd74b0037a | B56: Diloş Döner (Heykel) | C56: DOĞRU | D56: Döner | E56: 1847 | F56: 119 | G56: 5 | H56: 7 | I56: 12 | J56: 0.42 | K56: Hatice Çakır | L56: 2242247979 | M56: Osmangazi | N56: Orhanbey | O56: Orhanbey, Albay Bekir Sami Cd., 16010 Osmangazi/Bursa | P56: Geleneksel | Q56: =COUNTIF('Hedef Liste'!$A:$A,A56) -> 1
A57: 5f33d3ee1f35d3326056d78d | B57: Piliçmatik (Özlüce Mah.) | C57: DOĞRU | D57: Tavuk | E57: 2640 | F57: 84 | G57: 0 | H57: 97 | I57: 97 | J57: 0 | K57: Mehmet Kalyon | L57: 2244135535 | M57: Nilüfer | N57: 44863 | O57: 29 Ekim, Tuna Herta Sitesi 85/A-13 Muammer Aksoy Cad. , Özlüce, 16120 Nilüfer | P57: Geleneksel | Q57: =COUNTIF('Hedef Liste'!$A:$A,A57) -> 1
A58: 5f33d5f34c2c77a39037b6f4 | B58: Özbil Döner (Ahmetvefikpaşa Mah.) | C58: DOĞRU | D58: Döner | E58: 2536 | F58: 44 | G58: 5 | H58: 3 | I58: 8 | J58: 0.63 | K58: Mustafa Emre Sağsöz | L58: 5423721062 | M58: Kestel | N58: Ahmetvefikpaşa | O58: Avp Mah, Ortaokul Cd. D:No 8/A, 16450 Kestel/Bursa | P58: Geleneksel | Q58: =COUNTIF('Hedef Liste'!$A:$A,A58) -> 1
A59: 5f33d4da6b1e0fa315f3a14d | B59: Mak Mak Makarna & Kumpir & Waffle (Dumlupınar Mah.) | C59: DOĞRU | D59: Pasta & Tatlı | E59: 6688 | F59: 236 | G59: 16 | H59: 9 | I59: 25 | J59: 0.64 | K59: Tamer Tecimoğlu | L59: 2249993909 | M59: Nilüfer | N59: Dumlupınar | O59: Adres: Görükle Mah. Gizem Cad. No:21 Nilüfer, Bursa | P59: Geleneksel | Q59: =COUNTIF('Hedef Liste'!$A:$A,A59) -> 1
A60: 5f33d5aa9876961be68f5c32 | B60: Bi Dünya Tavuk (Dumlupınar Mah.) | C60: DOĞRU | D60: Tavuk | E60: 4670 | F60: 215 | G60: 17 | H60: 20 | I60: 37 | J60: 0.46 | K60: Erbay Kaya | L60: 5355024060 | M60: Nilüfer | N60: Dumlupınar | O60: Dumlupınar Mah., Pamukkale Cad. & Yonca 500 Sok. No:34, 16785 Görükle/Nilüfer/Bursa | P60: Geleneksel | Q60: =COUNTIF('Hedef Liste'!$A:$A,A60) -> 1
A61: 5f33d61d73c35d5033e6fbd5 | B61: Kumrucu Hilmi (Görükle Mah.) | C61: DOĞRU | D61: Sokak Lezzetleri | E61: 2694 | F61: 90 | G61: 0 | H61: 14 | I61: 14 | J61: 0 | K61: HİLMİ GENÇTÜRK | L61: 5414832535 | M61: Nilüfer | N61: Görükle | O61: Sakarya Mahallesi, Atatürk Cd. Yerleşim Plaza No:42, 16110 Nilüfer/Bursa | P61: Geleneksel | Q61: =COUNTIF('Hedef Liste'!$A:$A,A61) -> 1
A62: 5f33dad7fd2b28ad04ab371b | B62: Kumpirci Teyze & Waffle (Altıparmak Mah.) | C62: DOĞRU | D62: Sokak Lezzetleri | E62: 3815 | F62: 73 | G62: 13 | H62: 24 | I62: 37 | J62: 0.35 | K62: Ömer Arslan | L62: 2242200818 | M62: Osmangazi | N62: Muradiye | O62: Kuruçeşme Mah , Altıparmak Cd. 9-3 | P62: Geleneksel | Q62: =COUNTIF('Hedef Liste'!$A:$A,A62) -> 1
A63: 5f33e2a413c9aefa0b2465a7 | B63: Bondi Pizza, Nilüfer (23 Nisan Mah.) | C63: DOĞRU | D63: Pizza | E63: 2085 | F63: 32 | G63: 0 | H63: 67 | I63: 67 | J63: 0 | K63: Burak Sandıkçı | L63: 5524431653 | M63: Nilüfer | N63: 44674 | O63: 23 Nisan, Mithatpaşa Cd. 17 c/b D:18, 16140 Nilüfer/Bursa | P63: Geleneksel | Q63: =COUNTIF('Hedef Liste'!$A:$A,A63) -> 1
A64: 5f33d6ac13c9ae370a245201 | B64: Ekmekarası Cheese & Steak (Dumlupınar Mah.) | C64: DOĞRU | D64: Steak | E64: 3928 | F64: 187 | G64: 16 | H64: 18 | I64: 34 | J64: 0.47 | K64: Erbay Kaya | L64: 5355024060 | M64: Nilüfer | N64: Dumlupınar | O64: Dumlupınar, Atatürk Blv. No:3/13, 16285 Nilüfer/Bursa | P64: Geleneksel | Q64: =COUNTIF('Hedef Liste'!$A:$A,A64) -> 1
A65: 5f33e30ac159864222919ab8 | B65: Saraoğlu Pide & Kebap & Lahmacun, Osmangazi (Demirtaş Mah.) | C65: DOĞRU | D65: Pide | E65: 1598 | F65: 88 | G65: 15 | H65: 12 | I65: 27 | J65: 0.56 | K65: Feyyaz Ay | L65: 2242626071 | M65: Osmangazi | N65: Demirtaş Barbaros | O65: Demirtaş Barbaros, Panayır Cd. No:9 D:No:9, 16245 Osmangazi/Bursa | P65: Geleneksel | Q65: =COUNTIF('Hedef Liste'!$A:$A,A65) -> 1
A66: 5f33e0d8b61d53fbf36d7b52 | B66: Kayhan Pideli Köfte, Ataevler (Magazin) | C66: DOĞRU | D66: Köfte | E66: 1687 | F66: 56 | G66: 13 | H66: 23 | I66: 36 | J66: 0.36 | K66: Yağız Altınlı | L66: 2244411970 | M66: Nilüfer | N66: Ataevler | O66: Ataevler, Yılmaz Akkılıç Cd. Magazin Avm, 16140 Nilüfer/Bursa | P66: Geleneksel | Q66: =COUNTIF('Hedef Liste'!$A:$A,A66) -> 1
A67: 5f33e443595eb844d3ebd6e4 | B67: Meşhur Adıyaman Çiğ Köftecisi Orhan, Osmangazi (Dikkaldırım) | C67: DOĞRU | D67: Sokak Lezzetleri | E67: 811 | F67: 37 | G67: 9 | H67: 12 | I67: 21 | J67: 0.43 | K67: Safa Arıkan | L67: 2242383804 | M67: Osmangazi | N67: Hüdavendigar | O67: Hüdavendigar, Dikkaldırım Cd. No:57 D:c, 16090 Osmangazi/Bursa | P67: Geleneksel | Q67: =COUNTIF('Hedef Liste'!$A:$A,A67) -> 1
A68: 5f33e401b61d5341fe6d7c01 | B68: Yaylam Pide & Kebap, İnegöl (Turgutalp Mah.) | C68: DOĞRU | D68: Pide | E68: 1775 | F68: 25 | G68: 14 | H68: 8 | I68: 22 | J68: 0.64 | K68: Yahya Ütri | L68: 2247770025 | M68: İnegöl | N68: Kemalpaşa | O68: Turgutalp, Mahmut Esat Bey Cd. No 178, 16400 İnegöl/Bursa | P68: Geleneksel | Q68: =COUNTIF('Hedef Liste'!$A:$A,A68) -> 1
A69: 5f33e5ecbc33c92f52addf07 | B69: Agola Pizza, Osmangazi (Doğanbey Mah.) | C69: DOĞRU | D69: Pizza | E69: 1562 | F69: 54 | G69: 29 | H69: 29 | I69: 58 | J69: 0.5 | K69: Zeki Kars | L69: 5325929017 | M69: Osmangazi | N69: Aktarhüssam | O69: Doğanbey mahallesi Doğanbey sokak Berk İş Hanı 1/A No:3, 16020 Osmangazi/Bursa | P69: Geleneksel | Q69: =COUNTIF('Hedef Liste'!$A:$A,A69) -> 0
A70: 5f33e5d3fb453f34b15c4f38 | B70: Beef Burger (Kükürtlü Mah.) | C70: DOĞRU | D70: Burger | E70: 3571 | F70: 64 | G70: 0 | H70: 93 | I70: 93 | J70: 0 | K70: Özge Dündar | L70: 5331668655 | M70: Osmangazi | N70: Kükürtlü | O70: Kükürtlü, Kükürtlü Cd. 63/B, 16080 Osmangazi/Bursa | P70: Geleneksel | Q70: =COUNTIF('Hedef Liste'!$A:$A,A70) -> 1
A71: 5f33e98abdf9f889b3222d90 | B71: Ceylan Fırın Osmangazi (Geçit Mah.) | C71: DOĞRU | D71: Lahmacun | E71: 1786 | G71: 0 | H71: 36 | I71: 36 | J71: 0 | K71: EMİR AHMET CEYLAN | L71: 5161605010 | M71: Nilüfer | N71: Ahmet Yesevi | O71: Geçit, Sanayi Cd. No:772, 16265 Osmangazi/Bursa | P71: Geleneksel | Q71: =COUNTIF('Hedef Liste'!$A:$A,A71) -> 1
A72: 5f3409b503a81825e692536c | B72: Gemlik Mert Balık, Gemlik (Hamidiye Mah.) | C72: DOĞRU | D72: Deniz Ürünleri | E72: 677 | F72: 10 | G72: 0 | H72: 30 | I72: 30 | J72: 0 | K72: Ebutalip Çelik | L72: 5435147172 | M72: Gemlik | N72: Hamidiye | O72: Hamidiye, Kumsal Sk. no:3a, 16600 Gemlik/Bursa | P72: Geleneksel | Q72: =COUNTIF('Hedef Liste'!$A:$A,A72) -> 1
A73: 5f340cf6590da37e2a61abb7 | B73: Ayaküstü Unlu Mamüller (Görükle Mah.) | C73: DOĞRU | D73: Tost & Sandviç | E73: 3919 | F73: 132 | G73: 69 | H73: 14 | I73: 83 | J73: 0.83 | K73: Yakup Yazman | L73: 5334563978 | M73: Nilüfer | N73: Görükle | O73: Görükle, 16285 Nilüfer/Bursa | P73: Geleneksel | Q73: =COUNTIF('Hedef Liste'!$A:$A,A73) -> 1
A74: 5f3561637199f879fe901207 | B74: Adana Sofrası (Dumlupınar Mah.) | C74: DOĞRU | D74: Kebap | E74: 13229 | F74: 567 | G74: 20 | H74: 5 | I74: 25 | J74: 0.8 | K74: Leyla Aydın | L74: 2244835641 | M74: Nilüfer | N74: Dumlupınar | O74: Görükle Dumlupınar Mahallesi, Atatürk Cd., 16285 Nilüfer/Bursa | P74: Geleneksel | Q74: =COUNTIF('Hedef Liste'!$A:$A,A74) -> 1
A75: 5f356216bee28716b7544376 | B75: Çınar Pideli Köfte (Dumlupınar Mah.) | C75: DOĞRU | D75: Döner | E75: 12816 | F75: 369 | G75: 16 | H75: 14 | I75: 30 | J75: 0.53 | K75: Cem Yılmazlar | L75: 2244837473 | M75: Nilüfer | N75: Dumlupınar | O75: Dumlupınar, Atatürk Cd. No:96, 16285 Nilüfer/Bursa | P75: Geleneksel | Q75: =COUNTIF('Hedef Liste'!$A:$A,A75) -> 1
A76: 5f29af5d1853c06655ee265d | B76: Cajun Corner (Görükle Mah.) | C76: DOĞRU | D76: Tavuk | E76: 30011 | F76: 810 | G76: 18 | H76: 45 | I76: 63 | J76: 0.29 | K76: İBRAHİM ÇOLAK | L76: 2242241155 | M76: Nilüfer | N76: Görükle | O76: Görükle, Kamelya Cd. No:13, 16285 Nilüfer/Bursa | P76: Geleneksel | Q76: =COUNTIF('Hedef Liste'!$A:$A,A76) -> 1
A77: 5f363dfcc93ea01b6f259103 | B77: Köz Dürümhane, Osmangazi (Demirtaş Mah.) | C77: DOĞRU | D77: Kebap | E77: 769 | G77: 0 | H77: 39 | I77: 39 | J77: 0 | K77: Mustafa Burak İmrekoğlu | L77: 5422017731 | M77: Osmangazi | N77: Demirtaş Dumlupınar | O77: Demirtaş Dumlupınar, Mah Demirtaş, Sanayi Sk. No:27/1 | P77: Geleneksel | Q77: =COUNTIF('Hedef Liste'!$A:$A,A77) -> 1
A78: 5f3643ee02e00881658fe226 | B78: Özgün Döner & Izgara (Esentepe Mah.) | C78: DOĞRU | D78: Döner | E78: 765 | F78: 19 | G78: 0 | H78: 81 | I78: 81 | J78: 0 | K78: Adem Kıcalı | L78: 2242457873 | M78: Nilüfer | N78: Esentepe | O78: Esentepe, Okul Cd. 15/A, 16130 Nilüfer/Bursa | P78: Geleneksel | Q78: =COUNTIF('Hedef Liste'!$A:$A,A78) -> 1
A79: 5f3643b27bcccf0e14d9730d | B79: Mariza (29 Ekim Mah.) | C79: DOĞRU | D79: Tost & Sandviç | E79: 1785 | F79: 20 | G79: 9 | H79: 37 | I79: 46 | J79: 0.2 | K79: Nursema Doğan | L79: 2242251225 | M79: Nilüfer | N79: 44863 | O79: Ertuğrul, Ahmet Taner Kışlalı Blv. No:25, 16120 Nilüfer/Bursa | P79: Geleneksel | Q79: =COUNTIF('Hedef Liste'!$A:$A,A79) -> 1
A80: 5f364f89f86cbfa82a10f51f | B80: Kumpirci Teyze & Waffle (Yüzüncüyıl Mah.) | C80: DOĞRU | D80: Sokak Lezzetleri | E80: 2824 | F80: 110 | G80: 5 | H80: 13 | I80: 18 | J80: 0.28 | K80: Pelin Arslan | L80: 5537783993 | M80: Nilüfer | N80: Yüzüncüyıl | O80: Yüzüncü Yıl Mahallesi, Barış Cd. No:58, 16120 Nilüfer/Bursa | P80: Geleneksel | Q80: =COUNTIF('Hedef Liste'!$A:$A,A80) -> 1
A81: 5f45422ce52a8c1653ce91dc | B81: Tosthane, Yıldırım (Selçukbey Mah.) | C81: DOĞRU | D81: Tost & Sandviç | E81: 1099 | F81: 17 | G81: 22 | H81: 21 | I81: 43 | J81: 0.51 | K81: Ali Doğancı | L81: 5439302222 | M81: Yıldırım | N81: Ertuğrulgazi | O81: Selçukbey, Selçuk Bey Cd. No:83, 16310 Yıldırım/Bursa | P81: Geleneksel | Q81: =COUNTIF('Hedef Liste'!$A:$A,A81) -> 1
A82: 5f3674e8e6330216e2805713 | B82: Little Caesars, Osmangazi (Yunuseli Mah.) | C82: DOĞRU | D82: Pizza | E82: 6740 | F82: 331 | G82: 55 | H82: 1 | I82: 56 | J82: 0.98 | K82: Aykut Kızılay | L82: 2249091516 | M82: Osmangazi | N82: Güneştepe | O82: Güneştepe Mh.9.Cd. 6/D Apt.N:6/B Osmangazi / Bursa | P82: Key | Q82: =COUNTIF('Hedef Liste'!$A:$A,A82) -> 0
A83: 5f34fbcfc93ea05ea0257c39 | B83: Heeyy Tost'um, Nilüfer (FSM Bulvarı) | C83: DOĞRU | D83: Tost & Sandviç | E83: 1299 | F83: 42 | G83: 0 | H83: 146 | I83: 146 | J83: 0 | K83: Sinan Atalay | L83: 2242414404 | M83: Nilüfer | N83: Fethiye | O83: Fethiye, Derya Sk. No:12, 16140 Nilüfer/Bursa | P83: Geleneksel | Q83: =COUNTIF('Hedef Liste'!$A:$A,A83) -> 1
A84: 5f3633f74589dfceeb4a9678 | B84: Gülen Pizza, Yıldırım (Erikli Mah.) | C84: DOĞRU | D84: Pizza | E84: 1828 | F84: 128 | G84: 68 | H84: 3 | I84: 71 | J84: 0.96 | K84: Süphi Gülen | L84: 2243415151 | M84: Yıldırım | N84: Erikli | O84: Erikli, Ezine Sk. No:5, 16300 Yıldırım/Bursa | P84: Geleneksel | Q84: =COUNTIF('Hedef Liste'!$A:$A,A84) -> 1
A85: 5f36690c64610ed541605e31 | B85: Bursa Pidecizade, Osmangazi (Yunuseli Mah.) | C85: DOĞRU | D85: Pide | E85: 4336 | F85: 92 | G85: 9 | H85: 21 | I85: 30 | J85: 0.3 | K85: Murat Barut | L85: 5432463367 | M85: Osmangazi | N85: Yunuseli | O85: Yunuseli, fuat kuşçuoğlu cadddesi no154, 16180, 16200 Osmangazi/Bursa | P85: Geleneksel | Q85: =COUNTIF('Hedef Liste'!$A:$A,A85) -> 1
A86: 5f81a5cae6660d9ea1331903 | B86: Komagene Etsiz Çiğ Köfte, Yıldırım (Yeşilyayla Mah.) | C86: DOĞRU | D86: Çiğ Köfte | E86: 1819 | F86: 128 | G86: 83 | H86: 2 | I86: 85 | J86: 0.98 | K86: Esra Gonca Parlar | L86: 2243600160 | M86: Yıldırım | N86: Eğitim | O86: EĞİTİM MH. TEYYARECİ MEHMET ALİ CD. NO: 291 / A | P86: Key | Q86: =COUNTIF('Hedef Liste'!$A:$A,A86) -> 0
A87: 5f33af60939628157db6a134 | B87: Turan Dede Döner (Bağlarbaşı Mah.) | C87: DOĞRU | D87: Döner | E87: 552 | F87: 1 | G87: 8 | H87: 10 | I87: 18 | J87: 0.44 | K87: Ayşe Gül Dede | L87: 2242470919 | M87: Osmangazi | N87: Bağlarbaşı | O87: Bağlarbaşı Mah. 1. İhsaniye Cad. No:2 C Blok 2 Osmangazi / BURSA | P87: Geleneksel | Q87: =COUNTIF('Hedef Liste'!$A:$A,A87) -> 1
A88: 5f33e0abad551647cd5858c5 | B88: Lezzet Çukuru, Osmangazi (Çiftehavuzlar Mah.) | C88: DOĞRU | D88: Sokak Lezzetleri | E88: 1751 | F88: 1 | G88: 35 | H88: 7 | I88: 42 | J88: 0.83 | K88: Ferhat Olduk | L88: 5339295990 | M88: Osmangazi | N88: Fatih | O88: Çiftehavuzlar, 4. İnci Sk. no:88/a, 16200 Osmangazi/Bursa | P88: Geleneksel | Q88: =COUNTIF('Hedef Liste'!$A:$A,A88) -> 1
A89: 5f33e9ee987696d37b8f606a | B89: May Döner, Osmangazi (Güneştepe Mah.) | C89: DOĞRU | D89: Döner | E89: 1369 | G89: 9 | H89: 4 | I89: 13 | J89: 0.69 | K89: Erbay Dağıstanlı | L89: 5495540016 | M89: Osmangazi | N89: Güneştepe | O89: 2. Meşe Cd. No:48 Güneştepe, 16170 Osmangazi/Bursa | P89: Geleneksel | Q89: =COUNTIF('Hedef Liste'!$A:$A,A89) -> 1
A90: 5f33eda0f598aa10f1303174 | B90: Güney Tantuni, Nilüfer (FSM Bulvarı) | C90: DOĞRU | D90: Sokak Lezzetleri | E90: 4704 | F90: 217 | G90: 10 | H90: 18 | I90: 28 | J90: 0.36 | K90: TOLGA IŞIKGEL | L90: 2242450555 | M90: Nilüfer | N90: Cumhuriyet | O90: İhsaniye, Fatih Sultan Mehmet Blv. No:42, 16130 Nilüfer/Bursa | P90: Geleneksel | Q90: =COUNTIF('Hedef Liste'!$A:$A,A90) -> 1
A91: 5f33ee80fb6dd96a28dd4f8d | B91: Yeşil Pideli Köfte, Osmangazi (Kayhan Mah.) | C91: DOĞRU | D91: Köfte | E91: 2479 | F91: 53 | G91: 9 | H91: 3 | I91: 12 | J91: 0.75 | K91: Mahir Sünneli | L91: 2242228444 | M91: Osmangazi | N91: Kayıhan | O91: Kayhan, Kayhan Çarşısı No 43, 16230 Osmangazi/Bursa | P91: Geleneksel | Q91: =COUNTIF('Hedef Liste'!$A:$A,A91) -> 1
A92: 5f340b8ac1fe82ce12b013c1 | B92: Güven Piliç & Izgara (Görükle Mah.) | C92: DOĞRU | D92: Tavuk | E92: 944 | F92: 25 | G92: 0 | H92: 11 | I92: 11 | J92: 0 | K92: Ahmet Güven | L92: 2244832432 | M92: Nilüfer | N92: Görükle | O92: Dumlupınar, Atatürk Cd. Görükle, 16285 Nilüfer/Bursa | P92: Geleneksel | Q92: =COUNTIF('Hedef Liste'!$A:$A,A92) -> 1
A93: 5f351fd2bee2878e2a543d9b | B93: Abla Eli Tost & Kumru, Nilüfer (Görükle Mah.) | C93: YANLIŞ | D93: Tost & Sandviç | E93: 7081 | G93: 2 | H93: 7 | I93: 9 | J93: 0.22 | K93: Elşan Sungur | L93: 5382731062 | M93: Nilüfer | N93: Görükle | O93: Görükle, As acar sitesi, Bahriye Üçok Cd. 37 /A, 16285 Nilüfer/Bursa | P93: Geleneksel | Q93: =COUNTIF('Hedef Liste'!$A:$A,A93) -> 1
A94: 5f89a9ae850bab879e34e64e | B94: Komagene Etsiz Çiğ Köfte, İhsaniye (Okul Cad.) | C94: DOĞRU | D94: Çiğ Köfte | E94: 2342 | F94: 63 | G94: 66 | H94: 4 | I94: 70 | J94: 0.94 | K94: Esra Gonca Parlar | L94: 2242452030 | M94: Nilüfer | N94: İhsaniye | O94: İHSANİYE MH. OKUL CD. NO:73/D | P94: Key | Q94: =COUNTIF('Hedef Liste'!$A:$A,A94) -> 0
A95: 5f89a7aff3a261efa316de9f | B95: Komagene Etsiz Çiğ Köfte, Üçevler | C95: DOĞRU | D95: Çiğ Köfte | E95: 3208 | F95: 73 | G95: 61 | H95: 6 | I95: 67 | J95: 0.91 | K95: Esra Gonca Parlar | L95: 5447441963 | M95: Nilüfer | N95: Üçevler | O95: ÜÇEVLER MH. KEVSER SK. NO:5/C | P95: Key | Q95: =COUNTIF('Hedef Liste'!$A:$A,A95) -> 0
A96: 5f8ac5130fbb74945de4bbf7 | B96: Komagene Etsiz Çiğ Köfte, 29 Ekim | C96: YANLIŞ | D96: Çiğ Köfte | G96: 121 | H96: 4 | I96: 125 | J96: 0.97 | K96: Esra Gonca Parlar | L96: 2244138006 | M96: Nilüfer | N96: Özlüce | O96: 29 EKİM MH. ABDİ İPEKCİ CD. NO:33/D DÜKKAN 14 | P96: Key | Q96: =COUNTIF('Hedef Liste'!$A:$A,A96) -> 0
A97: 5f8adb3e5e5acb7501c97686 | B97: Komagene Etsiz Çiğ Köfte, Nilüfer (Karaman Mah.) | C97: YANLIŞ | D97: Çiğ Köfte | G97: 48 | H97: 3 | I97: 51 | J97: 0.94 | K97: Esra Gonca Parlar | L97: 5412211630 | M97: Nilüfer | N97: Karaman | O97: KARAMAN MH. KEMER CD. NO:8/B | P97: Key | Q97: =COUNTIF('Hedef Liste'!$A:$A,A97) -> 0
A98: 5f364752c93ea046d6259366 | B98: Zilong Asian Bistro, Nilüfer (Görükle Mah.) | C98: DOĞRU | D98: Uzak Doğu | E98: 1425 | F98: 49 | G98: 25 | H98: 18 | I98: 43 | J98: 0.58 | K98: Kemal Akarpınar | L98: 5346580356 | M98: Nilüfer | N98: Dumlupınar | O98: Dumlupınar, Doluca Sk. No:7, 16285 Nilüfer/Bursa | P98: Geleneksel | Q98: =COUNTIF('Hedef Liste'!$A:$A,A98) -> 1
A99: 5f81aab16324f5a42d7efe4b | B99: Komagene Etsiz Çiğ Köfte, Yıldırım (Namazgah Mah.) | C99: DOĞRU | D99: Çiğ Köfte | E99: 531 | F99: 39 | G99: 90 | H99: 8 | I99: 98 | J99: 0.92 | K99: Esra Gonca Parlar | L99: 5322961299 | M99: Yıldırım | N99: Yenımahalle | O99: NAMAZGAH MAH. IŞIKLAR CAD. NO:13/A | P99: Key | Q99: =COUNTIF('Hedef Liste'!$A:$A,A99) -> 0
A100: 5f89af8c6fd4bf31e0929205 | B100: Komagene Etsiz Çiğ Köfte, Görükle (Dumlupınar Mah.) | C100: DOĞRU | D100: Çiğ Köfte | E100: 3565 | F100: 283 | G100: 60 | H100: 5 | I100: 65 | J100: 0.92 | K100: Esra Gonca Parlar | L100: 2244835073 | M100: Nilüfer | N100: Dumlupınar | O100: DUMLUPINAR MH. BARIŞ SK. ORUÇ APT. NO:16 | P100: Key | Q100: =COUNTIF('Hedef Liste'!$A:$A,A100) -> 0
A101: 5f8aba8fbdf28739048e597b | B101: Komagene Etsiz Çiğ Köfte, Nilüfer (Konak Mah.) | C101: DOĞRU | D101: Çiğ Köfte | E101: 4752 | F101: 303 | G101: 82 | H101: 8 | I101: 90 | J101: 0.91 | K101: Esra Gonca Parlar | L101: 2244528686 | M101: Nilüfer | N101: Konak | O101: KONAK MH. YILDIRIM CD. NO:21 | P101: Key | Q101: =COUNTIF('Hedef Liste'!$A:$A,A101) -> 0
A102: 5f8ac92c1e80133f39ddcccf | B102: Komagene Etsiz Çiğ Köfte, Nilüfer (Beşevler Mah.) | C102: DOĞRU | D102: Çiğ Köfte | E102: 1476 | F102: 114 | G102: 72 | H102: 6 | I102: 78 | J102: 0.92 | K102: Esra Gonca Parlar | L102: 2244433454 | M102: Nilüfer | N102: Beşevler | O102: BEŞEVLER MH. BEŞEVLER CD. İLTUĞ APT. NO:191-A | P102: Key | Q102: =COUNTIF('Hedef Liste'!$A:$A,A102) -> 0
A103: 5f8ac7220c45f116b45a27f2 | B103: Komagene Etsiz Çiğ Köfte, Nilüfer (Balat Mah.) | C103: YANLIŞ | D103: Çiğ Köfte | E103: 5 | G103: 67 | H103: 4 | I103: 71 | J103: 0.94 | K103: Esra Gonca Parlar | L103: 5462751616 | M103: Nilüfer | N103: Balat | O103: BALAT MAH. SIHHIYE CAD. NO:10 D 18 BB | P103: Key | Q103: =COUNTIF('Hedef Liste'!$A:$A,A103) -> 0
A104: 5f89b3a2b4b2c7ef164f5ffd | B104: Komagene Etsiz Çiğ Köfte, İnegöl (Yeniceköy Mah.) | C104: DOĞRU | D104: Çiğ Köfte | E104: 137 | F104: 2 | G104: 67 | H104: 4 | I104: 71 | J104: 0.94 | K104: Esra Gonca Parlar | L104: 5372199260 | M104: İnegöl | N104: Yeniceköy | O104: YENİCEKÖY MH. MECİT ALTAN CD. NO: 4/A | P104: Key | Q104: =COUNTIF('Hedef Liste'!$A:$A,A104) -> 0
A105: 5f3682fccd664a4e536adc06 | B105: Bulut Cafe, Nilüfer (Görükle Mah.) | C105: DOĞRU | D105: Tavuk | E105: 4138 | F105: 114 | G105: 5 | H105: 6 | I105: 11 | J105: 0.45 | K105: Oğuzhan Eken | L105: 2249993937 | M105: Nilüfer | N105: Görükle | O105: Universite Cad. No:15/B Görükle Nilüfer/BURSA | P105: Geleneksel | Q105: =COUNTIF('Hedef Liste'!$A:$A,A105) -> 1
A106: 5f33e4cce99eb678ed1c10ad | B106: Çınar Pide & Kebap & Lahmacun, Osmangazi (Dikkaldırım Mah.) | C106: DOĞRU | D106: Kebap | E106: 3486 | F106: 55 | G106: 0 | H106: 36 | I106: 36 | J106: 0 | K106: Müslüm Deliktaş | L106: 2242399900 | M106: Osmangazi | N106: Dikkaldırım | O106: Dikkaldırım Mah., Osmangazi, Bursa, Türkiye, | P106: Geleneksel | Q106: =COUNTIF('Hedef Liste'!$A:$A,A106) -> 1
A107: 5f33e9009396283093b6acee | B107: Ekmek Aşı, Osmangazi (Geçit Mah.) | C107: YANLIŞ | D107: Tavuk | E107: 72 | G107: 0 | H107: 33 | I107: 33 | J107: 0 | K107: Emine ÇAkın | L107: 2242447181 | M107: Osmangazi | N107: Geçit | O107: Geçit, 16265 Osmangazi/Bursa | P107: Geleneksel | Q107: =COUNTIF('Hedef Liste'!$A:$A,A107) -> 1
A108: 5f33ef6a10f1726c0df328af | B108: Öz Urfa Pide & Lahmacun (Beşevler Mah.) | C108: DOĞRU | D108: Pide | E108: 1261 | F108: 29 | G108: 0 | H108: 53 | I108: 53 | J108: 0 | K108: İbrahim Güneşoğlu | L108: 2244416302 | M108: Nilüfer | N108: Beşevler | O108: Beşevler, Beşevler Cd. No:228, 16110 Nilüfer/Bursa | P108: Geleneksel | Q108: =COUNTIF('Hedef Liste'!$A:$A,A108) -> 1
A109: 5f33f06ed6022785bad33be2 | B109: Gıt Gıt Piliç (Konak Mah.) | C109: DOĞRU | D109: Tavuk | E109: 2302 | F109: 51 | G109: 15 | H109: 34 | I109: 49 | J109: 0.31 | K109: GÜLNUR AKYÜZ | L109: 2242452222 | M109: Nilüfer | N109: Konak | O109: Beşevler, Yıldırım Cad. No:34, 16110 Nilüfer/Bursa | P109: Geleneksel | Q109: =COUNTIF('Hedef Liste'!$A:$A,A109) -> 1
...

Sheet Durum Parametreler
J1: Arama Durum
C2: Başka Şubeden Çekilecek | F2: Okan Yazıcı | H2: Mertcan | J2: Ulaşılamadı
C3: BlackList | F3: Salih Kolcu | H3: Enes | J3: Yetkiliyle Görüşüldü
A4: 44197 | C4: Çekim İstemiyor | F4: Ahmet Durmaz | H4: Ezgi Turan | J4: Yetkili yok
A5: 44198 | C5: Devir | F5: Alper Gökdemir | H5: Hatem Soyaslan | J5: Numara yanlış
A6: 44199 | C6: Dönüş Yapacak | H6: Zeliha Özer | J6: Yoğun - Tekrar Ara
A7: 44200 | C7: Franchise | H7: Emre Dalgıç
A8: 44201 | C8: İleride Randevu Alınacak | F8: Ayşegül Kır | H8: Gül Değirmenci
A9: 44202 | C9: Lokasyon Uzak | F9: Betül Demir | H9: Yurdagül Kulaksız
A10: 44203 | C10: Haziran'da Aranacak | F10: Hatem Soyaslan | H10: Ayfer Altın
A11: 44204 | C11: Menü Güncellemesi Yapılacak | F11: Selcan Topçu | H11: Ayşegül Kır
A12: 44205 | C12: Personel Eksik | F12: Sude Alkan | H12: Damla Kılcı
A13: 44206 | C13: Randevu Alındı | F13: Yurdagül Kulaksız | H13: Özlem arslan
A14: 44207 | C14: Randevu İptal | F14: Zeliha Özer | H14: Beyza gülşah
A15: 44208 | C15: Restoran Silindi | F15: Ferhat Köksal | H15: Özlem gümüş
A16: 44209 | C16: Sistemden Çıkmak İstiyor | F16: Enes Günal | H16: Tuğba Buyur
A17: 44210 | C17: Tadilat Var | H17: Kadriye Polat
A18: 44211 | C18: Ulaşılamadı | H18: Şükriye Demir
A19: 44212 | C19: Yılbaşından Sonra Aranacak | H19: Ece Bayındır
A20: 44213 | H20: Senanur Çınar
A21: 44214 | H21: Şura Özcan
A22: 44215 | C22: Dönüş Yapacak | H22: Funda Ünlü
A23: 44216 | C23: Görüşüldü | H23: Sıla Göksunaz Esen
A24: 44217 | C24: Tekrar Aranacak | H24: Emel Yılmaz
A25: 44218 | C25: Ulaşılamadı | H25: Ecem Ersöz
A26: 44219 | C26: Yetkili Yok | H26: Livanur Elibol
A27: 44220 | H27: Eda Cıbır
A28: 44221 | C28: Hemen Randevu İstiyorum | H28: Meryem Yalabık
A29: 44222 | C29: Fotoğraflarım Var | H29: Serenay Yalabık
A30: 44223 | C30: İleride Randevu İstiyorum | H30: Nazlıcan Dinçer
A31: 44224
A32: 44225 | C32: Randevu Alınabilir
A33: 44226 | C33: Çekim İstemiyor
A34: 44227 | C34: Fotoğrafları Yok - Randevu Alınabilir
A35: 44228 | C35: Fotoğrafları Gönderecek
A36: 44229
A37: 44230
A38: 44231
A39: 44232
A40: 44233
A41: 44234
A42: 44235
A43: 44236
A44: 44237
A45: 44238
A46: 44239
A47: 44240
... A820: 45013

Sheet özet
J4: Top. Rest | K4: =COUNTIFS(import!$C:$C,"true",import!$P:$P,"Geleneksel") -> 0 | Q4: Fotoğraflandırılan Ort. Ürün
B5: Başka Şubeden Çekilecek | C5: =COUNTIFS('Hedef Liste'!$T:$T,B5,'Hedef Liste'!$C:$C,"doğru",'Hedef Liste'!P:P,"Geleneksel",'Hedef Liste'!J:J,"=0%") -> 3 | D5: Toplam rest | E5: =COUNTIFS(import!C:C,"doğru",import!P:P,"Geleneksel") -> 1924 | J5: Fotoğraflı | K5: =COUNTIFS(import!$C:$C,"true",import!$P:$P,"Geleneksel",import!$J:$J,">0%") -> 0 | M5: =$K$5/$K$4 -> #DIV/0! | Q5: 8.25
B6: BlackList | C6: =COUNTIFS('Hedef Liste'!$T:$T,B6,'Hedef Liste'!$C:$C,"doğru",'Hedef Liste'!P:P,"Geleneksel",'Hedef Liste'!J:J,"=0%") -> 6 | D6: Fotoğraflı | E6: =COUNTIFS(import!C:C,"doğru",import!P:P,"Geleneksel",import!J:J,">0%") -> 1013 | Q6: 18.2
B7: Çekim İstemiyor | C7: =COUNTIFS('Hedef Liste'!$T:$T,B7,'Hedef Liste'!$C:$C,"doğru",'Hedef Liste'!P:P,"Geleneksel",'Hedef Liste'!J:J,"=0%") -> 136 | D7: % | E7: =E6/E5 -> 0.52650728 | J7: Ürün Adet | K7: 0-25 | M7: 25+ | Q7: 20.25 | S7: İptal Oranı
B8: Devir | C8: =COUNTIFS('Hedef Liste'!$T:$T,B8,'Hedef Liste'!$C:$C,"doğru",'Hedef Liste'!P:P,"Geleneksel",'Hedef Liste'!J:J,"=0%") -> 2 | J8: Fotoğraflı | K8: =COUNTIFS(import!$C:$C,"true",import!$J:$J,">0%",import!$P:$P,"Geleneksel",import!$I:$I,"<=25") -> 0 | L8: =K8/K5 -> #DIV/0! | M8: =COUNTIFS(import!C:C,"true",import!J:J,">0%",import!P:P,"Geleneksel",import!I:I,">25") -> 0 | N8: =M8/K5 -> #DIV/0! | S8: =O13/N13 -> #DIV/0!
B9: Dönüş Yapacak | C9: =COUNTIFS('Hedef Liste'!$T:$T,B9,'Hedef Liste'!$C:$C,"doğru",'Hedef Liste'!P:P,"Geleneksel",'Hedef Liste'!J:J,"=0%") -> 18 | J9: 0-20% | K9: =COUNTIFS(import!C:C,"true",import!J:J,">0%",import!J:J,"<=20%",import!P:P,"Geleneksel",import!I:I,"<=25") -> 0 | L9: =K9/K8 -> #DIV/0! | M9: =COUNTIFS(import!C:C,"true",import!J:J,">0%",import!J:J,"<=20%",import!P:P,"Geleneksel",import!I:I,">25") -> 0 | N9: =M9/M8 -> #DIV/0!
B10: Franchise | C10: =COUNTIFS('Hedef Liste'!$T:$T,B10,'Hedef Liste'!$C:$C,"doğru",'Hedef Liste'!P:P,"Geleneksel",'Hedef Liste'!J:J,"=0%") -> 7 | J10: 21-50% | K10: =COUNTIFS(import!C:C,"true",import!J:J,">20%",import!J:J,"<=50%",import!P:P,"Geleneksel",import!I:I,"<=25") -> 0 | L10: =K10/K8 -> #DIV/0! | M10: =COUNTIFS(import!C:C,"true",import!J:J,">20%",import!J:J,"<=50%",import!P:P,"Geleneksel",import!I:I,">25") -> 0 | N10: =M10/M8 -> #DIV/0!
B11: İleride Randevu Alınacak | C11: =COUNTIFS('Hedef Liste'!$T:$T,B11,'Hedef Liste'!$C:$C,"doğru",'Hedef Liste'!P:P,"Geleneksel",'Hedef Liste'!J:J,"=0%") -> 31 | J11: 51-80% | K11: =COUNTIFS(import!C:C,"true",import!J:J,">50%",import!J:J,"<=80%",import!P:P,"Geleneksel",import!I:I,"<=25") -> 0 | L11: =K11/K8 -> #DIV/0! | M11: =COUNTIFS(import!C:C,"true",import!J:J,">50%",import!J:J,"<=80%",import!P:P,"Geleneksel",import!I:I,">25") -> 0 | N11: =M11/M8 -> #DIV/0!
B12: Lokasyon Uzak | C12: =COUNTIFS('Hedef Liste'!$T:$T,B12,'Hedef Liste'!$C:$C,"doğru",'Hedef Liste'!P:P,"Geleneksel",'Hedef Liste'!J:J,"=0%") -> 1 | J12: >80% | K12: =COUNTIFS(import!C:C,"true",import!J:J,">80%",import!P:P,"Geleneksel",import!I:I,"<=25") -> 0 | L12: =K12/K8 -> #DIV/0! | M12: =COUNTIFS(import!C:C,"true",import!J:J,">80%",import!P:P,"Geleneksel",import!I:I,">25") -> 0 | N12: =M12/M8 -> #DIV/0!
B13: Haziran'da Aranacak | C13: =COUNTIFS('Hedef Liste'!$T:$T,B13,'Hedef Liste'!$C:$C,"doğru",'Hedef Liste'!P:P,"Geleneksel",'Hedef Liste'!J:J,"=0%") -> 0 | Q13: =P13/N13 -> #DIV/0!
B14: Menü Güncellemesi Yapılacak | C14: =COUNTIFS('Hedef Liste'!$T:$T,B14,'Hedef Liste'!$C:$C,"doğru",'Hedef Liste'!P:P,"Geleneksel",'Hedef Liste'!J:J,"=0%") -> 4
B15: Personel Eksik | C15: =COUNTIFS('Hedef Liste'!$T:$T,B15,'Hedef Liste'!$C:$C,"doğru",'Hedef Liste'!P:P,"Geleneksel",'Hedef Liste'!J:J,"=0%") -> 1
B16: Randevu Alındı | C16: =COUNTIFS('Hedef Liste'!$T:$T,B16,'Hedef Liste'!$C:$C,"doğru",'Hedef Liste'!P:P,"Geleneksel",'Hedef Liste'!J:J,"=0%") -> 20
B17: Randevu İptal | C17: =COUNTIFS('Hedef Liste'!$T:$T,B17,'Hedef Liste'!$C:$C,"doğru",'Hedef Liste'!P:P,"Geleneksel",'Hedef Liste'!J:J,"=0%") -> 21
B18: Restoran Silindi | C18: =COUNTIFS('Hedef Liste'!$T:$T,B18,'Hedef Liste'!$C:$C,"doğru",'Hedef Liste'!P:P,"Geleneksel",'Hedef Liste'!J:J,"=0%") -> 4
B19: Sistemden Çıkmak İstiyor | C19: =COUNTIFS('Hedef Liste'!$T:$T,B19,'Hedef Liste'!$C:$C,"doğru",'Hedef Liste'!P:P,"Geleneksel",'Hedef Liste'!J:J,"=0%") -> 9
B20: Tadilat Var | C20: =COUNTIFS('Hedef Liste'!$T:$T,B20,'Hedef Liste'!$C:$C,"doğru",'Hedef Liste'!P:P,"Geleneksel",'Hedef Liste'!J:J,"=0%") -> 1
B21: Ulaşılamadı | C21: =COUNTIFS('Hedef Liste'!$T:$T,B21,'Hedef Liste'!$C:$C,"doğru",'Hedef Liste'!P:P,"Geleneksel",'Hedef Liste'!J:J,"=0%") -> 24
B22: Ramazandan Sonra Randevu Istiyor | C22: =COUNTIFS('Hedef Liste'!$T:$T,B22,'Hedef Liste'!$C:$C,"doğru",'Hedef Liste'!P:P,"Geleneksel",'Hedef Liste'!J:J,"=0%") -> 0
B23: Fotoğrafı Var | C23: =COUNTIFS('Hedef Liste'!S:S,"True",'Hedef Liste'!C:C,"doğru",'Hedef Liste'!P:P,"Geleneksel",'Hedef Liste'!J:J,"=0%",'Hedef Liste'!T:T,"") -> 91
B24: TOPLAM | C24: =SUM(C5:C23) -> 379
B27: Randevu Başarı %
B28: =C16/COUNTIFS('Hedef Liste'!R:R,"true",'Hedef Liste'!C:C,"doğru") -> 0.015564202
