Workbook

Sheet Takvim
C1: TARİH | D1: Randevu Alan | E1: ID | F1: RESTORAN | G1: SAAT | H1: İLÇE / MAHALLE | I1: YETKİLİ KİŞİ / TELEFON | J1: ADRES | K1: Notlar | L1: Fotoğraf Adeti | M1: Toplam ürün | N1: Şubeli | O1: İptal
C2: 44235
A3: =E3 -> 5f723b068cdcec6cea6fb0f8 | C3: Altuğ | E3: 5f723b068cdcec6cea6fb0f8 | F3: Çiğ Köfteci Sait, Tepebaşı (Yenibağlar Mah.) | G3: 11:00 | H3: Tepebaşı / Yenibağlar | I3: İbrahim / 5308302580 | J3: Yenibağlar mah.Sapanca sok. no16/b | L3: 4 | M3: =VLOOKUP(E3,'Hedef Liste'!A:I,8,false) -> 5 | N3: FALSE | O3: FALSE
A4: =E4 -> 5f33c6e6572e4c8d5bc3e1df | C4: Altuğ | E4: 5f33c6e6572e4c8d5bc3e1df | F4: Always Tantuni Coffee Food, Tepebaşı (Yenibağlar Mah.) | G4: 0.54166667 | H4: Tepebaşı / Yenibağlar | I4: Nurşen / 5334575856 | J4: Yenibağlar, No:63, Şimşek Sk. No:63, 26170 Tepebaşı | L4: 13 | M4: =VLOOKUP(E4,'Hedef Liste'!A:I,8,false) -> #N/A | N4: FALSE | O4: FALSE
A5: =E5 -> 5fd3e01912cbf37cc3e51a9a | C5: Altuğ | E5: 5fd3e01912cbf37cc3e51a9a | F5: Munchies Cookies, Tepebaşı (Işıklar Mah.) | G5: 0.6875 | H5: Tepebaşı / Yenibağlar | I5: Ahmet / 5362058266 | J5: YENİBAĞLAR MAH. GÜN SK. NO: 20 B TEPEBAŞI/ ESKİŞEHİR | L5: 11 | M5: =VLOOKUP(E5,'Hedef Liste'!A:I,8,false) -> #N/A | N5: FALSE | O5: FALSE
A6: =E6 -> 600632a626a65ac94432c35f | C6: Altuğ | E6: 600632a626a65ac94432c35f | F6: Queen Waffle, Tepebaşı (Yenibağlar mah.) | G6: 18:00 | H6: Tepebaşı / Yenibağlar | I6: Ahmet / 5362058266 | J6: YENİBAĞLAR MAH. GÜN SK. NO: 20 B TEPEBAŞI/ ESKİŞEHİR | L6: 6 | M6: =VLOOKUP(E6,'Hedef Liste'!A:I,8,false) -> #N/A | N6: FALSE | O6: FALSE
A7: =E7 | C7: Altuğ | N7: FALSE | O7: FALSE
A8: =E8 | C8: Altuğ | N8: FALSE | O8: FALSE
A9: =E9 -> 5f75a57096c8ed304936c0a2 | C9: Emir | E9: 5f75a57096c8ed304936c0a2 | F9: Black & Red Fried Chicken, Tepebaşı (Eskibağlar Mah.) | G9: 10:00 | H9: Tepebaşı / Eskibağlar | I9: Ayça / 5454202646 | J9: Eskibağlar Mah . Balkan Cad. No:71/A Tepebaşı/Eskişehir | L9: 18 | M9: =VLOOKUP(E9,'Hedef Liste'!A:I,8,false) -> #N/A | N9: FALSE | O9: FALSE
A10: =E10 -> 5ffb7551e348f63a5fa2656b | C10: Emir | E10: 5ffb7551e348f63a5fa2656b | F10: Miss Pilav & Yemek, Tepebaşı (Yenibağlar Mah.) | G10: 11:00 | H10: Tepebaşı / Yenibağlar | I10: Hümmet / 5534194645 | J10: Yenibağlar Mah. Üniversite Cad. No:150/B Tepebaşı/ Eskişehir | L10: 25 | M10: =VLOOKUP(E10,'Hedef Liste'!A:I,8,false) -> #N/A | N10: FALSE | O10: FALSE
A11: =E11 -> 5f33be106b1e0fee8df39e5f | C11: Emir | E11: 5f33be106b1e0fee8df39e5f | F11: Bucks Burger, Tepebaşı (Eskibağlar Mah.) | G11: 0.66666667 | H11: Tepebaşı / Eskibağlar | I11: Kaan / 5308445526 | J11: Eskibağlar, Oğuz Sk. No 6 A, 26170 Tepebaşı/Eskişehir | L11: 18 | M11: =VLOOKUP(E11,'Hedef Liste'!A:I,8,false) -> #N/A | N11: TRUE | O11: FALSE
A12: =E12 | C12: Emir
A13: =E13 | C13: Emir | N13: FALSE | O13: FALSE
A14: =E14 | C14: Emir | N14: FALSE | O14: FALSE
A15: =E15 | C15: Melika
A16: =E16 -> 5f6e9c2e32054a515c428e57 | C16: Melika | E16: 5f6e9c2e32054a515c428e57 | F16: Arasta Döner, Tepebaşı (Yenibağlar Mah.) | G16: 0.45833333 | H16: Tepebaşı / Yenibağlar | I16: İbrahim / 2222050315 | J16: Yenibağlar, Sapanca Sk., 26170 Tepebaşı/Eskişehir | L16: 10 | M16: =VLOOKUP(E16,'Hedef Liste'!A:I,8,false) -> 8 | N16: FALSE | O16: FALSE
A17: =E17 -> 5fcb1b98a28082395ebedef2 | C17: Melika | E17: 5fcb1b98a28082395ebedef2 | F17: Kütük Cafe, Tepebaşı (Eskibağlar Mah.) | G17: 0.54166667 | H17: Tepebaşı / Güllük | I17: Safiye / 5073695868 | J17: Eskibağlar mah. Talat Paşa sok. No:49 A D:9 Tepebaşı / Eskişehir | L17: 10 | M17: =VLOOKUP(E17,'Hedef Liste'!A:I,8,false) -> 1 | N17: FALSE | O17: FALSE
A18: =E18 -> 5f7b1a02ec14c4d9cd0273f8 | C18: Melika | E18: 5f7b1a02ec14c4d9cd0273f8 | F18: Adanalı Dürümcü Soner Usta, Cumhuriye | G18: 0.625 | H18: Tepebaşı / Yenibağlar | I18: Soner / 2222212601 | J18: Cumhuriye mah. Zübeyde Hanım Cad. No: 4/A Tepebaşı/Eskişehir | L18: 12 | M18: =VLOOKUP(E18,'Hedef Liste'!A:I,8,false) -> 21 | N18: FALSE | O18: FALSE
A19: =E19 | C19: Melika | N19: FALSE | O19: FALSE
A20: =E20 | C20: Sonya & Sofya | N20: FALSE | O20: FALSE
A21: =E21 | C21: Sonya & Sofya | N21: FALSE | O21: FALSE
A22: =E22 | C22: Sonya & Sofya | N22: FALSE | O22: FALSE
A23: =E23 | C23: Sonya & Sofya | N23: FALSE | O23: FALSE
A24: =E24 | C24: Sonya & Sofya | N24: FALSE | O24: FALSE
A25: =E25 | C25: Sonya & Sofya | N25: FALSE | O25: FALSE
A26: =E26 | C26: 44236
A27: =E27 -> 5ff45aae87a63b19b533eb59 | C27: Altuğ | E27: 5ff45aae87a63b19b533eb59 | F27: Turuncu Tantuni, Tepebaşı (Eskibağlar Mah.) | G27: 11:00 | H27: Tepebaşı / Eskibağlar | I27: İsmet / 2223230565 | J27: Eskibağlar, Yılmaz Büyükerşen Blv No:58 D:B, 26170 Tepebaşı/Eskişehir | L27: 6 | M27: =VLOOKUP(E27,'Hedef Liste'!A:I,8,false) -> 3 | N27: FALSE | O27: FALSE
A28: =E28 | C28: Altuğ | N28: FALSE | O28: FALSE
A29: =E29 -> 5ff7c4d93c3b6e5099616461 | C29: Altuğ | E29: 5ff7c4d93c3b6e5099616461 | F29: % Yüz Tantuni, Tepebaşı (Hacı Seyit Mah.) | G29: 0.58333333 | H29: Odunpazar / Kurtuluş | I29: Cemil / 2222320100 | J29: KURTULUŞ MAH/SEMT ZİYA PAŞA CAD. NO: 77 B ODUNPAZARI/ ESKİŞEHİR | L29: 2 | M29: =VLOOKUP(E29,'Hedef Liste'!A:I,8,false) -> 5 | N29: FALSE | O29: FALSE
A30: =E30 -> 5f315566b9e5e1dd64db6114 | C30: Altuğ | E30: 5f315566b9e5e1dd64db6114 | F30: Ali Baba Tantuni (Vişnelik Mah.) | G30: 0.625 | H30: Odunpazarı/Vişnelik | I30: Metin / 2222255303 | J30: Vişnelik, Öğretmenler Blv No:8, 26020 Odunpazarı/Eskişehir | K30: Bir daha çekim randevusu alınmayacak | N30: FALSE | O30: TRUE
A31: =E31 | C31: Altuğ | N31: FALSE | O31: FALSE
A32: =E32 | C32: Altuğ | N32: FALSE | O32: FALSE
A33: =E33 -> 5f3322c003a8187cc9924036 | C33: Emir | E33: 5f3322c003a8187cc9924036 | F33: Eskişehir Çibörek Evi, Odunpazarı (Akarbaşı Mah.) | G33: 10:00 | H33: Odunpazarı / Akarbaşı | I33: AYHAN/ / 2222331616 | J33: Arifiye Mahallesi Mustafa Kemal Atatürk Caddesi No: 38 B Odunpazarı / Eskişehir | L33: 14 | M33: =VLOOKUP(E33,'Hedef Liste'!A:I,8,false) -> 3 | N33: FALSE | O33: FALSE
A34: =E34 | C34: Emir | N34: FALSE | O34: FALSE
A35: =E35 -> 5f33c747c1598600399196f3 | C35: Emir | E35: 5f33c747c1598600399196f3 | F35: Bi Dana Döner, Tepebaşı (Yenibağlar Mah.) | G35: 0.54166667 | H35: Tepebaşı / Eskibağlar | I35: ÖMER / 2223250036 | J35: Prof. Dr. Yılmaz Büyükerşen Blv., No:48, Tepebaşı, Eskişehir, Türkiye | L35: 11 | M35: =VLOOKUP(E35,'Hedef Liste'!A:I,8,false) -> #N/A | N35: FALSE | O35: FALSE
A36: =E36 -> 5f3335c503a8180e1d92403b | C36: Emir | E36: 5f3335c503a8180e1d92403b | F36: Köfteci Ali, Hoşnudiye | G36: 0.60416667 | H36: Tepebaşı / Hoşnudiye | I36: İbrahim / 530 229 14 14 | J36: Hoşnudiye Mah., İstasyon Cad., No:45A, Tepebaşı, Eskişehir | L36: 5 | M36: =VLOOKUP(E36,'Hedef Liste'!A:I,8,false) -> 1 | N36: FALSE | O36: FALSE
A37: =E37 -> 5f67f7192702e9083fb20a37 | C37: Emir | E37: 5f67f7192702e9083fb20a37 | F37: Adıyaman Çiğ Köfte Murat Usta, Tepebaşı (Cumhuriye Mah.) | G37: 0.64583333 | H37: Tepebaşı / Ömerağa | I37: Mehmet / 5337761568 | J37: Cumhuriye mah. Zübeyde Hanım Cad. No: 26/A Tepebaşı/Eskişehir | L37: 7 | M37: =VLOOKUP(E37,'Hedef Liste'!A:I,8,false) -> 12 | N37: FALSE | O37: FALSE
A38: =E38 -> 5fa5f00566a584ab34fdd59a | C38: Emir | E38: 5fa5f00566a584ab34fdd59a | F38: Adıyaman Çiğ Köftecisi, Odunpazarı (Ihlamurkent Mah.) | G38: 16:00 | H38: Odunpazar/Ihlamurkent | I38: Serhat / 5412208287 | J38: Ihlamurkent Mah. Nevruz cad. No:42/EB Odunpazarı/Eskişehir | L38: 4 | M38: =VLOOKUP(E38,'Hedef Liste'!A:I,8,false) -> 13 | N38: FALSE | O38: FALSE
A39: =E39 | C39: Melika | N39: FALSE | O39: FALSE
A40: =E40 -> 5f35ada4d64681eb3bfeb406 | C40: Melika | E40: 5f35ada4d64681eb3bfeb406 | F40: Adıyaman Çiğköftecisi İlyas Aybak, Odunpazarı (Emek Mah.) | G40: 12:30 | H40: Odunpazar/EMEK | I40: Hakan 5438920626 | J40: Emek, Ertaş Blv. No:111, 26080 Odunpazarı/Eskişehir | L40: 8 | M40: =VLOOKUP(E40,'Hedef Liste'!A:I,8,false) -> 10 | N40: FALSE | O40: FALSE
A41: =E41 -> 5fa48b1c857e1a6acc2ad71a | C41: Melika | E41: 5fa48b1c857e1a6acc2ad71a | F41: Ka-Pi-Ku, Tepebaşı (Eskibağlar Mah.) | G41: 13:00 | H41: Tepebaşı / Eskibağlar | I41: Suat / 5433429699 | J41: Eskibağlar, Zübeyde Hanım Blv 3/b, 26000 Tepebaşı/Eskişehir | L41: 12 | M41: =VLOOKUP(E41,'Hedef Liste'!A:I,8,false) -> 11 | N41: FALSE | O41: FALSE
A42: =E42 -> 5f2c37946dc562e66bda26c4 | C42: Melika | E42: 5f2c37946dc562e66bda26c4 | F42: Gaziantepli Ünvermiş Baklavacı (Vişnelik Mah.) | G42: 0.6875 | H42: Odunpazarı / Akarbaşı | I42: AHMET / 5465485545 | J42: VİŞNELİK MAHALLESİ ATATÜRK BULVARI NO:106/C ODUNPAZARI ESKİŞEHİR | L42: 23 | M42: =VLOOKUP(E42,'Hedef Liste'!A:I,8,false) -> 19 | N42: FALSE | O42: FALSE
A43: =E43 | C43: Melika | N43: FALSE | O43: FALSE
A44: =E44 | C44: Melika | N44: FALSE | O44: FALSE
A45: =E45 | C45: Sonya & Sofya | N45: FALSE | O45: FALSE
A46: =E46 | C46: Sonya & Sofya | N46: FALSE | O46: FALSE
A47: =E47 | C47: Sonya & Sofya | N47: FALSE | O47: FALSE
A48: =E48 | C48: Sonya & Sofya | N48: FALSE | O48: FALSE
A49: =E49 | C49: Sonya & Sofya | N49: FALSE | O49: FALSE
A50: =E50 | C50: Sonya & Sofya | N50: FALSE | O50: FALSE
A51: =E51 | C51: 44237
A52: =E52 -> 5f843da6a09b8c73a6a1b1df | C52: Altuğ | E52: 5f843da6a09b8c73a6a1b1df | F52: Şimendifer, Odunpazarı (Deliklitaş Mah.) | G52: 0.41666667 | H52: Odunpazar / Deliklitaş | I52: Görkem / 5385651648 | J52: Deliklitaş mah.Kafadar sok. No:13 /A Odunpazarı/Eskişehir | L52: 8 | M52: =VLOOKUP(E52,'Hedef Liste'!A:I,8,false) -> #N/A | N52: FALSE | O52: FALSE
A53: =E53 -> 5fbd42e09f34a7c2965d49a8 | C53: Altuğ | E53: 5fbd42e09f34a7c2965d49a8 | F53: Döner House, Odunpazarı (Arifiye Mah.) | G53: 11:30 | H53: Odunpazarı / Akarbaşı | I53: AZİME / 2224057071 | J53: Arifiye Mahallesi Mustafa Kemal Atatürk Caddesi No: 38 B Odunpazarı / Eskişehir | K53: Cenazesi var başka haftaya alınacak | N53: FALSE | O53: TRUE
A54: =E54 -> 5f7f1fdeace10e2902a593cc | C54: Altuğ | E54: 5f7f1fdeace10e2902a593cc | F54: S.O.S. Tepebaşı (Hoşnudiye Mah.) | G54: 13:00 | H54: Tepebaşı / Hoşnudiye | I54: VOLKAN / 5424991597 | J54: Hoşnudiye Mah. Vural Sok. No:70/c Odunpazarı/Eskişehir | K54: Çekim istemiyor, kara liste | N54: FALSE | O54: TRUE
A55: =E55 -> 5fc41798a0a4b1c513dab54f | C55: Altuğ | E55: 5fc41798a0a4b1c513dab54f | F55: Urfa Lahmacun, Tepebaşı (Eskibağlar Mah. ) | G55: 0.625 | H55: Tepebaşı / Eskibağlar | I55: Salih / 2225025050 | J55: Eskibağlar Mah. Hatboyu Cad. No: 3 A Tepebaşı Eskişehir | L55: 17 | M55: =VLOOKUP(E55,'Hedef Liste'!A:I,8,false) -> 7 | N55: FALSE | O55: FALSE
A56: =E56 -> 5fda1747fa50118ee74ae8d8 | C56: Altuğ | E56: 5fda1747fa50118ee74ae8d8 | F56: Anadolu Kelle, Tepebaşı (İhsaniye Mah.) | G56: 0.66666667 | H56: Tepebaşı/ Mustafa Kemal Paşa | I56: Timur / 5359291428 | J56: İhsaniye Mah Sivrihisar 1 Cad. No:21 A Tepebaşı/Eskişehir | L56: 4 | M56: =VLOOKUP(E56,'Hedef Liste'!A:I,8,false) -> 1 | N56: FALSE | O56: FALSE
A57: =E57 -> 5f7d78b1ace10e7fbba5759b | C57: Altuğ | E57: 5f7d78b1ace10e7fbba5759b | F57: Arya Mantı & Çibörek, Odunpazarı (Paşa Mah.) | G57: 0.70833333 | H57: Odunpazarı Paşa | I57: Nermin / 5458176074 | J57: Paşa Mah. Beyler Sok. No:3 Odunpazarı/Eskişehir | K57: Cenazesi var başka haftaya alınacak | N57: FALSE | O57: TRUE
A58: =E58 -> 6000b321e2d9e0f79e046416 | C58: Emir | E58: 6000b321e2d9e0f79e046416 | F58: Maryo Kokoreç & Çorba, Tepebaşı (Şirintepe Mah.) | G58: 15:30 | H58: Tepebaşı / Şirintepe | I58: Emre / 5337134612 | J58: Şirintepe Mah. İsmet İnönü 2 Cad. No:88 Tepebaşı/ Eskişehir | L58: 8 | M58: =VLOOKUP(E58,'Hedef Liste'!A:I,8,false) -> #N/A | N58: FALSE | O58: FALSE
A59: =E59 -> 5fda8c79fa5011bcf74af1d5 | C59: Emir | E59: 5fda8c79fa5011bcf74af1d5 | F59: Fabrique Fast Food, Tepebaşı ( Hoşnudiye Mah.) | G59: 10:30 | H59: Tepebaşı / Hoşnudiye | I59: Gamze /5352489933 | J59: Hoşnudiye Mah. Bayramyeri Sok. No:4 A Tepebaşı / Eskişehir | N59: FALSE | O59: TRUE
A60: =E60 -> 5f7f1b83449e31366ff0704b | C60: Emir | E60: 5f7f1b83449e31366ff0704b | F60: VF Waffle, Hoşnudiye | G60: 13:00 | H60: Tepebaşı / Hoşnudiye | I60: VELİ / 5444861164 | J60: Hoşnudiye Mah. Vural Sok. No:70/B Odunpazarı/Eskişehir | L60: 7 | M60: =VLOOKUP(E60,'Hedef Liste'!A:I,8,false) -> 7 | N60: FALSE | O60: FALSE
A61: =E61 -> 5fa339d062bd7c92d88b14ca | C61: Emir | E61: 5fa339d062bd7c92d88b14ca | F61: Adıyamanlı Çiğ Köfteci Kemal Usta, Akarbaşı | G61: 0.58333333 | H61: Odunpazarı / Vişnelik | I61: Burak / 2222258515 | J61: Akarbaşı Mah. Emeksiz Sok . No :2 Odunpazarı / Eskişehir | L61: 5 | M61: =VLOOKUP(E61,'Hedef Liste'!A:I,8,false) -> 12 | N61: FALSE | O61: FALSE
A62: =E62 -> 5f9163c46d45726d4a85fe33 | C62: Emir | E62: 5f9163c46d45726d4a85fe33 | F62: Sucuk Evi Cerrah Tostu Canlar, Tepebaşı (Güllük Mah.) | G62: 0.625 | H62: Tepebaşı/ Bahçelievler | I62: Saadet / 5394822214 | J62: Güllük Mh. Balkan cad. no:13 /a Tepebaşı/Eskişehir | L62: 6 | M62: =VLOOKUP(E62,'Hedef Liste'!A:I,8,false) -> 19 | N62: FALSE | O62: FALSE
A63: =E63 -> 5fa1249c59fb3f445202116e | C63: Emir | E63: 5fa1249c59fb3f445202116e | F63: Antepeli Pide & Kebap Sedat Usta, Tepebaşı (Şirintepe Mah.) | G63: 16:00 | H63: Tepebaşı Şirintepe | I63: Meryem / 2223100273 | J63: Şirintepe Mah Örme sok. no:138/ B Tepebaşı/Eskişehir | L63: 9 | M63: =VLOOKUP(E63,'Hedef Liste'!A:I,8,false) -> 14 | N63: FALSE | O63: FALSE
A64: =E64 -> 5fe0f74e20df6e2cafc1ab0b | C64: Melika | E64: 5fe0f74e20df6e2cafc1ab0b | F64: Seda Çiğ Börek, Tepebaşı (Hoşnudiye Mah.) | G64: 10:30 | H64: Tepebaşı / Hoşnudiye | I64: İsmail / 2222335152 | J64: Hoşnudiye Mah. İstasyon Cad. No: 37 / A Tepebaşı / Eskişehir | L64: 2 | M64: =VLOOKUP(E64,'Hedef Liste'!A:I,8,false) -> 6 | N64: FALSE | O64: FALSE
A65: =E65 -> 5fa8973f16241d27ea9aaf48 | C65: Melika | E65: 5fa8973f16241d27ea9aaf48 | F65: Gym Food, Tepebaşı (Bahçelievler Mah.) | G65: 11:30 | H65: Tepebaşı / Eskibağlar | I65: AYÇA / 5454202646 | J65: Eskibağlar Mah . Balkan Cad. No:71/A Tepebaşı/Eskişehir | L65: 7 | M65: =VLOOKUP(E65,'Hedef Liste'!A:I,8,false) -> #N/A | N65: FALSE | O65: FALSE
A66: =E66 -> 5f3517c5f86cbfd09410dec6 | C66: Melika | E66: 5f3517c5f86cbfd09410dec6 | F66: Adanalı Bekir Usta, Tepebaşı (Hoşnudiye Mah.) | G66: 0.54166667 | H66: Tepebaşı / Hoşnudiye | I66: Keziban / 2222215047 | J66: Hoşnudiye, 36, Vural Sk., 26130 Tepebaşı/Eskişehir | L66: 13 | M66: =VLOOKUP(E66,'Hedef Liste'!A:I,8,false) -> 5 | N66: FALSE | O66: FALSE
A67: =E67 -> 5f67d9567dbb7e1efbe50682 | C67: Melika | E67: 5f67d9567dbb7e1efbe50682 | F67: Bol Çeşit Soğuk Sandviç, Tepebaşı (Hoşnudiye Mah.) | G67: 0.60416667 | H67: Tepebaşı / Hoşnudiye | I67: Yusuf / 5069633604 | J67: Hoşnudiye Mh. Tacin Sk. No:5/B | L67: 4 | M67: =VLOOKUP(E67,'Hedef Liste'!A:I,8,false) -> 0 | N67: FALSE | O67: FALSE
A68: =E68 -> 6000b0aedef388c843e0d2c3 | C68: Melika | E68: 6000b0aedef388c843e0d2c3 | F68: Angry Grilled Chicken, Tepebaşı (Şirintepe Mah.) | G68: 15:30 | H68: Tepebaşı / Şirintepe | I68: Emre / 5337134612 | J68: Şirintepe Mah. İsmet İnönü 2 Cad. No: 88 Tepebaşı/ Eskişehir | L68: 18 | M68: =VLOOKUP(E68,'Hedef Liste'!A:I,8,false) -> 1 | N68: FALSE | O68: FALSE
A69: =E69 -> 5ff4eeb2345867223347bf70 | C69: Melika | E69: 5ff4eeb2345867223347bf70 | F69: Antepli Mustafa'nın Yeri Pide & Kebap, Odunpazarı (Emek Mah.) | G69: 0.6875 | H69: Odunpazarı/Emek | I69: Mustafa / 2222170027 | J69: EMEK MAH. ERTAŞ CAD. NO: 216 A ODUNPAZARI/ ESKİŞEHİR | L69: 9 | M69: =VLOOKUP(E69,'Hedef Liste'!A:I,8,false) -> #N/A | N69: FALSE | O69: FALSE
A70: =E70 | C70: Sonya & Sofya | N70: FALSE | O70: FALSE
A71: =E71 | N71: FALSE | O71: FALSE
A72: =E72 | N72: FALSE | O72: FALSE
A73: =E73 | N73: FALSE | O73: FALSE
A74: =E74 | N74: FALSE | O74: FALSE
A75: =E75 | N75: FALSE | O75: FALSE
A76: =E76 | C76: 44238
A77: =E77 -> 6000a52b3cc99f6941cdc20a | C77: Altuğ | E77: 6000a52b3cc99f6941cdc20a | F77: Line Art Cafe, Tepebaşı (Hoşnudiye Mah.) | G77: 10:30 | H77: Tepebaşı / Hoşnudiye | I77: Esra / 5333105600 | J77: Hoşnudiye Mah. Başak Sok. No:9 B Tepebaşı / Eskişehir | L77: 9 | M77: =VLOOKUP(E77,'Hedef Liste'!A:I,8,false) -> 19 | N77: FALSE | O77: FALSE
A78: =E78 -> 5f8da567f3a26130e817135f | C78: Altuğ | E78: 5f8da567f3a26130e817135f | F78: Liman Pide & Kebap, Tepebaşı (Batıkent Mah.) | G78: 0.5 | H78: Tepebaşı /Batıkent | I78: Mesut / 5399355921 | J78: Batıkent mah . Liman cad. no:14 /d tepebaşı/eskişehir | L78: 25 | M78: =VLOOKUP(E78,'Hedef Liste'!A:I,8,false) -> 11 | N78: FALSE | O78: FALSE
A79: =E79 -> 5fdbbb335e70c3db4a8a3baa | C79: Altuğ | E79: 5fdbbb335e70c3db4a8a3baa | F79: Gar Kokoreç & Köfte Izgara Salonu,Tepebaşı (Hoşnudiye Mah.) | G79: 13:30 | H79: Tepebaşı / Hoşnudiye | I79: Ahmet / 2222200221 | J79: Hoşnudiye Mah. İstasyon Cad. No:15/C Tepebaşı / Eskişehir | L79: 6 | M79: =VLOOKUP(E79,'Hedef Liste'!A:I,8,false) -> 14 | N79: FALSE | O79: FALSE
A80: =E80 -> 5f33855073c35d702ce6f2f7 | C80: Altuğ | E80: 5f33855073c35d702ce6f2f7 | F80: İzmirli Kumrucum, Tepebaşı (Şirintepe Mah.) | G80: 0.625 | H80: Tepebaşı /Şirintepe | I80: Tolga / 2223353516 | J80: Şirintepe Mah, İsmet İnönü-2 Blv No:60, 26000 Tepebaşı/Eskişehir | L80: 26 | M80: =VLOOKUP(E80,'Hedef Liste'!A:I,8,false) -> 6 | N80: FALSE | O80: FALSE
A81: =E81 -> 5fd540c09d557c8210648ece | C81: Altuğ | E81: 5fd540c09d557c8210648ece | F81: Amcabey Künefe, Odunpazarı (Vişnelik Mah.) | G81: 0.66666667 | H81: Odunpazarı/Vişnelik | I81: İskender / 2222241957 | J81: Vişnelik Mah. Atatürk Blv. No:108/C Odunpazarı/Eskişehir | L81: 11 | M81: =VLOOKUP(E81,'Hedef Liste'!A:I,8,false) -> 3 | N81: FALSE | O81: FALSE
A82: =E82 -> 5f974bdf73a8e63ed775ae54 | C82: Altuğ | E82: 5f974bdf73a8e63ed775ae54 | F82: Kent Kokoreç & Tantuni, Gültepe | G82: 16:30 | H82: Odunpazarı Gültepe | I82: Kamil / 2222390393 | J82: Yenikent, Şehit Yüzbaşı Tuncer Güngör Cd No:210/A Odunpazarı/Eskişehir | L82: 21 | M82: =VLOOKUP(E82,'Hedef Liste'!A:I,8,false) -> 22 | N82: FALSE | O82: FALSE
A83: =E83 -> 5f971faf5995760d22149039 | C83: Emir | E83: 5f971faf5995760d22149039 | F83: Afiyet Köfte, Odunpazarı (Kurtuluş Mah.) | G83: 10:30 | H83: Odunpazarı / Kurtuluş | I83: Yağmur / 5522889330 | J83: Kurtuluş Mahallesi, İnal Sk. No: 17/B Odunpazarı/Eskişehir | K83: Devir | N83: FALSE | O83: TRUE
A84: =E84 -> 5f906be46d457214fc85eb15 | C84: Emir | E84: 5f906be46d457214fc85eb15 | F84: Alişke, Tepebaşı (Batıkent Mah.) | G84: 11:30 | H84: Tepebaşı /Batıkent | I84: Ömer / 5369747347 | J84: Batıkent Mah. Kapukule sok. no:1/D Tepebaşı/Eskişehir | L84: 9 | M84: =VLOOKUP(E84,'Hedef Liste'!A:I,8,false) -> #N/A | N84: FALSE | O84: FALSE
A85: =E85 -> 5fa133d83a9b1332b52ed168 | C85: Emir | E85: 5fa133d83a9b1332b52ed168 | F85: Aytekin Izgara Bekir'in Yeri, Tepebaşı (Şirintepe Mah.) | G85: 12:30 | H85: Tepebaşı Şirintepe | I85: Bekir / 5525189726 | J85: Şirintepe Mah.Asilzade sok. No: 8/C TEPEBAŞI/ESKİŞEHİR | L85: 10 | M85: =VLOOKUP(E85,'Hedef Liste'!A:I,8,false) -> #N/A | N85: FALSE | O85: FALSE
A86: =E86 -> 5fc00d54a9c836ce5dadc411 | C86: Emir | E86: 5fc00d54a9c836ce5dadc411 | F86: Balkan Lokantası & Ev Yemekleri, Tepebaşı (Çamlıca Mah.) | G86: 0.58333333 | H86: Tepebaşı Çamlıca | I86: Enez / 2223400111 | J86: ÇAMLICA MAH. ULUSAL EGEMENLİK BLV. NO: 68 A TEPEBAŞI/ ESKİŞEHİR | L86: 20 | M86: =VLOOKUP(E86,'Hedef Liste'!A:I,8,false) -> 18 | N86: FALSE | O86: FALSE
A87: =E87 -> 5ff473e80e63fe849bcca6b1 | C87: Emir | E87: 5ff473e80e63fe849bcca6b1 | F87: Adıyamanlı Düdanlı Bey Çiğ Köfte, Odunpazarı (Büyükdere Mah.) | G87: 0.625 | H87: Odunpazarı Büyükdere | I87: Semih / 5510612233 | J87: Büyükdere Mah. Nisan sok. No:29/B Odunpazarı/Eskişehir | L87: 4 | M87: =VLOOKUP(E87,'Hedef Liste'!A:I,8,false) -> #N/A | N87: FALSE | O87: FALSE
A88: =E88 -> 5f88a696c6107ebfa52e561a | C88: Emir | E88: 5f88a696c6107ebfa52e561a | F88: Adıyamanlı Çiğ Köfteci Kemal Usta, Bahçelievler | G88: 16:00 | H88: Tepebaşı Bahçelievler | I88: Kemal 2222314444 | J88: Bahçelievler mah. Seylap cad. no:61 /A Tepebaşı/Eskişehir | K88: Eleman yok, ertelenecek | N88: FALSE | O88: TRUE
A89: =E89 | C89: Melika | N89: FALSE | O89: FALSE
A90: =E90 -> 5fbe936b8e54b86828978f18 | C90: Melika | E90: 5fbe936b8e54b86828978f18 | F90: Roka Nigar Usta, Tepebaşı (Hoşnudiye Mah.) | G90: 11:00 | H90: Tepebaşı / Hoşnudiye | I90: Nigar / 2222212148 | J90: Hoşnudiye Mah. Vural Sokak No:30 2 Tepebaşı/ Eskişehir | K90: Erteleme istedi | N90: FALSE | O90: TRUE
A91: =E91 -> 5ffeb1f0937d1b3899bdcb36 | C91: Melika | E91: 5ffeb1f0937d1b3899bdcb36 | F91: Tost Bank, Tepebaşı (Cumhuriye Mah.) | G91: 12:30 | H91: Tepebaşı/Cumhuriye | I91: Murat / 5342762426 | J91: Cumhuriye Mah. Dinçer sok. No:4/A Tepebaşı/Eskişehir | L91: 16 | M91: =VLOOKUP(E91,'Hedef Liste'!A:I,8,false) -> #N/A | N91: FALSE | O91: FALSE
A92: =E92 -> 5ff10569630a768a56ffece3 | C92: Melika | E92: 5ff10569630a768a56ffece3 | F92: Abdüsselam Balaban Kebap, Odunpazarı ( Arifiye Mah.) | G92: 0.58333333 | H92: Odunpazarı / Arifiye | I92: Oğuz / 2222311444 | J92: Arifiye, Belediye Sk. No:11, 26010 Odunpazarı/Eskişehir | L92: 16 | M92: =VLOOKUP(E92,'Hedef Liste'!A:I,8,false) -> #N/A | N92: FALSE | O92: FALSE
A93: =E93 -> 5fc02132a9c8366162adc6b3 | C93: Melika | E93: 5fc02132a9c8366162adc6b3 | F93: Ateşle Burger, Odunpazarı (Büyükdere Mah.) | G93: 0.625 | H93: Odunpazarı Büyükdere | I93: Serkan / 5526096230 | J93: BÜYÜKDERE MAH. PROF. DR. NABİ AVCI BLV. TURUNÇ KONUT Y. KP. NO: 39 B ODUNPAZARI/ ESKİŞEHİR | K93: Malzemesi yok tekrar randevu alıncak | N93: FALSE | O93: TRUE
A94: =E94 -> 5f345eea6dfa178d81978e1c | C94: Melika | E94: 5f345eea6dfa178d81978e1c | F94: Kaptan Tantuni, Odunpazarı (Büyükdere Mah.) | G94: 16:00 | H94: Odunpazarı Büyükdere | I94: Hasan / 5526283031 | J94: Büyükdere, Kezbandere Sk. No:11/A, 26250 Odunpazarı/Eskişehir | L94: 11 | M94: =VLOOKUP(E94,'Hedef Liste'!A:I,8,false) -> 11 | N94: FALSE | O94: FALSE
A95: =E95 | C95: Sonya & Sofya | N95: FALSE | O95: FALSE
A96: =E96 | C96: Sonya & Sofya | N96: FALSE | O96: FALSE
A97: =E97 | C97: Sonya & Sofya | N97: FALSE | O97: FALSE
A98: =E98 | C98: Sonya & Sofya | N98: FALSE | O98: FALSE
A99: =E99 | C99: Sonya & Sofya | N99: FALSE | O99: FALSE
A100: =E100 | C100: Sonya & Sofya | N100: FALSE | O100: FALSE
...

Sheet Hedef Liste
A1: Restaurant ID | B1: Restoran Adı | C1: Satışa Açık Mı? | D1: Mutfak | E1: TOPLAM SİPARİŞ | F1: SON 2 HAFTA | G1: RESİMLİ ÜRÜN | H1: RESİMSİZ ÜRÜN | I1: TOPLAM ÜRÜN | J1: Ratio | K1: Yetkili | L1: Telefon | M1: İLÇE | N1: MAHALLE | O1: ADRES | P1: Geleneksel Zincir | Q1: FOTOĞRAF SEGMENT | R1: Aradık Mı? | S1: Kendi Fotosu Var | T1: Randevu Durum | U1: Randevu Alan | V1: Fotoğrafçı | W1: Not | X1: Randevu Alma Tarihi | Y1: Randevu Tarihi | Z1: Anket Durum | AA1: 1. Arama | AB1: 1. Arama Tarihi | AC1: 2. Arama | AD1: 2. Arama Tarihi | AE1: 3. Arama | AF1: 3. Arama Tarihi | AG1: 4. Arama | AH1: 4. Arama Tarihi | AI1: 5. Arama | AJ1: 5. Arama Tarihi | AK1: 1. Arayan | AL1: 2. Arayan | AM1: 3. Arayan | AN1: 4. Arayan | AO1: 5. Arayan | AP1: SY | AQ1: SY - Durum
A2: 5ff7c4d93c3b6e5099616461 | B2: % Yüz Tantuni, Tepebaşı (Hacı Seyit Mah.) | C2: =VLOOKUP(A2,Import!A:C,3,false) -> DOĞRU | D2: Sokak Lezzetleri | E2: =VLOOKUP(A2,Import!A:J,5,0) -> 1515 | F2: =VLOOKUP(A2,Import!A:J,6,0) -> 18 | G2: =VLOOKUP(A2,Import!A:J,7,0) -> 2 | H2: =VLOOKUP(A2,Import!A:J,8,0) -> 5 | I2: =VLOOKUP(A2,Import!A:J,9,0) -> 7 | J2: =VLOOKUP(A2,Import!A:J,10,0) -> 0.29 | K2: =VLOOKUP(A2,Import!A:P,11,0) -> CEMİL AYAZ | L2: 2222320100 | M2: Odunpazarı | N2: Kurtuluş | O2: KURTULUŞ MAH/SEMT ZİYA PAŞA CAD. NO: 77 B ODUNPAZARI/ ESKİŞEHİR | P2: =VLOOKUP(A2,Import!A:P,16,0) -> Geleneksel | Q2: 0-15 | R2: TRUE | S2: FALSE | T2: Randevu Alındı | V2: Altuğ | W2: TEYİT İÇİN ARANDI ÇEKİM GERÇEKLEŞTİMİ BİLMİYORUM DEDİLER GERİ DÖNÜŞ YAPACAKLAR ÇEKİM YAPILMAMIŞSA | X2: 44232 | Y2: 44236 | AP2: Gökhan Çakır
A3: 61dca4539cda244596c47c8a | B3: 10line Fast Food & Kokoreç, Tepebaşı (Hoşnudiye Mah.) | C3: =VLOOKUP(A3,Import!A:C,3,false) -> YANLIŞ | D3: Tost & Sandviç | E3: =VLOOKUP(A3,Import!A:J,5,0) | F3: =VLOOKUP(A3,Import!A:J,6,0) | G3: =VLOOKUP(A3,Import!A:J,7,0) -> 0 | H3: =VLOOKUP(A3,Import!A:J,8,0) -> 16 | I3: =VLOOKUP(A3,Import!A:J,9,0) -> 16 | J3: =VLOOKUP(A3,Import!A:J,10,0) -> 0 | K3: Alperen Orhan | L3: 5523763838 | M3: Tepebaşı | N3: Hoşnudiye | O3: HOŞNUDİYE MAH. BAYRAK SK. NO: 8 C- İÇ KAPI NO: - TEPEBAŞI/ ESKİŞEHİR | P3: =VLOOKUP(A3,Import!A:P,16,0) -> Geleneksel | R3: TRUE | S3: FALSE | T3: Randevu İptal | U3: Betül Demir | V3: Muammer Çakır | X3: 44641 | Y3: 44643 | AA3: Görüşüldü | AB3: 44578 | AC3: Görüşüldü | AD3: 44641 | AK3: Hatem Soyaslan | AL3: Betül Demir
A4: 622c7bc1704f8c7d9226c83e | B4: 1965 Efsane Tantuni, Tepebaşı (Erenköy Mah.) | C4: =VLOOKUP(A4,Import!A:C,3,false) -> DOĞRU | D4: Döner | E4: =VLOOKUP(A4,Import!A:J,5,0) | F4: =VLOOKUP(A4,Import!A:J,6,0) | G4: =VLOOKUP(A4,Import!A:J,7,0) -> 0 | H4: =VLOOKUP(A4,Import!A:J,8,0) -> 11 | I4: =VLOOKUP(A4,Import!A:J,9,0) -> 11 | J4: =VLOOKUP(A4,Import!A:J,10,0) -> 0 | K4: METİN YAMAN | L4: 5441602676 | M4: Odunpazarı | N4: Yenidoğan | O4: Erenköy Mahallesi, Sevinç Caddesi 12/A Odunpazarı/Eskişehir | P4: =VLOOKUP(A4,Import!A:P,16,0) -> Geleneksel | R4: FALSE | S4: FALSE
A5: 5fa474ba857e1a1eb42ad590 | B5: 1991 Tarihi Ortaköy Kumpircisi (Hoşnudiye Mah. - Cassaba Modern) | C5: =VLOOKUP(A5,Import!A:C,3,false) -> DOĞRU | D5: Sokak Lezzetleri | E5: =VLOOKUP(A5,Import!A:J,5,0) -> 1646 | F5: =VLOOKUP(A5,Import!A:J,6,0) | G5: =VLOOKUP(A5,Import!A:J,7,0) -> 6 | H5: =VLOOKUP(A5,Import!A:J,8,0) -> 15 | I5: =VLOOKUP(A5,Import!A:J,9,0) -> 21 | J5: =VLOOKUP(A5,Import!A:J,10,0) -> 0.29 | K5: =VLOOKUP(A5,Import!A:P,11,0) -> NİHAL PEKÇOLAKLAR | L5: 8508404512 | M5: Tepebaşı | N5: Hoşnudiye | O5: Hoşnudiye mah.770.sok.no:4 c103 Cassaba, Modern AVM, 26030 Tepebaşı | P5: =VLOOKUP(A5,Import!A:P,16,0) -> Geleneksel | Q5: 0-15 | R5: TRUE | S5: FALSE | W5: dç istemez/ tam/ fotoğraflar için arandı gerek yok diğerleri ile zaten benzer gibi diğerlerinden alıp koyabilirsiniz dedi. | AA5: Görüşüldü | AB5: 44517 | AC5: Görüşüldü | AD5: 44525 | AK5: Tuğba Buyur | AL5: Kübra Toprak | AP5: Gökhan Çakır
A6: 5f74d7639fe43ab7463ac6a6 | B6: 1991 Tarihi Ortaköy Kumpircisi Premium (Eskibağlar) | C6: =VLOOKUP(A6,Import!A:C,3,false) -> DOĞRU | D6: Sokak Lezzetleri | E6: =VLOOKUP(A6,Import!A:J,5,0) -> 5391 | F6: =VLOOKUP(A6,Import!A:J,6,0) -> 157 | G6: =VLOOKUP(A6,Import!A:J,7,0) -> 6 | H6: =VLOOKUP(A6,Import!A:J,8,0) -> 1 | I6: =VLOOKUP(A6,Import!A:J,9,0) -> 7 | J6: =VLOOKUP(A6,Import!A:J,10,0) -> 0.86 | K6: =VLOOKUP(A6,Import!A:P,11,0) -> EBRU SÖNMEZ | L6: 5442626140 | M6: Tepebaşı | N6: Eskibağlar | O6: Eskibağlar mah. Kumlubel sk. No:8 Tepebaşı/Eskişehir | P6: =VLOOKUP(A6,Import!A:P,16,0) -> Geleneksel | Q6: 0-15 | R6: TRUE | S6: TRUE | AP6: Gökhan Çakır
A7: 600968ecf69aa48850474729 | B7: 3 Monkey Burger, Tepebaşı (Batıkent Mah) | C7: =VLOOKUP(A7,Import!A:C,3,false) -> DOĞRU | D7: Burger | E7: =VLOOKUP(A7,Import!A:J,5,0) -> 6197 | F7: =VLOOKUP(A7,Import!A:J,6,0) -> 121 | G7: =VLOOKUP(A7,Import!A:J,7,0) -> 35 | H7: =VLOOKUP(A7,Import!A:J,8,0) -> 37 | I7: =VLOOKUP(A7,Import!A:J,9,0) -> 72 | J7: =VLOOKUP(A7,Import!A:J,10,0) -> 0.49 | K7: =VLOOKUP(A7,Import!A:P,11,0) -> Gökhan Demircan | L7: 5380933426 | M7: Tepebaşı | N7: Batıkent | O7: Batıkent Mah. Dizili Sok. No:11 Tepebaşı/ Eskişehir | P7: =VLOOKUP(A7,Import!A:P,16,0) -> Geleneksel | Q7: 16-25 | R7: TRUE | S7: FALSE | T7: Randevu Alındı | U7: Yurdagül Kulaksız | V7: Muammer Çakır | W7: gökhan bey/ 5534959158 | X7: 44566 | Y7: 44568 | AA7: Görüşüldü | AB7: 44525 | AC7: Dönüş Yapacak | AD7: 44565 | AE7: Görüşüldü | AF7: 44566 | AK7: Kübra Toprak | AL7: Betül Demir | AM7: Yurdagül Kulaksız | AP7: Gökhan Çakır
A8: 5f3671600274b83d2c5ca2f9 | B8: Aba Fast Food & Kahvaltı, Odunpazarı (Kırmızıtoprak Mah.) | C8: =VLOOKUP(A8,Import!A:C,3,false) -> DOĞRU | D8: Tost & Sandviç | E8: =VLOOKUP(A8,Import!A:J,5,0) -> 1560 | F8: =VLOOKUP(A8,Import!A:J,6,0) -> 20 | G8: =VLOOKUP(A8,Import!A:J,7,0) -> 0 | H8: =VLOOKUP(A8,Import!A:J,8,0) -> 55 | I8: =VLOOKUP(A8,Import!A:J,9,0) -> 55 | J8: =VLOOKUP(A8,Import!A:J,10,0) -> 0 | K8: =VLOOKUP(A8,Import!A:P,11,0) -> HOSSEIN DELAVANDANI | L8: 5377449269 | M8: Tepebaşı | N8: Hoşnudiye | O8: Kırmızıtoprak Mahallesi, Mustafa Kemal Atatürk Caddesi no: 95 / A | P8: =VLOOKUP(A8,Import!A:P,16,0) -> Geleneksel | Q8: 16-25 | R8: TRUE | S8: FALSE | T8: Dönüş Yapacak | W8: 3 hafta sonra randevu için arayacak // kendisidönecek / yeni dükana taşınmış bir hafta 10 güne oluşturmak istedi / henüz kendisini düzene sokamamış çok fazla türkçe konuşamıyor kendisi bana dönüş yapacak sık sık aranmak istemez | AA8: Görüşüldü | AB8: 44515 | AC8: Ulaşılamadı | AD8: 44525 | AE8: Dönüş Yapacak | AF8: 44547 | AK8: Betül Demir | AL8: Hatem Soyaslan | AM8: Hatem Soyaslan | AP8: Gökhan Çakır
A9: 5f328f81572e4cb196c3ce23 | B9: Abartı Izgara (Cumhuriye Mah.) | C9: =VLOOKUP(A9,Import!A:C,3,false) -> DOĞRU | D9: Kebap | E9: =VLOOKUP(A9,Import!A:J,5,0) -> 2481 | F9: =VLOOKUP(A9,Import!A:J,6,0) -> 495 | G9: =VLOOKUP(A9,Import!A:J,7,0) -> 0 | H9: =VLOOKUP(A9,Import!A:J,8,0) -> 47 | I9: =VLOOKUP(A9,Import!A:J,9,0) -> 47 | J9: =VLOOKUP(A9,Import!A:J,10,0) -> 0 | K9: =VLOOKUP(A9,Import!A:P,11,0) -> Mehmet Önal | L9: 2222342312 | M9: Tepebaşı | N9: Hoşnudiye | O9: Cumhuriyet Mah., Tepebaşı, Eskişehir, Türkiye, | P9: =VLOOKUP(A9,Import!A:P,16,0) -> Geleneksel | Q9: 16-25 | R9: TRUE | S9: TRUE | W9: fotoğraflar için arandı yetkili yok. | AA9: Yetkili Yok | AB9: 44525 | AK9: Kübra Toprak | AP9: Gökhan Çakır
A10: 5f35b5c7da66dcbc5ad6f478 | B10: ABC Kumru, Odunpazarı (İstiklal Mah.) | C10: =VLOOKUP(A10,Import!A:C,3,false) -> DOĞRU | D10: Sokak Lezzetleri | E10: =VLOOKUP(A10,Import!A:J,5,0) -> 1297 | F10: =VLOOKUP(A10,Import!A:J,6,0) -> 30 | G10: =VLOOKUP(A10,Import!A:J,7,0) -> 8 | H10: =VLOOKUP(A10,Import!A:J,8,0) -> 1 | I10: =VLOOKUP(A10,Import!A:J,9,0) -> 9 | J10: =VLOOKUP(A10,Import!A:J,10,0) -> 0.89 | K10: =VLOOKUP(A10,Import!A:P,11,0) -> AHMET SERTKAL | L10: 5359112020 | M10: Odunpazarı | N10: İstiklal | O10: İstiklal, Mustafa Kemal Atatürk Cd No:68, 26000 Odunpazarı/Eskişehir | P10: =VLOOKUP(A10,Import!A:P,16,0) -> Geleneksel | Q10: 16-25 | R10: TRUE | S10: FALSE | V10: Altuğ | X10: 44232 | Y10: 44246 | AP10: Gökhan Çakır
A11: 61c0d747b396924295573f37 | B11: Abdullah Amcabey Baklavaları, Odunpazarı (Emek Mah.) | C11: =VLOOKUP(A11,Import!A:C,3,false) -> DOĞRU | D11: Pasta & Tatlı | E11: =VLOOKUP(A11,Import!A:J,5,0) -> 47 | F11: =VLOOKUP(A11,Import!A:J,6,0) | G11: =VLOOKUP(A11,Import!A:J,7,0) -> 11 | H11: =VLOOKUP(A11,Import!A:J,8,0) -> 5 | I11: =VLOOKUP(A11,Import!A:J,9,0) -> 16 | J11: =VLOOKUP(A11,Import!A:J,10,0) -> 0.69 | K11: Funda Özkan | L11: 5458789294 | M11: Odunpazarı | N11: Emek | O11: Emek Mah. Dilek Caddesi No:17/A Odunpazarı Eskişehir | P11: =VLOOKUP(A11,Import!A:P,16,0) -> Geleneksel | R11: TRUE | S11: FALSE | T11: Randevu Alındı | U11: Hatem Soyaslan | V11: Muammer Çakır | X11: 44572 | Y11: 44581 | AA11: Görüşüldü | AB11: 44572 | AK11: Hatem Soyaslan
A12: 61dcac0ef55c685ed4f65ba6 | B12: Abdullah Amcabey Baklavaları, Odunpazarı (Osmangazi Mah.) | C12: =VLOOKUP(A12,Import!A:C,3,false) -> DOĞRU | D12: Pasta & Tatlı | E12: =VLOOKUP(A12,Import!A:J,5,0) -> 195 | F12: =VLOOKUP(A12,Import!A:J,6,0) -> 62 | G12: =VLOOKUP(A12,Import!A:J,7,0) -> 28 | H12: =VLOOKUP(A12,Import!A:J,8,0) -> 9 | I12: =VLOOKUP(A12,Import!A:J,9,0) -> 37 | J12: =VLOOKUP(A12,Import!A:J,10,0) -> 0.76 | K12: Ahmet Harun Akbulut | L12: 5461962025 | M12: Odunpazarı | N12: Osmangazi | O12: Osmangazi Mah. Basın Şehitleri Cad. No:275 C Odunpazarı Eskişehir | P12: =VLOOKUP(A12,Import!A:P,16,0) -> Geleneksel | R12: TRUE | S12: FALSE | T12: Randevu Alındı | U12: Betül Demir | V12: Muammer Çakır | X12: 44621 | Y12: 44622 | AA12: Görüşüldü | AB12: 44578 | AC12: Görüşüldü | AD12: 44621 | AK12: Betül Demir | AL12: Betül Demir
A13: 5f681b00021726a862107d15 | B13: Abi Tost & Kahvaltı & Köfte (Kırmızıtoprak Mah.) | C13: =VLOOKUP(A13,Import!A:C,3,false) -> DOĞRU | D13: Kahvaltı | E13: =VLOOKUP(A13,Import!A:J,5,0) -> 1508 | F13: =VLOOKUP(A13,Import!A:J,6,0) -> 57 | G13: =VLOOKUP(A13,Import!A:J,7,0) -> 15 | H13: =VLOOKUP(A13,Import!A:J,8,0) -> 60 | I13: =VLOOKUP(A13,Import!A:J,9,0) -> 75 | J13: =VLOOKUP(A13,Import!A:J,10,0) -> 0.2 | K13: =VLOOKUP(A13,Import!A:P,11,0) -> İZZET KAYALI | L13: 5355003005 | M13: Odunpazarı | N13: Kırmızıtoprak | O13: Kırmızıtoprak mah. Mustafa Kemal Atatürk Cad. No: 95 / c Odunpazarı / Eskişehir | P13: =VLOOKUP(A13,Import!A:P,16,0) -> Geleneksel | Q13: 16-25 | R13: TRUE | S13: FALSE | T13: Randevu Alındı | V13: Altuğ | W13: TEYİT İÇİN ARANDI ÇEKİM GERÇEKLEŞMİŞ | X13: 44250 | Y13: 44258 | AP13: Gökhan Çakır
A14: 6023ddaf2789557d9b92211a | B14: Ablanın Yeri, Tepebaşı (Cumhuriye Mah.) | C14: =VLOOKUP(A14,Import!A:C,3,false) -> DOĞRU | D14: Tost & Sandviç | E14: =VLOOKUP(A14,Import!A:J,5,0) -> 2738 | F14: =VLOOKUP(A14,Import!A:J,6,0) -> 71 | G14: =VLOOKUP(A14,Import!A:J,7,0) -> 0 | H14: =VLOOKUP(A14,Import!A:J,8,0) -> 83 | I14: =VLOOKUP(A14,Import!A:J,9,0) -> 83 | J14: =VLOOKUP(A14,Import!A:J,10,0) -> 0 | K14: =VLOOKUP(A14,Import!A:P,11,0) -> Ahmet Temel | L14: 5541918811 | M14: Tepebaşı | N14: Cumhuriye | O14: Cumhuriye Mah. Tersel Sk. No: 6 D Tepebaşı/Eskişehir | P14: =VLOOKUP(A14,Import!A:P,16,0) -> Geleneksel | Q14: 35+ | R14: TRUE | S14: FALSE | T14: Çekim İstemiyor | W14: ürünleri hepsini çıkaramam çekim istemiyorum demektedir.//açmadılar/ikna edilmek üzere arandı açmıyor/ ne dediysem yok ben istemiyorum dedi istemiyor kesinlikle aranmasın. | AA14: Ulaşılamadı | AB14: 44525 | AC14: Görüşüldü | AD14: 44530 | AK14: Hatem Soyaslan | AL14: Kübra Toprak | AP14: Gökhan Çakır
A15: 5f329ce0fb6dd9c3badd3098 | B15: Abone Mersin Tantuni, Arifiye | C15: =VLOOKUP(A15,Import!A:C,3,false) -> DOĞRU | D15: Sokak Lezzetleri | E15: =VLOOKUP(A15,Import!A:J,5,0) -> 5294 | F15: =VLOOKUP(A15,Import!A:J,6,0) -> 148 | G15: =VLOOKUP(A15,Import!A:J,7,0) -> 25 | H15: =VLOOKUP(A15,Import!A:J,8,0) -> 28 | I15: =VLOOKUP(A15,Import!A:J,9,0) -> 53 | J15: =VLOOKUP(A15,Import!A:J,10,0) -> 0.47 | K15: =VLOOKUP(A15,Import!A:P,11,0) -> İlyas Uzun | L15: 2222213326 | M15: Odunpazarı | N15: Arifiye | O15: Arifiye, Tayfun Sk. No:3-D, 26000 Odunpazarı/Eskişehir | P15: =VLOOKUP(A15,Import!A:P,16,0) -> Geleneksel | Q15: 16-25 | R15: TRUE | S15: FALSE | T15: Randevu Alındı | U15: Betül Demir | V15: Muammer Çakır | W15: Önceki çekim randevusunu gidilmemiş yeni tarih verildi./çekim gerçekleşmiş iki ay oldu dediler / yetkili yoktu ileteceek | X15: 44502 | Y15: 44504 | AA15: Görüşüldü | AB15: 44376 | AC15: Dönüş Yapacak | AD15: 44496 | AE15: Ulaşılamadı | AF15: 44498 | AG15: Görüşüldü | AH15: 44502 | AK15: Nazmiye Yuka | AL15: Betül Demir | AM15: Ezgi Turan | AN15: Betül Demir | AP15: Gökhan Çakır
A16: 5f3152cfd0c302043a3fce6d | B16: Abone Meşhur Tostçu (Yenibağlar Mah.) | C16: =VLOOKUP(A16,Import!A:C,3,false) -> DOĞRU | D16: Tost & Sandviç | E16: =VLOOKUP(A16,Import!A:J,5,0) -> 5915 | F16: =VLOOKUP(A16,Import!A:J,6,0) -> 187 | G16: =VLOOKUP(A16,Import!A:J,7,0) -> 0 | H16: =VLOOKUP(A16,Import!A:J,8,0) -> 193 | I16: =VLOOKUP(A16,Import!A:J,9,0) -> 193 | J16: =VLOOKUP(A16,Import!A:J,10,0) -> 0 | K16: =VLOOKUP(A16,Import!A:P,11,0) -> ALİ KARGA | L16: 2223227770 | M16: Tepebaşı | N16: Yenibağlar | O16: Yenibağlar, No:, Martı Sk. No:17, 26170 Tepebaşı/Eskişehir | P16: =VLOOKUP(A16,Import!A:P,16,0) -> Geleneksel | Q16: 16-25 | R16: TRUE | S16: FALSE | T16: Devir | W16: DEVİR EDEBİLİR // yetkili yokmuş | AP16: Gökhan Çakır
A17: 5f3517363322a8a481d8bc6b | B17: Abur Cubur Pizza, Eskibağlar | C17: =VLOOKUP(A17,Import!A:C,3,false) -> DOĞRU | D17: Pizza | E17: =VLOOKUP(A17,Import!A:J,5,0) -> 3065 | F17: =VLOOKUP(A17,Import!A:J,6,0) -> 201 | G17: =VLOOKUP(A17,Import!A:J,7,0) -> 65 | H17: =VLOOKUP(A17,Import!A:J,8,0) -> 36 | I17: =VLOOKUP(A17,Import!A:J,9,0) -> 101 | J17: =VLOOKUP(A17,Import!A:J,10,0) -> 0.64 | K17: =VLOOKUP(A17,Import!A:P,11,0) -> AHMET İSMAİL YAŞAR | L17: 5444632015 | M17: Tepebaşı | N17: Eskibağlar | O17: Eskibağlar, Oğuz Sk. No:6/B, 26020 Eskişehir Merkez/Eskişehir | P17: =VLOOKUP(A17,Import!A:P,16,0) -> Geleneksel | Q17: 16-25 | R17: TRUE | S17: FALSE | T17: Randevu Alındı | U17: Emre Dalgıç | V17: Emir | W17: Bahçelievler mah. Fulya sokak no:22/A Bahçelievler / Eskişehir/TEYİT İÇİN ARANDI ÇEKİM GERÇEKLEŞMİŞ | X17: 44267 | Y17: 44271 | AP17: Gökhan Çakır
A18: 5f3150d00c243ba11365248c | B18: Acayip Izgara Köfte & Sucuk (Yenibağlar Mah.) | C18: =VLOOKUP(A18,Import!A:C,3,false) -> DOĞRU | D18: Kebap | E18: =VLOOKUP(A18,Import!A:J,5,0) -> 1078 | F18: =VLOOKUP(A18,Import!A:J,6,0) -> 13 | G18: =VLOOKUP(A18,Import!A:J,7,0) -> 0 | H18: =VLOOKUP(A18,Import!A:J,8,0) -> 25 | I18: =VLOOKUP(A18,Import!A:J,9,0) -> 25 | J18: =VLOOKUP(A18,Import!A:J,10,0) -> 0 | K18: =VLOOKUP(A18,Import!A:P,11,0) -> ALİ KARGA | L18: 5416921792 | M18: Tepebaşı | N18: Yenibağlar | O18: Yenibağlar Mah., Martı Sok., No:17/B, Tepebaşı, Eskişehir, Türkiye, | P18: =VLOOKUP(A18,Import!A:P,16,0) -> Geleneksel | Q18: 16-25 | R18: TRUE | S18: FALSE | T18: Çekim İstemiyor | W18: MEŞGULE ATIYOR | AP18: Gökhan Çakır
A19: 60c0e3ed40dfe0e01ed9492b | B19: Acıktım Mersin Tantuni,Odunpazarı (Büyükdere Mah.) | C19: =VLOOKUP(A19,Import!A:C,3,false) -> DOĞRU | D19: Döner | E19: =VLOOKUP(A19,Import!A:J,5,0) -> 2740 | F19: =VLOOKUP(A19,Import!A:J,6,0) -> 91 | G19: =VLOOKUP(A19,Import!A:J,7,0) -> 5 | H19: =VLOOKUP(A19,Import!A:J,8,0) -> 28 | I19: =VLOOKUP(A19,Import!A:J,9,0) -> 33 | J19: =VLOOKUP(A19,Import!A:J,10,0) -> 0.15 | K19: =VLOOKUP(A19,Import!A:P,11,0) -> HAMİT KARAÇOL | L19: 5453569103 | M19: Odunpazarı | N19: Büyükdere | O19: Büyükdere Mah. Millet Cad. No: 66 A Odunpazarı / Eskişehir | P19: =VLOOKUP(A19,Import!A:P,16,0) -> Geleneksel | R19: TRUE | S19: FALSE | T19: Başka Şubeden Çekilecek | W19: damak tantuni ile aynı ürünler varmış ordan alıp koyabilirsiniz der / damak tantunidekilerin koyulmasını istedi hala koyulmamış (Damak Tantuni, Odunpazarı (Büyükdere Mah.) | AA19: Görüşüldü | AB19: 44376 | AC19: Görüşüldü | AD19: 44496 | AK19: Hatem Soyaslan | AL19: Betül Demir | AP19: Gökhan Çakır
A20: 5ff0ecb4f351dc2884680cb5 | B20: Ada Çibörek, Tepebaşı ( Hoşnudiye Mah.) | C20: =VLOOKUP(A20,Import!A:C,3,false) -> DOĞRU | D20: Mantı | E20: =VLOOKUP(A20,Import!A:J,5,0) -> 219 | F20: =VLOOKUP(A20,Import!A:J,6,0) | G20: =VLOOKUP(A20,Import!A:J,7,0) -> 34 | H20: =VLOOKUP(A20,Import!A:J,8,0) -> 40 | I20: =VLOOKUP(A20,Import!A:J,9,0) -> 74 | J20: =VLOOKUP(A20,Import!A:J,10,0) -> 0.46 | K20: =VLOOKUP(A20,Import!A:P,11,0) -> ESRA ÇETİNKAYA ENGİN | L20: 2222309249 | M20: Tepebaşı | N20: Hoşnudiye | O20: Hoşnudiye Mh. Sahilyolu Sk. Adalar No:20 | P20: =VLOOKUP(A20,Import!A:P,16,0) -> Geleneksel | Q20: 16-25 | R20: TRUE | S20: FALSE | T20: Randevu Alındı | U20: Emre Dalgıç | V20: Melika | W20: Eksik ürünlerin fotoğrafların çekimi yapılacak %65 oranında eksik.//TEYİT İÇİN ARANDI ÇEKİM GERÇEKLEŞMİŞ/yt yok | X20: 44267 | Y20: 44270 | AA20: Yetkili Yok | AB20: 44517 | AK20: Tuğba Buyur | AP20: Gökhan Çakır
A21: 620ea837141520d8f125d24b | B21: Adalar Mersin Tantuni, Odunpazarı (İstiklal Mah.) | C21: =VLOOKUP(A21,Import!A:C,3,false) -> DOĞRU | D21: Sokak Lezzetleri | E21: =VLOOKUP(A21,Import!A:J,5,0) -> 2 | F21: =VLOOKUP(A21,Import!A:J,6,0) | G21: =VLOOKUP(A21,Import!A:J,7,0) -> 0 | H21: =VLOOKUP(A21,Import!A:J,8,0) -> 4 | I21: =VLOOKUP(A21,Import!A:J,9,0) -> 4 | J21: =VLOOKUP(A21,Import!A:J,10,0) -> 0 | K21: Tahsin Demirok | L21: 5437640523 | M21: Odunpazarı | N21: İstiklal | O21: İstiklal Mah. Şirin Sok. No:45 A Odunpazarı Eskişehir | P21: =VLOOKUP(A21,Import!A:P,16,0) -> Geleneksel | R21: TRUE | S21: FALSE | W21: gönülsüz gibi 1 ay sonra bi bakalım dedi | AA21: Görüşüldü | AB21: 44628 | AK21: Sude Alkan
A22: 5fda79793edee4493d088e97 | B22: Adalar Pide & Kebap, Odunpazarı (İstiklal Mah.) | C22: =VLOOKUP(A22,Import!A:C,3,false) -> DOĞRU | D22: Lahmacun | E22: =VLOOKUP(A22,Import!A:J,5,0) -> 8262 | F22: =VLOOKUP(A22,Import!A:J,6,0) -> 422 | G22: =VLOOKUP(A22,Import!A:J,7,0) -> 11 | H22: =VLOOKUP(A22,Import!A:J,8,0) -> 38 | I22: =VLOOKUP(A22,Import!A:J,9,0) -> 49 | J22: =VLOOKUP(A22,Import!A:J,10,0) -> 0.22 | K22: =VLOOKUP(A22,Import!A:P,11,0) -> Mehmet Yıldız | L22: 2223852679 | M22: Odunpazarı | N22: İstiklal | O22: İstiklal Mah. Akınlar Sok. No:29 A Odunpazarı/ Eskişehir | P22: =VLOOKUP(A22,Import!A:P,16,0) -> Geleneksel | Q22: 16-25 | R22: TRUE | S22: FALSE | U22: Güneş | V22: Emir | W22: ulaşılamadı | X22: 44261 | Y22: 44264 | AA22: Ulaşılamadı | AB22: 44483 | AC22: Ulaşılamadı | AD22: 44504 | AE22: Ulaşılamadı | AF22: 44547 | AK22: Zeliha Özer | AL22: Zeliha Özer | AM22: Tuğba Buyur | AP22: Gökhan Çakır
A23: 620b97881c3900be88e127a0 | B23: Adalar Tantuni, Odunpazarı (İstiklal Mah.) | C23: =VLOOKUP(A23,Import!A:C,3,false) -> DOĞRU | D23: Sokak Lezzetleri | E23: =VLOOKUP(A23,Import!A:J,5,0) -> 955 | F23: =VLOOKUP(A23,Import!A:J,6,0) -> 241 | G23: =VLOOKUP(A23,Import!A:J,7,0) -> 0 | H23: =VLOOKUP(A23,Import!A:J,8,0) -> 19 | I23: =VLOOKUP(A23,Import!A:J,9,0) -> 19 | J23: =VLOOKUP(A23,Import!A:J,10,0) -> 0 | K23: TAHİR TAŞ | L23: 5461232521 | M23: Odunpazarı | N23: İstiklal | O23: İstiklal Mah. Başarılı Sok. No:17 E Odunpazarı Eskişehir | P23: =VLOOKUP(A23,Import!A:P,16,0) -> Geleneksel | R23: TRUE | S23: FALSE | T23: Çekim İstemiyor | W23: aradığınız kişiye ulaşılmıyor/ terbiysiz surartıma kapatarak tekrar aradığımda da buyrun buyrun diye konuştu gelin dedi gelmeyin dedi randeuvu oluşturulmadı | AA23: Ulaşılamadı | AB23: 44620 | AC23: Görüşüldü | AD23: 44628 | AK23: Hatem Soyaslan | AL23: Hatem Soyaslan
A24: 61c0f12f6d2da40466111cf9 | B24: Adalı Kumru & Fast Food, Tepebaşı (Şirintepe Mah.) | C24: =VLOOKUP(A24,Import!A:C,3,false) -> DOĞRU | D24: Tost & Sandviç | E24: =VLOOKUP(A24,Import!A:J,5,0) -> 613 | F24: =VLOOKUP(A24,Import!A:J,6,0) -> 85 | G24: =VLOOKUP(A24,Import!A:J,7,0) -> 29 | H24: =VLOOKUP(A24,Import!A:J,8,0) -> 37 | I24: =VLOOKUP(A24,Import!A:J,9,0) -> 66 | J24: =VLOOKUP(A24,Import!A:J,10,0) -> 0.44 | K24: ALİ ERDÖNMEZ | L24: 5449143300 | M24: Tepebaşı | N24: Şirintepe | O24: Şirintepe Mah. Yaylapınar Cad. NO: 96/ A TEPEBAŞI/ ESKİŞEHİR | P24: =VLOOKUP(A24,Import!A:P,16,0) -> Geleneksel | R24: TRUE | S24: FALSE | T24: Randevu Alındı | U24: Hatem Soyaslan | V24: Muammer Çakır | X24: 44554 | Y24: 44557 | AA24: Görüşüldü | AB24: 44554 | AK24: Hatem Soyaslan
A25: 5f3378fd30bf6361f32c87ca | B25: Adana Böreği Yunus Usta, Tepebaşı (Hoşnudiye Mah.) | C25: =VLOOKUP(A25,Import!A:C,3,false) -> DOĞRU | D25: Börek | E25: =VLOOKUP(A25,Import!A:J,5,0) -> 2378 | F25: =VLOOKUP(A25,Import!A:J,6,0) -> 45 | G25: =VLOOKUP(A25,Import!A:J,7,0) -> 19 | H25: =VLOOKUP(A25,Import!A:J,8,0) -> 15 | I25: =VLOOKUP(A25,Import!A:J,9,0) -> 34 | J25: =VLOOKUP(A25,Import!A:J,10,0) -> 0.56 | K25: =VLOOKUP(A25,Import!A:P,11,0) -> MERVE TINMAZ | L25: 5524240424 | M25: Tepebaşı | N25: Hoşnudiye | O25: Hoşnudiye, İstasyon Cd. No:41, 26130 Tepebaşı/Eskişehir | P25: =VLOOKUP(A25,Import!A:P,16,0) -> Geleneksel | Q25: 0-15 | R25: TRUE | S25: FALSE | T25: Randevu Alındı | U25: Kübra Toprak | V25: Muammer Çakır | W25: numara kullanılmıyor/ 0532 786 00 08 gülseren hanımdan randevu alındı. | X25: 44530 | Y25: 44531 | AA25: Ulaşılamadı | AB25: 44517 | AC25: Görüşüldü | AD25: 44530 | AK25: Tuğba Buyur | AL25: Kübra Toprak | AP25: Gökhan Çakır
A26: 5f3517c5f86cbfd09410dec6 | B26: Adanalı Bekir Usta, Tepebaşı (Hoşnudiye Mah.) | C26: =VLOOKUP(A26,Import!A:C,3,false) -> DOĞRU | D26: Kebap | E26: =VLOOKUP(A26,Import!A:J,5,0) -> 689 | F26: =VLOOKUP(A26,Import!A:J,6,0) -> 2 | G26: =VLOOKUP(A26,Import!A:J,7,0) -> 6 | H26: =VLOOKUP(A26,Import!A:J,8,0) -> 5 | I26: =VLOOKUP(A26,Import!A:J,9,0) -> 11 | J26: =VLOOKUP(A26,Import!A:J,10,0) -> 0.55 | K26: =VLOOKUP(A26,Import!A:P,11,0) -> Keziban Coşman | L26: 2222215047 | M26: Tepebaşı | N26: Hoşnudiye | O26: Hoşnudiye, 36, Vural Sk., 26130 Tepebaşı/Eskişehir | P26: =VLOOKUP(A26,Import!A:P,16,0) -> Geleneksel | Q26: 0-15 | R26: TRUE | S26: FALSE | T26: Randevu Alındı | V26: Melika | W26: çekilmiş | X26: 44231 | Y26: 44237 | AP26: Gökhan Çakır
A27: 61e187b8401ceca56cd942f7 | B27: Adanalı Dürümcü İbrahim Usta, Tepebaşı (Cumhuriye Mah.) | C27: =VLOOKUP(A27,Import!A:C,3,false) -> DOĞRU | D27: Döner | E27: =VLOOKUP(A27,Import!A:J,5,0) -> 790 | F27: =VLOOKUP(A27,Import!A:J,6,0) -> 70 | G27: =VLOOKUP(A27,Import!A:J,7,0) -> 0 | H27: =VLOOKUP(A27,Import!A:J,8,0) -> 19 | I27: =VLOOKUP(A27,Import!A:J,9,0) -> 19 | J27: =VLOOKUP(A27,Import!A:J,10,0) -> 0 | K27: Tekin Coşman | L27: 5324867178 | M27: Tepebaşı | N27: Cumhuriyet | O27: Cumhuriye Mah. Cengiz Topel Cad. No:80 B Tepebaşı Eskişehir | P27: =VLOOKUP(A27,Import!A:P,16,0) -> Geleneksel | R27: TRUE | S27: FALSE | T27: Ulaşılamadı | W27: açmadı | AA27: Ulaşılamadı | AB27: 44596 | AK27: Hatem Soyaslan
A28: 5f7b1a02ec14c4d9cd0273f8 | B28: Adanalı Dürümcü Soner Usta, Cumhuriye | C28: =VLOOKUP(A28,Import!A:C,3,false) -> DOĞRU | D28: Kebap | E28: =VLOOKUP(A28,Import!A:J,5,0) -> 4919 | F28: =VLOOKUP(A28,Import!A:J,6,0) -> 31 | G28: =VLOOKUP(A28,Import!A:J,7,0) -> 12 | H28: =VLOOKUP(A28,Import!A:J,8,0) -> 21 | I28: =VLOOKUP(A28,Import!A:J,9,0) -> 33 | J28: =VLOOKUP(A28,Import!A:J,10,0) -> 0.36 | K28: =VLOOKUP(A28,Import!A:P,11,0) -> SONER COŞMAN | L28: 2222212601 | M28: Tepebaşı | N28: Eskibağlar | O28: Cumhuriye mah. Zübeyde Hanım Cad. No: 4/A Tepebaşı/Eskişehir | P28: =VLOOKUP(A28,Import!A:P,16,0) -> Geleneksel | Q28: 26-35 | R28: TRUE | S28: FALSE | T28: Randevu Alındı | V28: Melika | W28: TEYİT İÇİN ARANDI ÇEKİM GERÇEKLEŞMİŞ | X28: 44231 | Y28: 44235 | AP28: Gökhan Çakır
A29: 61bb78881bcbb528923d4bf0 | B29: Adanalı Sezer Usta Pide & Lahmacun, Tepebaşı (Hoşnudiye Mah.) | C29: =VLOOKUP(A29,Import!A:C,3,false) -> DOĞRU | D29: Pide | E29: =VLOOKUP(A29,Import!A:J,5,0) -> 197 | F29: =VLOOKUP(A29,Import!A:J,6,0) -> 24 | G29: =VLOOKUP(A29,Import!A:J,7,0) -> 0 | H29: =VLOOKUP(A29,Import!A:J,8,0) -> 21 | I29: =VLOOKUP(A29,Import!A:J,9,0) -> 21 | J29: =VLOOKUP(A29,Import!A:J,10,0) -> 0 | K29: SEZER DEMİR | L29: 5525007171 | M29: Tepebaşı | N29: Hoşnudiye | O29: Hoşnudiye, Ay Lounge Altı, Şahin Cd. No:76/C, 26130 Tepebaşı/Eskişehir | P29: =VLOOKUP(A29,Import!A:P,16,0) -> Geleneksel | R29: TRUE | S29: FALSE | T29: Ulaşılamadı | W29: yt yok / yetkili yok | AA29: Yetkili Yok | AB29: 44565 | AC29: Yetkili Yok | AD29: 44571 | AK29: Selcan Topçu | AL29: Hatem Soyaslan
A30: 60e04c27eed350a83e7d1054 | B30: Adanus Ocakbaşı, Tepebaşı (Cumhuriye Mah.) | C30: =VLOOKUP(A30,Import!A:C,3,false) -> YANLIŞ | D30: Kebap | E30: =VLOOKUP(A30,Import!A:J,5,0) -> 121 | F30: =VLOOKUP(A30,Import!A:J,6,0) | G30: =VLOOKUP(A30,Import!A:J,7,0) -> 0 | H30: =VLOOKUP(A30,Import!A:J,8,0) -> 14 | I30: =VLOOKUP(A30,Import!A:J,9,0) -> 14 | J30: =VLOOKUP(A30,Import!A:J,10,0) -> 0 | K30: =VLOOKUP(A30,Import!A:P,11,0) -> Özlem Ürün | L30: 5358778441 | M30: Tepebaşı | N30: Cumhuriye | O30: Cumhuriye Mah. Yaprak Sk. No:6A Tepebaşı/Eskişehir | P30: =VLOOKUP(A30,Import!A:P,16,0) -> Geleneksel | R30: TRUE | S30: FALSE | T30: İleride Randevu Alınacak | W30: karantinadaymış/açmadı | AA30: Tekrar Aranacak | AB30: 44496 | AC30: Ulaşılamadı | AD30: 44524 | AK30: Hatem Soyaslan | AL30: Hatem Soyaslan | AP30: Gökhan Çakır
A31: 5f67f7192702e9083fb20a37 | B31: Adıyaman Çiğ Köfte Murat Usta, Tepebaşı (Cumhuriye Mah.) | C31: =VLOOKUP(A31,Import!A:C,3,false) -> DOĞRU | D31: Çiğ Köfte | E31: =VLOOKUP(A31,Import!A:J,5,0) -> 692 | F31: =VLOOKUP(A31,Import!A:J,6,0) -> 17 | G31: =VLOOKUP(A31,Import!A:J,7,0) -> 11 | H31: =VLOOKUP(A31,Import!A:J,8,0) -> 12 | I31: =VLOOKUP(A31,Import!A:J,9,0) -> 23 | J31: =VLOOKUP(A31,Import!A:J,10,0) -> 0.48 | K31: =VLOOKUP(A31,Import!A:P,11,0) -> Mehmet Tüfenk | L31: 5337761568 | M31: Tepebaşı | N31: Ömerağa | O31: Cumhuriye mah. Zübeyde Hanım Cad. No: 26/A Tepebaşı/Eskişehir | P31: =VLOOKUP(A31,Import!A:P,16,0) -> Geleneksel | Q31: 16-25 | R31: TRUE | S31: FALSE | T31: Randevu Alındı | V31: Emir | W31: TEYİT İÇİN ARANDI ÇEKİM GERÇEKLEŞMİŞ | X31: 44232 | Y31: 44236 | AP31: Gökhan Çakır
A32: 61b9feffa431e1ec64f46669 | B32: Adıyaman Çiğ Köftecisi Ali Usta, Odunpazarı (71 Evler Mah.) | C32: =VLOOKUP(A32,Import!A:C,3,false) -> DOĞRU | D32: Çiğ Köfte | E32: =VLOOKUP(A32,Import!A:J,5,0) -> 39 | F32: =VLOOKUP(A32,Import!A:J,6,0) -> 6 | G32: =VLOOKUP(A32,Import!A:J,7,0) -> 5 | H32: =VLOOKUP(A32,Import!A:J,8,0) -> 0 | I32: =VLOOKUP(A32,Import!A:J,9,0) -> 5 | J32: =VLOOKUP(A32,Import!A:J,10,0) -> 1 | K32: ALİ TURAN | L32: 5456606594 | M32: Odunpazarı | N32: 71 Evler 1. Bölge | O32: 71 Evler Mahallesi Kafkas Caddesi 69/D Odunpazarı Eskişehir | P32: =VLOOKUP(A32,Import!A:P,16,0) -> Geleneksel | R32: TRUE | S32: FALSE | T32: Randevu Alındı | U32: Zeliha Özer | X32: 44578 | Y32: 44580 | AA32: Görüşüldü | AB32: 44578 | AK32: Zeliha Özer
A33: 621a5d2926ef38ff0c67fe63 | B33: Adıyaman Çiğ Köftecisi İlyas Aybak, Odunpazarı (71 Evler Mah.) | C33: =VLOOKUP(A33,Import!A:C,3,false) -> DOĞRU | D33: Çiğ Köfte | E33: =VLOOKUP(A33,Import!A:J,5,0) -> 13 | F33: =VLOOKUP(A33,Import!A:J,6,0) -> 1 | G33: =VLOOKUP(A33,Import!A:J,7,0) -> 0 | H33: =VLOOKUP(A33,Import!A:J,8,0) -> 22 | I33: =VLOOKUP(A33,Import!A:J,9,0) -> 22 | J33: =VLOOKUP(A33,Import!A:J,10,0) -> 0 | K33: İlyas Silindir | L33: 5432761694 | M33: Odunpazarı | N33: Emek | O33: 71 Evler Mahallesi Tarih Bulvarı No:43/B Odunpazarı Eskişehir | P33: =VLOOKUP(A33,Import!A:P,16,0) -> Geleneksel | R33: TRUE | S33: FALSE | W33: 1 saat sonra | AA33: Tekrar Aranacak | AB33: 44628 | AK33: Sude Alkan
A34: 5fa5f00566a584ab34fdd59a | B34: Adıyaman Çiğ Köftecisi, Odunpazarı (Ihlamurkent Mah.) | C34: =VLOOKUP(A34,Import!A:C,3,false) -> DOĞRU | D34: Çiğ Köfte | E34: =VLOOKUP(A34,Import!A:J,5,0) -> 862 | F34: =VLOOKUP(A34,Import!A:J,6,0) -> 21 | G34: =VLOOKUP(A34,Import!A:J,7,0) -> 3 | H34: =VLOOKUP(A34,Import!A:J,8,0) -> 13 | I34: =VLOOKUP(A34,Import!A:J,9,0) -> 16 | J34: =VLOOKUP(A34,Import!A:J,10,0) -> 0.19 | K34: =VLOOKUP(A34,Import!A:P,11,0) -> SERHAT ANILIR | L34: 5412208287 | M34: Odunpazarı | N34: Ihlamurkent | O34: Ihlamurkent Mah. Nevruz cad. No:42/EB Odunpazarı/Eskişehir | P34: =VLOOKUP(A34,Import!A:P,16,0) -> Geleneksel | Q34: 0-15 | R34: TRUE | S34: FALSE | T34: Randevu Alındı | V34: Emir | W34: TEYİT İÇİN ARANDI ÇEKİM GERÇEKLEŞMİŞ | X34: 44232 | Y34: 44236 | AP34: Gökhan Çakır
A35: 5f35ada4d64681eb3bfeb406 | B35: Adıyaman Çiğköftecisi İlyas Aybak, Odunpazarı (Emek Mah.) | C35: =VLOOKUP(A35,Import!A:C,3,false) -> DOĞRU | D35: Çiğ Köfte | E35: =VLOOKUP(A35,Import!A:J,5,0) -> 2628 | F35: =VLOOKUP(A35,Import!A:J,6,0) -> 50 | G35: =VLOOKUP(A35,Import!A:J,7,0) -> 17 | H35: =VLOOKUP(A35,Import!A:J,8,0) -> 10 | I35: =VLOOKUP(A35,Import!A:J,9,0) -> 27 | J35: =VLOOKUP(A35,Import!A:J,10,0) -> 0.63 | K35: =VLOOKUP(A35,Import!A:P,11,0) -> HAKAN ADALIOĞLU | L35: 5438920626 | M35: Odunpazarı | N35: Emek | O35: Emek, Ertaş Blv. No:111, 26080 Odunpazarı/Eskişehir | P35: =VLOOKUP(A35,Import!A:P,16,0) -> Geleneksel | Q35: 16-25 | R35: TRUE | S35: FALSE | T35: Randevu Alındı | V35: Melika | W35: TEYİT İÇİN ARANDI ÇEKİM GERÇEKLEŞMİŞ | X35: 44232 | Y35: 44236 | AP35: Gökhan Çakır
A36: 60bd1a2cdfedba45a30f33ff | B36: Adıyamanlı Abuzeroğulları, Tepebaşı ( Batıkent Mah.) | C36: =VLOOKUP(A36,Import!A:C,3,false) -> DOĞRU | D36: Kebap | E36: =VLOOKUP(A36,Import!A:J,5,0) -> 542 | F36: =VLOOKUP(A36,Import!A:J,6,0) -> 27 | G36: =VLOOKUP(A36,Import!A:J,7,0) -> 0 | H36: =VLOOKUP(A36,Import!A:J,8,0) -> 16 | I36: =VLOOKUP(A36,Import!A:J,9,0) -> 16 | J36: =VLOOKUP(A36,Import!A:J,10,0) -> 0 | K36: =VLOOKUP(A36,Import!A:P,11,0) -> Muhammed Enes İleli | L36: 5379480226 | M36: Tepebaşı | N36: Batıkent | O36: Batıkent Mah. Liman Cad. No:32 A Tepebaşı/ Eskişehir | P36: =VLOOKUP(A36,Import!A:P,16,0) -> Geleneksel | R36: TRUE | S36: FALSE | T36: Randevu İptal | U36: Selcan Topçu | V36: muammer | W36: 5554896073 | X36: 44565 | Y36: 44566 | AA36: Ulaşılamadı | AB36: 44518 | AC36: Ulaşılamadı | AD36: 44518 | AE36: Görüşüldü | AF36: 44565 | AK36: Kübra Toprak | AL36: Kübra Toprak | AM36: Selcan Topçu | AP36: Gökhan Çakır
A37: 61fc026c3f06a77aa56699d5 | B37: Adıyamanlı Baraka Çiğ Köftecisi, Odunpazarı (Büyükdere Mah.) | C37: =VLOOKUP(A37,Import!A:C,3,false) -> DOĞRU | D37: Çiğ Köfte | E37: =VLOOKUP(A37,Import!A:J,5,0) -> 333 | F37: =VLOOKUP(A37,Import!A:J,6,0) -> 137 | G37: =VLOOKUP(A37,Import!A:J,7,0) -> 0 | H37: =VLOOKUP(A37,Import!A:J,8,0) -> 23 | I37: =VLOOKUP(A37,Import!A:J,9,0) -> 23 | J37: =VLOOKUP(A37,Import!A:J,10,0) -> 0 | K37: Uğurcan Aydoğdu | L37: 5346520726 | M37: Odunpazarı | N37: Büyükdere | O37: BÜYÜKDERE MAH. KAPLANLI CAD. NO: 77 A ODUNPAZARI/ ESKİŞEHİR | P37: =VLOOKUP(A37,Import!A:P,16,0) -> Geleneksel | R37: TRUE | S37: FALSE | T37: Restoran Silindi | AA37: Dönüş Yapacak | AB37: 44599 | AC37: Görüşüldü | AD37: 44628 | AK37: Hatem Soyaslan | AL37: Betül Demir
A38: 61b9fc5f10687ded227e2054 | B38: Adıyamanlı Çiğ Köfte & Tatlı, Odunpazarı (Büyükdere Mah.) | C38: =VLOOKUP(A38,Import!A:C,3,false) -> DOĞRU | D38: Çiğ Köfte | E38: =VLOOKUP(A38,Import!A:J,5,0) -> 137 | F38: =VLOOKUP(A38,Import!A:J,6,0) -> 22 | G38: =VLOOKUP(A38,Import!A:J,7,0) -> 3 | H38: =VLOOKUP(A38,Import!A:J,8,0) -> 0 | I38: =VLOOKUP(A38,Import!A:J,9,0) -> 3 | J38: =VLOOKUP(A38,Import!A:J,10,0) -> 1 | K38: ALİ TURAN | L38: 5456606594 | M38: Odunpazarı | N38: Büyükdere | O38: Büyükdere, Fakülte Sok. 5/C, Odunpazarı/Eskişehir | P38: =VLOOKUP(A38,Import!A:P,16,0) -> Geleneksel | R38: TRUE | S38: FALSE | T38: Randevu Alındı | U38: Selcan Topçu | V38: muammer | W38: dalgıc sokak | X38: 44561 | Y38: 44565 | AA38: Görüşüldü | AB38: 44561 | AK38: Selcan Topçu
A39: 601397ff998c1343f7870497 | B39: Adıyamanlı Çiğ Köfteci Abuzeroğulları, Tepebaşı (Şirintepe Mah.) | C39: =VLOOKUP(A39,Import!A:C,3,false) -> DOĞRU | D39: Çiğ Köfte | E39: =VLOOKUP(A39,Import!A:J,5,0) -> 976 | F39: =VLOOKUP(A39,Import!A:J,6,0) -> 4 | G39: =VLOOKUP(A39,Import!A:J,7,0) -> 6 | H39: =VLOOKUP(A39,Import!A:J,8,0) -> 10 | I39: =VLOOKUP(A39,Import!A:J,9,0) -> 16 | J39: =VLOOKUP(A39,Import!A:J,10,0) -> 0.38 | K39: =VLOOKUP(A39,Import!A:P,11,0) -> Murat kaya | L39: 5330373024 | M39: Tepebaşı | N39: Şirintepe | O39: Yaylapınar caddesi no 7 c Tepebaşı Eskişehir | P39: =VLOOKUP(A39,Import!A:P,16,0) -> Geleneksel | Q39: 0-15 | R39: TRUE | S39: FALSE | T39: Başka Şubeden Çekilecek | W39: başka aramada | AP39: Gökhan Çakır
A40: 60e04fc52a992115ac79a314 | B40: Adıyamanlı Çiğ Köfteci Abuzeroğulları, Tepebaşı (Yeşiltepe Mah.) | C40: =VLOOKUP(A40,Import!A:C,3,false) -> DOĞRU | D40: Çiğ Köfte | E40: =VLOOKUP(A40,Import!A:J,5,0) -> 1711 | F40: =VLOOKUP(A40,Import!A:J,6,0) -> 69 | G40: =VLOOKUP(A40,Import!A:J,7,0) -> 0 | H40: =VLOOKUP(A40,Import!A:J,8,0) -> 15 | I40: =VLOOKUP(A40,Import!A:J,9,0) -> 15 | J40: =VLOOKUP(A40,Import!A:J,10,0) -> 0 | K40: =VLOOKUP(A40,Import!A:P,11,0) -> Ömer Küçük | L40: 5447844222 | M40: Tepebaşı | N40: Yeşiltepe | O40: Yeşiltepe Mah. Bilgeç Cad. No:36C Tepebaşı/Eskişehir | P40: =VLOOKUP(A40,Import!A:P,16,0) -> Geleneksel | R40: TRUE | S40: FALSE | T40: Randevu İptal | U40: Betül Demir | V40: Muammer Çakır | X40: 44522 | Y40: 44524 | AA40: Görüşüldü | AB40: 44522 | AK40: Betül Demir | AP40: Gökhan Çakır
A41: 5fa339d062bd7c92d88b14ca | B41: Adıyamanlı Çiğ Köfteci Kemal Usta, Akarbaşı | C41: =VLOOKUP(A41,Import!A:C,3,false) -> YANLIŞ | D41: Çiğ Köfte | E41: =VLOOKUP(A41,Import!A:J,5,0) -> 217 | F41: =VLOOKUP(A41,Import!A:J,6,0) | G41: =VLOOKUP(A41,Import!A:J,7,0) -> 10 | H41: =VLOOKUP(A41,Import!A:J,8,0) -> 12 | I41: =VLOOKUP(A41,Import!A:J,9,0) -> 22 | J41: =VLOOKUP(A41,Import!A:J,10,0) -> 0.45 | K41: =VLOOKUP(A41,Import!A:P,11,0) -> BURAK AÇIL | L41: 2222258515 | M41: Odunpazarı | N41: Vişnelik | O41: Akarbaşı Mah. Emeksiz Sok . No :2 Odunpazarı / Eskişehir | P41: =VLOOKUP(A41,Import!A:P,16,0) -> Geleneksel | Q41: 16-25 | R41: TRUE | S41: FALSE | T41: Randevu Alındı | V41: Emir | W41: TEYİT İÇİN ARANDI ÇEKİM GERÇEKLEŞMİŞ | X41: 44232 | Y41: 44237 | AP41: Gökhan Çakır
A42: 62134e0541190985c82b97d6 | B42: Adıyamanlı Çiğ Köfteci Kemal Usta, Tepebaşı (Batıkent Mah.) | C42: =VLOOKUP(A42,Import!A:C,3,false) -> DOĞRU | D42: Çiğ Köfte | E42: =VLOOKUP(A42,Import!A:J,5,0) | F42: =VLOOKUP(A42,Import!A:J,6,0) | G42: =VLOOKUP(A42,Import!A:J,7,0) -> 0 | H42: =VLOOKUP(A42,Import!A:J,8,0) -> 10 | I42: =VLOOKUP(A42,Import!A:J,9,0) -> 10 | J42: =VLOOKUP(A42,Import!A:J,10,0) -> 0 | K42: Erhan Şen | L42: 5424645278 | M42: Tepebaşı | N42: Batıkent | O42: Batıkent Mahallesi Kardak sokak No:13/B Tepebaşı Eskişehir | P42: =VLOOKUP(A42,Import!A:P,16,0) -> Geleneksel | R42: TRUE | S42: FALSE | T42: Ulaşılamadı | W42: aradığınız kişiye şuanda ulaşılamıyor | AA42: Ulaşılamadı | AB42: 44620 | AK42: Hatem Soyaslan
A43: 609190e8d3de6c0418ce5ea5 | B43: Adıyamanlı Çiğ Köfteci Kemal Usta, Tepebaşı (Orhanoğuz Cad.) | C43: =VLOOKUP(A43,Import!A:C,3,false) -> YANLIŞ | D43: Çiğ Köfte | E43: =VLOOKUP(A43,Import!A:J,5,0) -> 698 | F43: =VLOOKUP(A43,Import!A:J,6,0) -> 33 | G43: =VLOOKUP(A43,Import!A:J,7,0) -> 9 | H43: =VLOOKUP(A43,Import!A:J,8,0) -> 13 | I43: =VLOOKUP(A43,Import!A:J,9,0) -> 22 | J43: =VLOOKUP(A43,Import!A:J,10,0) -> 0.41 | K43: =VLOOKUP(A43,Import!A:P,11,0) -> Mustafa İslam Bozbay | L43: 5011234567 | M43: Tepebaşı | N43: Bahçelievler | O43: Bahçelievler Mah. Prof. Dr. Orhan Oğuz Cad. No:31 C Tepebaşı/ Eskişehir | P43: =VLOOKUP(A43,Import!A:P,16,0) -> Geleneksel | R43: TRUE | S43: FALSE | T43: Randevu Alındı | U43: Gül Değirmenci | V43: Muammer | W43: 5063890126devam çekimi alınmıştı iptal edildi tekrar aranıp alınacak | X43: 44490 | Y43: 44491 | AA43: Görüşüldü | AB43: 44490 | AC43: Tekrar Aranacak | AD43: 44491 | AK43: Gül Değirmenci | AL43: Hatem Soyaslan | AP43: Gökhan Çakır
A44: 6257bf8c1e1d387b43be4f00 | B44: Adıyamanlı Çiğ Köfteci Kemal Usta, Tepebaşı (Sütlüce Mah.) | C44: =VLOOKUP(A44,Import!A:C,3,false) -> DOĞRU | D44: Çiğ Köfte | E44: =VLOOKUP(A44,Import!A:J,5,0) -> 4 | F44: =VLOOKUP(A44,Import!A:J,6,0) -> 4 | G44: =VLOOKUP(A44,Import!A:J,7,0) -> 0 | H44: =VLOOKUP(A44,Import!A:J,8,0) -> 31 | I44: =VLOOKUP(A44,Import!A:J,9,0) -> 31 | J44: =VLOOKUP(A44,Import!A:J,10,0) -> 0 | K44: Turgut Ataca | L44: 5305530718 | M44: Tepebaşı | N44: Sütlüce | O44: Sütlüce Mah. Eğitimciler Cad. No : 61b Tepebaşı/Eskişehir | P44: =VLOOKUP(A44,Import!A:P,16,0) -> Geleneksel | R44: FALSE | S44: FALSE
A45: 5f71eeb24b2808c223e07574 | B45: Adıyamanlı Çiğ Köfteci Kemal Usta, Tunalı | C45: =VLOOKUP(A45,Import!A:C,3,false) -> YANLIŞ | D45: Çiğ Köfte | E45: =VLOOKUP(A45,Import!A:J,5,0) -> 230 | F45: =VLOOKUP(A45,Import!A:J,6,0) | G45: =VLOOKUP(A45,Import!A:J,7,0) -> 3 | H45: =VLOOKUP(A45,Import!A:J,8,0) -> 16 | I45: =VLOOKUP(A45,Import!A:J,9,0) -> 19 | J45: =VLOOKUP(A45,Import!A:J,10,0) -> 0.16 | K45: =VLOOKUP(A45,Import!A:P,11,0) -> SERDAR KALPAKLI | L45: 5436938512 | M45: Tepebaşı | N45: Tunalı | O45: Tunalı Mah. Sakarya 2 cad. no:60/b Tepebaşı/Eskişehir | P45: =VLOOKUP(A45,Import!A:P,16,0) -> Geleneksel | Q45: 16-25 | R45: TRUE | S45: FALSE | T45: Randevu Alındı | V45: Melika | W45: TEYİT İÇİN ARANDI AÇMADILAR | X45: 44238 | Y45: 44249 | AP45: Gökhan Çakır
A46: 5f35521864610e0ca0604d20 | B46: Adıyamanlı Çiğ Köfteci, Odunpazarı (Vişnelik Mah.) | C46: =VLOOKUP(A46,Import!A:C,3,false) -> DOĞRU | D46: Sokak Lezzetleri | E46: =VLOOKUP(A46,Import!A:J,5,0) -> 2905 | F46: =VLOOKUP(A46,Import!A:J,6,0) -> 32 | G46: =VLOOKUP(A46,Import!A:J,7,0) -> 8 | H46: =VLOOKUP(A46,Import!A:J,8,0) -> 18 | I46: =VLOOKUP(A46,Import!A:J,9,0) -> 26 | J46: =VLOOKUP(A46,Import!A:J,10,0) -> 0.31 | K46: =VLOOKUP(A46,Import!A:P,11,0) -> YAŞAR KİRAZ | L46: 5397248350 | M46: Odunpazarı | N46: Vişnelik | O46: Vişnelik, Öğretmenler Blv no:97/A, 26020 Odunpazarı/Eskişehir | P46: =VLOOKUP(A46,Import!A:P,16,0) -> Geleneksel | Q46: 26-35 | R46: TRUE | S46: FALSE | T46: Randevu Alındı | U46: Selcan Topçu | X46: 44568 | Y46: 44571 | AA46: Ulaşılamadı | AB46: 44379 | AC46: Dönüş Yapacak | AD46: 44496 | AE46: Görüşüldü | AF46: 44568 | AK46: Nazmiye Yuka | AL46: Betül Demir | AM46: Selcan Topçu | AP46: Gökhan Çakır
A47: 5fce0fd6588017496e3d8763 | B47: Adıyamanlı Çiğ Köfteci, Tepebaşı (Cumhuriye Mah.) | C47: =VLOOKUP(A47,Import!A:C,3,false) -> DOĞRU | D47: Çiğ Köfte | E47: =VLOOKUP(A47,Import!A:J,5,0) -> 4367 | F47: =VLOOKUP(A47,Import!A:J,6,0) -> 127 | G47: =VLOOKUP(A47,Import!A:J,7,0) -> 0 | H47: =VLOOKUP(A47,Import!A:J,8,0) -> 32 | I47: =VLOOKUP(A47,Import!A:J,9,0) -> 32 | J47: =VLOOKUP(A47,Import!A:J,10,0) -> 0 | K47: =VLOOKUP(A47,Import!A:P,11,0) -> Demet Bilgiç | L47: 2222211416 | M47: Tepebaşı | N47: Cumhuriye | O47: Cumhuriyet Mah. Kırım Cad. No:6 C Tepebaşı/ Eskişehir | P47: =VLOOKUP(A47,Import!A:P,16,0) -> Geleneksel | Q47: 16-25 | R47: TRUE | S47: FALSE | T47: Ulaşılamadı | W47: açmadı | AA47: Ulaşılamadı | AB47: 44516 | AC47: Ulaşılamadı | AD47: 44524 | AE47: Ulaşılamadı | AF47: 44529 | AG47: Ulaşılamadı | AH47: 44530 | AI47: Ulaşılamadı | AJ47: 44548 | AK47: Betül Demir | AL47: Hatem Soyaslan | AM47: Sude Alkan | AN47: Kübra Toprak | AO47: Ayşegül Kır | AP47: Gökhan Çakır
A48: 601c875db780c4efd401377b | B48: Adıyamanlı Çiğ Köfteci, Tepebaşı (Yenibağlar Mah.) | C48: =VLOOKUP(A48,Import!A:C,3,false) -> DOĞRU | D48: Çiğ Köfte | E48: =VLOOKUP(A48,Import!A:J,5,0) -> 1559 | F48: =VLOOKUP(A48,Import!A:J,6,0) -> 4 | G48: =VLOOKUP(A48,Import!A:J,7,0) -> 0 | H48: =VLOOKUP(A48,Import!A:J,8,0) -> 29 | I48: =VLOOKUP(A48,Import!A:J,9,0) -> 29 | J48: =VLOOKUP(A48,Import!A:J,10,0) -> 0 | K48: =VLOOKUP(A48,Import!A:P,11,0) -> Demet Bilgiç | L48: 2222211416 | M48: Tepebaşı | N48: Yenibağlar | O48: Yeni bağlar mah, Yılmaz Büyükerşen Blv No:B, 26000 Tepebaşı/Eskişehir | P48: =VLOOKUP(A48,Import!A:P,16,0) -> Geleneksel | Q48: 16-25 | R48: TRUE | S48: FALSE | T48: Randevu İptal | U48: Hatem Soyaslan | V48: Gülşah Kanallı | W48: şahsi işletme/TEYİT İÇİN ARANDI ULAŞILAMADI/ Teyit için arandı çekim gerçekleştimi diye açmadı.açmadı. | X48: 44336 | Y48: 44338 | AA48: Ulaşılamadı | AB48: 44546 | AC48: Ulaşılamadı | AD48: 44550 | AK48: Kübra Toprak | AL48: Kübra Toprak | AP48: Gökhan Çakır
A49: 61e1bcb6401cec19c0ec6ceb | B49: Adıyamanlı Çiğköfteci Abuzeroğulları,Odunpazarı (Vişnelik Mah.) | C49: =VLOOKUP(A49,Import!A:C,3,false) -> DOĞRU | D49: Çiğ Köfte | E49: =VLOOKUP(A49,Import!A:J,5,0) -> 38 | F49: =VLOOKUP(A49,Import!A:J,6,0) -> 8 | G49: =VLOOKUP(A49,Import!A:J,7,0) -> 0 | H49: =VLOOKUP(A49,Import!A:J,8,0) -> 7 | I49: =VLOOKUP(A49,Import!A:J,9,0) -> 7 | J49: =VLOOKUP(A49,Import!A:J,10,0) -> 0 | K49: Zeliha Altınok | L49: 5451452600 | M49: Odunpazarı | N49: Vişnelik | O49: VİŞNELİK MAH . ÖĞRETMENLER CAD . NO :5/B . odunlukpazarı/eskişehir | P49: =VLOOKUP(A49,Import!A:P,16,0) -> Geleneksel | R49: TRUE | S49: FALSE | W49: 0546 145 26 00 | AA49: Ulaşılamadı | AB49: 44628 | AK49: Sude Alkan
A50: 622cbae54142c96ef467aa79 | B50: Adıyamanlı Çiğköfteci Eyüp Usta, Tepebaşı (Yenibağlar Mah.) | C50: =VLOOKUP(A50,Import!A:C,3,false) -> DOĞRU | D50: Çiğ Köfte | E50: =VLOOKUP(A50,Import!A:J,5,0) -> 220 | F50: =VLOOKUP(A50,Import!A:J,6,0) -> 104 | G50: =VLOOKUP(A50,Import!A:J,7,0) -> 0 | H50: =VLOOKUP(A50,Import!A:J,8,0) -> 13 | I50: =VLOOKUP(A50,Import!A:J,9,0) -> 13 | J50: =VLOOKUP(A50,Import!A:J,10,0) -> 0 | K50: Bünyamin Erkaya | L50: 5323210226 | M50: Tepebaşı | N50: Yenibağlar | O50: Yenibağlar Mah. Sevingil Sok. No:3 A Tepebaşı / Eskişehir | P50: =VLOOKUP(A50,Import!A:P,16,0) -> Geleneksel | R50: TRUE | S50: FALSE | T50: Ulaşılamadı | AA50: Görüşüldü | AB50: 44649 | AK50: Zeliha Özer
A51: 60d2fe0facb711dbbfcde36b | B51: Adıyamanlı Çiğköfteci Fatih Usta, Tepebaşı (Cumhuriye Mah.) | C51: =VLOOKUP(A51,Import!A:C,3,false) -> DOĞRU | D51: Çiğ Köfte | E51: =VLOOKUP(A51,Import!A:J,5,0) -> 297 | F51: =VLOOKUP(A51,Import!A:J,6,0) -> 3 | G51: =VLOOKUP(A51,Import!A:J,7,0) -> 0 | H51: =VLOOKUP(A51,Import!A:J,8,0) -> 13 | I51: =VLOOKUP(A51,Import!A:J,9,0) -> 13 | J51: =VLOOKUP(A51,Import!A:J,10,0) -> 0 | K51: =VLOOKUP(A51,Import!A:P,11,0) -> Fatih Ersoy | L51: 5323806601 | M51: Tepebaşı | N51: Cumhuriye | O51: Cumhuriye Mah. Başkan Sok. No: 41 A Tepebaşı / Eskişehir | P51: =VLOOKUP(A51,Import!A:P,16,0) -> Geleneksel | R51: TRUE | S51: TRUE | W51: 15 gün sonra istiyor/ yetkili yok./5520746065/hatta müşterim bekliyor daha sonra tekrar görüşelim dediler/1 hafta sonra aranacak menü güncellemesi sağlanıyormuş / mail atmış | AA51: Tekrar Aranacak | AB51: 44496 | AC51: Yetkili Yok | AD51: 44511 | AE51: Ulaşılamadı | AF51: 44529 | AG51: Tekrar Aranacak | AH51: 44543 | AI51: Görüşüldü | AJ51: 44565 | AK51: Hatem Soyaslan | AL51: Kübra Toprak | AM51: Sude Alkan | AN51: Yurdagül Kulaksız | AO51: Betül Demir | AP51: Gökhan Çakır
A52: 6080028510bf22c765b717f5 | B52: Adıyamanlı Çiğköftempark,Odunpazarı(Arifiye Mah.) | C52: =VLOOKUP(A52,Import!A:C,3,false) -> DOĞRU | D52: Çiğ Köfte | E52: =VLOOKUP(A52,Import!A:J,5,0) -> 1090 | F52: =VLOOKUP(A52,Import!A:J,6,0) -> 48 | G52: =VLOOKUP(A52,Import!A:J,7,0) -> 0 | H52: =VLOOKUP(A52,Import!A:J,8,0) -> 24 | I52: =VLOOKUP(A52,Import!A:J,9,0) -> 24 | J52: =VLOOKUP(A52,Import!A:J,10,0) -> 0 | K52: =VLOOKUP(A52,Import!A:P,11,0) -> Mehmet Selçuk | L52: 5462345628 | M52: Odunpazarı | N52: Arifiye | O52: Arifiye Mah. Süleyman Çakır Cad. No:5 D Odunpazarı / Eskişehir | P52: =VLOOKUP(A52,Import!A:P,16,0) -> Geleneksel | R52: TRUE | S52: FALSE | T52: Dönüş Yapacak | U52: Hatem Soyaslan | V52: Gülşah Kanallı | W52: paneli açınca dönecek çekim için | X52: 44334 | Y52: 44340 | AA52: Görüşüldü | AB52: 44483 | AC52: Görüşüldü | AD52: 44503 | AK52: Zeliha Özer | AL52: Sude Alkan | AP52: Gökhan Çakır
A53: 5f33c7ced2bdd4e00269273a | B53: Adıyamanlı Düdanlıbey Çiğ Köftecisi, Tepebaşı (Yenibağlar Mah.) | C53: =VLOOKUP(A53,Import!A:C,3,false) -> DOĞRU | D53: Sokak Lezzetleri | E53: =VLOOKUP(A53,Import!A:J,5,0) -> 2928 | F53: =VLOOKUP(A53,Import!A:J,6,0) -> 40 | G53: =VLOOKUP(A53,Import!A:J,7,0) -> 0 | H53: =VLOOKUP(A53,Import!A:J,8,0) -> 18 | I53: =VLOOKUP(A53,Import!A:J,9,0) -> 18 | J53: =VLOOKUP(A53,Import!A:J,10,0) -> 0 | K53: =VLOOKUP(A53,Import!A:P,11,0) -> MUSTAFA TÜRKOĞLU | L53: 5415472545 | M53: Tepebaşı | N53: Yenibağlar | O53: yenibağlar mah, Seylap Cd. no 9 D:b, 26160 Tepebaşı/Eskişehir | P53: =VLOOKUP(A53,Import!A:P,16,0) -> Geleneksel | Q53: 16-25 | R53: TRUE | S53: FALSE | T53: Çekim İstemiyor | W53: FOTOĞRAFLAR VERİLMEYECEKSE BOŞUNA GELMEYİN DEDİ. | AP53: Gökhan Çakır
A54: 605c9d044222b55b649cb6b3 | B54: Adres Pide & Kebap, Odunpazarı (Kurtuluş Mah.) | C54: =VLOOKUP(A54,Import!A:C,3,false) -> DOĞRU | D54: Pide | E54: =VLOOKUP(A54,Import!A:J,5,0) -> 3749 | F54: =VLOOKUP(A54,Import!A:J,6,0) -> 189 | G54: =VLOOKUP(A54,Import!A:J,7,0) -> 0 | H54: =VLOOKUP(A54,Import!A:J,8,0) -> 23 | I54: =VLOOKUP(A54,Import!A:J,9,0) -> 23 | J54: =VLOOKUP(A54,Import!A:J,10,0) -> 0 | K54: =VLOOKUP(A54,Import!A:P,11,0) -> İsmail Kalender | L54: 5369880074 | M54: Odunpazarı | N54: Kurtuluş | O54: Kurtuluş Mah. Şıngır Sok. No:27 B Odunpazarı / Eskişehir | P54: =VLOOKUP(A54,Import!A:P,16,0) -> Geleneksel | R54: TRUE | S54: FALSE | T54: Randevu Alındı | U54: Betül Demir | V54: MUAMMER | W54: ihtiyacım yok şuan dedi/eleman eksiği varmış kendileri arayacaklar | X54: 44585 | Y54: 44588 | AA54: Ulaşılamadı | AB54: 44376 | AC54: Dönüş Yapacak | AD54: 44378 | AE54: Görüşüldü | AF54: 44582 | AG54: Görüşüldü | AH54: 44585 | AK54: Nazmiye Yuka | AL54: Nazmiye Yuka | AM54: Betül Demir | AN54: Betül Demir | AP54: Gökhan Çakır
A55: 6075b01942967570c0f90d88 | B55: Afilli Tost, Tepebaşı (Yenibağlar Mah.) | C55: =VLOOKUP(A55,Import!A:C,3,false) -> DOĞRU | D55: Tost & Sandviç | E55: =VLOOKUP(A55,Import!A:J,5,0) -> 4542 | F55: =VLOOKUP(A55,Import!A:J,6,0) -> 463 | G55: =VLOOKUP(A55,Import!A:J,7,0) -> 5 | H55: =VLOOKUP(A55,Import!A:J,8,0) -> 9 | I55: =VLOOKUP(A55,Import!A:J,9,0) -> 14 | J55: =VLOOKUP(A55,Import!A:J,10,0) -> 0.36 | K55: =VLOOKUP(A55,Import!A:P,11,0) -> Muhammed Özgür Şimşek | L55: 5538221767 | M55: Tepebaşı | N55: Yenibağlar | O55: Yenibağlar Mah. Kadı Sok. A No:24 İç Kapı No:3 Tepebaşı/ Eskişehir | P55: =VLOOKUP(A55,Import!A:P,16,0) -> Geleneksel | R55: TRUE | S55: FALSE | T55: Randevu Alındı | U55: Betül Demir | V55: Muammer Çakır | W55: adres değişti takvime eklendi./TEYİT İÇİN ARANDI MÜSAİT DEĞİLİM SONRA ARAYIN DEDİLER | X55: 44502 | Y55: 44503 | AA55: Görüşüldü | AB55: 44502 | AK55: Betül Demir | AP55: Gökhan Çakır
A56: 5fc166a39654d91a2c424884 | B56: Agah Dürüm, Tepebaşı (Eskibağlar Mah.) | C56: =VLOOKUP(A56,Import!A:C,3,false) -> YANLIŞ | D56: Kebap | E56: =VLOOKUP(A56,Import!A:J,5,0) -> 1352 | F56: =VLOOKUP(A56,Import!A:J,6,0) | G56: =VLOOKUP(A56,Import!A:J,7,0) -> 15 | H56: =VLOOKUP(A56,Import!A:J,8,0) -> 10 | I56: =VLOOKUP(A56,Import!A:J,9,0) -> 25 | J56: =VLOOKUP(A56,Import!A:J,10,0) -> 0.6 | K56: =VLOOKUP(A56,Import!A:P,11,0) -> VEYSEL ODABAŞI | L56: 2223229977 | M56: Tepebaşı | N56: Eskibağlar | O56: Eskibağlar Mah.Prof. Dr. Yılmaz Büyükerşen Blv. No: 36 A Tepebaşı / Eskişehir | P56: =VLOOKUP(A56,Import!A:P,16,0) -> Geleneksel | Q56: 26-35 | R56: TRUE | S56: FALSE | T56: Randevu Alındı | V56: Melika | W56: TEYİT İÇİN ARANDI AÇMADILAR | X56: 44231 | Y56: 44235 | AP56: Gökhan Çakır
A57: 5f6bb056415622afd9fee4e9 | B57: Ahbap Chicken, Tepebaşı (Eskibağlar Mah.) | C57: =VLOOKUP(A57,Import!A:C,3,false) -> DOĞRU | D57: Kebap | E57: =VLOOKUP(A57,Import!A:J,5,0) -> 15493 | F57: =VLOOKUP(A57,Import!A:J,6,0) -> 798 | G57: =VLOOKUP(A57,Import!A:J,7,0) -> 9 | H57: =VLOOKUP(A57,Import!A:J,8,0) -> 6 | I57: =VLOOKUP(A57,Import!A:J,9,0) -> 15 | J57: =VLOOKUP(A57,Import!A:J,10,0) -> 0.6 | K57: =VLOOKUP(A57,Import!A:P,11,0) -> Nazife Şengür | L57: 5553296805 | M57: Tepebaşı | N57: Eskibağlar | O57: Eskibağlar mah. Sakman Sok. No:12/E Tepebaşı/Eskişehir | P57: =VLOOKUP(A57,Import!A:P,16,0) -> Geleneksel | Q57: 0-15 | R57: TRUE | S57: FALSE | T57: Randevu Alındı | V57: Emir | W57: TEYİT İÇİN ARANDI ÇEKİM GERÇEKLEŞMİŞ | X57: 44231 | Y57: 44236 | AP57: Gökhan Çakır
A58: 605270c611879741bf407b8a | B58: Ahsen Pide Kebap, Odunpazarı(Yenidoğan Mah.) | C58: =VLOOKUP(A58,Import!A:C,3,false) -> DOĞRU | D58: Pide | E58: =VLOOKUP(A58,Import!A:J,5,0) -> 2886 | F58: =VLOOKUP(A58,Import!A:J,6,0) -> 102 | G58: =VLOOKUP(A58,Import!A:J,7,0) -> 0 | H58: =VLOOKUP(A58,Import!A:J,8,0) -> 22 | I58: =VLOOKUP(A58,Import!A:J,9,0) -> 22 | J58: =VLOOKUP(A58,Import!A:J,10,0) -> 0 | K58: =VLOOKUP(A58,Import!A:P,11,0) -> Gülnur Uslu | L58: 2222372186 | M58: Odunpazarı | N58: Yenidoğan | O58: Yenidoğan Mah. Ali Rıza Efendi Cad. No:22 A İç kapı no: 17 Odunpazarı/ Eskişehir | P58: =VLOOKUP(A58,Import!A:P,16,0) -> Geleneksel | R58: TRUE | S58: FALSE | T58: Çekim İstemiyor | U58: Hatem Soyaslan | V58: Gülşah Kanallı | W58: TEYİT İÇİN ARANDI YETKİLİ YOKMUŞ/çekim gerçekleşmemiş randevu için arayacaklar/çkım istemıyorlar | X58: 44336 | Y58: 44346 | AA58: Dönüş Yapacak | AB58: 44379 | AC58: Görüşüldü | AD58: 44536 | AK58: Nazmiye Yuka | AL58: Selcan Topçu | AP58: Gökhan Çakır
A59: 5f6e3557236a88156bc8a7c2 | B59: Ailem Balık & Izgara, Odunpazarı (Yenidoğan Mah.) | C59: =VLOOKUP(A59,Import!A:C,3,false) -> DOĞRU | D59: Balık & Deniz Ürünleri | E59: =VLOOKUP(A59,Import!A:J,5,0) -> 527 | F59: =VLOOKUP(A59,Import!A:J,6,0) -> 21 | G59: =VLOOKUP(A59,Import!A:J,7,0) -> 0 | H59: =VLOOKUP(A59,Import!A:J,8,0) -> 7 | I59: =VLOOKUP(A59,Import!A:J,9,0) -> 7 | J59: =VLOOKUP(A59,Import!A:J,10,0) -> 0 | K59: =VLOOKUP(A59,Import!A:P,11,0) -> NURCAN ÖZTÜRK | L59: 5372274523 | M59: Odunpazarı | N59: Yenidoğan | O59: Yenidoğan mah. Ali Rıza Efendi Cad. No:26/A Odunpazarı/Eskişehir | P59: =VLOOKUP(A59,Import!A:P,16,0) -> Geleneksel | Q59: 0-15 | R59: TRUE | S59: TRUE | W59: sezon kapanmış sezon açıldığında tekrar aranıp randevu alınacak / fotoğraflar mevcut gönderirim dedi mail adresi verildi. | AA59: Ulaşılamadı | AB59: 44379 | AC59: Görüşüldü | AD59: 44525 | AK59: Nazmiye Yuka | AL59: Kübra Toprak | AP59: Gökhan Çakır
A60: 5f35b29dbe5a0b6c41bb2b98 | B60: Ailem Ev Yemekleri, Odunpazarı (İstiklal Mah.) | C60: =VLOOKUP(A60,Import!A:C,3,false) -> DOĞRU | D60: Ev Yemekleri | E60: =VLOOKUP(A60,Import!A:J,5,0) -> 6614 | F60: =VLOOKUP(A60,Import!A:J,6,0) -> 518 | G60: =VLOOKUP(A60,Import!A:J,7,0) -> 0 | H60: =VLOOKUP(A60,Import!A:J,8,0) -> 40 | I60: =VLOOKUP(A60,Import!A:J,9,0) -> 40 | J60: =VLOOKUP(A60,Import!A:J,10,0) -> 0 | K60: =VLOOKUP(A60,Import!A:P,11,0) -> Yıldız Çelik | L60: 5333752639 | M60: Odunpazarı | N60: İstiklal | O60: İstiklal, Başarılı Sk. NO:4A/1, 26010 Odunpazarı/Eskişehir | P60: =VLOOKUP(A60,Import!A:P,16,0) -> Geleneksel | Q60: 16-25 | R60: TRUE | S60: TRUE | U60: Güneş | W60: yoğun oldukları için istemiyorlar / gerek yok istemiyorum dedi kapattı / mail verildi | AA60: Yetkili Yok | AB60: 44379 | AC60: Dönüş Yapacak | AD60: 44379 | AE60: Görüşüldü | AF60: 44582 | AG60: Görüşüldü | AH60: 44620 | AK60: Nazmiye Yuka | AL60: Nazmiye Yuka | AM60: Betül Demir | AN60: Hatem Soyaslan | AP60: Gökhan Çakır
A61: 602a2ffe55fa6184a8fd7cc9 | B61: Akközde Adana Sofrası, Odunpazarı (Alanönü Mah.) | C61: =VLOOKUP(A61,Import!A:C,3,false) -> DOĞRU | D61: Pide | E61: =VLOOKUP(A61,Import!A:J,5,0) -> 7682 | F61: =VLOOKUP(A61,Import!A:J,6,0) -> 89 | G61: =VLOOKUP(A61,Import!A:J,7,0) -> 0 | H61: =VLOOKUP(A61,Import!A:J,8,0) -> 21 | I61: =VLOOKUP(A61,Import!A:J,9,0) -> 21 | J61: =VLOOKUP(A61,Import!A:J,10,0) -> 0 | K61: =VLOOKUP(A61,Import!A:P,11,0) -> Abidin Kocabuğa | L61: 5333074901 | M61: Odunpazarı | N61: Alanönü | O61: Alanönü Mah. Hicri Sezen Cad. No:10 Oduzpazarı/Eskişehir | P61: =VLOOKUP(A61,Import!A:P,16,0) -> Geleneksel | Q61: 35+ | R61: TRUE | S61: FALSE | T61: Çekim İstemiyor | U61: Emre Dalgıç | V61: Emir | W61: Randevuya gidilmemiş Tekrar gün verildi.05055064204yetkili no açmadı./şimdilik kalsın işlerimiz çok düşük | X61: 44271 | Y61: 44272 | AA61: Ulaşılamadı | AB61: 44378 | AC61: Ulaşılamadı | AD61: 44546 | AE61: Görüşüldü | AF61: 44547 | AK61: Nazmiye Yuka | AL61: Kübra Toprak | AM61: Tuğba Buyur | AP61: Gökhan Çakır
A62: 609408c379f530a3536c956c | B62: Ala Express Dürümcü,Tepebaşı(Güllük Mah.) | C62: =VLOOKUP(A62,Import!A:C,3,false) -> DOĞRU | D62: Döner | E62: =VLOOKUP(A62,Import!A:J,5,0) -> 4885 | F62: =VLOOKUP(A62,Import!A:J,6,0) | G62: =VLOOKUP(A62,Import!A:J,7,0) -> 0 | H62: =VLOOKUP(A62,Import!A:J,8,0) -> 6 | I62: =VLOOKUP(A62,Import!A:J,9,0) -> 6 | J62: =VLOOKUP(A62,Import!A:J,10,0) -> 0 | K62: =VLOOKUP(A62,Import!A:P,11,0) -> ÖMER FARUK ÖZDEMİRLİ | L62: 2223239500 | M62: Tepebaşı | N62: Güllük | O62: Güllük Mah. Çamlıca sok.No:21/A Tepebaşı/Eskişehir | P62: =VLOOKUP(A62,Import!A:P,16,0) -> Geleneksel | R62: TRUE | S62: FALSE | T62: Randevu Alındı | U62: Sude Alkan | V62: Muammer Çakır | X62: 44532 | Y62: 44537 | AA62: Görüşüldü | AB62: 44522 | AC62: Görüşüldü | AD62: 44532 | AK62: Betül Demir | AL62: Sude Alkan | AP62: Gökhan Çakır
A63: 61d73d04a042e5388d1b1f9a | B63: Ala Express Kavurma Tirit, Tepebaşı (Güllük Mah.) | C63: =VLOOKUP(A63,Import!A:C,3,false) -> DOĞRU | D63: Tost & Sandviç | E63: =VLOOKUP(A63,Import!A:J,5,0) -> 15 | F63: =VLOOKUP(A63,Import!A:J,6,0) | G63: =VLOOKUP(A63,Import!A:J,7,0) -> 0 | H63: =VLOOKUP(A63,Import!A:J,8,0) -> 7 | I63: =VLOOKUP(A63,Import!A:J,9,0) -> 7 | J63: =VLOOKUP(A63,Import!A:J,10,0) -> 0 | K63: ÖMER FARUK ÖZDEMİRLİ | L63: 2223239500 | M63: Tepebaşı | N63: Güllük | O63: Güllük Mah. Çamlıca sok.No:21/A Tepebaşı/Eskişehir | P63: =VLOOKUP(A63,Import!A:P,16,0) -> Geleneksel | R63: TRUE | S63: FALSE | T63: Ulaşılamadı | W63: açmadı | AA63: Ulaşılamadı | AB63: 44571 | AK63: Hatem Soyaslan
A64: 61825db1cd1a2f0d8331011b | B64: Ala Pizza, Tepebaşı (Eskibağlar Mah.) | C64: =VLOOKUP(A64,Import!A:C,3,false) -> DOĞRU | D64: Pizza | E64: =VLOOKUP(A64,Import!A:J,5,0) -> 2921 | F64: =VLOOKUP(A64,Import!A:J,6,0) -> 220 | G64: =VLOOKUP(A64,Import!A:J,7,0) -> 12 | H64: =VLOOKUP(A64,Import!A:J,8,0) -> 42 | I64: =VLOOKUP(A64,Import!A:J,9,0) -> 54 | J64: =VLOOKUP(A64,Import!A:J,10,0) -> 0.22 | K64: Hüseyin Dede | L64: 2226148181 | M64: Tepebaşı | N64: Eskibağlar | O64: Eskibağlar Mah. Talatpaşa Sok. No:59 A Tepebaşı Eskişehir | P64: =VLOOKUP(A64,Import!A:P,16,0) -> Geleneksel | R64: TRUE | S64: FALSE | T64: Randevu Alındı | U64: Selcan Topçu | V64: Muammer Çakır | X64: 44529 | Y64: 44530 | AA64: Görüşüldü | AB64: 44524 | AC64: Görüşüldü | AD64: 44529 | AK64: Hatem Soyaslan | AL64: Selcan Topçu | AP64: Gökhan Çakır
A65: 5f5bfb833aba1b579c300b49 | B65: Ala Tost Sandviç, Tepebaşı (Güllük Mah.) | C65: =VLOOKUP(A65,Import!A:C,3,false) -> DOĞRU | D65: Tost & Sandviç | E65: =VLOOKUP(A65,Import!A:J,5,0) -> 5711 | F65: =VLOOKUP(A65,Import!A:J,6,0) -> 30 | G65: =VLOOKUP(A65,Import!A:J,7,0) -> 15 | H65: =VLOOKUP(A65,Import!A:J,8,0) -> 50 | I65: =VLOOKUP(A65,Import!A:J,9,0) -> 65 | J65: =VLOOKUP(A65,Import!A:J,10,0) -> 0.23 | K65: =VLOOKUP(A65,Import!A:P,11,0) -> Ömer Faruk Özdemirli | L65: 2223239500 | M65: Tepebaşı | N65: Güllük | O65: Güllük Mah. Çamlıca sok.No:21/B Tepebaşı/Eskişehir | P65: =VLOOKUP(A65,Import!A:P,16,0) -> Geleneksel | Q65: 16-25 | R65: TRUE | S65: FALSE | T65: Randevu Alındı | U65: Sude Alkan | V65: Muammer Çakır | X65: 44532 | Y65: 44537 | AA65: Görüşüldü | AB65: 44526 | AC65: Görüşüldü | AD65: 44532 | AK65: Hatem Soyaslan | AL65: Sude Alkan | AP65: Gökhan Çakır
A66: 625097b579eec00414293f58 | B66: Ala-Express Pizza & Hamburger, Tepebaşı (Güllük Mah.) | C66: =VLOOKUP(A66,Import!A:C,3,false) -> DOĞRU | D66: Pizza | E66: =VLOOKUP(A66,Import!A:J,5,0) | F66: =VLOOKUP(A66,Import!A:J,6,0) | G66: =VLOOKUP(A66,Import!A:J,7,0) -> 0 | H66: =VLOOKUP(A66,Import!A:J,8,0) -> 82 | I66: =VLOOKUP(A66,Import!A:J,9,0) -> 82 | J66: =VLOOKUP(A66,Import!A:J,10,0) -> 0 | K66: ÖMER FARUK ÖZDEMİRLİ | L66: 2223239500 | M66: Tepebaşı | N66: Güllük | O66: Güllük Mah. Çamlıca sok.No:21/A Tepebaşı/Eskişehir | P66: =VLOOKUP(A66,Import!A:P,16,0) -> Geleneksel | R66: FALSE | S66: FALSE
A67: 5f366e47bee2870a30545535 | B67: Ala-Express Tantuni, Tepebaşı (Güllük Mah.) | C67: =VLOOKUP(A67,Import!A:C,3,false) -> DOĞRU | D67: Sokak Lezzetleri | E67: =VLOOKUP(A67,Import!A:J,5,0) -> 8990 | F67: =VLOOKUP(A67,Import!A:J,6,0) -> 5 | G67: =VLOOKUP(A67,Import!A:J,7,0) -> 0 | H67: =VLOOKUP(A67,Import!A:J,8,0) -> 9 | I67: =VLOOKUP(A67,Import!A:J,9,0) -> 9 | J67: =VLOOKUP(A67,Import!A:J,10,0) -> 0 | K67: =VLOOKUP(A67,Import!A:P,11,0) -> Ömer faruk özdemirli | L67: 5324147942 | M67: Tepebaşı | N67: Güllük | O67: Güllük, Çamlıca Sk. No:21 D:b, 26170 Tepebaşı/Eskişehir | P67: =VLOOKUP(A67,Import!A:P,16,0) -> Geleneksel | Q67: 16-25 | R67: TRUE | S67: FALSE | T67: Randevu Alındı | U67: Sude Alkan | V67: Muammer Çakır | X67: 44532 | Y67: 44537 | AA67: Görüşüldü | AB67: 44526 | AC67: Görüşüldü | AD67: 44532 | AK67: Hatem Soyaslan | AL67: Sude Alkan | AP67: Gökhan Çakır
A68: 6051e91cd285315b13547a18 | B68: Alaçatı İzmir Kumrum, Odunpazarı (Büyükdere Mah) | C68: =VLOOKUP(A68,Import!A:C,3,false) -> DOĞRU | D68: Tost & Sandviç | E68: =VLOOKUP(A68,Import!A:J,5,0) -> 3456 | F68: =VLOOKUP(A68,Import!A:J,6,0) -> 94 | G68: =VLOOKUP(A68,Import!A:J,7,0) -> 0 | H68: =VLOOKUP(A68,Import!A:J,8,0) -> 21 | I68: =VLOOKUP(A68,Import!A:J,9,0) -> 21 | J68: =VLOOKUP(A68,Import!A:J,10,0) -> 0 | K68: =VLOOKUP(A68,Import!A:P,11,0) -> Şerife Burcu Özege | L68: 5526323288 | M68: Odunpazarı | N68: Büyükdere | O68: Büyükdere Mah. Nisan Sok. No:29 D Odunpazarı /Eskişehir | P68: =VLOOKUP(A68,Import!A:P,16,0) -> Geleneksel | R68: TRUE | S68: TRUE | T68: BlackList | W68: Mail atacak/1 yıldır yapamadıgınız ısı sımdımı yapıyorsunuz hanım efendı kapatın telefonu canınızı sıkmayım dedı | AA68: Görüşüldü | AB68: 44497 | AK68: Selcan Topçu | AP68: Gökhan Çakır
A69: 61ad16173c8d99afdce683d3 | B69: Alaçatı Kumru & Hamburger, Odunpazarı (Arifiye Mah.) | C69: =VLOOKUP(A69,Import!A:C,3,false) -> DOĞRU | D69: Tost & Sandviç | E69: =VLOOKUP(A69,Import!A:J,5,0) -> 1189 | F69: =VLOOKUP(A69,Import!A:J,6,0) -> 104 | G69: =VLOOKUP(A69,Import!A:J,7,0) -> 6 | H69: =VLOOKUP(A69,Import!A:J,8,0) -> 6 | I69: =VLOOKUP(A69,Import!A:J,9,0) -> 12 | J69: =VLOOKUP(A69,Import!A:J,10,0) -> 0.5 | K69: Ömür Aydınlı | L69: 5435061051 | M69: Odunpazarı | N69: Arifiye | O69: Arifiye Mah. Özger Sok. No:12 F Odunpazarı Eskişehir | P69: =VLOOKUP(A69,Import!A:P,16,0) -> Geleneksel | R69: TRUE | S69: FALSE | T69: Randevu Alındı | U69: Hatem Soyaslan | V69: Muammer Çakır | W69: 2222010008 | X69: 44547 | Y69: 44550 | AA69: Görüşüldü | AB69: 44547 | AK69: Hatem Soyaslan | AP69: Gökhan Çakır
A70: 607de485670d462cc0aafaa6 | B70: Alaçatı Tavuk Çevirme, Tepebaşı(Yenibağlar Mah.) | C70: =VLOOKUP(A70,Import!A:C,3,false) -> YANLIŞ | D70: Tavuk | E70: =VLOOKUP(A70,Import!A:J,5,0) -> 1608 | F70: =VLOOKUP(A70,Import!A:J,6,0) | G70: =VLOOKUP(A70,Import!A:J,7,0) -> 6 | H70: =VLOOKUP(A70,Import!A:J,8,0) -> 10 | I70: =VLOOKUP(A70,Import!A:J,9,0) -> 16 | J70: =VLOOKUP(A70,Import!A:J,10,0) -> 0.38 | K70: =VLOOKUP(A70,Import!A:P,11,0) -> Özgür Demirtaş | L70: 5382600431 | M70: Tepebaşı | N70: Yenibağlar | O70: Yenibağlar Mah. Balkan Cad. No:107 /1 Tepebaşı/ Eskişehir | P70: =VLOOKUP(A70,Import!A:P,16,0) -> Geleneksel | R70: TRUE | S70: FALSE | T70: Randevu Alındı | U70: Hatem Soyaslan | V70: Muammer Çakır | X70: 44573 | Y70: 44573 | AA70: Görüşüldü | AB70: 44378 | AC70: Dönüş Yapacak | AD70: 44501 | AE70: Ulaşılamadı | AF70: 44530 | AG70: Ulaşılamadı | AH70: 44550 | AI70: Görüşüldü | AJ70: 44573 | AK70: Nazmiye Yuka | AL70: Hatem Soyaslan | AM70: Kübra Toprak | AN70: Kübra Toprak | AO70: Hatem Soyaslan | AP70: Gökhan Çakır
A71: 5fda1224a908bd46ce7a3fd4 | B71: Alaturka House,Tepebaşı(Batıkent Mah.) | C71: =VLOOKUP(A71,Import!A:C,3,false) -> DOĞRU | D71: Tavuk | E71: =VLOOKUP(A71,Import!A:J,5,0) -> 211 | F71: =VLOOKUP(A71,Import!A:J,6,0) | G71: =VLOOKUP(A71,Import!A:J,7,0) -> 5 | H71: =VLOOKUP(A71,Import!A:J,8,0) -> 21 | I71: =VLOOKUP(A71,Import!A:J,9,0) -> 26 | J71: =VLOOKUP(A71,Import!A:J,10,0) -> 0.19 | K71: =VLOOKUP(A71,Import!A:P,11,0) -> ERCAN ERDOĞAN | L71: 5458720149 | M71: Tepebaşı | N71: Batıkent | O71: BATIKENT MAH. KISMETTEPE SK. NO: 10 A TEPEBASI/ ESKISEHIR | P71: =VLOOKUP(A71,Import!A:P,16,0) -> Geleneksel | Q71: 16-25 | R71: TRUE | S71: FALSE | T71: Randevu Alındı | U71: Emre Dalgıç | V71: Melika | W71: Eksik ürünlerinin çekimleri sağlanacak | X71: 44270 | Y71: 44274 | AP71: Gökhan Çakır
A72: 5ff4ecac71e89c0358981ef4 | B72: Alfa Kumru & Patso, Tepebaşı (Güllük Mah.) | C72: =VLOOKUP(A72,Import!A:C,3,false) -> DOĞRU | D72: Burger | E72: =VLOOKUP(A72,Import!A:J,5,0) -> 1127 | F72: =VLOOKUP(A72,Import!A:J,6,0) -> 31 | G72: =VLOOKUP(A72,Import!A:J,7,0) -> 9 | H72: =VLOOKUP(A72,Import!A:J,8,0) -> 18 | I72: =VLOOKUP(A72,Import!A:J,9,0) -> 27 | J72: =VLOOKUP(A72,Import!A:J,10,0) -> 0.33 | K72: =VLOOKUP(A72,Import!A:P,11,0) -> FURKAN SEYDAN | L72: 2223236090 | M72: Tepebaşı | N72: Güllük | O72: Güllük Mah. Alaç Sok. No:12/C Tepebaşı/Eskişehir | P72: =VLOOKUP(A72,Import!A:P,16,0) -> Geleneksel | Q72: 0-15 | R72: TRUE | S72: TRUE | T72: Başka Şubeden Çekilecek | V72: Emir | W72: Crazy Chicken'dan alınacak görseller | X72: 44231 | Y72: 44235 | AP72: Gökhan Çakır
A73: 5f315566b9e5e1dd64db6114 | B73: Ali Baba Tantuni (Vişnelik Mah.) | C73: =VLOOKUP(A73,Import!A:C,3,false) -> DOĞRU | D73: Sokak Lezzetleri | E73: =VLOOKUP(A73,Import!A:J,5,0) -> 9926 | F73: =VLOOKUP(A73,Import!A:J,6,0) -> 169 | G73: =VLOOKUP(A73,Import!A:J,7,0) -> 0 | H73: =VLOOKUP(A73,Import!A:J,8,0) -> 6 | I73: =VLOOKUP(A73,Import!A:J,9,0) -> 6 | J73: =VLOOKUP(A73,Import!A:J,10,0) -> 0 | K73: =VLOOKUP(A73,Import!A:P,11,0) -> METİN KETENCİ | L73: 2222255303 | M73: Odunpazarı | N73: Vişnelik | O73: Vişnelik, Öğretmenler Blv No:8, 26020 Odunpazarı/Eskişehir | P73: =VLOOKUP(A73,Import!A:P,16,0) -> Geleneksel | Q73: 16-25 | R73: TRUE | S73: FALSE | T73: Çekim İstemiyor | U73: Damla Kılcı | V73: Melika | W73: istemıyor | X73: 44232 | Y73: 44236 | AA73: Görüşüldü | AB73: 44547 | AK73: Tuğba Buyur | AP73: Gökhan Çakır
A74: 61ce2308bcb79464c4af3e4b | B74: All-Pukka, Tepebaşı (Kumlubel Mah.) | C74: =VLOOKUP(A74,Import!A:C,3,false) -> DOĞRU | D74: Pide | E74: =VLOOKUP(A74,Import!A:J,5,0) -> 386 | F74: =VLOOKUP(A74,Import!A:J,6,0) -> 34 | G74: =VLOOKUP(A74,Import!A:J,7,0) -> 0 | H74: =VLOOKUP(A74,Import!A:J,8,0) -> 17 | I74: =VLOOKUP(A74,Import!A:J,9,0) -> 17 | J74: =VLOOKUP(A74,Import!A:J,10,0) -> 0 | K74: Özgür Karaağaç | L74: 5528775383 | M74: Tepebaşı | N74: Kumlubel | O74: Kumlubel Mah. Ashap Sok. No:24 A Tepebaşı/Eskişehir | P74: =VLOOKUP(A74,Import!A:P,16,0) -> Geleneksel | R74: TRUE | S74: FALSE | T74: Ulaşılamadı | W74: 4 5 gibi gelir yetkili | AA74: Yetkili Yok | AB74: 44596 | AK74: Hatem Soyaslan
A75: 60c616212b23b6584db839cd | B75: Altın Sofra, Tepebaşı (Zafer Mah.) | C75: =VLOOKUP(A75,Import!A:C,3,false) -> DOĞRU | D75: Kebap | E75: =VLOOKUP(A75,Import!A:J,5,0) -> 4475 | F75: =VLOOKUP(A75,Import!A:J,6,0) -> 90 | G75: =VLOOKUP(A75,Import!A:J,7,0) -> 0 | H75: =VLOOKUP(A75,Import!A:J,8,0) -> 56 | I75: =VLOOKUP(A75,Import!A:J,9,0) -> 56 | J75: =VLOOKUP(A75,Import!A:J,10,0) -> 0 | K75: =VLOOKUP(A75,Import!A:P,11,0) -> Bilal Yıldız | L75: 2223220060 | M75: Tepebaşı | N75: Zafer | O75: Zafer Mah. Gaffar Okkan Cad. No:96 A Tepebaşı/ Eskişehir | P75: =VLOOKUP(A75,Import!A:P,16,0) -> Geleneksel | R75: TRUE | S75: FALSE | T75: Tadilat Var | U75: Nazmiye Yuka | W75: takvimde fotoğrafçı fatih likoğlu/doğalgaz projesı oldugu bu hafta ıstemedı | X75: 44378 | Y75: 44386 | AA75: Görüşüldü | AB75: 44378 | AC75: Tekrar Aranacak | AD75: 44529 | AK75: Nazmiye Yuka | AL75: Selcan Topçu | AP75: Gökhan Çakır
A76: 619b147fc591d55d788e4a90 | B76: Altınbaşak Fırın, Tepebaşı (Hoşnudiye Mah.) | C76: =VLOOKUP(A76,Import!A:C,3,false) -> DOĞRU | D76: Pasta & Tatlı | E76: =VLOOKUP(A76,Import!A:J,5,0) -> 978 | F76: =VLOOKUP(A76,Import!A:J,6,0) -> 129 | G76: =VLOOKUP(A76,Import!A:J,7,0) -> 20 | H76: =VLOOKUP(A76,Import!A:J,8,0) -> 26 | I76: =VLOOKUP(A76,Import!A:J,9,0) -> 46 | J76: =VLOOKUP(A76,Import!A:J,10,0) -> 0.43 | K76: Kürşat Buğra Narcı | L76: 2222100005 | M76: Tepebaşı | N76: Hoşnudiye | O76: Hoşnudiye Mah. Cengiz Topel Cad. No:59 Tepebaşı Eskişehir | P76: =VLOOKUP(A76,Import!A:P,16,0) -> Geleneksel | R76: TRUE | S76: FALSE | T76: Randevu Alındı | U76: Hatem Soyaslan | V76: Muammer Çakır | W76: 5309420337 | X76: 44526 | Y76: 44530 | AA76: Görüşüldü | AB76: 44526 | AC76: Görüşüldü | AD76: 44526 | AK76: Hatem Soyaslan | AL76: Hatem Soyaslan | AP76: Gökhan Çakır
A77: 61cb4bb81a9c32e898cffb2b | B77: Altındağ Döner & Köfte, Tepebaşı (Tunalı Mah.) | C77: =VLOOKUP(A77,Import!A:C,3,false) -> YANLIŞ | D77: Döner | E77: =VLOOKUP(A77,Import!A:J,5,0) -> 60 | F77: =VLOOKUP(A77,Import!A:J,6,0) | G77: =VLOOKUP(A77,Import!A:J,7,0) -> 0 | H77: =VLOOKUP(A77,Import!A:J,8,0) -> 6 | I77: =VLOOKUP(A77,Import!A:J,9,0) -> 6 | J77: =VLOOKUP(A77,Import!A:J,10,0) -> 0 | K77: Aydın Altındağ | L77: 5456190898 | M77: Tepebaşı | N77: Tunalı | O77: Tunalı Mah. Pehlivanlar Sok. No:5 A Tepebaşı Eskişehir | P77: =VLOOKUP(A77,Import!A:P,16,0) -> Geleneksel | R77: TRUE | S77: FALSE | T77: Ulaşılamadı | W77: telefonu kapalı | AA77: Ulaşılamadı | AB77: 44596 | AK77: Hatem Soyaslan
A78: 61e5e8f813deb830e7515f1e | B78: Altınelek Unlu Mamulleri, Odunpazarı (Emek Mah.) | C78: =VLOOKUP(A78,Import!A:C,3,false) -> DOĞRU | D78: Pasta & Tatlı | E78: =VLOOKUP(A78,Import!A:J,5,0) -> 673 | F78: =VLOOKUP(A78,Import!A:J,6,0) -> 147 | G78: =VLOOKUP(A78,Import!A:J,7,0) -> 26 | H78: =VLOOKUP(A78,Import!A:J,8,0) -> 20 | I78: =VLOOKUP(A78,Import!A:J,9,0) -> 46 | J78: =VLOOKUP(A78,Import!A:J,10,0) -> 0.57 | K78: Hüseyin Çekiç | L78: 5444477754 | M78: Odunpazarı | N78: Emek | O78: Emek Mah. 2. Arabacılar Cad. No:207 A Odunpazarı Eskişehir | P78: =VLOOKUP(A78,Import!A:P,16,0) -> Geleneksel | R78: FALSE | S78: FALSE | AA78: Tekrar Aranacak | AB78: 44602 | AK78: Yurdagül Kulaksız
A79: 624ff86e60c9cf3279d3a362 | B79: Amcabey Baklavaları, Tepebaşı (Batıkent Mah.) | C79: =VLOOKUP(A79,Import!A:C,3,false) -> DOĞRU | D79: Pasta & Tatlı | E79: =VLOOKUP(A79,Import!A:J,5,0) | F79: =VLOOKUP(A79,Import!A:J,6,0) | G79: =VLOOKUP(A79,Import!A:J,7,0) -> 0 | H79: =VLOOKUP(A79,Import!A:J,8,0) -> 65 | I79: =VLOOKUP(A79,Import!A:J,9,0) -> 65 | J79: =VLOOKUP(A79,Import!A:J,10,0) -> 0 | K79: RIDVAN ALAN | L79: 5428999053 | M79: Tepebaşı | N79: Batıkent | O79: Batıkent mahallesi. Dizili sokak . No:25 Tepebaşı / Eskişehir | P79: =VLOOKUP(A79,Import!A:P,16,0) -> Geleneksel | R79: FALSE | S79: FALSE
A80: 5fd540c09d557c8210648ece | B80: Amcabey Künefe, Odunpazarı (Vişnelik Mah.) | C80: =VLOOKUP(A80,Import!A:C,3,false) -> YANLIŞ | D80: Pasta & Tatlı | E80: =VLOOKUP(A80,Import!A:J,5,0) -> 332 | F80: =VLOOKUP(A80,Import!A:J,6,0) | G80: =VLOOKUP(A80,Import!A:J,7,0) -> 5 | H80: =VLOOKUP(A80,Import!A:J,8,0) -> 3 | I80: =VLOOKUP(A80,Import!A:J,9,0) -> 8 | J80: =VLOOKUP(A80,Import!A:J,10,0) -> 0.63 | K80: =VLOOKUP(A80,Import!A:P,11,0) -> Özben Bağırsakçı | L80: 2222241957 | M80: Odunpazarı | N80: Vişnelik | O80: Vişnelik Mah. Atatürk Blv. No:108/C Odunpazarı/Eskişehir | P80: =VLOOKUP(A80,Import!A:P,16,0) -> Geleneksel | Q80: 0-15 | R80: TRUE | S80: FALSE | T80: Randevu Alındı | V80: Altuğ | W80: TEYİT İÇİN ARANDI ÇEKİM GERÇEKLEŞMİŞ | X80: 44232 | Y80: 44238 | AP80: Gökhan Çakır
A81: 609407df6745002226075e6d | B81: Amigos Potato,Tepebaşı(Güllük Mah.) | C81: =VLOOKUP(A81,Import!A:C,3,false) -> DOĞRU | D81: Diğer | E81: =VLOOKUP(A81,Import!A:J,5,0) -> 125 | F81: =VLOOKUP(A81,Import!A:J,6,0) -> 1 | G81: =VLOOKUP(A81,Import!A:J,7,0) -> 0 | H81: =VLOOKUP(A81,Import!A:J,8,0) -> 21 | I81: =VLOOKUP(A81,Import!A:J,9,0) -> 21 | J81: =VLOOKUP(A81,Import!A:J,10,0) -> 0 | K81: =VLOOKUP(A81,Import!A:P,11,0) -> ÖMER FARUK ÖZDEMİRLİ | L81: 2223239500 | M81: Tepebaşı | N81: Güllük | O81: Güllük Mah. Çamlıca sok.No:21/A Tepebaşı/Eskişehir | P81: =VLOOKUP(A81,Import!A:P,16,0) -> Geleneksel | R81: TRUE | S81: FALSE | T81: Randevu İptal | U81: Sude Alkan | V81: Muammer Çakır | X81: 44532 | Y81: 44537 | AA81: Görüşüldü | AB81: 44522 | AC81: Görüşüldü | AD81: 44532 | AK81: Selcan Topçu | AL81: Sude Alkan | AP81: Gökhan Çakır
A82: 5fda1747fa50118ee74ae8d8 | B82: Anadolu Kelle, Tepebaşı (İhsaniye Mah.) | C82: =VLOOKUP(A82,Import!A:C,3,false) -> DOĞRU | D82: Sokak Lezzetleri | E82: =VLOOKUP(A82,Import!A:J,5,0) -> 239 | F82: =VLOOKUP(A82,Import!A:J,6,0) | G82: =VLOOKUP(A82,Import!A:J,7,0) -> 3 | H82: =VLOOKUP(A82,Import!A:J,8,0) -> 1 | I82: =VLOOKUP(A82,Import!A:J,9,0) -> 4 | J82: =VLOOKUP(A82,Import!A:J,10,0) -> 0.75 | K82: =VLOOKUP(A82,Import!A:P,11,0) -> Timur Büyüktoğtul | L82: 5359291428 | M82: Tepebaşı | N82: Mustafa Kemal Paşa | O82: İhsaniye Mah Sivrihisar 1 Cad. No:21 A Tepebaşı/Eskişehir | P82: =VLOOKUP(A82,Import!A:P,16,0) -> Geleneksel | Q82: 0-15 | R82: TRUE | S82: FALSE | T82: Randevu Alındı | V82: Altuğ | W82: TEYİT İÇİN ARANDI ULAŞILAMADI | X82: 44232 | Y82: 44237 | AP82: Gökhan Çakır
A83: 60279a57919b7ac80079bf7f | B83: Angry Fried Chicken, Tepebaşı (Eskibağlar Mah.) | C83: =VLOOKUP(A83,Import!A:C,3,false) -> YANLIŞ | D83: Burger | E83: =VLOOKUP(A83,Import!A:J,5,0) -> 1 | F83: =VLOOKUP(A83,Import!A:J,6,0) | G83: =VLOOKUP(A83,Import!A:J,7,0) -> 0 | H83: =VLOOKUP(A83,Import!A:J,8,0) -> 37 | I83: =VLOOKUP(A83,Import!A:J,9,0) -> 37 | J83: =VLOOKUP(A83,Import!A:J,10,0) -> 0 | K83: =VLOOKUP(A83,Import!A:P,11,0) -> Hamza Elhudar | L83: 5349255300 | M83: Tepebaşı | N83: Eskibağlar | O83: Eskibağlar Mah. Nazif Yörükçü Sk No:49 A Tepebaşı/Eskişehir | P83: =VLOOKUP(A83,Import!A:P,16,0) -> Geleneksel | Q83: 35+ | R83: TRUE | S83: FALSE | W83: dükkan kapalı | AP83: Gökhan Çakır
A84: 60227d3c176fccea08ffb93c | B84: Angry Fried Chicken, Tepebaşı (Güllük Mah.) | C84: =VLOOKUP(A84,Import!A:C,3,false) -> DOĞRU | D84: Burger | E84: =VLOOKUP(A84,Import!A:J,5,0) -> 3323 | F84: =VLOOKUP(A84,Import!A:J,6,0) -> 202 | G84: =VLOOKUP(A84,Import!A:J,7,0) -> 33 | H84: =VLOOKUP(A84,Import!A:J,8,0) -> 13 | I84: =VLOOKUP(A84,Import!A:J,9,0) -> 46 | J84: =VLOOKUP(A84,Import!A:J,10,0) -> 0.72 | K84: =VLOOKUP(A84,Import!A:P,11,0) -> Tolga Kumru | L84: 5423602152 | M84: Tepebaşı | N84: Eskibağlar | O84: Güllük Mah. Gedik Çıkmazı Sok. No:7/A Tepebaşı/Eskişehir | P84: =VLOOKUP(A84,Import!A:P,16,0) -> Geleneksel | Q84: 35+ | R84: TRUE | S84: FALSE | T84: Randevu Alındı | V84: Altuğ | W84: dönecek | X84: 44254 | Y84: 44257 | AA84: Görüşüldü | AB84: 44501 | AK84: Zeliha Özer | AP84: Gökhan Çakır
A85: 6000b0aedef388c843e0d2c3 | B85: Angry Grilled Chicken, Tepebaşı (Şirintepe Mah.) | C85: =VLOOKUP(A85,Import!A:C,3,false) -> DOĞRU | D85: Köfte | E85: =VLOOKUP(A85,Import!A:J,5,0) -> 3247 | F85: =VLOOKUP(A85,Import!A:J,6,0) -> 209 | G85: =VLOOKUP(A85,Import!A:J,7,0) -> 11 | H85: =VLOOKUP(A85,Import!A:J,8,0) -> 1 | I85: =VLOOKUP(A85,Import!A:J,9,0) -> 12 | J85: =VLOOKUP(A85,Import!A:J,10,0) -> 0.92 | K85: =VLOOKUP(A85,Import!A:P,11,0) -> Emre Üçer | L85: 5337134612 | M85: Tepebaşı | N85: Şirintepe | O85: Şirintepe Mah. İsmet İnönü 2 Cad. No: 88 Tepebaşı/ Eskişehir | P85: =VLOOKUP(A85,Import!A:P,16,0) -> Geleneksel | Q85: 16-25 | R85: TRUE | S85: FALSE | T85: Randevu Alındı | V85: Melika | W85: TEYİT İÇİN ARANDI ÇEKİM GERÇEKLEŞMİŞ | X85: 44232 | Y85: 44237 | AP85: Gökhan Çakır
A86: 606b07d2306c3557c9e87750 | B86: Antep Kebap Hacı Usta, Odunpazarı(Gökmeydan Mah.) | C86: =VLOOKUP(A86,Import!A:C,3,false) -> DOĞRU | D86: Kebap | E86: =VLOOKUP(A86,Import!A:J,5,0) -> 489 | F86: =VLOOKUP(A86,Import!A:J,6,0) -> 31 | G86: =VLOOKUP(A86,Import!A:J,7,0) -> 25 | H86: =VLOOKUP(A86,Import!A:J,8,0) -> 46 | I86: =VLOOKUP(A86,Import!A:J,9,0) -> 71 | J86: =VLOOKUP(A86,Import!A:J,10,0) -> 0.35 | K86: =VLOOKUP(A86,Import!A:P,11,0) -> Mehmet Akar | L86: 5302000027 | M86: Odunpazarı | N86: Gökmeydan | O86: Gökmeydan Mah. Ondokuz Mayıs Cad. No:104/A Odunpazarı/ Eskişehir | P86: =VLOOKUP(A86,Import!A:P,16,0) -> Geleneksel | R86: TRUE | S86: FALSE | T86: Randevu Alındı | U86: Kübra Toprak | V86: Muammer Çakır | W86: takvimde fotoğrafçı fatih likoğlu/ cumartesi saat 5' e devam çekimi alındı. | X86: 44525 | Y86: 44541 | Z86: Hemen Randevu İstiyorum | AA86: Görüşüldü | AB86: 44376 | AC86: Görüşüldü | AD86: 44525 | AK86: Nazmiye Yuka | AL86: Kübra Toprak | AP86: Gökhan Çakır
A87: 5fa1249c59fb3f445202116e | B87: Antepeli Pide & Kebap Sedat Usta, Tepebaşı (Şirintepe Mah.) | C87: =VLOOKUP(A87,Import!A:C,3,false) -> DOĞRU | D87: Kebap | E87: =VLOOKUP(A87,Import!A:J,5,0) -> 5098 | F87: =VLOOKUP(A87,Import!A:J,6,0) -> 483 | G87: =VLOOKUP(A87,Import!A:J,7,0) -> 22 | H87: =VLOOKUP(A87,Import!A:J,8,0) -> 14 | I87: =VLOOKUP(A87,Import!A:J,9,0) -> 36 | J87: =VLOOKUP(A87,Import!A:J,10,0) -> 0.61 | K87: =VLOOKUP(A87,Import!A:P,11,0) -> Kadir Bürke | L87: 2223100273 | M87: Tepebaşı | N87: Şirintepe | O87: Şirintepe Mah Örme sok. no:138/ B Tepebaşı/Eskişehir | P87: =VLOOKUP(A87,Import!A:P,16,0) -> Geleneksel | Q87: 16-25 | R87: TRUE | S87: FALSE | T87: Randevu Alındı | U87: Ayfer Altın | V87: Altuğ | W87: ÇEKİM DEVAMI SERVET 5466380079/TEYİT İÇİN ARANDI ÇEKİM GERÇEKLEŞMİŞ | X87: 44308 | Y87: 44312 | AP87: Gökhan Çakır
A88: 5f35185f7bcccf6481d94bac | B88: Antepli Beğendik Pide & Kebap, Vişnelik | C88: =VLOOKUP(A88,Import!A:C,3,false) -> DOĞRU | D88: Pide | E88: =VLOOKUP(A88,Import!A:J,5,0) -> 684 | F88: =VLOOKUP(A88,Import!A:J,6,0) -> 19 | G88: =VLOOKUP(A88,Import!A:J,7,0) -> 0 | H88: =VLOOKUP(A88,Import!A:J,8,0) -> 15 | I88: =VLOOKUP(A88,Import!A:J,9,0) -> 15 | J88: =VLOOKUP(A88,Import!A:J,10,0) -> 0 | K88: =VLOOKUP(A88,Import!A:P,11,0) -> MUSTAFA ÖZTÜRK | L88: 2222266309 | M88: Odunpazarı | N88: Kırmızıtoprak | O88: Vişnelik, Erdinçler Sk. No:4, 26020 Odunpazarı/Eskişehir | P88: =VLOOKUP(A88,Import!A:P,16,0) -> Geleneksel | Q88: 26-35 | R88: TRUE | S88: FALSE | T88: Çekim İstemiyor | U88: Damla Kılcı | W88: Şuan deği ama yazın yapabiliriz dedi.salı günleri indirim yaopıyo gıcık oluyorum iyice yogunum istemiyorum dedi | X88: 44260 | AA88: Görüşüldü | AB88: 44377 | AK88: Nurhayat Kabataş | AP88: Gökhan Çakır
A89: 624fe82a164c0766d9de9897 | B89: Antik Baklava, Tepebaşı (Cumhuriye Mah.) | C89: =VLOOKUP(A89,Import!A:C,3,false) -> DOĞRU | D89: Pasta & Tatlı | E89: =VLOOKUP(A89,Import!A:J,5,0) -> 2 | F89: =VLOOKUP(A89,Import!A:J,6,0) -> 2 | G89: =VLOOKUP(A89,Import!A:J,7,0) -> 0 | H89: =VLOOKUP(A89,Import!A:J,8,0) -> 30 | I89: =VLOOKUP(A89,Import!A:J,9,0) -> 30 | J89: =VLOOKUP(A89,Import!A:J,10,0) -> 0 | K89: Fatih Ersoy | L89: 5323806601 | M89: Tepebaşı | N89: Cumhuriye | O89: Cumhuriye Mah. Başkan Sok. No: 41 A Tepebaşı / Eskişehir | P89: =VLOOKUP(A89,Import!A:P,16,0) -> Geleneksel | R89: FALSE | S89: FALSE
A90: 5f67ac29fbf46153e81b6db7 | B90: Apache Burger, Odunpazarı (Kırmızıtoprak Mah.) | C90: =VLOOKUP(A90,Import!A:C,3,false) -> DOĞRU | D90: Sokak Lezzetleri | E90: =VLOOKUP(A90,Import!A:J,5,0) -> 1120 | F90: =VLOOKUP(A90,Import!A:J,6,0) -> 22 | G90: =VLOOKUP(A90,Import!A:J,7,0) -> 0 | H90: =VLOOKUP(A90,Import!A:J,8,0) -> 22 | I90: =VLOOKUP(A90,Import!A:J,9,0) -> 22 | J90: =VLOOKUP(A90,Import!A:J,10,0) -> 0 | K90: =VLOOKUP(A90,Import!A:P,11,0) -> Hosseın Delavandanı | L90: 5377449260 | M90: Tepebaşı | N90: Hoşnudiye | O90: Kırmızıtoprak mah. Mustafa Kemal Atatürk Cad. No: 95 /A Odunpazarı / Eskişehir | P90: =VLOOKUP(A90,Import!A:P,16,0) -> Geleneksel | Q90: 16-25 | R90: TRUE | S90: FALSE | W90: Numara kullanılmıyor/birden fazla şubesi var aranmasın kendisi dönecek | AA90: Dönüş Yapacak | AB90: 44547 | AK90: Hatem Soyaslan | AP90: Gökhan Çakır
A91: 5ff147ba34586744a54726aa | B91: Aperatif Fast Food, Odunpazarı (Arifiye Mah.) | C91: =VLOOKUP(A91,Import!A:C,3,false) -> DOĞRU | D91: Tost & Sandviç | E91: =VLOOKUP(A91,Import!A:J,5,0) -> 1333 | F91: =VLOOKUP(A91,Import!A:J,6,0) -> 29 | G91: =VLOOKUP(A91,Import!A:J,7,0) -> 13 | H91: =VLOOKUP(A91,Import!A:J,8,0) -> 6 | I91: =VLOOKUP(A91,Import!A:J,9,0) -> 19 | J91: =VLOOKUP(A91,Import!A:J,10,0) -> 0.68 | K91: =VLOOKUP(A91,Import!A:P,11,0) -> İlyas Uzun | L91: 2222213326 | M91: Odunpazarı | N91: Arifiye | O91: Arifiye, Tayfun Sk. No:3-D, 26000 Odunpazarı/Eskişehir | P91: =VLOOKUP(A91,Import!A:P,16,0) -> Geleneksel | Q91: 26-35 | R91: TRUE | S91: FALSE | T91: Randevu Alındı | U91: Hatem Soyaslan | V91: Muammer Çakır | X91: 44504 | Y91: 44504 | AA91: Görüşüldü | AB91: 44504 | AK91: Hatem Soyaslan | AP91: Gökhan Çakır
A92: 6149c78f2d69893a65f2b864 | B92: Aperatif Fast Food, Tepebaşı (Ömerağa Mah.) | C92: =VLOOKUP(A92,Import!A:C,3,false) -> DOĞRU | D92: Tost & Sandviç | E92: =VLOOKUP(A92,Import!A:J,5,0) -> 129 | F92: =VLOOKUP(A92,Import!A:J,6,0) | G92: =VLOOKUP(A92,Import!A:J,7,0) -> 19 | H92: =VLOOKUP(A92,Import!A:J,8,0) -> 14 | I92: =VLOOKUP(A92,Import!A:J,9,0) -> 33 | J92: =VLOOKUP(A92,Import!A:J,10,0) -> 0.58 | K92: =VLOOKUP(A92,Import!A:P,11,0) -> Türkan Bakılan | L92: 2223235633 | M92: Tepebaşı | N92: Ömerağa | O92: Ömerağa Mah. Övünme Sok. No:6 A Tepebaşı / Eskişehir | P92: =VLOOKUP(A92,Import!A:P,16,0) -> Geleneksel | R92: TRUE | S92: FALSE | T92: Randevu Alındı | U92: Ayşegül Kır | V92: Muammer Çakır | W92: Ömer Bey /5383033737/işletme watsap no:5394501999 | X92: 44548 | Y92: 44551 | AA92: Görüşüldü | AB92: 44522 | AC92: Ulaşılamadı | AD92: 44543 | AE92: Görüşüldü | AF92: 44548 | AK92: Selcan Topçu | AL92: Yurdagül Kulaksız | AM92: Ayşegül Kır | AP92: Gökhan Çakır
A93: 602d23f443eb4c6abbbe86b5 | B93: Arabica Cafe, Tepebaşı (Eskibağlar Mah.) | C93: =VLOOKUP(A93,Import!A:C,3,false) -> YANLIŞ | D93: Diğer | E93: =VLOOKUP(A93,Import!A:J,5,0) -> 124 | F93: =VLOOKUP(A93,Import!A:J,6,0) | G93: =VLOOKUP(A93,Import!A:J,7,0) -> 25 | H93: =VLOOKUP(A93,Import!A:J,8,0) -> 20 | I93: =VLOOKUP(A93,Import!A:J,9,0) -> 45 | J93: =VLOOKUP(A93,Import!A:J,10,0) -> 0.56 | K93: =VLOOKUP(A93,Import!A:P,11,0) -> Elif Ülger Yalçın | L93: 5432242388 | M93: Tepebaşı | N93: Eskibağlar | O93: Eskibağlar Mah. Genez Sk. No:38 I Tepebaşı/Eskişehir | P93: =VLOOKUP(A93,Import!A:P,16,0) -> Geleneksel | Q93: 35+ | R93: TRUE | S93: FALSE | T93: Franchise | W93: franchise | AP93: Gökhan Çakır
A94: 601bbfcdddc49682a8a74ec0 | B94: Aras Fast Food, Tepebaşı (Yeşiltepe Mah.) | C94: =VLOOKUP(A94,Import!A:C,3,false) -> DOĞRU | D94: Kahvaltı | E94: =VLOOKUP(A94,Import!A:J,5,0) -> 614 | F94: =VLOOKUP(A94,Import!A:J,6,0) -> 1 | G94: =VLOOKUP(A94,Import!A:J,7,0) -> 0 | H94: =VLOOKUP(A94,Import!A:J,8,0) -> 25 | I94: =VLOOKUP(A94,Import!A:J,9,0) -> 25 | J94: =VLOOKUP(A94,Import!A:J,10,0) -> 0 | K94: =VLOOKUP(A94,Import!A:P,11,0) -> Mehmet Ali Kuru | L94: 5398856201 | M94: Tepebaşı | N94: Yeşiltepe | O94: Yeşiltepe Mah. Bilgeç Cad. No:41/C Tepebaşı/Eskişehir | P94: =VLOOKUP(A94,Import!A:P,16,0) -> Geleneksel | Q94: 35+ | R94: TRUE | S94: FALSE | W94: şimdilik kulanmıyormuş/açtı konuşmadı | AA94: Yetkili Yok | AB94: 44543 | AK94: Yurdagül Kulaksız | AP94: Gökhan Çakır
A95: 5f6e9c2e32054a515c428e57 | B95: Arasta Döner, Tepebaşı (Yenibağlar Mah.) | C95: =VLOOKUP(A95,Import!A:C,3,false) -> YANLIŞ | D95: Döner | E95: =VLOOKUP(A95,Import!A:J,5,0) -> 5909 | F95: =VLOOKUP(A95,Import!A:J,6,0) | G95: =VLOOKUP(A95,Import!A:J,7,0) -> 7 | H95: =VLOOKUP(A95,Import!A:J,8,0) -> 8 | I95: =VLOOKUP(A95,Import!A:J,9,0) -> 15 | J95: =VLOOKUP(A95,Import!A:J,10,0) -> 0.47 | K95: =VLOOKUP(A95,Import!A:P,11,0) -> Ahmet Kaya | L95: 2222050315 | M95: Tepebaşı | N95: Yenibağlar | O95: Yenibağlar, Sapanca Sk., 26170 Tepebaşı/Eskişehir | P95: =VLOOKUP(A95,Import!A:P,16,0) -> Geleneksel | Q95: 0-15 | R95: TRUE | S95: FALSE | T95: Randevu Alındı | U95: Ayfer Altın | V95: Altuğ | W95: 53368262381/TEYİT İÇİN ARANDI ÇEKİM GERÇEKLEŞMİŞ | X95: 44308 | Y95: 44315 | AP95: Gökhan Çakır
A96: 61c0ecbee492d2c2ea4cfb88 | B96: Arkeolog Bey Burger, Tepebaşı (Güllük Mah.) | C96: =VLOOKUP(A96,Import!A:C,3,false) -> DOĞRU | D96: Burger | E96: =VLOOKUP(A96,Import!A:J,5,0) -> 3318 | F96: =VLOOKUP(A96,Import!A:J,6,0) -> 310 | G96: =VLOOKUP(A96,Import!A:J,7,0) -> 0 | H96: =VLOOKUP(A96,Import!A:J,8,0) -> 18 | I96: =VLOOKUP(A96,Import!A:J,9,0) -> 18 | J96: =VLOOKUP(A96,Import!A:J,10,0) -> 0 | K96: BERK YAKIT | L96: 5345962747 | M96: Tepebaşı | N96: Bahçelievler | O96: GÜLLÜK MAH. BAYSAL SK. NO: 68 A TEPEBAŞI/ ESKİŞEHİR | P96: =VLOOKUP(A96,Import!A:P,16,0) -> Geleneksel | R96: TRUE | S96: FALSE | T96: Dönüş Yapacak | W96: çalışma saatleri değişiyormuş kendisini ayarlayıp bize dönüş sağlayacak | AA96: Ulaşılamadı | AB96: 44571 | AC96: Dönüş Yapacak | AD96: 44571 | AK96: Hatem Soyaslan | AL96: Hatem Soyaslan
A97: 607d5764d067792ab3bfadbb | B97: Arsuz Döner & Kudu & Lavaş, Odunpazarı (Büyükdere Mah.) | C97: =VLOOKUP(A97,Import!A:C,3,false) -> DOĞRU | D97: Döner | E97: =VLOOKUP(A97,Import!A:J,5,0) -> 3875 | F97: =VLOOKUP(A97,Import!A:J,6,0) -> 285 | G97: =VLOOKUP(A97,Import!A:J,7,0) -> 6 | H97: =VLOOKUP(A97,Import!A:J,8,0) -> 3 | I97: =VLOOKUP(A97,Import!A:J,9,0) -> 9 | J97: =VLOOKUP(A97,Import!A:J,10,0) -> 0.67 | K97: =VLOOKUP(A97,Import!A:P,11,0) -> Latif Günbeği | L97: 2222397267 | M97: Odunpazarı | N97: Büyükdere | O97: Büyükdere Mah. Millet Cad. No:2 Odunpazarı/Eskişehir | P97: =VLOOKUP(A97,Import!A:P,16,0) -> Geleneksel | R97: TRUE | S97: FALSE | T97: Randevu Alındı | U97: Betül Demir | V97: Muammer Çakır | W97: numara verildi bizlere geri dönüş yapılacak/ toplu siparişim var ben size dönüş sağlasam olur mu der | X97: 44641 | Y97: 44642 | AA97: Yetkili Yok | AB97: 44379 | AC97: Dönüş Yapacak | AD97: 44494 | AE97: Dönüş Yapacak | AF97: 44495 | AG97: Yetkili Yok | AH97: 44628 | AI97: Görüşüldü | AJ97: 44641 | AK97: Nazmiye Yuka | AL97: Betül Demir | AM97: Hatem Soyaslan | AN97: Betül Demir | AO97: Betül Demir | AP97: Gökhan Çakır
A98: 62373693d5e74b2cd1e63500 | B98: Artizan Köfte & Burger, Tepebaşı (Hoşnudiye Mah.) | C98: =VLOOKUP(A98,Import!A:C,3,false) -> DOĞRU | D98: Köfte | E98: =VLOOKUP(A98,Import!A:J,5,0) | F98: =VLOOKUP(A98,Import!A:J,6,0) | G98: =VLOOKUP(A98,Import!A:J,7,0) -> 0 | H98: =VLOOKUP(A98,Import!A:J,8,0) -> 24 | I98: =VLOOKUP(A98,Import!A:J,9,0) -> 24 | J98: =VLOOKUP(A98,Import!A:J,10,0) -> 0 | K98: Umut Kumral | L98: 5335822307 | M98: Tepebaşı | N98: Hoşnudiye | O98: HOŞNUDİYE MAH. İSKENDER SK. NO: 8 /1A TEPEBAŞI/ ESKİŞEHİR | P98: =VLOOKUP(A98,Import!A:P,16,0) -> Geleneksel | R98: FALSE | S98: FALSE
A99: 5f7d78b1ace10e7fbba5759b | B99: Arya Mantı & Çibörek, Odunpazarı (Paşa Mah.) | C99: =VLOOKUP(A99,Import!A:C,3,false) -> DOĞRU | D99: Mantı | E99: =VLOOKUP(A99,Import!A:J,5,0) -> 3962 | F99: =VLOOKUP(A99,Import!A:J,6,0) -> 80 | G99: =VLOOKUP(A99,Import!A:J,7,0) -> 8 | H99: =VLOOKUP(A99,Import!A:J,8,0) -> 6 | I99: =VLOOKUP(A99,Import!A:J,9,0) -> 14 | J99: =VLOOKUP(A99,Import!A:J,10,0) -> 0.57 | K99: =VLOOKUP(A99,Import!A:P,11,0) -> NERMİN ÖZCAN | L99: 5434238720 | M99: Odunpazarı | N99: Paşa | O99: Paşa Mah. Beyler Sok. No:3 Odunpazarı/Eskişehir | P99: =VLOOKUP(A99,Import!A:P,16,0) -> Geleneksel | Q99: 16-25 | R99: TRUE | S99: FALSE | T99: Randevu Alındı | V99: Altuğ | W99: TEYİT İÇİN ARANDI ÇEKİM GERÇEKLEŞMİŞ | X99: 44251 | Y99: 44253 | AP99: Gökhan Çakır
A100: 6036da9cc4832b9a8db01802 | B100: As İzmirlim Patso & Kumrucum, Odunpazarı (Büyükdere Mah.) | C100: =VLOOKUP(A100,Import!A:C,3,false) -> DOĞRU | D100: Tost & Sandviç | E100: =VLOOKUP(A100,Import!A:J,5,0) -> 1758 | F100: =VLOOKUP(A100,Import!A:J,6,0) -> 6 | G100: =VLOOKUP(A100,Import!A:J,7,0) -> 3 | H100: =VLOOKUP(A100,Import!A:J,8,0) -> 2 | I100: =VLOOKUP(A100,Import!A:J,9,0) -> 5 | J100: =VLOOKUP(A100,Import!A:J,10,0) -> 0.6 | K100: =VLOOKUP(A100,Import!A:P,11,0) -> ALİ TURAN | L100: 2222399522 | M100: Odunpazarı | N100: Büyükdere | O100: Büyükdere, Fakülte Sok. 5/C, Odunpazarı/Eskişehir | P100: =VLOOKUP(A100,Import!A:P,16,0) -> Geleneksel | Q100: 26-35 | R100: TRUE | S100: FALSE | T100: Randevu Alındı | U100: Selcan Topçu | V100: muammer | W100: agla tantunu olarak degıstırılmıs | X100: 44561 | Y100: 44565 | AA100: Görüşüldü | AB100: 44561 | AK100: Selcan Topçu | AP100: Gökhan Çakır
...

Sheet özet
B2: Başka Şubeden Çekilecek | C2: =COUNTIFS('Hedef Liste'!T:T,B2,'Hedef Liste'!C:C,"doğru",'Hedef Liste'!P:P,"Geleneksel",'Hedef Liste'!J:J,"=0%") -> 5 | D2: Toplam Rest | E2: =COUNTIFS(Import!C:C,"doğru",Import!P:P,"Geleneksel") -> 725
B3: BlackList | C3: =COUNTIFS('Hedef Liste'!T:T,B3,'Hedef Liste'!C:C,"doğru",'Hedef Liste'!P:P,"Geleneksel",'Hedef Liste'!J:J,"=0%") -> 8 | D3: Fotoğraflı | E3: =COUNTIFS(Import!C:C,"doğru",Import!P:P,"Geleneksel",Import!J:J,">0%") -> 407
B4: Çekim İstemiyor | C4: =COUNTIFS('Hedef Liste'!T:T,B4,'Hedef Liste'!C:C,"doğru",'Hedef Liste'!P:P,"Geleneksel",'Hedef Liste'!J:J,"=0%") -> 76 | D4: % | E4: =E3/E2 -> 0.56137931 | J4: Top. Rest | K4: =COUNTIFS(Import!$C:$C,"true",Import!$P:$P,"Geleneksel") -> 0 | S4: İptal Oranı
B5: Devir | C5: =COUNTIFS('Hedef Liste'!T:T,B5,'Hedef Liste'!C:C,"doğru",'Hedef Liste'!P:P,"Geleneksel",'Hedef Liste'!J:J,"=0%") -> 2 | J5: Fotoğraflı | K5: =COUNTIFS(Import!$C:$C,"true",Import!$P:$P,"Geleneksel",Import!$J:$J,">0%") -> 0 | M5: =$K$5/$K$4 -> #DIV/0! | S5: =O24/N24 -> #DIV/0!
B6: Dönüş Yapacak | C6: =COUNTIFS('Hedef Liste'!T:T,B6,'Hedef Liste'!C:C,"doğru",'Hedef Liste'!P:P,"Geleneksel",'Hedef Liste'!J:J,"=0%") -> 11
B7: Franchise | C7: =COUNTIFS('Hedef Liste'!T:T,B7,'Hedef Liste'!C:C,"doğru",'Hedef Liste'!P:P,"Geleneksel",'Hedef Liste'!J:J,"=0%") -> 2 | J7: Ürün Adet | K7: 0-25 | M7: 25+
B8: İleride Randevu Alınacak | C8: =COUNTIFS('Hedef Liste'!T:T,B8,'Hedef Liste'!C:C,"doğru",'Hedef Liste'!P:P,"Geleneksel",'Hedef Liste'!J:J,"=0%") -> 33 | J8: Fotoğraflı | K8: =COUNTIFS(Import!$C:$C,"true",Import!$J:$J,">0%",Import!$P:$P,"Geleneksel",Import!$I:$I,"<=25") -> 0 | L8: =K8/K5 -> #DIV/0! | M8: =COUNTIFS(Import!C:C,"true",Import!J:J,">0%",Import!P:P,"Geleneksel",Import!I:I,">25") -> 0 | N8: =M8/K5 -> #DIV/0!
B9: Lokasyon Uzak | C9: =COUNTIFS('Hedef Liste'!T:T,B9,'Hedef Liste'!C:C,"doğru",'Hedef Liste'!P:P,"Geleneksel",'Hedef Liste'!J:J,"=0%") -> 0 | J9: 0-20% | K9: =COUNTIFS(Import!C:C,"true",Import!J:J,">0%",Import!J:J,"<=20%",Import!P:P,"Geleneksel",Import!I:I,"<=25") -> 0 | L9: =K9/K8 -> #DIV/0! | M9: =COUNTIFS(Import!C:C,"true",Import!J:J,">0%",Import!J:J,"<=20%",Import!P:P,"Geleneksel",Import!I:I,">25") -> 0 | N9: =M9/M8 -> #DIV/0!
B10: Haziran'da Aranacak | C10: =COUNTIFS('Hedef Liste'!T:T,B10,'Hedef Liste'!C:C,"doğru",'Hedef Liste'!P:P,"Geleneksel",'Hedef Liste'!J:J,"=0%") -> 0 | J10: 21-50% | K10: =COUNTIFS(Import!C:C,"true",Import!J:J,">20%",Import!J:J,"<=50%",Import!P:P,"Geleneksel",Import!I:I,"<=25") -> 0 | L10: =K10/K8 -> #DIV/0! | M10: =COUNTIFS(Import!C:C,"true",Import!J:J,">20%",Import!J:J,"<=50%",Import!P:P,"Geleneksel",Import!I:I,">25") -> 0 | N10: =M10/M8 -> #DIV/0!
B11: Menü Güncellemesi Yapılacak | C11: =COUNTIFS('Hedef Liste'!T:T,B11,'Hedef Liste'!C:C,"doğru",'Hedef Liste'!P:P,"Geleneksel",'Hedef Liste'!J:J,"=0%") -> 1 | J11: 51-80% | K11: =COUNTIFS(Import!C:C,"true",Import!J:J,">50%",Import!J:J,"<=80%",Import!P:P,"Geleneksel",Import!I:I,"<=25") -> 0 | L11: =K11/K8 -> #DIV/0! | M11: =COUNTIFS(Import!C:C,"true",Import!J:J,">50%",Import!J:J,"<=80%",Import!P:P,"Geleneksel",Import!I:I,">25") -> 0 | N11: =M11/M8 -> #DIV/0!
B12: Personel Eksik | C12: =COUNTIFS('Hedef Liste'!T:T,B12,'Hedef Liste'!C:C,"doğru",'Hedef Liste'!P:P,"Geleneksel",'Hedef Liste'!J:J,"=0%") -> 2 | J12: >80% | K12: =COUNTIFS(Import!C:C,"true",Import!J:J,">80%",Import!P:P,"Geleneksel",Import!I:I,"<=25") -> 0 | L12: =K12/K8 -> #DIV/0! | M12: =COUNTIFS(Import!C:C,"true",Import!J:J,">80%",Import!P:P,"Geleneksel",Import!I:I,">25") -> 0 | N12: =M12/M8 -> #DIV/0!
B13: Randevu Alındı | C13: =COUNTIFS('Hedef Liste'!T:T,B13,'Hedef Liste'!C:C,"doğru",'Hedef Liste'!P:P,"Geleneksel",'Hedef Liste'!J:J,"=0%") -> 13
B14: Randevu İptal | C14: =COUNTIFS('Hedef Liste'!T:T,B14,'Hedef Liste'!C:C,"doğru",'Hedef Liste'!P:P,"Geleneksel",'Hedef Liste'!J:J,"=0%") -> 14
B15: Restoran Silindi | C15: =COUNTIFS('Hedef Liste'!T:T,B15,'Hedef Liste'!C:C,"doğru",'Hedef Liste'!P:P,"Geleneksel",'Hedef Liste'!J:J,"=0%") -> 1
B16: Sistemden Çıkmak İstiyor | C16: =COUNTIFS('Hedef Liste'!T:T,B16,'Hedef Liste'!C:C,"doğru",'Hedef Liste'!P:P,"Geleneksel",'Hedef Liste'!J:J,"=0%") -> 4
B17: Tadilat Var | C17: =COUNTIFS('Hedef Liste'!T:T,B17,'Hedef Liste'!C:C,"doğru",'Hedef Liste'!P:P,"Geleneksel",'Hedef Liste'!J:J,"=0%") -> 3
B18: Ulaşılamadı | C18: =COUNTIFS('Hedef Liste'!T:T,B18,'Hedef Liste'!C:C,"doğru",'Hedef Liste'!P:P,"Geleneksel",'Hedef Liste'!J:J,"=0%") -> 22
B19: Ramazandan Sonra Randevu Istiyor | C19: =COUNTIFS('Hedef Liste'!T:T,B19,'Hedef Liste'!C:C,"doğru",'Hedef Liste'!P:P,"Geleneksel",'Hedef Liste'!J:J,"=0%") -> 1
B20: Fotoğrafı Var | C20: =COUNTIFS('Hedef Liste'!S:S,"True",'Hedef Liste'!C:C,"doğru",'Hedef Liste'!P:P,"Geleneksel",'Hedef Liste'!J:J,"=0%",'Hedef Liste'!T:T,"") -> 47
B21: TOPLAM | C21: =SUM(C2:C20) -> 245 | D21: =COUNTIFS('Hedef Liste'!C:C,"true",'Hedef Liste'!P:P,"Geleneksel") -> 0
B23: Randevu Başarı %
B24: =C13/COUNTIFS('Hedef Liste'!R:R,"true",'Hedef Liste'!C:C,"true") -> #DIV/0!

Sheet Import
A1: Restaurant ID | B1: Restoran Adı | C1: Satışa Açık Mı? | D1: Mutfak | E1: TOPLAM SİPARİŞ | F1: SON 2 HAFTA | G1: RESİMLİ ÜRÜN | H1: RESİMSİZ ÜRÜN | I1: TOPLAM ÜRÜN | J1: Ratio | K1: Yetkili | L1: Telefon | M1: İLÇE | N1: MAHALLE | O1: ADRES | P1: Geleneksel Zincir | Q1: Eklendi mi
A2: 5f2c34fd5b6dd080ba3cd27f | B2: Rooster, Tepebaşı (Şirintepe Mah.) | C2: DOĞRU | D2: Döner | E2: 27514 | F2: 1411 | G2: 29 | H2: 1 | I2: 30 | J2: 0.97 | K2: TOLGA KUMRU | L2: 2223353516 | M2: Tepebaşı | N2: Şirintepe | O2: Şirintepe, İsmet İnönü-2 Blv No:58, 26200, 26190 Tepebaşı/Eskişehir | P2: Geleneksel | Q2: =COUNTIF('Hedef Liste'!$A:$A,A2) -> 1
A3: 5f2c35f4276682de259234a3 | B3: Obur Fast Food (Büyükdere Mah.) | C3: DOĞRU | D3: Tost & Sandviç | E3: 17017 | F3: 294 | G3: 47 | H3: 22 | I3: 69 | J3: 0.68 | K3: AHMET ÜSTÜN | L3: 2222390101 | M3: Odunpazarı | N3: Büyükdere | O3: Büyükdere Mah. Mehmet Osman Cad. Sarıkonak Sok, D:NO:6A, 26040 Odunpazarı | P3: Geleneksel | Q3: =COUNTIF('Hedef Liste'!$A:$A,A3) -> 1
A4: 5f2c1572d783356b484989ce | B4: Koza Kebap, Tepebaşı (Hoşnudiye Mah.) | C4: DOĞRU | D4: Kebap | E4: 14468 | F4: 300 | G4: 12 | H4: 60 | I4: 72 | J4: 0.17 | K4: SEZER DEMİR | L4: 5525007171 | M4: Tepebaşı | N4: Hoşnudiye | O4: Hoşnudiye, Ay Lounge Altı, Şahin Cd. No:76/C, 26130 Tepebaşı/Eskişehir | P4: Geleneksel | Q4: =COUNTIF('Hedef Liste'!$A:$A,A4) -> 1
A5: 5f2c1cd6b76a830b5f50b5dd | B5: Çarşı Fırın & Çibörek, Odunpazarı (Arifiye Mah.) | C5: DOĞRU | D5: Börek | E5: 3373 | F5: 165 | G5: 0 | H5: 90 | I5: 90 | J5: 0 | K5: BEKLAN GENCER | L5: 5419782817 | M5: Odunpazarı | N5: İstiklal | O5: Arifiye, Korkmaz Sk. No:7, 26010 Odunpazarı/Eskişehir | P5: Geleneksel | Q5: =COUNTIF('Hedef Liste'!$A:$A,A5) -> 1
A6: 5f2c33a38e6cb27e3714c9c8 | B6: Wopsow Burger, Tepebaşı (Güllük Mah.) | C6: DOĞRU | D6: Burger | E6: 13282 | F6: 189 | G6: 18 | H6: 3 | I6: 21 | J6: 0.86 | K6: TURHAN GÜVENÇ SAYAN | L6: 5457762677 | M6: Tepebaşı | N6: Eskibağlar | O6: Güllük, Bacı Sk. No:10, 26190 Tepebaşı/Eskişehir | P6: Geleneksel | Q6: =COUNTIF('Hedef Liste'!$A:$A,A6) -> 1
A7: 5f2c37946dc562e66bda26c4 | B7: Gaziantepli Ünvermiş Baklavacı (Vişnelik Mah.) | C7: DOĞRU | D7: Pasta & Tatlı | E7: 9675 | F7: 289 | G7: 14 | H7: 19 | I7: 33 | J7: 0.42 | K7: AHMET TOPRAK | L7: 2222262424 | M7: Odunpazarı | N7: Akarbaşı | O7: VİŞNELİK MAHALLESİ ATATÜRK BULVARI NO:106/C ODUNPAZARI ESKİŞEHİR | P7: Geleneksel | Q7: =COUNTIF('Hedef Liste'!$A:$A,A7) -> 1
A8: 5f3282e2b6572ccaf7730568 | B8: Cennet Simit, Odunpazarı (İstiklal Mah.) | C8: DOĞRU | D8: Börek | E8: 4499 | F8: 248 | G8: 0 | H8: 66 | I8: 66 | J8: 0 | K8: Eren Göker | L8: 5356928409 | M8: Odunpazarı | N8: İstiklal | O8: İstiklal Mah., Başarılı Sok., No:10, Odunpazarı, Eskişehir, Türkiye, | P8: Geleneksel | Q8: =COUNTIF('Hedef Liste'!$A:$A,A8) -> 1
A9: 5f328b0b6198064323f8df49 | B9: Hega Pizza & Burger, Tepebaşı (Cumhuriye Mah.) | C9: DOĞRU | D9: Burger | E9: 24275 | F9: 451 | G9: 40 | H9: 10 | I9: 50 | J9: 0.8 | K9: KADRİYE ÇELİKOĞLU | L9: 2222214943 | M9: Tepebaşı | N9: Hoşnudiye | O9: CUMHURİYE MAHALLESİ İŞ BULMA SOKAK NO:33/B. 26130 TEPEBAŞI/Eskişehir | P9: Geleneksel | Q9: =COUNTIF('Hedef Liste'!$A:$A,A9) -> 1
A10: 5f328bf1777d7352944147d4 | B10: Es Alsancak Kumrucusu (Cumhuriye Mah.) | C10: DOĞRU | D10: Sokak Lezzetleri | E10: 2332 | F10: 44 | G10: 26 | H10: 37 | I10: 63 | J10: 0.41 | K10: Murat Erken | L10: 5367656805 | M10: Tepebaşı | N10: Cumhuriye | O10: Cumhuriyet Mah. Tersel Sok. No:6/C D:2 Tepebaşı/ Eskişehir | P10: Geleneksel | Q10: =COUNTIF('Hedef Liste'!$A:$A,A10) -> 1
A11: 5f3291b8e99eb6bacf1bf529 | B11: Gaziantep Cennet Pide & Lahmacun (Vişnelik Mah.) | C11: DOĞRU | D11: Pide | E11: 10026 | F11: 236 | G11: 0 | H11: 45 | I11: 45 | J11: 0 | K11: MEHMET YALPI | L11: 2222268451 | M11: Odunpazarı | N11: Vişnelik | O11: Akarbaşı, Yörüksoy Sk. No:1 D:c, 26020 Odunpazarı/Eskişehir | P11: Geleneksel | Q11: =COUNTIF('Hedef Liste'!$A:$A,A11) -> 1
A12: 5f3297199396285da8b681bf | B12: Gaziantepli Duygu Pide & Kebap (Kurtuluş Mah.) | C12: DOĞRU | D12: Pide | E12: 1696 | F12: 47 | G12: 10 | H12: 7 | I12: 17 | J12: 0.59 | K12: YAKUP TUNÇKAYA | L12: 2222344831 | M12: Odunpazarı | N12: Kurtuluş | O12: Alanönü Mah., Maide Bolel Huzur Evi Cd. No:7 B, Odunpazarı/Eskişehir | P12: Geleneksel | Q12: =COUNTIF('Hedef Liste'!$A:$A,A12) -> 1
A13: 5f33774d355b6a22fd38dbae | B13: Es Kumru Sandviç & Döner, Tepebaşı (Hoşnudiye Mah.) | C13: DOĞRU | D13: Tost & Sandviç | E13: 2196 | F13: 29 | G13: 19 | H13: 58 | I13: 77 | J13: 0.25 | K13: HÜLYA DEMİR | L13: 5423554445 | M13: Tepebaşı | N13: Hoşnudiye | O13: Hoşnudiye Mah., Bayrak Sok., No:10A, Tepebaşı, Eskişehir, Türkiye, | P13: Geleneksel | Q13: =COUNTIF('Hedef Liste'!$A:$A,A13) -> 1
... A31: 5f315a4cf7b4aa7cb0cc56b9 | B31: Kar-pi Karadeniz Pidesi (Uluönder Mah.) | C31: DOĞRU | D31: Pide | E31: 942 | F31: 31 | G31: 5 | H31: 54 | I31: 59 | J31: 0.08 | K31: KORAY İSMAİL AKYÜZ | L31: 5616117277 | M31: Tepebaşı | N31: Uluönder | O31: Uluönder, Salih Bozok Cd. No:7, 26190 Tepebaşı/Eskişehir | P31: Geleneksel | Q31: =COUNTIF('Hedef Liste'!$A:$A,A31) -> 1
A32: 5f315e877004a385a9ce063e | B32: Şahin Pide & Kebap (Tunalı Mah.) | C32: YANLIŞ | D32: Pide | E32: 151 | G32: 0 | H32: 31 | I32: 31 | J32: 0 | K32: BİLAL OKAN | L32: 123456789 | M32: Tepebaşı | N32: Tunalı | O32: Tunalı, Sakarya-2 Cd. no:64/A, 26220 Tepebaşı/Eskişehir | P32: Geleneksel | Q32: =COUNTIF('Hedef Liste'!$A:$A,A32) -> 1
A33: 5f3291a698ff3841ac33a587 | B33: Thyme Tantuni (Yenibağlar Mah.) | C33: DOĞRU | D33: Sokak Lezzetleri | E33: 8699 | F33: 94 | G33: 8 | H33: 28 | I33: 36 | J33: 0.22 | K33: ÖZLEM ŞİDE | L33: 2223220045 | M33: Tepebaşı | N33: Yenibağlar | O33: yenibağlar mh. balkan cad. no : 90 /b | P33: Geleneksel | Q33: =COUNTIF('Hedef Liste'!$A:$A,A33) -> 1
A34: 5f3378fd30bf6361f32c87ca | B34: Adana Böreği Yunus Usta, Tepebaşı (Hoşnudiye Mah.) | C34: DOĞRU | D34: Börek | E34: 2378 | F34: 45 | G34: 19 | H34: 15 | I34: 34 | J34: 0.56 | K34: MERVE TINMAZ | L34: 5524240424 | M34: Tepebaşı | N34: Hoşnudiye | O34: Hoşnudiye, İstasyon Cd. No:41, 26130 Tepebaşı/Eskişehir | P34: Geleneksel | Q34: =COUNTIF('Hedef Liste'!$A:$A,A34) -> 1
A35: 5f338c53abcd6abfb3e15752 | B35: Nostalji Gözleme Evi (Büyükdere Mah.) | C35: DOĞRU | D35: Kahvaltı | E35: 6261 | F35: 340 | G35: 20 | H35: 15 | I35: 35 | J35: 0.57 | K35: Soner AKAGÜNDÜZ | L35: 2222398483 | M35: Odunpazarı | N35: Büyükdere | O35: Büyükdere, Millet Cd. No:12 D:F, 26040 Eskişehir Merkez/Eskişehir | P35: Geleneksel | Q35: =COUNTIF('Hedef Liste'!$A:$A,A35) -> 1
A36: 5f33c87cfb453fd4e85c4aa9 | B36: Ciğerci Sedat (Kurtuluş Mah.) | C36: DOĞRU | D36: Kebap | E36: 4859 | F36: 46 | G36: 9 | H36: 14 | I36: 23 | J36: 0.39 | K36: SEDAT YAKAN | L36: 2222209998 | M36: Odunpazarı | N36: Kurtuluş | O36: Deliklitaş, Yunus Emre Cd. No:93 D:B Odunpazarı/Eskişehir | P36: Geleneksel | Q36: =COUNTIF('Hedef Liste'!$A:$A,A36) -> 1
A37: 5f344c5d03a8183877925533 | B37: İçem Kokoreç, Odunpazarı (Sütlüce Mah.) | C37: DOĞRU | D37: Köfte | E37: 1768 | F37: 59 | G37: 0 | H37: 46 | I37: 46 | J37: 0 | K37: ALİ KOCADAĞ | L37: 2222330708 | M37: Tepebaşı | N37: Anadolu Üniversitesi | O37: Sütlüce, İstiklal Cd. 38/A, 26010 Odunpazarı/Eskişehir | P37: Geleneksel | Q37: =COUNTIF('Hedef Liste'!$A:$A,A37) -> 1
A38: 5f3552e602e0084bf18fd59b | B38: Three Monkeys Burger House (Vişnelik Mah.) | C38: DOĞRU | D38: Burger | E38: 8734 | F38: 264 | G38: 16 | H38: 38 | I38: 54 | J38: 0.3 | K38: Baturhan Şentürk | L38: 5537390250 | M38: Odunpazarı | N38: Vişnelik | O38: Vişnelik, Atatürk Blv. No:112, 26020 Odunpazarı/Eskişehir | P38: Geleneksel | Q38: =COUNTIF('Hedef Liste'!$A:$A,A38) -> 1
A39: 5f35ada4d64681eb3bfeb406 | B39: Adıyaman Çiğköftecisi İlyas Aybak, Odunpazarı (Emek Mah.) | C39: DOĞRU | D39: Çiğ Köfte | E39: 2628 | F39: 50 | G39: 17 | H39: 10 | I39: 27 | J39: 0.63 | K39: HAKAN ADALIOĞLU | L39: 5438920626 | M39: Odunpazarı | N39: Emek | O39: Emek, Ertaş Blv. No:111, 26080 Odunpazarı/Eskişehir | P39: Geleneksel | Q39: =COUNTIF('Hedef Liste'!$A:$A,A39) -> 1
A40: 5f3335c503a8180e1d92403b | B40: Köfteci Ali (Hoşnudiye Mah.) | C40: DOĞRU | D40: Köfte | E40: 1655 | F40: 63 | G40: 5 | H40: 1 | I40: 6 | J40: 0.83 | K40: AYŞE KELEBEK | L40: 2222335101 | M40: Tepebaşı | N40: Hoşnudiye | O40: Hoşnudiye Mah., İstasyon Cad., No:45A, Tepebaşı, Eskişehir | P40: Geleneksel | Q40: =COUNTIF('Hedef Liste'!$A:$A,A40) -> 1
A41: 5f33ea8803a8183586924e8d | B41: For You Fast Food & Toast (Büyükdere Mah.) | C41: DOĞRU | D41: Tost & Sandviç | E41: 12149 | F41: 412 | G41: 22 | H41: 66 | I41: 88 | J41: 0.25 | K41: ŞERİFE BURCU ÖZEGE | L41: 5526323288 | M41: Odunpazarı | N41: Büyükdere | O41: BÜYÜKDERE MAH. NİSAN SK. NO: 29 D ODUNPAZARI/ ESKİŞEHİR | P41: Geleneksel | Q41: =COUNTIF('Hedef Liste'!$A:$A,A41) -> 1
A42: 5f33e1dfbc33c9640badde7f | B42: Samet Döner (Kurtuluş Mah.) | C42: DOĞRU | D42: Döner | E42: 1159 | F42: 39 | G42: 13 | H42: 8 | I42: 21 | J42: 0.62 | K42: Ebru Atak | L42: 2222203501 | M42: Odunpazarı | N42: Kurtuluş | O42: Ziya Paşa Caddesi, 18 Kurtuluş, Odunpazarı, Eskişehir | P42: Geleneksel | Q42: =COUNTIF('Hedef Liste'!$A:$A,A42) -> 1
A43: 5f314fb814446dab23298b90 | B43: Sultan Ateşi Pide & Kebap & Tantuni (Yenibağlar Mah.) | C43: DOĞRU | D43: Pide | E43: 5870 | F43: 187 | G43: 6 | H43: 29 | I43: 35 | J43: 0.17 | K43: ALİ ÇUBUK | L43: 2223211140 | M43: Tepebaşı | N43: Yenibağlar | O43: Yenibağlar, Seylap Cd. No:5, 26170 Tepebaşı/Eskişehir | P43: Geleneksel | Q43: =COUNTIF('Hedef Liste'!$A:$A,A43) -> 1
A44: 5f3152cfd0c302043a3fce6d | B44: Abone Meşhur Tostçu (Yenibağlar Mah.) | C44: DOĞRU | D44: Tost & Sandviç | E44: 5915 | F44: 187 | G44: 0 | H44: 193 | I44: 193 | J44: 0 | K44: ALİ KARGA | L44: 2223227770 | M44: Tepebaşı | N44: Yenibağlar | O44: Yenibağlar, No:, Martı Sk. No:17, 26170 Tepebaşı/Eskişehir | P44: Geleneksel | Q44: =COUNTIF('Hedef Liste'!$A:$A,A44) -> 1
... A52: 5f33bd366b1e0fe8d5f39deb | B52: Kansas Burger, Tepebaşı (Eskibağlar Mah.) | C52: DOĞRU | D52: Burger | E52: 35629 | F52: 1091 | G52: 11 | H52: 30 | I52: 41 | J52: 0.27 | K52: SERKAN ALTAY | L52: 5314508303 | M52: Tepebaşı | N52: Eskibağlar | O52: Eskibağlar, Sakman Sk., 26170 Tepebaşı/Eskişehir | P52: Geleneksel | Q52: =COUNTIF('Hedef Liste'!$A:$A,A52) -> 1
A53: 5f33c28b30bf6356322c8f3a | B53: Gar Pide & Kebap, Tepebaşı (Hoşnudiye Mah.) | C53: YANLIŞ | D53: Kebap | E53: 1005 | G53: 8 | H53: 36 | I53: 44 | J53: 0.18 | K53: Cafer Er | L53: 2222205282 | M53: Tepebaşı | N53: Hoşnudiye | O53: Hoşnudiye, Mustafa Kemal Atatürk Cd 170/A, 26170 Tepebaşı/Eskişehir | P53: Geleneksel | Q53: =COUNTIF('Hedef Liste'!$A:$A,A53) -> 1
A54: 5f353146da66dc55f2d6ea1e | B54: Çiftlik Kokoreç, Odunpazarı (Vişnelik Mah.) | C54: DOĞRU | D54: Sokak Lezzetleri | E54: 2100 | F54: 38 | G54: 0 | H54: 15 | I54: 15 | J54: 0 | K54: SEVİL İNLER | L54: 2222200440 | M54: Odunpazarı | N54: Vişnelik | O54: Vişnelik Mh, Atatürk Blv. No: 112/B, 26020 Odunpazarı/Eskişehir | P54: Geleneksel | Q54: =COUNTIF('Hedef Liste'!$A:$A,A54) -> 1
A55: 5f35521864610e0ca0604d20 | B55: Adıyamanlı Çiğ Köfteci, Odunpazarı (Vişnelik Mah.) | C55: DOĞRU | D55: Sokak Lezzetleri | E55: 2905 | F55: 32 | G55: 8 | H55: 18 | I55: 26 | J55: 0.31 | K55: YAŞAR KİRAZ | L55: 5397248350 | M55: Odunpazarı | N55: Vişnelik | O55: Vişnelik, Öğretmenler Blv no:13/E, 26020 Odunpazarı/Eskişehir | P55: Geleneksel | Q55: =COUNTIF('Hedef Liste'!$A:$A,A55) -> 1
A56: 5f36335364610e46fe605a7e | B56: McDonald's, Yenibağlar | C56: DOĞRU | D56: Burger | E56: 16327 | F56: 502 | G56: 98 | H56: 0 | I56: 98 | J56: 1 | K56: Ömer Tarık Güney | L56: 2123363575 | M56: Tepebaşı | N56: Yenibağlar | O56: Yenibağlar Mh. Üniversite CD. No:112 / A Eskişehir | P56: Key | Q56: =COUNTIF('Hedef Liste'!$A:$A,A56) -> 0
A57: 5f3671600274b83d2c5ca2f9 | B57: Aba Fast Food & Kahvaltı, Odunpazarı (Kırmızıtoprak Mah.) | C57: DOĞRU | D57: Tost & Sandviç | E57: 1560 | F57: 20 | G57: 0 | H57: 55 | I57: 55 | J57: 0 | K57: HOSSEIN DELAVANDANI | L57: 5377449269 | M57: Tepebaşı | N57: Hoşnudiye | O57: Kırmızıtoprak Mahallesi, Mustafa Kemal Atatürk Caddesi no: 95 / A | P57: Geleneksel | Q57: =COUNTIF('Hedef Liste'!$A:$A,A57) -> 1
A58: 5f333c361f35d342b156ce66 | B58: İçel Mersin Tantuni (Kurtuluş Mah.) | C58: DOĞRU | D58: Sokak Lezzetleri | E58: 1609 | F58: 25 | G58: 3 | H58: 8 | I58: 11 | J58: 0.27 | K58: SEDAT YAKAN | L58: 2222213915 | M58: Odunpazarı | N58: Kurtuluş | O58: Deliklitaş Mah. Yunusemre Cad. No:93/A Odunpazarı, Eskişehir | P58: Geleneksel | Q58: =COUNTIF('Hedef Liste'!$A:$A,A58) -> 1
A59: 5f63762d3c9a2c6ad4e7843e | B59: Fratello Pizzeria, Tepebaşı (Güllük Mah.) | C59: DOĞRU | D59: Pizza | E59: 18291 | F59: 269 | G59: 16 | H59: 18 | I59: 34 | J59: 0.47 | K59: AHMET MUSAB TÜRKYILMAZ | L59: 2222203030 | M59: Tepebaşı | N59: Güllük | O59: Güllük, Bacı Sk. No:48/A, 26000 Tepebaşı/Eskişehir | P59: Geleneksel | Q59: =COUNTIF('Hedef Liste'!$A:$A,A59) -> 1
A60: 5f6804d8fbf4612ffd1b6e89 | B60: Margarita Pizza, Tepebaşı (Cumhuriye Mah.) | C60: DOĞRU | D60: Pizza | E60: 18215 | F60: 589 | G60: 20 | H60: 47 | I60: 67 | J60: 0.3 | K60: SERCAN GÜNAY | L60: 5538902626 | M60: Tepebaşı | N60: Cumhuriye | O60: Hoşnudiye Mah., Otopark Sok., No:43, Tepebaşı, Eskişehir, Türkiye, | P60: Geleneksel | Q60: =COUNTIF('Hedef Liste'!$A:$A,A60) -> 1
A61: 5f67fcb56dbb880e3913665a | B61: Galata's Pizza (Yenibağlar Mah.) | C61: DOĞRU | D61: Pizza | E61: 5911 | F61: 149 | G61: 0 | H61: 80 | I61: 80 | J61: 0 | K61: ENGİN MEHMET AKIN | L61: 2223212788 | M61: Tepebaşı | N61: Yenibağlar | O61: Yenibağlar Mah. Akıcı sok. no : 45 /A Tepebaşı/Eskişehir | P61: Geleneksel | Q61: =COUNTIF('Hedef Liste'!$A:$A,A61) -> 1
A62: 5f67f995554732a9edd7b5d9 | B62: İnci Midye (Cumhuriye Mah.) | C62: DOĞRU | D62: Sokak Lezzetleri | E62: 514 | F62: 6 | G62: 12 | H62: 13 | I62: 25 | J62: 0.48 | K62: mehmet tüfenk | L62: 5337761568 | M62: Tepebaşı | N62: Ömerağa | O62: Cumhuriye mah. Zübeyde Hanım Cad. No: 26/A Tepebaşı/Eskişehir | P62: Geleneksel | Q62: =COUNTIF('Hedef Liste'!$A:$A,A62) -> 1
A63: 5f35b29dbe5a0b6c41bb2b98 | B63: Ailem Ev Yemekleri, Odunpazarı (İstiklal Mah.) | C63: DOĞRU | D63: Ev Yemekleri | E63: 6614 | F63: 518 | G63: 0 | H63: 40 | I63: 40 | J63: 0 | K63: Yıldız Çelik | L63: 5333752639 | M63: Odunpazarı | N63: İstiklal | O63: İstiklal, Başarılı Sk. NO:4A/1, 26010 Odunpazarı/Eskişehir | P63: Geleneksel | Q63: =COUNTIF('Hedef Liste'!$A:$A,A63) -> 1
A64: 5f6e1d14aa4e040520d3ef09 | B64: Limoon Midye, Tepebaşı (Çamlıca) | C64: DOĞRU | D64: Deniz Ürünleri | E64: 952 | F64: 6 | G64: 0 | H64: 38 | I64: 38 | J64: 0 | K64: BURCU MALKOÇ | L64: 5534740931 | M64: Tepebaşı | N64: Batıkent | O64: Çamlıca mah. Gündüz sok. Ökçün Cad. No:27/A Tepebaşı/Eskişehir | P64: Geleneksel | Q64: =COUNTIF('Hedef Liste'!$A:$A,A64) -> 1
A65: 5f6e880eb57e8560a5e7ac92 | B65: Meşhur Adıyaman Çiğ Köftecisi Ömer Aybak (Bahçelievler Mah.) | C65: DOĞRU | D65: Çiğ Köfte | E65: 1339 | F65: 50 | G65: 15 | H65: 12 | I65: 27 | J65: 0.56 | K65: HİDAYET IŞIK | L65: 5454225657 | M65: Tepebaşı | N65: Tunalı | O65: Bahçelievler mah. Sakarya2 Cad. No:99/B Tepebaşı/Eskişehir | P65: Geleneksel | Q65: =COUNTIF('Hedef Liste'!$A:$A,A65) -> 1
... A72: 5f6808f4a26f34377f9e895d | B72: Löp Löp Dürüm & Sandviç (Bahçelievler Mah.) | C72: DOĞRU | D72: Döner | E72: 10298 | F72: 204 | G72: 0 | H72: 13 | I72: 13 | J72: 0 | K72: Safiye Ermiş | L72: 5436221965 | M72: Tepebaşı | N72: Bahçelievler | O72: Bahçelievler mah. Bilnur Sok. No : 38/1 Tepebaşı/Eskişehir | P72: Geleneksel | Q72: =COUNTIF('Hedef Liste'!$A:$A,A72) -> 1
A73: 5f5bf7a48d5d51ece2039cfe | B73: Pizza Locale, Hoşnudiye | C73: YANLIŞ | D73: Pizza | E73: 313 | G73: 0 | H73: 77 | I73: 77 | J73: 0 | K73: İSMAİL ERDEM | L73: 2223303353 | M73: Tepebaşı | N73: Hoşnudiye | O73: Hoşnudiye Mh. İsmet inönü 1 cd. A Blok No: 153/E | P73: Key | Q73: =COUNTIF('Hedef Liste'!$A:$A,A73) -> 1
A74: 5f6e617296c8ed0454363b47 | B74: Gurmee Onur Kokoreç Köfte, Tepebaşı (Bahçelievler Mah.) | C74: DOĞRU | D74: Köfte | E74: 1322 | F74: 67 | G74: 0 | H74: 49 | I74: 49 | J74: 0 | K74: SENA GÜR | L74: 5357866678 | M74: Tepebaşı | N74: Bahçelievler | O74: Bahçelievler mah. prof.dr.Orhan Oğuz cad.No:21/c Tepebaşı/Eskişehir | P74: Geleneksel | Q74: =COUNTIF('Hedef Liste'!$A:$A,A74) -> 1
A75: 5f67f7192702e9083fb20a37 | B75: Adıyaman Çiğ Köfte Murat Usta, Tepebaşı (Cumhuriye Mah.) | C75: DOĞRU | D75: Çiğ Köfte | E75: 692 | F75: 17 | G75: 11 | H75: 12 | I75: 23 | J75: 0.48 | K75: Mehmet Tüfenk | L75: 5337761568 | M75: Tepebaşı | N75: Ömerağa | O75: Cumhuriye mah. Zübeyde Hanım Cad. No: 26/A Tepebaşı/Eskişehir | P75: Geleneksel | Q75: =COUNTIF('Hedef Liste'!$A:$A,A75) -> 1
A76: 5f6e379fadafa00e92cbbb1f | B76: Crazy Chicken Sis (Güllük Mah.) | C76: DOĞRU | D76: Tavuk | E76: 15260 | F76: 329 | G76: 85 | H76: 22 | I76: 107 | J76: 0.79 | K76: FURKAN SEYDAN | L76: 2223236090 | M76: Tepebaşı | N76: Güllük | O76: Güllük Mah. Alaç Sok. No:12/C Tepebaşı/Eskişehir | P76: Geleneksel | Q76: =COUNTIF('Hedef Liste'!$A:$A,A76) -> 1
A77: 5f5351e9bac3891edf7a1294 | B77: Subway, Tepebaşı (Eskibağlar Mah.) | C77: YANLIŞ | D77: Tost & Sandviç | E77: 206 | G77: 73 | H77: 77 | I77: 150 | J77: 0.49 | K77: Özgür Marankoz | L77: 2223330660 | M77: Tepebaşı | N77: Eskibağlar | O77: Eskibağlar Mh. Üniversite Cd. Haller Gençlik Merkezi, No:2/13 | P77: Key | Q77: =COUNTIF('Hedef Liste'!$A:$A,A77) -> 1
A78: 5f6ce0b3361cb3b4e0c9050f | B78: Sağlık Pide & Kebap & Döner (İstiklal Mah.) | C78: DOĞRU | D78: Pide | E78: 4648 | F78: 176 | G78: 0 | H78: 71 | I78: 71 | J78: 0 | K78: REMZİ İDEM | L78: 2222301199 | M78: Odunpazarı | N78: İstiklal | O78: İstiklal Mah. Başarılı Sk. No:35 Odunpazarı/Eskişehir | P78: Geleneksel | Q78: =COUNTIF('Hedef Liste'!$A:$A,A78) -> 1
A79: 5f6c9d214156227580fef036 | B79: Sağlık Pide & Kebap & Döner (Yenibağlar Mah.) | C79: DOĞRU | D79: Pide | E79: 17223 | F79: 747 | G79: 0 | H79: 95 | I79: 95 | J79: 0 | K79: REMZİ İDEM | L79: 2223223000 | M79: Tepebaşı | N79: Yenibağlar | O79: Yenibağlar, Yılmaz Büyükerşen Blv No:132 Tepebaşı/Eskişehir | P79: Geleneksel | Q79: =COUNTIF('Hedef Liste'!$A:$A,A79) -> 1
A80: 5f6c9460b57e856305e76a0e | B80: Sosoreç (İstiklal Mah.) | C80: DOĞRU | D80: Tost & Sandviç | E80: 2705 | F80: 133 | G80: 0 | H80: 70 | I80: 70 | J80: 0 | K80: Abdullah Yeşildağ | L80: 2222313508 | M80: Odunpazarı | N80: İstiklal | O80: İstiklal, Porsuk Bulvari Tema Vakfı Sk no:35/B, 26010 Odunpazarı/Eskişehir | P80: Geleneksel | Q80: =COUNTIF('Hedef Liste'!$A:$A,A80) -> 1
A81: 5f6cfa0596c8ed2fc935e0cb | B81: Komagene Etsiz Çiğ Köfte, Büyükdere (Kaplanlı Cad.) | C81: DOĞRU | D81: Çiğ Köfte | E81: 9470 | F81: 287 | G81: 37 | H81: 1 | I81: 38 | J81: 0.97 | K81: Esra Gonca Parlar | L81: 2222344423 | M81: Odunpazarı | N81: Büyükdere | O81: BÜYÜKDERE MH. KAPLANLI CD. NO:13 / B | P81: Key | Q81: =COUNTIF('Hedef Liste'!$A:$A,A81) -> 0
A82: 5f6bb09eed5c1b3b2596d7fd | B82: Komagene Etsiz Çiğ Köfte, Tepebaşı (Cengiz Topel Cad.) | C82: DOĞRU | D82: Çiğ Köfte | E82: 4154 | F82: 123 | G82: 103 | H82: 8 | I82: 111 | J82: 0.93 | K82: Esra Gonca Parlar | L82: 2222200151 | M82: Tepebaşı | N82: Hoşnudiye | O82: HOŞNUDİYE MH. CENGİZ TOPEL CD. NO:52/A | P82: Key | Q82: =COUNTIF('Hedef Liste'!$A:$A,A82) -> 0
A83: 5f6ba61aed5c1b3aa196d7df | B83: Komagene Etsiz Çiğ Köfte, Çamlıca | C83: DOĞRU | D83: Çiğ Köfte | E83: 3339 | F83: 92 | G83: 81 | H83: 8 | I83: 89 | J83: 0.91 | K83: Esra Gonca Parlar | L83: 5323577687 | M83: Tepebaşı | N83: Çamlıca | O83: ÇAMLICA MH. BİRLİK CD. NO:6/B | P83: Key | Q83: =COUNTIF('Hedef Liste'!$A:$A,A83) -> 0
A84: 5f7b59fdb3c83427eb1f11be | B84: Delly Tavuk Mangal Izgara Köfte , Tepebaşı (Güllük Mah.) | C84: DOĞRU | D84: Tavuk | E84: 11666 | F84: 139 | G84: 21 | H84: 34 | I84: 55 | J84: 0.38 | K84: SERKAN AKKOL | L84: 2229991844 | M84: Tepebaşı | N84: Güllük | O84: Güllük mah. Hatboyu 1 cad. no:31/D TEPEBAŞI/ESKİŞEHİR | P84: Geleneksel | Q84: =COUNTIF('Hedef Liste'!$A:$A,A84) -> 1
A85: 5f8564df8c38c8a8fbb54345 | B85: Komagene Etsiz Çiğ Köfte, Yenibağlar | C85: DOĞRU | D85: Çiğ Köfte | E85: 13585 | F85: 455 | G85: 63 | H85: 9 | I85: 72 | J85: 0.88 | K85: Esra Gonca Parlar | L85: 5415451368 | M85: Tepebaşı | N85: Yenibağlar | O85: YENİ BAĞLAR MH. ÜNİV. CD. NO:90/D | P85: Key | Q85: =COUNTIF('Hedef Liste'!$A:$A,A85) -> 0
A86: 5f6e73979fe43a1ae13a68a4 | B86: Yanık Mangal (Büyükdere Mah.) | C86: DOĞRU | D86: Köfte | E86: 8243 | F86: 272 | G86: 10 | H86: 22 | I86: 32 | J86: 0.31 | K86: Furkan Durukan | L86: 5050895007 | M86: Odunpazarı | N86: Büyükdere | O86: Büyükdere mah. Gençlik BLV. 83/A Odunpazarı/Eskişehir | P86: Geleneksel | Q86: =COUNTIF('Hedef Liste'!$A:$A,A86) -> 1
A87: 5f905695dea0634721ef870b | B87: Haylaz Fast Food & Balık, Tepebaşı (Bahçelievler Mah.) | C87: DOĞRU | D87: Deniz Ürünleri | E87: 7408 | F87: 163 | G87: 0 | H87: 65 | I87: 65 | J87: 0 | K87: TOLGAY GÖKKILIÇ | L87: 5304924953 | M87: Tepebaşı | N87: Bahçelievler | O87: Bahçelievler mah.Seylap cad. no:35 /B Tepebaşı/Eskişehir | P87: Geleneksel | Q87: =COUNTIF('Hedef Liste'!$A:$A,A87) -> 1
A88: 5f67ac29fbf46153e81b6db7 | B88: Apache Burger, Odunpazarı (Kırmızıtoprak Mah.) | C88: DOĞRU | D88: Sokak Lezzetleri | E88: 1120 | F88: 22 | G88: 0 | H88: 22 | I88: 22 | J88: 0 | K88: Hosseın Delavandanı | L88: 5377449260 | M88: Tepebaşı | N88: Hoşnudiye | O88: Kırmızıtoprak mah. Mustafa Kemal Atatürk Cad. No: 95 /A Odunpazarı / Eskişehir | P88: Geleneksel | Q88: =COUNTIF('Hedef Liste'!$A:$A,A88) -> 1
A89: 5f681303edfda075cec9a81c | B89: Berry & Merry Chicken & Rice House (Büyükdere Mah.) | C89: DOĞRU | D89: Sokak Lezzetleri | E89: 6250 | F89: 166 | G89: 10 | H89: 22 | I89: 32 | J89: 0.31 | K89: NAZAN ULUPINAR | L89: 2222392537 | M89: Odunpazarı | N89: Büyükdere | O89: Büyükdere mah. Kaplanlı cad. 49/B Odunpazarı/Eskişehir | P89: Geleneksel | Q89: =COUNTIF('Hedef Liste'!$A:$A,A89) -> 1
... A102: 5f8da567f3a26130e817135f | B102: Liman Pide & Kebap, Tepebaşı (Batıkent Mah.) | C102: DOĞRU | D102: Kebap | E102: 1358 | F102: 21 | G102: 10 | H102: 11 | I102: 21 | J102: 0.48 | K102: MESUT GENÇYILMAZ | L102: 2223208202 | M102: Tepebaşı | N102: Batıkent | O102: Batıkent mah . Liman cad. no:14 /d tepebaşı/eskişehir | P102: Geleneksel | Q102: =COUNTIF('Hedef Liste'!$A:$A,A102) -> 1
A103: 5f8963ce578807203340d3c2 | B103: Crakers Pizza (Eskibağlar Mah.) | C103: YANLIŞ | D103: Pizza | E103: 247 | G103: 73 | H103: 22 | I103: 95 | J103: 0.77 | K103: Tarık Durgun | L103: 2223330002 | M103: Tepebaşı | N103: Eskibağlar | O103: Eskibağlar Yılmaz Büyükerşen Bulvarı Espark Avm Kat:2 No:203 Tepebaşı/Eskişehir | P103: Key | Q103: =COUNTIF('Hedef Liste'!$A:$A,A103) -> 0
A104: 5f9163c46d45726d4a85fe33 | B104: Sucuk Evi Cerrah Tostu Canlar, Tepebaşı (Güllük Mah.) | C104: DOĞRU | D104: Tost & Sandviç | E104: 11739 | F104: 441 | G104: 13 | H104: 19 | I104: 32 | J104: 0.41 | K104: SAADET AVCI | L104: 5394822214 | M104: Tepebaşı | N104: Bahçelievler | O104: Güllük Mh. Balkan cad. no:13 /a Tepebaşı/Eskişehir | P104: Geleneksel | Q104: =COUNTIF('Hedef Liste'!$A:$A,A104) -> 1
A105: 5f9009d33fe49e2b4363208b | B105: Mangalcı Ali Usta, Tepebaşı (Yenibağlar Mah.) | C105: DOĞRU | D105: Kebap | E105: 3166 | F105: 14 | G105: 10 | H105: 36 | I105: 46 | J105: 0.22 | K105: ALİYE KARAÇINAR | L105: 2225028686 | M105: Tepebaşı | N105: Yenibağlar | O105: Yenibağlar mah. Balkan Cad. No:123/A Tepebaşı /Eskişehir | P105: Geleneksel | Q105: =COUNTIF('Hedef Liste'!$A:$A,A105) -> 1
A106: 5f91fe8f0a199769d259b4de | B106: Kahta Çiğ Köfte, Tepebaşı (Yenibağlar Mah.) | C106: DOĞRU | D106: Çiğ Köfte | E106: 1716 | F106: 10 | G106: 46 | H106: 1 | I106: 47 | J106: 0.98 | K106: ISMAHAN TUZYURDU | L106: 2226060775 | M106: Tepebaşı | N106: Yenibağlar | O106: Yenibağlar mah . Sapanca sok no:16/B Tepebaşı/Eskişehir | P106: Geleneksel | Q106: =COUNTIF('Hedef Liste'!$A:$A,A106) -> 1
A107: 5f91bc6320c352919c86d38b | B107: Zümra Pasta & Cafe, Tepebaşı (Sütlüce Mah.) | C107: DOĞRU | D107: Pasta & Tatlı | E107: 5604 | F107: 183 | G107: 33 | H107: 65 | I107: 98 | J107: 0.34 | K107: ABDURRAHMAN KARAÇOR | L107: 5526238262 | M107: Tepebaşı | N107: Esentepe | O107: Sütlüce mah. Eğitimciler Cad. NO:17/a Tepebaşı/Eskişehir | P107: Geleneksel | Q107: =COUNTIF('Hedef Liste'!$A:$A,A107) -> 1
A108: 5f972c68d38ebb3f5c1f8e91 | B108: Patlayan Patso (Büyükdere Mah.) | C108: DOĞRU | D108: Tost & Sandviç | E108: 8891 | F108: 352 | G108: 21 | H108: 28 | I108: 49 | J108: 0.43 | K108: ŞERİFE BURCU ÖZEGE | L108: 5526323288 | M108: Odunpazarı | N108: Büyükdere | O108: BÜYÜKDERE MAH. NİSAN SK. NO: 29 D ODUNPAZARI/ ESKİŞEHİR | P108: Geleneksel | Q108: =COUNTIF('Hedef Liste'!$A:$A,A108) -> 1
A109: 5f9723ca3459b82de692339d | B109: Paprika Kahvaltı & Fast Food, Tepebaşı (Eskibağlar Mah.) | C109: DOĞRU | D109: Tost & Sandviç | E109: 3919 | G109: 14 | H109: 10 | I109: 24 | J109: 0.58 | K109: TUBA YILDIRIM | L109: 5372088183 | M109: Tepebaşı | N109: Eskibağlar | O109: Eskibağlar mah. Talat Paşa sok. No:59 A Tepebaşı / Eskişehir | P109: Geleneksel | Q109: =COUNTIF('Hedef Liste'!$A:$A,A109) -> 1
A110: 5f86fd8e1cfa98c81f2d6d9f | B110: Lona Coffee And More, Tepebaşı (Eskibağlar Mah.) | C110: YANLIŞ | D110: İçecek | E110: 3294 | G110: 3 | H110: 48 | I110: 51 | J110: 0.06 | K110: SERHAN KUM | L110: 5079519127 | M110: Tepebaşı | N110: Eskibağlar | O110: Eskibağlar mah. Genez sk. no:38 /f Eskişehir/Tepebaşı | P110: Geleneksel | Q110: =COUNTIF('Hedef Liste'!$A:$A,A110) -> 1
A111: 5fa160edf08752004ce1dcf6 | B111: Bi-Nazır Pide & Kebap, Odunpazarı (Büyükdere Mah.) | C111: DOĞRU | D111: Kebap | E111: 7231 | F111: 338 | G111: 0 | H111: 59 | I111: 59 | J111: 0 | K111: AYSUN KIRTAŞ | L111: 2222398900 | M111: Odunpazarı | N111: Büyükdere | O111: Büyükdere, Millet Cd. No:15 Odunpazarı/Eskişehir | P111: Geleneksel | Q111: =COUNTIF('Hedef Liste'!$A:$A,A111) -> 1
A112: 5f314e94f9051a627cdd042c | B112: Maraş Pide & Lahmacun (Yeşiltepe Mah.) | C112: DOĞRU | D112: Pide | E112: 8199 | F112: 221 | G112: 0 | H112: 37 | I112: 37 | J112: 0 | K112: Mehmet Ali Kuru | L112: 5398856201 | M112: Tepebaşı | N112: Yeşiltepe | O112: Yeşiltepe Mah., Bilgeç Cad., No:41D, Tepebaşı | P112: Geleneksel | Q112: =COUNTIF('Hedef Liste'!$A:$A,A112) -> 1
A113: 5f328f81572e4cb196c3ce23 | B113: Abartı Izgara (Cumhuriye Mah.) | C113: DOĞRU | D113: Kebap | E113: 2481 | F113: 495 | G113: 0 | H113: 47 | I113: 47 | J113: 0 | K113: Mehmet Önal | L113: 2222342312 | M113: Tepebaşı | N113: Hoşnudiye | O113: Cumhuriyet Mah., Tepebaşı, Eskişehir, Türkiye, | P113: Geleneksel | Q113: =COUNTIF('Hedef Liste'!$A:$A,A113) -> 1
A114: 5f33849a98ff385f1933b5ed | B114: Es Patso, Tepebaşı (Şirintepe Mah.) | C114: DOĞRU | D114: Tost & Sandviç | E114: 2504 | F114: 96 | G114: 11 | H114: 127 | I114: 138 | J114: 0.08 | K114: HİLMİ ŞAHİN | L114: 2223353520 | M114: Tepebaşı | N114: Anadolu Üniversitesi | O114: Şirintepe, Örme Sk. no:170/B, 26000 Tepebaşı/Eskişehir | P114: Geleneksel | Q114: =COUNTIF('Hedef Liste'!$A:$A,A114) -> 1
A115: 5f33c7ced2bdd4e00269273a | B115: Adıyamanlı Düdanlıbey Çiğ Köftecisi, Tepebaşı (Yenibağlar Mah.) | C115: DOĞRU | D115: Sokak Lezzetleri | E115: 2928 | F115: 40 | G115: 0 | H115: 18 | I115: 18 | J115: 0 | K115: MUSTAFA TÜRKOĞLU | L115: 5415472545 | M115: Tepebaşı | N115: Yenibağlar | O115: yenibağlar mah, Seylap Cd. no 9 D:b, 26160 Tepebaşı/Eskişehir | P115: Geleneksel | Q115: =COUNTIF('Hedef Liste'!$A:$A,A115) -> 1
A116: 5f35159982cfcff154524ce6 | B116: Bi-Nazır Pizza (Büyükdere Mah.) | C116: DOĞRU | D116: Pizza | E116: 13499 | F116: 319 | G116: 0 | H116: 39 | I116: 39 | J116: 0 | K116: MURAT APAYDIN | L116: 5452391319 | M116: Odunpazarı | N116: Büyükdere | O116: Büyükdere, Millet Cd. No:15, 26040 Odunpazarı/Eskişehir | P116: Geleneksel | Q116: =COUNTIF('Hedef Liste'!$A:$A,A116) -> 1
A117: 5f3536d0b0d244a8f4802113 | B117: Şehir Köfte Evi, Odunpazarı (Vişnelik Mah.) | C117: DOĞRU | D117: Köfte | E117: 346 | F117: 8 | G117: 0 | H117: 22 | I117: 22 | J117: 0 | K117: ÖMER BULUT | L117: 2222490403 | M117: Odunpazarı | N117: Vişnelik | O117: Vişnelik, Öğretmenler Blv, 26020 Odunpazarı/Eskişehir | P117: Geleneksel | Q117: =COUNTIF('Hedef Liste'!$A:$A,A117) -> 1
A118: 5f333224fb6dd9b7d8dd4030 | B118: Mersin 26 Tantuni (Büyükdere Mah.) | C118: DOĞRU | D118: Sokak Lezzetleri | E118: 24498 | F118: 660 | G118: 11 | H118: 14 | I118: 25 | J118: 0.44 | K118: ADEM KESKİN | L118: 2222390203 | M118: Odunpazarı | N118: Büyükdere | O118: Büyükdere, Fakülte Cd No:46, 26040 Odunpazarı/Eskişehir | P118: Geleneksel | Q118: =COUNTIF('Hedef Liste'!$A:$A,A118) -> 1
A119: 5f35a55cd646812fecfeb3eb | B119: Sağlık Pide, Odunpazarı (Büyükdere Mah.) | C119: DOĞRU | D119: Pide | E119: 4495 | F119: 126 | G119: 0 | H119: 84 | I119: 84 | J119: 0 | K119: REMZİ İDEM | L119: 2222316262 | M119: Odunpazarı | N119: Büyükdere | O119: Büyükdere, Bayraktepe Sk. No:4, 26040, 26040 Odunpazarı/Eskişehir | P119: Geleneksel | Q119: =COUNTIF('Hedef Liste'!$A:$A,A119) -> 1
A120: 5f2c1ddeb76a838a4950b628 | B120: Ay Yıldız Pide & Kebap & Tantuni, Tepebaşı (Sütlüce Mah.) | C120: DOĞRU | D120: Pide | E120: 1261 | F120: 1 | G120: 2 | H120: 15 | I120: 17 | J120: 0.12 | K120: KEMAL UÇAK | L120: 5385033250 | M120: Tepebaşı | N120: Sütlüce | O120: Sütlüce, İstiklal Cd. No:62, 26210, 26210 Tepebaşı/Eskişehir | P120: Geleneksel | Q120: =COUNTIF('Hedef Liste'!$A:$A,A120) -> 1
A121: 5f333a50c159862e7c918d00 | B121: Three Monkeys Burger House (Güllük Mah.) | C121: DOĞRU | D121: Burger | E121: 7679 | F121: 225 | G121: 13 | H121: 42 | I121: 55 | J121: 0.24 | K121: Baturhan Şentürk | L121: 5537390250 | M121: Tepebaşı | N121: Eskibağlar | O121: Güllük, Bacı Sk. No:8, 26170 Tepebaşı/Eskişehir | P121: Geleneksel | Q121: =COUNTIF('Hedef Liste'!$A:$A,A121) -> 1
A122: 5f35aa9bf3dfd151042e3f1a | B122: Urfa Kebap, Odunpazarı (Deliklitaş Mah.) | C122: DOĞRU | D122: Kebap | E122: 3084 | F122: 5 | G122: 13 | H122: 27 | I122: 40 | J122: 0.33 | K122: HALİL DEMİRKALA | L122: 2222335171 | M122: Tepebaşı | N122: Mustafa Kemal Paşa | O122: Deliklitaş Mh, Yunus Emre Cd. No:99/A, 26090 Odunpazarı/Eskişehir | P122: Geleneksel | Q122: =COUNTIF('Hedef Liste'!$A:$A,A122) -> 1
... A132: 5f6ba94fd670cf222fe12b8c | B132: Very Berry Bakery, Tepebaşı (Eskibağlar Mah.) | C132: DOĞRU | D132: Pasta & Tatlı | E132: 2355 | F132: 41 | G132: 9 | H132: 11 | I132: 20 | J132: 0.45 | K132: Tuğçe İlayda Gökalp | L132: 2223228678 | M132: Tepebaşı | N132: Eskibağlar | O132: Eskibağlar mah. Tüt Sok. B blok No: 9 Tepebaşı /Eskişehir | P132: Geleneksel | Q132: =COUNTIF('Hedef Liste'!$A:$A,A132) -> 1
A133: 5f71eeb24b2808c223e07574 | B133: Adıyamanlı Çiğ Köfteci Kemal Usta (Tunalı Mah.) | C133: YANLIŞ | D133: Çiğ Köfte | E133: 230 | G133: 3 | H133: 16 | I133: 19 | J133: 0.16 | K133: SERDAR KALPAKLI | L133: 5436938512 | M133: Tepebaşı | N133: Tunalı | O133: Tunalı Mah. Sakarya 2 cad. no:60/b Tepebaşı/Eskişehir | P133: Geleneksel | Q133: =COUNTIF('Hedef Liste'!$A:$A,A133) -> 1
A134: 5f6e99e6d85f2500c6270484 | B134: Makarnacım, Tepebaşı (Eskibağlar Mah.) | C134: YANLIŞ | D134: Dünya Mutfağı | E134: 3134 | G134: 11 | H134: 7 | I134: 18 | J134: 0.61 | K134: TUĞFAN ALPEREN YILDIZ | L134: 5342260334 | M134: Tepebaşı | N134: Eskibağlar | O134: Eskibağlar mah. Yenilik Sok. No:36 İç Kapı No: 1 Tepebaşı/Eskişehir | P134: Geleneksel | Q134: =COUNTIF('Hedef Liste'!$A:$A,A134) -> 1
A135: 5f6ba8cc97e03c46e2d4316f | B135: Komagene Etsiz Çiğ Köfte, Tepebaşı (Sütlüce Mah.) | C135: DOĞRU | D135: Çiğ Köfte | E135: 324 | F135: 11 | G135: 62 | H135: 4 | I135: 66 | J135: 0.94 | K135: Esra Gonca Parlar | L135: 2222397676 | M135: Tepebaşı | N135: Sütlüce | O135: SÜTLÜCE MH. EĞİTİMCİLER CD. NO:89/D | P135: Key | Q135: =COUNTIF('Hedef Liste'!$A:$A,A135) -> 0
A136: 5f6ba0669061b1a70d2d9f10 | B136: Komagene Etsiz Çiğ Köfte, Uluönder | C136: DOĞRU | D136: Çiğ Köfte | E136: 5664 | F136: 212 | G136: 69 | H136: 5 | I136: 74 | J136: 0.93 | K136: Esra Gonca Parlar | L136: 5395496538 | M136: Tepebaşı | N136: Uluönder | O136: ULUÖNDER MH. SALİH BOZOK CD. 3/A | P136: Key | Q136: =COUNTIF('Hedef Liste'!$A:$A,A136) -> 0
A137: 5f6ba39c6bbc8a06ca07a49e | B137: Komagene Etsiz Çiğ Köfte, Batıkent | C137: DOĞRU | D137: Çiğ Köfte | E137: 3720 | F137: 133 | G137: 98 | H137: 5 | I137: 103 | J137: 0.95 | K137: Esra Gonca Parlar | L137: 2223202420 | M137: Tepebaşı | N137: Çamlıca | O137: BATIKENT MH. GÜNDÜZÖKÇÜN BLV. 7/C | P137: Key | Q137: =COUNTIF('Hedef Liste'!$A:$A,A137) -> 0
A138: 5f7471f132054a3d77430860 | B138: Little Caesars, Tepebaşı (Yenibağlar Mah.) | C138: DOĞRU | D138: Pizza | E138: 15257 | F138: 255 | G138: 29 | H138: 2 | I138: 31 | J138: 0.94 | K138: Aykut Kızılay | L138: 2222050616 | M138: Tepebaşı | N138: Anadolu Üniversitesi Acikögretim Fakültesi | O138: Yenibağlar Mah. Doktor Yılmaz Büyükerşen Cd. (Üniversite Cd.) Maliyeciler Sitesi 152/B Tepebaşı/Eskişehir | P138: Key | Q138: =COUNTIF('Hedef Liste'!$A:$A,A138) -> 0
A139: 5f7b1a02ec14c4d9cd0273f8 | B139: Adanalı Dürümcü Soner Usta (Eskibağlar Mah.) | C139: DOĞRU | D139: Kebap | E139: 4919 | F139: 31 | G139: 12 | H139: 21 | I139: 33 | J139: 0.36 | K139: SONER COŞMAN | L139: 2222212601 | M139: Tepebaşı | N139: Eskibağlar | O139: Cumhuriye mah. Zübeyde Hanım Cad. No: 4/A Tepebaşı/Eskişehir | P139: Geleneksel | Q139: =COUNTIF('Hedef Liste'!$A:$A,A139) -> 1
A140: 5f7f1b83449e31366ff0704b | B140: VF Waffle (Hoşnudiye Mah.) | C140: DOĞRU | D140: Pasta & Tatlı | E140: 7601 | F140: 292 | G140: 8 | H140: 7 | I140: 15 | J140: 0.53 | K140: VELİ TURAN | L140: 5444861164 | M140: Tepebaşı | N140: Hoşnudiye | O140: Hoşnudiye Mah. Vural Sok. No:70/B Odunpazarı/Eskişehir | P140: Geleneksel | Q140: =COUNTIF('Hedef Liste'!$A:$A,A140) -> 1
A141: 5f85ed86c1a1226bdd097cc0 | B141: Komagene Etsiz Çiğ Köfte, Ertuğrulgazi (Şahin Cad.) | C141: DOĞRU | D141: Çiğ Köfte | E141: 3996 | F141: 48 | G141: 94 | H141: 7 | I141: 101 | J141: 0.93 | K141: Esra Gonca Parlar | L141: 5053880102 | M141: Tepebaşı | N141: Ertuğrulgazi | O141: ERTUĞRULGAZİ MAH. ALİYA İZZETBEGOVİÇ CAD. NO:15/ B TEPEBAŞI ESKİŞEHİR | P141: Key | Q141: =COUNTIF('Hedef Liste'!$A:$A,A141) -> 0
A142: 5f886b4f8c38c830d5b58efc | B142: Servet Steak House, Odunpazarı (Büyükdere Mah.) | C142: DOĞRU | D142: Tavuk | E142: 445 | F142: 19 | G142: 0 | H142: 102 | I142: 102 | J142: 0 | K142: OSMAN KOYUNCU | L142: 2222399988 | M142: Odunpazarı | N142: Eskisehir Osmangazi Üniversitesi Meselik Yerleşkesi 2. Bölge | O142: Büyükdere mah. Gençlik blv. cad. 4/48 Odunpazarı/Eskişehir | P142: Geleneksel | Q142: =COUNTIF('Hedef Liste'!$A:$A,A142) -> 1
A143: 5f886f09a32e99888339b045 | B143: Oso Kebap & Etli Ekmek, Odunpazarı (Büyükdere Mah.) | C143: DOĞRU | D143: Köfte | E143: 1324 | G143: 0 | H143: 58 | I143: 58 | J143: 0 | K143: OSMAN KOYUNCU | L143: 5550980026 | M143: Odunpazarı | N143: Eskisehir Osmangazi Üniversitesi Meselik Yerleşkesi 2. Bölge | O143: Büyükdere mah. Gençlik blv. cad. 4/48 Odunpazarı/Eskişehir | P143: Geleneksel | Q143: =COUNTIF('Hedef Liste'!$A:$A,A143) -> 1
A144: 5f9cb58f8f397d5b127ffa4a | B144: Gerçek Pilav, Odunpazarı (Deliklitaş Mah.) | C144: DOĞRU | D144: Ev Yemekleri | E144: 1480 | F144: 47 | G144: 5 | H144: 6 | I144: 11 | J144: 0.45 | K144: ALPER BALCI | L144: 2222312722 | M144: Odunpazarı | N144: Arifiye | O144: Arifiye Mah. Öztopçu sk. No: 10/B Odunpazarı/Eskişehir | P144: Geleneksel | Q144: =COUNTIF('Hedef Liste'!$A:$A,A144) -> 1
A145: 5f3447969686750d4c004a27 | B145: Dönerus İskenderun Döneri (Büyükdere Mah.) | C145: DOĞRU | D145: Döner | E145: 39452 | F145: 1798 | G145: 1 | H145: 32 | I145: 33 | J145: 0.03 | K145: Birgül Gümüş | L145: 2225000066 | M145: Odunpazarı | N145: Büyükdere | O145: Büyükdere, Çayırlar Sk. No:3, 26040 Odunpazarı/Eskişehir | P145: Geleneksel | Q145: =COUNTIF('Hedef Liste'!$A:$A,A145) -> 1
A146: 5fa0890af087526fd7e1cd8d | B146: Ciğerci Sedat (Yenibağlar Mah.) | C146: DOĞRU | D146: Kebap | E146: 5039 | F146: 57 | G146: 8 | H146: 35 | I146: 43 | J146: 0.19 | K146: SEDAT YAKAN | L146: 2223222275 | M146: Tepebaşı | N146: Anadolu Üniversitesi Acikögretim Fakültesi | O146: Yenibağlar Mh, Yılmaz Büyükerşen Blv No:146 Tepebaşı/Eskişehir | P146: Geleneksel | Q146: =COUNTIF('Hedef Liste'!$A:$A,A146) -> 1
A147: 5fa339d062bd7c92d88b14ca | B147: Adıyamanlı Çiğ Köfteci, Odunpazarı (Akarbaşı Mah.) | C147: YANLIŞ | D147: Çiğ Köfte | E147: 217 | G147: 10 | H147: 12 | I147: 22 | J147: 0.45 | K147: BURAK AÇIL | L147: 2222258515 | M147: Odunpazarı | N147: Vişnelik | O147: Akarbaşı Mah. Emeksiz Sok . No :2 Odunpazarı / Eskişehir | P147: Geleneksel | Q147: =COUNTIF('Hedef Liste'!$A:$A,A147) -> 1
A148: 5fa5f8fbfe8a2043fa8d1960 | B148: Yediler Kebap, Odunpazarı (Deliklitaş Mah.) | C148: DOĞRU | D148: Kebap | E148: 1057 | G148: 15 | H148: 44 | I148: 59 | J148: 0.25 | K148: ÖMER YETİK | L148: 2222330626 | M148: Odunpazarı | N148: Deliklitaş | O148: Deliklitaş, Hamamyolu Cd. No:81/A,Odunpazarı/Eskişehir | P148: Geleneksel | Q148: =COUNTIF('Hedef Liste'!$A:$A,A148) -> 1
A149: 5f9cb03285129f89dd7817a7 | B149: Tostizzza Express (İstiklal Mah.) | C149: YANLIŞ | D149: Tost & Sandviç | E149: 809 | G149: 0 | H149: 42 | I149: 42 | J149: 0 | K149: Emre Yücel | L149: 5076588086 | M149: Odunpazarı | N149: İstiklal | O149: İstiklal Mah. Yalaman Sk. No:1 A Odunpazarı/Eskişehir | P149: Geleneksel | Q149: =COUNTIF('Hedef Liste'!$A:$A,A149) -> 1
A150: 5f9cd218911dec4ce972c372 | B150: Clement Mathieu's Fast Food, Odunpazarı (Büyükdere Mah.) | C150: YANLIŞ | D150: Burger | E150: 32 | G150: 0 | H150: 23 | I150: 23 | J150: 0 | K150: FİLİZ CENGİZ | L150: 5352628977 | M150: Odunpazarı | N150: Büyükdere | O150: Büyükdere mah. Vezirköprü sk. 19/A Odunpazarı/Eskişehir | P150: Geleneksel | Q150: =COUNTIF('Hedef Liste'!$A:$A,A150) -> 1
A151: 5fb2ceb075d20d1eb8bbd82b | B151: Komagene Etsiz Çiğ Köfte, Odunpazarı (Akcami Mah.-Atatürk Bulv.) | C151: DOĞRU | D151: Çiğ Köfte | E151: 1038 | F151: 97 | G151: 48 | H151: 5 | I151: 53 | J151: 0.91 | K151: Esra Gonca Parlar | L151: 2222203138 | M151: Odunpazarı | N151: Deliklitaş | O151: AKCAMİ MH. ATATÜRK BLV. NO:5/B | P151: Key | Q151: =COUNTIF('Hedef Liste'!$A:$A,A151) -> 0
...

Sheet Durum Parametreler
C2: Başka Şubeden Çekilecek | F2: Altuğ | H2: Mertcan
C3: BlackList | F3: Emir | H3: Enes
A4: 44197 | C4: Çekim İstemiyor | F4: Melika | H4: Ezgi Turan
A5: 44198 | C5: Devir | F5: Sofya & Sonya | H5: Hatem Soyaslan
A6: 44199 | C6: Dönüş Yapacak | F6: Gülşah Kanallı | H6: Zeliha Özer
A7: 44200 | C7: Franchise | F7: Fatih Likoğlu | H7: Emre Dalgıç
A8: 44201 | C8: İleride Randevu Alınacak | H8: Güneş
A9: 44202 | C9: Lokasyon Uzak | F9: Ayşegül Kır | H9: Gül Değirmenci
A10: 44203 | C10: Haziran'da Aranacak | F10: Betül Demir | H10: Yurdagül Kulaksız
A11: 44204 | C11: Menü Güncellemesi Yapılacak | F11: Hatem Soyaslan | H11: Ayfer Altın
A12: 44205 | C12: Personel Eksik | F12: Selcan Topçu | H12: Ayşegül Kır
A13: 44206 | C13: Randevu Alındı | F13: Sude Alkan | H13: Damla Kılcı
A14: 44207 | C14: Randevu İptal | F14: Yurdagül Kulaksız | H14: Özlem arslan
A15: 44208 | C15: Restoran Silindi | F15: Zeliha Özer | H15: Beyza gülşah
A16: 44209 | C16: Sistemden Çıkmak İstiyor | F16: Ferhat Köksal | H16: Özlem gümüş
A17: 44210 | C17: Tadilat Var | F17: Enes Günal | H17: Tuğba Buyur
A18: 44211 | C18: Ulaşılamadı | F18: Serap Apaydın | H18: Kadriye Polat
A19: 44212 | C19: Yılbaşından Sonra Aranacak | H19: Şükriye Demir
A20: 44213 | H20: Ece Bayındır
A21: 44214 | H21: Senanur Çınar
A22: 44215
A23: 44216
A24: 44217
A25: 44218
A26: 44219 | C26: Dönüş Yapacak
A27: 44220 | C27: Görüşüldü
A28: 44221 | C28: Tekrar Aranacak
A29: 44222 | C29: Ulaşılamadı
A30: 44223 | C30: Yetkili Yok
A31: 44224
A32: 44225 | C32: Hemen Randevu İstiyorum
A33: 44226 | C33: Fotoğraflarım Var
A34: 44227 | C34: İleride Randevu İstiyorum
A35: 44228
A36: 44229
A37: 44230 | C37: Randevu Alınabilir
A38: 44231 | C38: Çekim İstemiyor
A39: 44232 | C39: Fotoğrafları Yok - Randevu Alınabilir
A40: 44233 | C40: Fotoğrafları Gönderecek
A41: 44234
A42: 44235
A43: 44236
A44: 44237
A45: 44238
A46: 44239
A47: 44240
A48: 44241
A49: 44242
A50: 44243
A51: 44244
A52: 44245
... A820: 45013
