Workbook

Sheet Hedef Liste
A1: Restaurant ID | B1: Restoran Adı | C1: Satışa Açık Mı? | D1: Mutfak | E1: TOPLAM SİPARİŞ | F1: SON 2 HAFTA | G1: RESİMLİ ÜRÜN | H1: RESİMSİZ ÜRÜN | I1: TOPLAM ÜRÜN | J1: Ratio | K1: Yetkili | L1: Telefon | M1: İLÇE | N1: MAHALLE | O1: ADRES | P1: Geleneksel Zincir | Q1: FOTOĞRAF SEGMENT | R1: Aradık Mı? | S1: Kendi Fotosu Var | T1: Randevu Durumu | U1: Randevu Alan | V1: Fotoğrafçı | W1: Not | X1: Randevu Alma Tarihi | Y1: Randevu Tarihi | Z1: Anket Durum | AA1: 1. Arama | AB1: 1. Arama Tarihi | AC1: 2. Arama | AD1: 2. Arama Tarihi | AE1: 3. Arama | AF1: 3. Arama Tarihi | AG1: 4. Arama | AH1: 4. Arama Tarihi | AI1: 5. Arama | AJ1: 5. Arama Tarihi | AK1: 1. Arayan | AL1: 2. Arayan | AM1: 3. Arayan | AN1: 4. Arayan | AO1: 5. Arayan | AP1: SY | AQ1: SY - Durum
A2: 5ff2f522e5886ade7f95c664 | B2: @'li Burger, Melikgazi (Fatih Mah.-İldem) | C2: =VLOOKUP(A2,import!A:C,3,0) -> DOĞRU | D2: Burger | E2: =VLOOKUP(A2,import!A:J,5,0) -> 1899 | F2: =VLOOKUP(A2,import!A:J,6,0) -> 25 | G2: =VLOOKUP(A2,import!A:J,7,0) -> 21 | H2: =VLOOKUP(A2,import!A:J,8,0) -> 22 | I2: =VLOOKUP(A2,import!A:J,9,0) -> 43 | J2: =VLOOKUP(A2,import!A:J,10,0) -> 0.49 | K2: Ahmet Tiryakioğlu | L2: 3522473838 | M2: Melikgazi | N2: Gesi Fatih | O2: İldem Fatih Mah. Günsazak Cad. No:65/109 Melikgazi/KAYSERİ | P2: =VLOOKUP(A2,import!A:P,16,0) -> Geleneksel | R2: TRUE | S2: FALSE | T2: Franchise | V2: 10 dk sonra// açmadı | W2: merkeze bağlı olduklarını belirtti | AA2: Ulaşılamadı | AB2: 44358 | AC2: Görüşüldü | AD2: 44365 | AK2: Hatice Özer | AL2: Hatice Özer | AP2: Mustafa Dursun
A3: 60476b283ca27400207fbf26 | B3: 1991 Tarihi Ortaköy Kumpircisi, Talas (Mevlana Mah.) | C3: =VLOOKUP(A3,import!A:C,3,0) -> YANLIŞ | D3: Sokak Lezzetleri | E3: =VLOOKUP(A3,import!A:J,5,0) -> 919 | F3: =VLOOKUP(A3,import!A:J,6,0) | G3: =VLOOKUP(A3,import!A:J,7,0) -> 0 | H3: =VLOOKUP(A3,import!A:J,8,0) -> 11 | I3: =VLOOKUP(A3,import!A:J,9,0) -> 11 | J3: =VLOOKUP(A3,import!A:J,10,0) -> 0 | K3: Muammer Efe Bayrakdar | L3: 3525045202 | M3: Talas | N3: Mevlana | O3: Mevlana Mah. Bilge Kağan Cad. No:40, 38280 Talas/Kayseri | P3: =VLOOKUP(A3,import!A:P,16,0) -> Geleneksel | R3: TRUE | S3: FALSE | T3: Dönüş Yapacak | W3: açmadılar//açmadılar/ulaşılamıyor// malzemeleri henüz tam değil 3 ürünü var elinde tamamlayınca geri dönüş yapacak / meşgul çalıyor | AA3: Dönüş Yapacak | AB3: 44369 | AC3: Ulaşılamadı | AD3: 44608 | AK3: Hatice Özer | AL3: Enes Günal | AP3: Mustafa Dursun
A4: 609523a9cdfc10ad229f0016 | B4: Abadan Cafe & Restaurant & Baklava, Kocasinan (Yeşil Mah.) | C4: =VLOOKUP(A4,import!A:C,3,0) -> DOĞRU | D4: Pasta & Tatlı | E4: =VLOOKUP(A4,import!A:J,5,0) -> 57 | F4: =VLOOKUP(A4,import!A:J,6,0) -> 3 | G4: =VLOOKUP(A4,import!A:J,7,0) -> 5 | H4: =VLOOKUP(A4,import!A:J,8,0) -> 3 | I4: =VLOOKUP(A4,import!A:J,9,0) -> 8 | J4: =VLOOKUP(A4,import!A:J,10,0) -> 0.63 | K4: Muhammed Mustafa Duman | L4: 3523395958 | M4: Kocasinan | N4: Yeşil | O4: Yeşil Mah. Erkilet Blv. No:182 Kocasinan/KAYSERİ | P4: =VLOOKUP(A4,import!A:P,16,0) -> Geleneksel | R4: TRUE | S4: FALSE | T4: Randevu Alındı | U4: Ferhat Köksal | V4: Muzaffer Köprü | W4: 12.30 gibi ararsanız eğer sizlere çok yardımcı olurum dedi//6-6,5 gibi ara dedi/1 saat sonra aranılcsk | X4: 44627 | Y4: 44627 | AA4: Görüşüldü | AB4: 44349 | AC4: Tekrar Aranacak | AD4: 44378 | AE4: Ulaşılamadı | AF4: 44590 | AG4: Görüşüldü | AH4: 44627 | AK4: Simge Tüçay | AL4: Simge Tüçay | AM4: Selcan Topçu | AN4: Ferhat Köksal | AP4: Mustafa Dursun
A5: 5fdc980a677179fbcebca723 | B5: Abamın Yeri, Talas (Mevlana Mah.) | C5: =VLOOKUP(A5,import!A:C,3,0) -> DOĞRU | D5: Tost & Sandviç | E5: =VLOOKUP(A5,import!A:J,5,0) -> 1296 | F5: =VLOOKUP(A5,import!A:J,6,0) -> 1 | G5: =VLOOKUP(A5,import!A:J,7,0) -> 0 | H5: =VLOOKUP(A5,import!A:J,8,0) -> 17 | I5: =VLOOKUP(A5,import!A:J,9,0) -> 17 | J5: =VLOOKUP(A5,import!A:J,10,0) -> 0 | K5: Hatice Dirik | L5: 5370444907 | M5: Talas | N5: Mevlana | O5: Mevlana Mah., Papatya Cad., No:44/C Talas/Kayseri | P5: =VLOOKUP(A5,import!A:P,16,0) -> Geleneksel | R5: TRUE | S5: FALSE | T5: Randevu Alındı | U5: Zeliha Özer | W5: meşgule attı//yüzüme kapattı/açmadılar//aömadılar\ramazandan sonra aranacak//11 haziranda randevu oluşacak | AA5: Görüşüldü | AB5: 44349 | AC5: Ulaşılamadı | AD5: 44361 | AE5: Görüşüldü | AF5: 44579 | AK5: Simge Tüçay | AL5: Eylem Ünal | AM5: Zeliha Özer | AP5: Mustafa Dursun
A6: 5fd2434c74b885204e058ea7 | B6: Aboww Pizza Talas (Mevlana Mah.) | C6: =VLOOKUP(A6,import!A:C,3,0) -> DOĞRU | D6: Pizza | E6: =VLOOKUP(A6,import!A:J,5,0) -> 3685 | F6: =VLOOKUP(A6,import!A:J,6,0) -> 85 | G6: =VLOOKUP(A6,import!A:J,7,0) -> 15 | H6: =VLOOKUP(A6,import!A:J,8,0) -> 41 | I6: =VLOOKUP(A6,import!A:J,9,0) -> 56 | J6: =VLOOKUP(A6,import!A:J,10,0) -> 0.27 | K6: Yaşar Üsten | L6: 3525037727 | M6: Talas | N6: Mevlana | O6: Mevlana, 6078. Sokak, 38250 Talas/Kayseri | P6: =VLOOKUP(A6,import!A:P,16,0) -> Geleneksel | R6: TRUE | S6: FALSE | T6: Randevu İptal | U6: Hatem Soyaslan | V6: Feyza Yıldırım | W6: açmadı/açmadılar/açmadılar\\açmıyor//ÜSTEKİYLE AYNI YETKİLİ | X6: 44349 | Y6: 44351 | AA6: Görüşüldü | AB6: 44349 | AK6: Simge Tüçay | AP6: Mustafa Dursun
A7: 61e903e12f86de2d69cd7435 | B7: Acıyaman Çiğ Köfte, Kocasinan (Sahabiye Mah.) | C7: =VLOOKUP(A7,import!A:C,3,0) -> DOĞRU | D7: Çiğ Köfte | E7: =VLOOKUP(A7,import!A:J,5,0) -> 85 | F7: =VLOOKUP(A7,import!A:J,6,0) -> 10 | G7: =VLOOKUP(A7,import!A:J,7,0) -> 11 | H7: =VLOOKUP(A7,import!A:J,8,0) -> 1 | I7: =VLOOKUP(A7,import!A:J,9,0) -> 12 | J7: =VLOOKUP(A7,import!A:J,10,0) -> 0.92 | K7: Abdulmenaf Mendi | L7: 3522311583 | M7: Kocasinan | N7: Serçeönü | O7: Sahabiye Mah. Çankaya Cad. No:9/E Kocasinan/KAYSERİ | P7: =VLOOKUP(A7,import!A:P,16,0) -> Geleneksel | R7: TRUE | S7: FALSE | T7: Randevu Alındı | U7: Selcan Topçu | W7: 5352764060 | X7: 44609 | Y7: 44610 | AA7: Görüşüldü | AB7: 44609 | AK7: Selcan Topçu
A8: 60e4210f3dc05857257bd751 | B8: Acıyaman Çiğ Köfte, Melikgazi (Bahçelievler Mah.) | C8: =VLOOKUP(A8,import!A:C,3,0) -> DOĞRU | D8: Çiğ Köfte | E8: =VLOOKUP(A8,import!A:J,5,0) -> 88 | F8: =VLOOKUP(A8,import!A:J,6,0) -> 1 | G8: =VLOOKUP(A8,import!A:J,7,0) -> 4 | H8: =VLOOKUP(A8,import!A:J,8,0) -> 10 | I8: =VLOOKUP(A8,import!A:J,9,0) -> 14 | J8: =VLOOKUP(A8,import!A:J,10,0) -> 0.29 | K8: Serdar Burak Karaca | L8: 5431064121 | M8: Melikgazi | N8: Bahçelievler | O8: Bahçelievler Mah. Kocasinan 2. Cad. No:13/D Melikgazi/KAYSERİ | P8: =VLOOKUP(A8,import!A:P,16,0) -> Geleneksel | R8: TRUE | S8: FALSE | T8: Randevu Alındı | U8: Ferhat Köksal | V8: Muzaffer Köprü | W8: fotoğrafçı işten çıktığı için iptal oldu | X8: 44603 | Y8: 44606 | AA8: Görüşüldü | AB8: 44480 | AC8: Görüşüldü | AD8: 44522 | AE8: Görüşüldü | AF8: 44588 | AG8: Görüşüldü | AH8: 44603 | AK8: Selcan Topçu | AL8: Hatem Soyaslan | AM8: Betül Demir | AN8: Ferhat Köksal | AP8: Mustafa Dursun
A9: 61b8d603e492d21fa9d22c12 | B9: Acıyaman Çiğ Köfte, Melikgazi (Fatih Mah.-İldem - 2354. Sok.) | C9: =VLOOKUP(A9,import!A:C,3,0) -> YANLIŞ | D9: Çiğ Köfte | E9: =VLOOKUP(A9,import!A:J,5,0) -> 2 | F9: =VLOOKUP(A9,import!A:J,6,0) | G9: =VLOOKUP(A9,import!A:J,7,0) -> 0 | H9: =VLOOKUP(A9,import!A:J,8,0) -> 9 | I9: =VLOOKUP(A9,import!A:J,9,0) -> 9 | J9: =VLOOKUP(A9,import!A:J,10,0) -> 0 | K9: Mehmet Eldaş | L9: 5399793981 | M9: Melikgazi | N9: Gesi Fatih | O9: Gesi Fatih Mah. 2354. Sok. No:10/C Melikgazi/KAYSERİ | P9: =VLOOKUP(A9,import!A:P,16,0) -> Geleneksel | R9: TRUE | S9: FALSE | T9: Restoran Silindi | W9: restorantı kapatmışlar | AA9: Görüşüldü | AB9: 44588 | AK9: Betül Demir
A10: 61bc76b2cfa49e2f7163db46 | B10: Acıyaman Çiğ Köfte, Melikgazi (Fatih Mah.-İldem) | C10: =VLOOKUP(A10,import!A:C,3,0) -> DOĞRU | D10: Çiğ Köfte | E10: =VLOOKUP(A10,import!A:J,5,0) -> 140 | F10: =VLOOKUP(A10,import!A:J,6,0) -> 32 | G10: =VLOOKUP(A10,import!A:J,7,0) -> 9 | H10: =VLOOKUP(A10,import!A:J,8,0) -> 2 | I10: =VLOOKUP(A10,import!A:J,9,0) -> 11 | J10: =VLOOKUP(A10,import!A:J,10,0) -> 0.82 | K10: Turgut Aras | L10: 5465063838 | M10: Melikgazi | N10: Gesi Fatih | O10: Gesi Fatih Mah. Uygar Sok. No:26/B Melikgazi/KAYSERİ | P10: =VLOOKUP(A10,import!A:P,16,0) -> Geleneksel | R10: TRUE | S10: FALSE | T10: Randevu Alındı | U10: Betül Demir | V10: Hacı Baba Lale | X10: 44571 | Y10: 44572 | AA10: Görüşüldü | AB10: 44571 | AK10: Betül Demir
A11: 620bd78cdf3d594c19d20b28 | B11: Acıyaman Çiğ Köfte, Melikgazi (Kılıçaslan Mah.) | C11: =VLOOKUP(A11,import!A:C,3,0) -> DOĞRU | D11: Çiğ Köfte | E11: =VLOOKUP(A11,import!A:J,5,0) -> 67 | F11: =VLOOKUP(A11,import!A:J,6,0) -> 5 | G11: =VLOOKUP(A11,import!A:J,7,0) -> 4 | H11: =VLOOKUP(A11,import!A:J,8,0) -> 11 | I11: =VLOOKUP(A11,import!A:J,9,0) -> 15 | J11: =VLOOKUP(A11,import!A:J,10,0) -> 0.27 | K11: Ertuğrulhan Öztürkoğlu | L11: 3522350515 | M11: Melikgazi | N11: Kılıçaslan | O11: Kılıçaslan Mah. Sivas Blv. No:62/F Melikgazi/KAYSERİ | P11: =VLOOKUP(A11,import!A:P,16,0) -> Geleneksel | R11: TRUE | S11: FALSE | T11: Randevu Alındı | U11: Betül Demir | V11: Muzaffer Köprü | X11: 44614 | Y11: 44615 | AA11: Görüşüldü | AB11: 44614 | AC11: Görüşüldü | AD11: 44631 | AK11: Betül Demir | AL11: Yurdagül Kulaksız
A12: 6130c94e1e3f4b837f22a193 | B12: Acıyaman Çiğ Köfte, Melikgazi (Köşk Mah.) | C12: =VLOOKUP(A12,import!A:C,3,0) -> DOĞRU | D12: Çiğ Köfte | E12: =VLOOKUP(A12,import!A:J,5,0) -> 5 | F12: =VLOOKUP(A12,import!A:J,6,0) | G12: =VLOOKUP(A12,import!A:J,7,0) -> 0 | H12: =VLOOKUP(A12,import!A:J,8,0) -> 7 | I12: =VLOOKUP(A12,import!A:J,9,0) -> 7 | J12: =VLOOKUP(A12,import!A:J,10,0) -> 0 | K12: Barış Arslan | L12: 5076881502 | M12: Melikgazi | N12: Köşk | O12: Köşk Mah. Çakır Sok. No:9/B Melikgazi/KAYSERİ | P12: =VLOOKUP(A12,import!A:P,16,0) -> Geleneksel | R12: TRUE | S12: FALSE | T12: İleride Randevu Alınacak | W12: daha sonra arancak / babası ameliyat olmuş daha sonra aranabilir / babası vefat etmiş daha sonra görüşelim dedi | AA12: Görüşüldü | AB12: 44587 | AC12: Görüşüldü | AD12: 44599 | AE12: Görüşüldü | AF12: 44614 | AK12: Zeliha Özer | AL12: Betül Demir | AM12: Betül Demir | AP12: Mustafa Dursun
A13: 6110430691aca476a6279eb4 | B13: Acıyaman Çiğ Köfte, Melikgazi (Yeşilyurt Mah.-İldem) | C13: =VLOOKUP(A13,import!A:C,3,0) -> YANLIŞ | D13: Çiğ Köfte | E13: =VLOOKUP(A13,import!A:J,5,0) -> 296 | F13: =VLOOKUP(A13,import!A:J,6,0) | G13: =VLOOKUP(A13,import!A:J,7,0) -> 6 | H13: =VLOOKUP(A13,import!A:J,8,0) -> 3 | I13: =VLOOKUP(A13,import!A:J,9,0) -> 9 | J13: =VLOOKUP(A13,import!A:J,10,0) -> 0.67 | K13: MELİKE ŞULE ÖZMEN | L13: 5526300238 | M13: Melikgazi | N13: Yeşilyurt | O13: Yeşilyurt Mah.2776. Sok. A-Blok D25 Apt. No:47/B Melikgazi/KAYSERİ | P13: =VLOOKUP(A13,import!A:P,16,0) -> Geleneksel | R13: TRUE | S13: FALSE | T13: Randevu Alındı | U13: Sude Alkan | V13: Muzaffer Köprü | W13: perihan | X13: 44588 | Y13: 44589 | AA13: Görüşüldü | AB13: 44588 | AK13: Sude Alkan | AP13: Mustafa Dursun
A14: 61a8d5d02c33a9fb4f2e0b8e | B14: Acıyaman Çiğ Köfte, Melikgazi (Yeşilyurt Mah.-İldem) | C14: =VLOOKUP(A14,import!A:C,3,0) -> DOĞRU | D14: Çiğ Köfte | E14: =VLOOKUP(A14,import!A:J,5,0) -> 426 | F14: =VLOOKUP(A14,import!A:J,6,0) -> 22 | G14: =VLOOKUP(A14,import!A:J,7,0) -> 0 | H14: =VLOOKUP(A14,import!A:J,8,0) -> 10 | I14: =VLOOKUP(A14,import!A:J,9,0) -> 10 | J14: =VLOOKUP(A14,import!A:J,10,0) -> 0 | K14: Rukiye Yılmaz | L14: 5526300238 | M14: Melikgazi | N14: Yeşilyurt | O14: Yeşilyurt Mah. 2776. Sok. No:47/B Melikgazi/KAYSERİ | P14: =VLOOKUP(A14,import!A:P,16,0) -> Geleneksel | R14: TRUE | S14: FALSE | T14: Başka Şubeden Çekilecek | AP14: Mustafa Dursun
A15: 61e14231e2b19c723200d4aa | B15: Acıyaman Çiğ Köfte, Talas (Mevlana Mah.) | C15: =VLOOKUP(A15,import!A:C,3,0) -> DOĞRU | D15: Çiğ Köfte | E15: =VLOOKUP(A15,import!A:J,5,0) -> 10 | F15: =VLOOKUP(A15,import!A:J,6,0) -> 6 | G15: =VLOOKUP(A15,import!A:J,7,0) -> 0 | H15: =VLOOKUP(A15,import!A:J,8,0) -> 13 | I15: =VLOOKUP(A15,import!A:J,9,0) -> 13 | J15: =VLOOKUP(A15,import!A:J,10,0) -> 0 | K15: Özgür Bektaş | L15: 5345604096 | M15: Talas | N15: Mevlana | O15: Mevlana Mah. Halef Hoca Cad. No:70/D Talas/KAYSERİ | P15: =VLOOKUP(A15,import!A:P,16,0) -> Geleneksel | R15: TRUE | S15: FALSE | T15: Sistemden Çıkmak İstiyor | W15: sistemden çıkmak istediğini belirtti | AA15: Görüşüldü | AB15: 44594 | AK15: Zeliha Özer
A16: 61f8203ce7f2725c65d56b31 | B16: Acıyaman Çiğköfte, Melikgazi (Yeniköy Mah.) | C16: =VLOOKUP(A16,import!A:C,3,0) -> DOĞRU | D16: Çiğ Köfte | E16: =VLOOKUP(A16,import!A:J,5,0) -> 11 | F16: =VLOOKUP(A16,import!A:J,6,0) -> 1 | G16: =VLOOKUP(A16,import!A:J,7,0) -> 11 | H16: =VLOOKUP(A16,import!A:J,8,0) -> 21 | I16: =VLOOKUP(A16,import!A:J,9,0) -> 32 | J16: =VLOOKUP(A16,import!A:J,10,0) -> 0.34 | K16: Hülya Bayram | L16: 5312730594 | M16: Melikgazi | N16: Yeniköy | O16: Yeniköy Mah. Bülbül Cad. No:8/A Melikgazi/KAYSERİ | P16: =VLOOKUP(A16,import!A:P,16,0) -> Geleneksel | R16: TRUE | S16: FALSE | T16: Randevu Alındı | U16: Ferhat Köksal | V16: Muzaffer Köprü | X16: 44606 | Y16: 44606 | AA16: Görüşüldü | AB16: 44606 | AK16: Ferhat Köksal
A17: 5fdb9cf9521daf8d68679514 | B17: Acil Pizza Pide Lahmacun, Talas (Tablakaya Mah.) | C17: =VLOOKUP(A17,import!A:C,3,0) -> YANLIŞ | D17: Pizza | E17: =VLOOKUP(A17,import!A:J,5,0) -> 252 | F17: =VLOOKUP(A17,import!A:J,6,0) | G17: =VLOOKUP(A17,import!A:J,7,0) -> 0 | H17: =VLOOKUP(A17,import!A:J,8,0) -> 19 | I17: =VLOOKUP(A17,import!A:J,9,0) -> 19 | J17: =VLOOKUP(A17,import!A:J,10,0) -> 0 | K17: Mustafa Okan Demirci | L17: 3524378971 | M17: Talas | N17: Tablakaya | O17: Tablakaya mh talas kayseri | P17: =VLOOKUP(A17,import!A:P,16,0) -> Geleneksel | R17: TRUE | S17: FALSE | W17: açmadı/düşünmüyolarmış | AP17: Mustafa Dursun
A18: 6166e31190a1b0c4cdd796d7 | B18: Aç Geldim Pide & Lahmacun, Talas (Mevlana Mah.) | C18: =VLOOKUP(A18,import!A:C,3,0) -> DOĞRU | D18: Pide | E18: =VLOOKUP(A18,import!A:J,5,0) -> 910 | F18: =VLOOKUP(A18,import!A:J,6,0) | G18: =VLOOKUP(A18,import!A:J,7,0) -> 0 | H18: =VLOOKUP(A18,import!A:J,8,0) -> 6 | I18: =VLOOKUP(A18,import!A:J,9,0) -> 6 | J18: =VLOOKUP(A18,import!A:J,10,0) -> 0 | K18: Yasin Kösem | L18: 3528883898 | M18: Talas | N18: Mevlana | O18: Mevlana Mah. Bademli Cad. No:2/A Talas/KAYSERİ | P18: =VLOOKUP(A18,import!A:P,16,0) -> Geleneksel | R18: TRUE | S18: FALSE | T18: Çekim İstemiyor | W18: istemedi gerek yok dedi | AA18: Görüşüldü | AB18: 44579 | AK18: Zeliha Özer | AP18: Mustafa Dursun
A19: 61cc7a6ed0f64b3ca7a85762 | B19: Ada Döner, Kocasinan (Hacı Saki Mah.) | C19: =VLOOKUP(A19,import!A:C,3,0) -> DOĞRU | D19: Döner | E19: =VLOOKUP(A19,import!A:J,5,0) -> 105 | F19: =VLOOKUP(A19,import!A:J,6,0) -> 14 | G19: =VLOOKUP(A19,import!A:J,7,0) -> 13 | H19: =VLOOKUP(A19,import!A:J,8,0) -> 4 | I19: =VLOOKUP(A19,import!A:J,9,0) -> 17 | J19: =VLOOKUP(A19,import!A:J,10,0) -> 0.76 | K19: Ali Aktay | L19: 3523201239 | M19: Kocasinan | N19: Hacı Saki | O19: Hacı Saki Mah. Atatürk Blv. No:29/B Kocasinan/KAYSERİ | P19: =VLOOKUP(A19,import!A:P,16,0) -> Geleneksel | R19: TRUE | S19: FALSE | T19: Randevu Alındı | U19: Ferhat Köksal | V19: Muzaffer Köprü | W19: 5531989800 | X19: 44627 | Y19: 44628 | AA19: Görüşüldü | AB19: 44627 | AK19: Ferhat Köksal
A20: 5fda06ff8e3739fd3a13204a | B20: Ada Tost, Kocasinan (Mevlana Mah.) | C20: =VLOOKUP(A20,import!A:C,3,0) -> YANLIŞ | D20: Tost & Sandviç | E20: =VLOOKUP(A20,import!A:J,5,0) -> 1064 | F20: =VLOOKUP(A20,import!A:J,6,0) | G20: =VLOOKUP(A20,import!A:J,7,0) -> 19 | H20: =VLOOKUP(A20,import!A:J,8,0) -> 5 | I20: =VLOOKUP(A20,import!A:J,9,0) -> 24 | J20: =VLOOKUP(A20,import!A:J,10,0) -> 0.79 | K20: Ahmet Lütfullah Dirican | L20: 5303839538 | M20: Kocasinan | N20: Plevne | O20: Mevlana Mah. Barış Manço Cad. No:8/B Kocasinan Kayseri | P20: =VLOOKUP(A20,import!A:P,16,0) -> Geleneksel | R20: TRUE | S20: FALSE | T20: Randevu Alındı | U20: Senanur Çınar | V20: Feyza Yıldırım | X20: 44287 | Y20: 44292 | AP20: Mustafa Dursun
A21: 60e5b7c557031a248f0d2c1c | B21: Ada Tost, Melikgazi (Kılıçaslan Mah.) | C21: =VLOOKUP(A21,import!A:C,3,0) -> DOĞRU | D21: Tost & Sandviç | E21: =VLOOKUP(A21,import!A:J,5,0) -> 835 | F21: =VLOOKUP(A21,import!A:J,6,0) | G21: =VLOOKUP(A21,import!A:J,7,0) -> 0 | H21: =VLOOKUP(A21,import!A:J,8,0) -> 18 | I21: =VLOOKUP(A21,import!A:J,9,0) -> 18 | J21: =VLOOKUP(A21,import!A:J,10,0) -> 0 | K21: Mehmet Ali Çetin | L21: 5331429538 | M21: Melikgazi | N21: Kılıçaslan | O21: Kılıçaslan Mah. Şht. Ütğm. Mustafa Şimşek Blv. No:41/B Melikgazi/KAYSERİ | P21: =VLOOKUP(A21,import!A:P,16,0) -> Geleneksel | R21: TRUE | S21: TRUE | W21: öğleden sonra 2 gibi arayın der / kendi fotoğrafları varmış mail atacak | AA21: Tekrar Aranacak | AB21: 44476 | AC21: Görüşüldü | AD21: 44586 | AE21: Görüşüldü | AF21: 44614 | AK21: Hatem Soyaslan | AL21: Betül Demir | AM21: Betül Demir | AP21: Mustafa Dursun
A22: 6227a4948eff0032b06d42b7 | B22: Ada Tost, Melikgazi (Kılıçaslan Mah.) | C22: =VLOOKUP(A22,import!A:C,3,0) -> DOĞRU | D22: Tost & Sandviç | E22: =VLOOKUP(A22,import!A:J,5,0) -> 53 | F22: =VLOOKUP(A22,import!A:J,6,0) -> 14 | G22: =VLOOKUP(A22,import!A:J,7,0) -> 0 | H22: =VLOOKUP(A22,import!A:J,8,0) -> 26 | I22: =VLOOKUP(A22,import!A:J,9,0) -> 26 | J22: =VLOOKUP(A22,import!A:J,10,0) -> 0 | K22: Gökhan Derin | L22: 5331429538 | M22: Melikgazi | N22: Kılıçaslan | O22: Kılıçaslan Mah. Şht. Ütğm. Mustafa Şimşek Blv. No:41/B Melikgazi/KAYSERİ | P22: =VLOOKUP(A22,import!A:P,16,0) -> Geleneksel | R22: TRUE | S22: FALSE | W22: dükkan devir aşamasında panelin açılmasını bekliyorum - ramazan sonra yapalım | AA22: Görüşüldü | AB22: 44634 | AK22: Ferhat Köksal
A23: 5fda0d214a5aa19b40da7467 | B23: Ada Tost, Talas (Mevlana Mah.) | C23: =VLOOKUP(A23,import!A:C,3,0) -> YANLIŞ | D23: Tost & Sandviç | E23: =VLOOKUP(A23,import!A:J,5,0) -> 537 | F23: =VLOOKUP(A23,import!A:J,6,0) | G23: =VLOOKUP(A23,import!A:J,7,0) -> 0 | H23: =VLOOKUP(A23,import!A:J,8,0) -> 24 | I23: =VLOOKUP(A23,import!A:J,9,0) -> 24 | J23: =VLOOKUP(A23,import!A:J,10,0) -> 0 | K23: Serdar Yargı | L23: 5435740503 | M23: Talas | N23: Mevlana | O23: Mevlana, Fildişi Sk. No: 30/ A, 38280 Talas/Kayseri | P23: =VLOOKUP(A23,import!A:P,16,0) -> Geleneksel | R23: TRUE | S23: FALSE | T23: Başka Şubeden Çekilecek | W23: diğer şube ile randevu ayarlnamış ordan | AP23: Mustafa Dursun
A24: 6192251d4e902f570f793b74 | B24: Adıger Çiğ Köfte, Melikgazi (Fatih Mah. - İldem) | C24: =VLOOKUP(A24,import!A:C,3,0) -> DOĞRU | D24: Çiğ Köfte | E24: =VLOOKUP(A24,import!A:J,5,0) -> 142 | F24: =VLOOKUP(A24,import!A:J,6,0) -> 2 | G24: =VLOOKUP(A24,import!A:J,7,0) -> 0 | H24: =VLOOKUP(A24,import!A:J,8,0) -> 6 | I24: =VLOOKUP(A24,import!A:J,9,0) -> 6 | J24: =VLOOKUP(A24,import!A:J,10,0) -> 0 | K24: Hikmet Karatepe | L24: 5523557126 | M24: Melikgazi | N24: Gesi Fatih | O24: Gesi Fatih Mah. 2351. Sok. No:5/A Melikgazi/KAYSERİ | P24: =VLOOKUP(A24,import!A:P,16,0) -> Geleneksel | R24: TRUE | S24: FALSE | T24: BlackList | U24: Betül Demir | V24: Muzaffer Köprü | W24: bir daha alınmasın | X24: 44596 | Y24: 44602 | AA24: Görüşüldü | AB24: 44588 | AC24: Görüşüldü | AD24: 44589 | AE24: Görüşüldü | AF24: 44596 | AK24: Betül Demir | AL24: Betül Demir | AP24: Mustafa Dursun
A25: 623e17df82283e1aa18ccb06 | B25: Adıyaman Ciğ Köftecisi Bayram Usta, (Hoca Ahmet Yesevi Mah.) | C25: =VLOOKUP(A25,import!A:C,3,0) -> DOĞRU | D25: Çiğ Köfte | E25: =VLOOKUP(A25,import!A:J,5,0) | F25: =VLOOKUP(A25,import!A:J,6,0) | G25: =VLOOKUP(A25,import!A:J,7,0) -> 0 | H25: =VLOOKUP(A25,import!A:J,8,0) -> 12 | I25: =VLOOKUP(A25,import!A:J,9,0) -> 12 | J25: =VLOOKUP(A25,import!A:J,10,0) -> 0 | K25: Abdullah Çakırbeyli | L25: 3525043339 | M25: Kocasinan | N25: Hoca Ahmet Yesevi | O25: Hoca Ahmet Yesevi Mah. Kaman 1. Sok. No:11/A Kocasinan/KAYSERİ | P25: =VLOOKUP(A25,import!A:P,16,0) -> Geleneksel | R25: FALSE | S25: FALSE | T25: Franchise
A26: 61f822875bb75953ca722175 | B26: Adıyaman Çiğ Köftecisi Bayram Usta, (Erkilet Ertuğrul Gazi Mah.) | C26: =VLOOKUP(A26,import!A:C,3,0) -> DOĞRU | D26: Çiğ Köfte | E26: =VLOOKUP(A26,import!A:J,5,0) -> 17 | F26: =VLOOKUP(A26,import!A:J,6,0) | G26: =VLOOKUP(A26,import!A:J,7,0) -> 0 | H26: =VLOOKUP(A26,import!A:J,8,0) -> 4 | I26: =VLOOKUP(A26,import!A:J,9,0) -> 4 | J26: =VLOOKUP(A26,import!A:J,10,0) -> 0 | K26: Orhan Tezcan | L26: 5300329892 | M26: Kocasinan | N26: Dere | O26: Ertuğrul Gazi Mah. Pusula Cad. No:8/C Kocasinan/KAYSERİ | P26: =VLOOKUP(A26,import!A:P,16,0) -> Geleneksel | R26: FALSE | S26: FALSE | T26: Franchise
A27: 614a1fd8ade6451dc4787606 | B27: Adıyaman Çiğ Köftecisi Bayram Usta, (Erkilet Osman Gazi Mah.) | C27: =VLOOKUP(A27,import!A:C,3,0) -> DOĞRU | D27: Çiğ Köfte | E27: =VLOOKUP(A27,import!A:J,5,0) -> 36 | F27: =VLOOKUP(A27,import!A:J,6,0) | G27: =VLOOKUP(A27,import!A:J,7,0) -> 7 | H27: =VLOOKUP(A27,import!A:J,8,0) -> 1 | I27: =VLOOKUP(A27,import!A:J,9,0) -> 8 | J27: =VLOOKUP(A27,import!A:J,10,0) -> 0.88 | K27: Mustafa Kaplan | L27: 5436649359 | M27: Kocasinan | N27: Osmangazi | O27: Osmangazi Mah. 54. Sok. No:29/B Kocasinan/KAYSERİ | P27: =VLOOKUP(A27,import!A:P,16,0) -> Geleneksel | R27: TRUE | S27: FALSE | T27: Randevu Alındı | U27: Betül Demir | V27: Muzaffer Köprü | W27: devam çekimi alındı | X27: 44621 | Y27: 44648 | AA27: Görüşüldü | AB27: 44621 | AK27: Betül Demir | AP27: Mustafa Dursun
A28: 6006a6da3c42003af6bef424 | B28: Adıyaman Çiğ Köftecisi Bayram Usta, (Yeşilyurt Mah.-İldem) | C28: =VLOOKUP(A28,import!A:C,3,0) -> DOĞRU | D28: Çiğ Köfte | E28: =VLOOKUP(A28,import!A:J,5,0) -> 810 | F28: =VLOOKUP(A28,import!A:J,6,0) -> 7 | G28: =VLOOKUP(A28,import!A:J,7,0) -> 0 | H28: =VLOOKUP(A28,import!A:J,8,0) -> 10 | I28: =VLOOKUP(A28,import!A:J,9,0) -> 10 | J28: =VLOOKUP(A28,import!A:J,10,0) -> 0 | K28: Özlem arı | L28: 5466945570 | M28: Melikgazi | N28: Yeşilyurt | O28: Yeşilyurt Mah. 2357. Cad. B Blok(D17) No:37/C Melikgazi/KAYSERİ | P28: =VLOOKUP(A28,import!A:P,16,0) -> Geleneksel | R28: TRUE | S28: FALSE | T28: Franchise | AP28: Mustafa Dursun
A29: 614a1ab51cc882677b63dd31 | B29: Adıyaman Çiğ Köftecisi Bayram Usta, Kocasinan (Beyazşehir Mah.) | C29: =VLOOKUP(A29,import!A:C,3,0) -> DOĞRU | D29: Çiğ Köfte | E29: =VLOOKUP(A29,import!A:J,5,0) -> 701 | F29: =VLOOKUP(A29,import!A:J,6,0) -> 17 | G29: =VLOOKUP(A29,import!A:J,7,0) -> 0 | H29: =VLOOKUP(A29,import!A:J,8,0) -> 31 | I29: =VLOOKUP(A29,import!A:J,9,0) -> 31 | J29: =VLOOKUP(A29,import!A:J,10,0) -> 0 | K29: Büşra Tekmanlı | L29: 5534434688 | M29: Kocasinan | N29: Beyazşehir | O29: Beyazşehir Mah. 825. Sok. No:22/E Kocasinan/KAYSERİ | P29: =VLOOKUP(A29,import!A:P,16,0) -> Geleneksel | R29: TRUE | S29: FALSE | T29: Ulaşılamadı | U29: Enes Günal | V29: Muzaffer Köprü | W29: Mesut Bey 5534434688 | X29: 44614 | Y29: 44617 | AA29: Görüşüldü | AB29: 44614 | AK29: Enes Günal | AP29: Mustafa Dursun
A30: 60422696b826f0d63b306be6 | B30: Adıyaman Çiğ Köftecisi Bayram Usta, Kocasinan (Sümer Mah.) | C30: =VLOOKUP(A30,import!A:C,3,0) -> DOĞRU | D30: Çiğ Köfte | E30: =VLOOKUP(A30,import!A:J,5,0) -> 283 | F30: =VLOOKUP(A30,import!A:J,6,0) -> 4 | G30: =VLOOKUP(A30,import!A:J,7,0) -> 0 | H30: =VLOOKUP(A30,import!A:J,8,0) -> 9 | I30: =VLOOKUP(A30,import!A:J,9,0) -> 9 | J30: =VLOOKUP(A30,import!A:J,10,0) -> 0 | K30: Ahmet Diri | L30: 3523380233 | M30: Kocasinan | N30: Sümer | O30: Sümer Mah. 11.Cad. No:4/B Kocasinan/KAYSERİ | P30: =VLOOKUP(A30,import!A:P,16,0) -> Geleneksel | R30: FALSE | S30: FALSE | T30: Franchise | AP30: Mustafa Dursun
A31: 61bc6fe34ae455c0386d1bf4 | B31: Adıyaman Çiğ Köftecisi Bayram Usta, Melikgazi (Fatih Mah.-İldem) | C31: =VLOOKUP(A31,import!A:C,3,0) -> YANLIŞ | D31: Çiğ Köfte | E31: =VLOOKUP(A31,import!A:J,5,0) -> 1 | F31: =VLOOKUP(A31,import!A:J,6,0) | G31: =VLOOKUP(A31,import!A:J,7,0) -> 0 | H31: =VLOOKUP(A31,import!A:J,8,0) -> 7 | I31: =VLOOKUP(A31,import!A:J,9,0) -> 7 | J31: =VLOOKUP(A31,import!A:J,10,0) -> 0 | K31: Doğuş Bak | L31: 5427253357 | M31: Melikgazi | N31: Gesi Fatih | O31: Gesi Fatih Mah. İhlas Sok. No:16/B Melikgazi/KAYSERİ | P31: =VLOOKUP(A31,import!A:P,16,0) -> Geleneksel | R31: TRUE | S31: FALSE | T31: Franchise
A32: 61fc2d91b572d22bc0a6acfe | B32: Adıyaman Çiğ Köftecisi Bayram Usta, Melikgazi (Fatih Mah.-İldem) | C32: =VLOOKUP(A32,import!A:C,3,0) -> DOĞRU | D32: Çiğ Köfte | E32: =VLOOKUP(A32,import!A:J,5,0) -> 215 | F32: =VLOOKUP(A32,import!A:J,6,0) -> 27 | G32: =VLOOKUP(A32,import!A:J,7,0) -> 0 | H32: =VLOOKUP(A32,import!A:J,8,0) -> 7 | I32: =VLOOKUP(A32,import!A:J,9,0) -> 7 | J32: =VLOOKUP(A32,import!A:J,10,0) -> 0 | K32: Ömer Faruk Demirkoparan | L32: 5392978018 | M32: Melikgazi | N32: Gesi Fatih | O32: Gesi Fatih Mah. İhlas Sok. No:16/B Melikgazi/KAYSERİ | P32: =VLOOKUP(A32,import!A:P,16,0) -> Geleneksel | R32: TRUE | S32: FALSE | T32: Franchise
A33: 61a8dcde392c8abc8fb07615 | B33: Adıyaman Çiğ Köftecisi Bayram Usta, Melikgazi(Bahçelievler Mah.) | C33: =VLOOKUP(A33,import!A:C,3,0) -> DOĞRU | D33: Çiğ Köfte | E33: =VLOOKUP(A33,import!A:J,5,0) -> 89 | F33: =VLOOKUP(A33,import!A:J,6,0) -> 1 | G33: =VLOOKUP(A33,import!A:J,7,0) -> 0 | H33: =VLOOKUP(A33,import!A:J,8,0) -> 7 | I33: =VLOOKUP(A33,import!A:J,9,0) -> 7 | J33: =VLOOKUP(A33,import!A:J,10,0) -> 0 | K33: Berkay Kenan Çelik | L33: 5382683726 | M33: Melikgazi | N33: Bahçelievler | O33: Bahçelievler Mah. Kocasinan 2. Cad. No:8/F Melikgazi/KAYSERİ | P33: =VLOOKUP(A33,import!A:P,16,0) -> Geleneksel | R33: TRUE | S33: TRUE | W33: panelde fotoğrafları var | AA33: Görüşüldü | AB33: 44588 | AK33: Betül Demir | AP33: Mustafa Dursun
A34: 6242271b4adec638e6f07a11 | B34: Adıyaman Çiğ Köftecisi Bayram Usta, Talas (Mevlana Mah.) | C34: =VLOOKUP(A34,import!A:C,3,0) -> DOĞRU | D34: Çiğ Köfte | E34: =VLOOKUP(A34,import!A:J,5,0) -> 405 | F34: =VLOOKUP(A34,import!A:J,6,0) -> 390 | G34: =VLOOKUP(A34,import!A:J,7,0) -> 0 | H34: =VLOOKUP(A34,import!A:J,8,0) -> 16 | I34: =VLOOKUP(A34,import!A:J,9,0) -> 16 | J34: =VLOOKUP(A34,import!A:J,10,0) -> 0 | K34: BERAT BURHAN KÖSE | L34: 5417382611 | M34: Talas | N34: Mevlana | O34: Mevlana Mah. Taslak Sok. No:2/B Talas/KAYSERİ | P34: =VLOOKUP(A34,import!A:P,16,0) -> Geleneksel | R34: FALSE | S34: FALSE | T34: Franchise
A35: 618a7701adfb063b750bb16a | B35: Adıyaman Çiğ Köftecisi Bayram Usta, Talas (Yenidoğan Mah.) | C35: =VLOOKUP(A35,import!A:C,3,0) -> DOĞRU | D35: Çiğ Köfte | E35: =VLOOKUP(A35,import!A:J,5,0) -> 953 | F35: =VLOOKUP(A35,import!A:J,6,0) -> 47 | G35: =VLOOKUP(A35,import!A:J,7,0) -> 0 | H35: =VLOOKUP(A35,import!A:J,8,0) -> 18 | I35: =VLOOKUP(A35,import!A:J,9,0) -> 18 | J35: =VLOOKUP(A35,import!A:J,10,0) -> 0 | K35: Yunus Emre Erdoğan | L35: 3525013388 | M35: Talas | N35: Yenidoğan | O35: Yenidoğan Mah. Çimenli Cad. No:35/C Talas/KAYSERİ | P35: =VLOOKUP(A35,import!A:P,16,0) -> Geleneksel | R35: TRUE | S35: FALSE | T35: Franchise | AP35: Mustafa Dursun
A36: 61d53a98874a59f37ed67c4c | B36: Adıyaman Çiğ Köftecisi Ömer Aybak, Melikgazi (Köşk Mah.) | C36: =VLOOKUP(A36,import!A:C,3,0) -> YANLIŞ | D36: Çiğ Köfte | E36: =VLOOKUP(A36,import!A:J,5,0) | F36: =VLOOKUP(A36,import!A:J,6,0) | G36: =VLOOKUP(A36,import!A:J,7,0) -> 9 | H36: =VLOOKUP(A36,import!A:J,8,0) -> 11 | I36: =VLOOKUP(A36,import!A:J,9,0) -> 20 | J36: =VLOOKUP(A36,import!A:J,10,0) -> 0.45 | K36: Bilal Sarıoğlu | L36: 5541120402 | M36: Melikgazi | N36: Köşk | O36: Köşk Mah. Kışla Cad. No:52 Sosyete Pazarı Melikgazi/KAYSERİ | P36: =VLOOKUP(A36,import!A:P,16,0) -> Geleneksel | R36: TRUE | S36: FALSE | T36: Franchise
A37: 610d27657ea705a07e2d4b6c | B37: Adıyaman Çiğköfte Yeri, Melikgazi (Esentepe Mah.) | C37: =VLOOKUP(A37,import!A:C,3,0) -> DOĞRU | D37: Çiğ Köfte | E37: =VLOOKUP(A37,import!A:J,5,0) -> 399 | F37: =VLOOKUP(A37,import!A:J,6,0) -> 14 | G37: =VLOOKUP(A37,import!A:J,7,0) -> 0 | H37: =VLOOKUP(A37,import!A:J,8,0) -> 24 | I37: =VLOOKUP(A37,import!A:J,9,0) -> 24 | J37: =VLOOKUP(A37,import!A:J,10,0) -> 0 | K37: Yasemin Karaca | L37: 5520655893 | M37: Melikgazi | N37: Esentepe | O37: Esentepe Mah. 981. Sok. No:3/B Melikgazi/KAYSERİ | P37: =VLOOKUP(A37,import!A:P,16,0) -> Geleneksel | R37: TRUE | S37: FALSE | T37: Randevu Alındı | U37: Sude Alkan | V37: Muzaffer Köprü | W37: keykubat mah kuyu caddesi no 14/a | X37: 44586 | Y37: 44587 | AA37: Görüşüldü | AB37: 44586 | AK37: Sude Alkan | AP37: Mustafa Dursun
A38: 5fdb2adb1e128f82cb8143c9 | B38: Adıyaman Çiğköftecisi Bayram Usta, Kocasinan(Fevziçakmak Mah.) | C38: =VLOOKUP(A38,import!A:C,3,0) -> DOĞRU | D38: Çiğ Köfte | E38: =VLOOKUP(A38,import!A:J,5,0) -> 2248 | F38: =VLOOKUP(A38,import!A:J,6,0) -> 51 | G38: =VLOOKUP(A38,import!A:J,7,0) -> 0 | H38: =VLOOKUP(A38,import!A:J,8,0) -> 22 | I38: =VLOOKUP(A38,import!A:J,9,0) -> 22 | J38: =VLOOKUP(A38,import!A:J,10,0) -> 0 | K38: Ersin Pugar | L38: 5345200917 | M38: Kocasinan | N38: Fevzi Çakmak | O38: Sivas bulvarı, defne apt., A Blok No:63 B | P38: =VLOOKUP(A38,import!A:P,16,0) -> Geleneksel | R38: TRUE | S38: FALSE | T38: Ulaşılamadı | W38: açmadı | AA38: Ulaşılamadı | AB38: 44378 | AK38: Simge Tüçay | AP38: Mustafa Dursun
A39: 5fda33ef2eff062b2f202ec3 | B39: Adıyaman Çiğköftecisi Bayram Usta, Kocasinan(Mimarsinan Mah.) | C39: =VLOOKUP(A39,import!A:C,3,0) -> DOĞRU | D39: Çiğ Köfte | E39: =VLOOKUP(A39,import!A:J,5,0) -> 86 | F39: =VLOOKUP(A39,import!A:J,6,0) -> 4 | G39: =VLOOKUP(A39,import!A:J,7,0) -> 0 | H39: =VLOOKUP(A39,import!A:J,8,0) -> 25 | I39: =VLOOKUP(A39,import!A:J,9,0) -> 25 | J39: =VLOOKUP(A39,import!A:J,10,0) -> 0 | K39: Hakan Yıldırım | L39: 5300651695 | M39: Melikgazi | N39: Alpaslan | O39: Mimar Sinan Mah., Sivas Bulvarı, No:165/A | P39: =VLOOKUP(A39,import!A:P,16,0) -> Geleneksel | R39: TRUE | S39: FALSE | T39: Franchise | W39: yt yok akşam gelir dedi. | AA39: Görüşüldü | AB39: 44327 | AK39: Hatice Özer | AP39: Mustafa Dursun
A40: 61a8d8e82c7e5b4d44e5e19f | B40: Adıyaman Tadımca Çiğ Köfte, Melikgazi (Keykubat Mah.) | C40: =VLOOKUP(A40,import!A:C,3,0) -> DOĞRU | D40: Çiğ Köfte | E40: =VLOOKUP(A40,import!A:J,5,0) -> 115 | F40: =VLOOKUP(A40,import!A:J,6,0) | G40: =VLOOKUP(A40,import!A:J,7,0) -> 6 | H40: =VLOOKUP(A40,import!A:J,8,0) -> 3 | I40: =VLOOKUP(A40,import!A:J,9,0) -> 9 | J40: =VLOOKUP(A40,import!A:J,10,0) -> 0.67 | K40: Nazif Burak Kiraz | L40: 5070934768 | M40: Melikgazi | N40: Keykubat | O40: Keykubat Mah. Anafartalar Cad. No:137/E Melikgazi/KAYSERİ | P40: =VLOOKUP(A40,import!A:P,16,0) -> Geleneksel | R40: TRUE | S40: FALSE | T40: Randevu Alındı | U40: Hatem Soyaslan | V40: Muzaffer Köprü | W40: 5075701420 | X40: 44586 | Y40: 44587 | AA40: Görüşüldü | AB40: 44586 | AK40: Hatem Soyaslan | AP40: Mustafa Dursun
A41: 5fd3687e373158a727a55d19 | B41: Adıyörem Çiğ Köfte Talas (Mevlana Mah.-Halef Hoca Cad.) | C41: =VLOOKUP(A41,import!A:C,3,0) -> DOĞRU | D41: Çiğ Köfte | E41: =VLOOKUP(A41,import!A:J,5,0) -> 1531 | F41: =VLOOKUP(A41,import!A:J,6,0) -> 9 | G41: =VLOOKUP(A41,import!A:J,7,0) -> 6 | H41: =VLOOKUP(A41,import!A:J,8,0) -> 22 | I41: =VLOOKUP(A41,import!A:J,9,0) -> 28 | J41: =VLOOKUP(A41,import!A:J,10,0) -> 0.21 | K41: Servet Kartal | L41: 5526383824 | M41: Talas | N41: Mevlana | O41: Mevlana mh. Halef Hoca cad. No: 72/E | P41: =VLOOKUP(A41,import!A:P,16,0) -> Geleneksel | R41: TRUE | S41: FALSE | T41: Franchise | W41: frencheise | AP41: Mustafa Dursun
A42: 5fd62e55e1bbde69651130d5 | B42: Adıyörem Çiğ Köfte Talas (Mevlana Mah.-Mehmet Timuçin Cad.) | C42: =VLOOKUP(A42,import!A:C,3,0) -> DOĞRU | D42: Çiğ Köfte | E42: =VLOOKUP(A42,import!A:J,5,0) -> 1258 | F42: =VLOOKUP(A42,import!A:J,6,0) -> 5 | G42: =VLOOKUP(A42,import!A:J,7,0) -> 8 | H42: =VLOOKUP(A42,import!A:J,8,0) -> 1 | I42: =VLOOKUP(A42,import!A:J,9,0) -> 9 | J42: =VLOOKUP(A42,import!A:J,10,0) -> 0.89 | K42: Yakup Emre Şahin | L42: 5417138734 | M42: Talas | N42: Mevlana | O42: Mevlana Mah Mehmet Timuçin CD PRS 553/1, NO 22/H/7 Tevfik Ziya Ap. Talas/Kayseri | P42: =VLOOKUP(A42,import!A:P,16,0) -> Geleneksel | R42: TRUE | S42: FALSE | T42: Franchise | W42: frencheise | AP42: Mustafa Dursun
A43: 6040a80fa64e330bc44e2965 | B43: Adıyörem Çiğ Köfte, Kocasinan (Ahi Evran Mah.) | C43: =VLOOKUP(A43,import!A:C,3,0) -> YANLIŞ | D43: Çiğ Köfte | E43: =VLOOKUP(A43,import!A:J,5,0) -> 273 | F43: =VLOOKUP(A43,import!A:J,6,0) | G43: =VLOOKUP(A43,import!A:J,7,0) -> 6 | H43: =VLOOKUP(A43,import!A:J,8,0) -> 10 | I43: =VLOOKUP(A43,import!A:J,9,0) -> 16 | J43: =VLOOKUP(A43,import!A:J,10,0) -> 0.38 | K43: Özlem Sural | L43: 5454249333 | M43: Kocasinan | N43: Ahi Evran | O43: Ahi Evran Mah. 410. Sok. No:19/B Kocasinan/KAYSERİ | P43: =VLOOKUP(A43,import!A:P,16,0) -> Geleneksel | R43: FALSE | S43: FALSE | AP43: Mustafa Dursun
A44: 62276346c6158d1ea0c8f1f4 | B44: Adıyörem Çiğ Köfte, Kocasinan (Erkilet General Emir Mah.) | C44: =VLOOKUP(A44,import!A:C,3,0) -> DOĞRU | D44: Çiğ Köfte | E44: =VLOOKUP(A44,import!A:J,5,0) -> 4 | F44: =VLOOKUP(A44,import!A:J,6,0) -> 1 | G44: =VLOOKUP(A44,import!A:J,7,0) -> 9 | H44: =VLOOKUP(A44,import!A:J,8,0) -> 22 | I44: =VLOOKUP(A44,import!A:J,9,0) -> 31 | J44: =VLOOKUP(A44,import!A:J,10,0) -> 0.29 | K44: Emine Kılıç | L44: 5392215824 | M44: Kocasinan | N44: General Emir | O44: Erkilet General Emir Mah. No:2/D Kocasinan/KAYSERİ | P44: =VLOOKUP(A44,import!A:P,16,0) -> Geleneksel | R44: TRUE | S44: FALSE | T44: Randevu Alındı | U44: Ferhat Köksal | V44: Muzaffer Köprü | W44: ben ustama sorup dönüş sağlarım dedi - eşi talat beyden randevu alındı | X44: 44645 | Y44: 44648 | AA44: Görüşüldü | AB44: 44645 | AK44: Ferhat Köksal
A45: 5ff32040ee0f721a2ea8e2c2 | B45: Adıyörem Çiğ Köfte, Kocasinan (Yavuzselim Mah.) | C45: =VLOOKUP(A45,import!A:C,3,0) -> DOĞRU | D45: Çiğ Köfte | E45: =VLOOKUP(A45,import!A:J,5,0) -> 82 | F45: =VLOOKUP(A45,import!A:J,6,0) | G45: =VLOOKUP(A45,import!A:J,7,0) -> 7 | H45: =VLOOKUP(A45,import!A:J,8,0) -> 13 | I45: =VLOOKUP(A45,import!A:J,9,0) -> 20 | J45: =VLOOKUP(A45,import!A:J,10,0) -> 0.35 | K45: Gökan Süslü | L45: 5312840476 | M45: Kocasinan | N45: Yavuz Selim | O45: Yavuzselim Mah. 727.Sok. No:14/F Kocasinan/KAYSERİ | P45: =VLOOKUP(A45,import!A:P,16,0) -> Geleneksel | R45: FALSE | S45: FALSE | AP45: Mustafa Dursun
A46: 617fb86313c1432da8d083af | B46: Adıyörem Çiğ Köfte, Melikgazi (Cumhuriyet Mah.) | C46: =VLOOKUP(A46,import!A:C,3,0) -> DOĞRU | D46: Çiğ Köfte | E46: =VLOOKUP(A46,import!A:J,5,0) -> 167 | F46: =VLOOKUP(A46,import!A:J,6,0) | G46: =VLOOKUP(A46,import!A:J,7,0) -> 6 | H46: =VLOOKUP(A46,import!A:J,8,0) -> 6 | I46: =VLOOKUP(A46,import!A:J,9,0) -> 12 | J46: =VLOOKUP(A46,import!A:J,10,0) -> 0.5 | K46: Yusuf Acar | L46: 5436176727 | M46: Melikgazi | N46: Cumhuriyet | O46: Cumhuriyet Mah. Ulu Camii Cad. No:1/D Melikgazi/KAYSERİ | P46: =VLOOKUP(A46,import!A:P,16,0) -> Geleneksel | R46: TRUE | S46: FALSE | T46: Franchise | AP46: Mustafa Dursun
A47: 607eea6f5d6f24b7c39d97ad | B47: Adıyörem Çiğ Köfte, Melikgazi (Fatih Mah. - İldem) | C47: =VLOOKUP(A47,import!A:C,3,0) -> DOĞRU | D47: Çiğ Köfte | E47: =VLOOKUP(A47,import!A:J,5,0) -> 126 | F47: =VLOOKUP(A47,import!A:J,6,0) | G47: =VLOOKUP(A47,import!A:J,7,0) -> 7 | H47: =VLOOKUP(A47,import!A:J,8,0) -> 5 | I47: =VLOOKUP(A47,import!A:J,9,0) -> 12 | J47: =VLOOKUP(A47,import!A:J,10,0) -> 0.58 | K47: Aygül Yıldız | L47: 5449090446 | M47: Melikgazi | N47: Gesi Fatih | O47: Gesi Fatih Mah. Saffet Arıkan Bedük Cad. No:61/C Melikgazi/KAYSERİ | P47: =VLOOKUP(A47,import!A:P,16,0) -> Geleneksel | R47: TRUE | S47: FALSE | T47: Franchise | AP47: Mustafa Dursun
A48: 61c4f43a8fa144fc1c51e4e7 | B48: Adıyörem Çiğ Köfte, Melikgazi (Yeniköy Mah.) | C48: =VLOOKUP(A48,import!A:C,3,0) -> DOĞRU | D48: Çiğ Köfte | E48: =VLOOKUP(A48,import!A:J,5,0) -> 16 | F48: =VLOOKUP(A48,import!A:J,6,0) | G48: =VLOOKUP(A48,import!A:J,7,0) -> 9 | H48: =VLOOKUP(A48,import!A:J,8,0) -> 13 | I48: =VLOOKUP(A48,import!A:J,9,0) -> 22 | J48: =VLOOKUP(A48,import!A:J,10,0) -> 0.41 | K48: Kadir Pınarbaşı | L48: 3523550404 | M48: Melikgazi | N48: Yeniköy | O48: Yeniköy Mah. Zeren Cad. No:26/B Melikgazi/KAYSERİ | P48: =VLOOKUP(A48,import!A:P,16,0) -> Geleneksel | R48: TRUE | S48: FALSE | T48: Franchise
A49: 60e4616f013efed83d8a3623 | B49: Adıyörem Çiğ Köfte, Talas (Harman Mah.) | C49: =VLOOKUP(A49,import!A:C,3,0) -> DOĞRU | D49: Çiğ Köfte | E49: =VLOOKUP(A49,import!A:J,5,0) -> 828 | F49: =VLOOKUP(A49,import!A:J,6,0) -> 46 | G49: =VLOOKUP(A49,import!A:J,7,0) -> 5 | H49: =VLOOKUP(A49,import!A:J,8,0) -> 24 | I49: =VLOOKUP(A49,import!A:J,9,0) -> 29 | J49: =VLOOKUP(A49,import!A:J,10,0) -> 0.17 | K49: Neriman Çolak | L49: 3524371020 | M49: Talas | N49: Harman | O49: Harman Mah. Tepebağlar Cad. No:1/F Talas/KAYSERİ | P49: =VLOOKUP(A49,import!A:P,16,0) -> Geleneksel | R49: FALSE | S49: FALSE | T49: Franchise | AP49: Mustafa Dursun
A50: 60ec00a213140085b57b3e85 | B50: Adıyörem Çiğ Köfte, Talas (Mevlana / Turgut Özal) | C50: =VLOOKUP(A50,import!A:C,3,0) -> DOĞRU | D50: Çiğ Köfte | E50: =VLOOKUP(A50,import!A:J,5,0) -> 258 | F50: =VLOOKUP(A50,import!A:J,6,0) -> 15 | G50: =VLOOKUP(A50,import!A:J,7,0) -> 6 | H50: =VLOOKUP(A50,import!A:J,8,0) -> 16 | I50: =VLOOKUP(A50,import!A:J,9,0) -> 22 | J50: =VLOOKUP(A50,import!A:J,10,0) -> 0.27 | K50: MURAT CAN KAHRAMAN | L50: 5525342551 | M50: Talas | N50: Mevlana | O50: Mevlana Mah. Turgut Özal Cad. No:43/F Talas/KAYSERİ | P50: =VLOOKUP(A50,import!A:P,16,0) -> Geleneksel | R50: FALSE | S50: FALSE | T50: Franchise | AP50: Mustafa Dursun
A51: 6156dc7ce1feb74499d69501 | B51: Adıyörem Çiğ Köfte, Talas (Yenidoğan Mah.) | C51: =VLOOKUP(A51,import!A:C,3,0) -> DOĞRU | D51: Çiğ Köfte | E51: =VLOOKUP(A51,import!A:J,5,0) -> 27 | F51: =VLOOKUP(A51,import!A:J,6,0) | G51: =VLOOKUP(A51,import!A:J,7,0) -> 7 | H51: =VLOOKUP(A51,import!A:J,8,0) -> 4 | I51: =VLOOKUP(A51,import!A:J,9,0) -> 11 | J51: =VLOOKUP(A51,import!A:J,10,0) -> 0.64 | K51: Musa Tığ | L51: 3524374000 | M51: Talas | N51: Yenidoğan | O51: Yenidoğan Mah. Timuçin Cad. No:5/B Talas/KAYSERİ | P51: =VLOOKUP(A51,import!A:P,16,0) -> Geleneksel | R51: FALSE | S51: FALSE | T51: Franchise | AP51: Mustafa Dursun
A52: 61d563a0b2d3e01f4016aa8a | B52: Adil Usta Kadayıf & Baklava, Melikgazi (Esenyurt Mah.) | C52: =VLOOKUP(A52,import!A:C,3,0) -> DOĞRU | D52: Pasta & Tatlı | E52: =VLOOKUP(A52,import!A:J,5,0) -> 485 | F52: =VLOOKUP(A52,import!A:J,6,0) -> 125 | G52: =VLOOKUP(A52,import!A:J,7,0) -> 27 | H52: =VLOOKUP(A52,import!A:J,8,0) -> 39 | I52: =VLOOKUP(A52,import!A:J,9,0) -> 66 | J52: =VLOOKUP(A52,import!A:J,10,0) -> 0.41 | K52: Mehmet Atar | L52: 5454619844 | M52: Melikgazi | N52: Nurihas | O52: Esenyurt Mah. Yavuz Cad. No:15/A Melikgazi/Kayseri | P52: =VLOOKUP(A52,import!A:P,16,0) -> Geleneksel | R52: TRUE | S52: FALSE | T52: Randevu Alındı | U52: Sude Alkan | V52: Muzaffer Köprü | W52: büyük menderes caddesi no 41 | X52: 44599 | Y52: 44599 | AA52: Ulaşılamadı | AB52: 44587 | AC52: Ulaşılamadı | AD52: 44595 | AE52: Görüşüldü | AF52: 44599 | AK52: Zeliha Özer | AL52: Yurdagül Kulaksız | AM52: Sude Alkan
A53: 5ff49fd7f0267c0c9c146509 | B53: Adiloğlu Cafe & Pastane, Kocasinan (Erkilet Camiikebir Mah.) | C53: =VLOOKUP(A53,import!A:C,3,0) -> DOĞRU | D53: Pasta & Tatlı | E53: =VLOOKUP(A53,import!A:J,5,0) -> 80 | F53: =VLOOKUP(A53,import!A:J,6,0) | G53: =VLOOKUP(A53,import!A:J,7,0) -> 17 | H53: =VLOOKUP(A53,import!A:J,8,0) -> 26 | I53: =VLOOKUP(A53,import!A:J,9,0) -> 43 | J53: =VLOOKUP(A53,import!A:J,10,0) -> 0.4 | K53: Yılmaz Ergin | L53: 3523330222 | M53: Kocasinan | N53: Camikebir | O53: Camikebir mah. Zihniye Baykan Cad. No:5/C Kocasinan/KAYSERİ | P53: =VLOOKUP(A53,import!A:P,16,0) -> Geleneksel | R53: TRUE | S53: FALSE | T53: Randevu Alındı | U53: Ferhat Köksal | V53: Muzaffer Köprü | W53: mustafa bey 05322311551 | X53: 44617 | Y53: 44620 | AA53: Görüşüldü | AB53: 44617 | AK53: Ferhat Köksal | AP53: Mustafa Dursun
A54: 61c9c23fd8a7637c2329c94d | B54: Ahbap'ss Köfte & Islak Hamburger, Talas (Mevlana Mah.) | C54: =VLOOKUP(A54,import!A:C,3,0) -> DOĞRU | D54: Sokak Lezzetleri | E54: =VLOOKUP(A54,import!A:J,5,0) -> 124 | F54: =VLOOKUP(A54,import!A:J,6,0) -> 20 | G54: =VLOOKUP(A54,import!A:J,7,0) -> 0 | H54: =VLOOKUP(A54,import!A:J,8,0) -> 8 | I54: =VLOOKUP(A54,import!A:J,9,0) -> 8 | J54: =VLOOKUP(A54,import!A:J,10,0) -> 0 | K54: Ali Şaş | L54: 3525033040 | M54: Talas | N54: Mevlana | O54: Mevlana Mah. 15 Temmuz Cad. No:6/A Talas/KAYSERİ | P54: =VLOOKUP(A54,import!A:P,16,0) -> Geleneksel | R54: TRUE | S54: FALSE | T54: Dönüş Yapacak | W54: yetkili yokmuş gelince dönecek | AA54: Yetkili Yok | AB54: 44578 | AK54: Hatem Soyaslan
A55: 5fd22d23da5e216be008e307 | B55: Ahbap'ss Köfte & Islak Hamburger, Talas (Yenidoğan Mah.) | C55: =VLOOKUP(A55,import!A:C,3,0) -> DOĞRU | D55: Sokak Lezzetleri | E55: =VLOOKUP(A55,import!A:J,5,0) -> 1236 | F55: =VLOOKUP(A55,import!A:J,6,0) -> 11 | G55: =VLOOKUP(A55,import!A:J,7,0) -> 0 | H55: =VLOOKUP(A55,import!A:J,8,0) -> 14 | I55: =VLOOKUP(A55,import!A:J,9,0) -> 14 | J55: =VLOOKUP(A55,import!A:J,10,0) -> 0 | K55: Selim dirik | L55: 3525043090 | M55: Talas | N55: Bahçelievler | O55: Yenidoğan Mah. Atatürk Blv. No:15/C Talas/KAYSERİ | P55: =VLOOKUP(A55,import!A:P,16,0) -> Geleneksel | R55: TRUE | S55: TRUE | T55: Çekim İstemiyor | U55: Emre Dalgıç | V55: Feyza Yıldırım | W55: RANDEVU İSTİYOR- çekime gerek yok dedi /kendi fotoğraflarını iletecekler. | X55: 44301 | Y55: 44307 | AA55: Görüşüldü | AB55: 44595 | AC55: Görüşüldü | AD55: 44595 | AK55: Ferhat Köksal | AL55: Yurdagül Kulaksız | AP55: Mustafa Dursun
A56: 616007115e2ddfecae83e3f7 | B56: Aksu Tantuni & Ciğer, Kocasinan (Erkilet Ertuğrul Gazi Mah.) | C56: =VLOOKUP(A56,import!A:C,3,0) -> DOĞRU | D56: Sokak Lezzetleri | E56: =VLOOKUP(A56,import!A:J,5,0) -> 240 | F56: =VLOOKUP(A56,import!A:J,6,0) -> 7 | G56: =VLOOKUP(A56,import!A:J,7,0) -> 0 | H56: =VLOOKUP(A56,import!A:J,8,0) -> 14 | I56: =VLOOKUP(A56,import!A:J,9,0) -> 14 | J56: =VLOOKUP(A56,import!A:J,10,0) -> 0 | K56: Ahmet Aksu | L56: 5417423195 | M56: Kocasinan | N56: Erkilet 100.yıl | O56: Ertuğrul Gazi Mah. 4341. Sok. No:19/C Kocasinan/KAYSERİ | P56: =VLOOKUP(A56,import!A:P,16,0) -> Geleneksel | R56: TRUE | S56: FALSE | T56: Çekim İstemiyor | W56: istemiyorum sağolun dedi | AA56: Görüşüldü | AB56: 44624 | AK56: Ferhat Köksal | AP56: Mustafa Dursun
A57: 607d9ab041375f5f5dd89094 | B57: Alaçatı Muhallebicisi, Talas (Yenidoğan Mah.) | C57: =VLOOKUP(A57,import!A:C,3,0) -> DOĞRU | D57: Pasta & Tatlı | E57: =VLOOKUP(A57,import!A:J,5,0) -> 245 | F57: =VLOOKUP(A57,import!A:J,6,0) -> 15 | G57: =VLOOKUP(A57,import!A:J,7,0) -> 35 | H57: =VLOOKUP(A57,import!A:J,8,0) -> 67 | I57: =VLOOKUP(A57,import!A:J,9,0) -> 102 | J57: =VLOOKUP(A57,import!A:J,10,0) -> 0.34 | K57: CANER İZGİ | L57: 8502207022 | M57: Talas | N57: Bahçelievler | O57: Yenidoğan Mah. Atatürk Blv. No:9/D Talas/KAYSERİ | P57: =VLOOKUP(A57,import!A:P,16,0) -> Geleneksel | R57: TRUE | S57: FALSE | T57: Randevu İptal | U57: Ezgi Turan | V57: Feyza Yıldırım | W57: TEYİT İÇİN ARANDI MÜSAİT DEĞİLİM DEDİ | X57: 44355 | Y57: 44357 | AA57: Görüşüldü | AB57: 44355 | AK57: Ezgi Turan | AP57: Mustafa Dursun
A58: 5fd35e75d0cd4b74a1538d1a | B58: Albina Restoran Talas (Mevlana) | C58: =VLOOKUP(A58,import!A:C,3,0) -> DOĞRU | D58: Kahvaltı | E58: =VLOOKUP(A58,import!A:J,5,0) -> 498 | F58: =VLOOKUP(A58,import!A:J,6,0) | G58: =VLOOKUP(A58,import!A:J,7,0) -> 0 | H58: =VLOOKUP(A58,import!A:J,8,0) -> 14 | I58: =VLOOKUP(A58,import!A:J,9,0) -> 14 | J58: =VLOOKUP(A58,import!A:J,10,0) -> 0 | K58: Kaan Nart | L58: 5466966569 | M58: Talas | N58: Mevlana | O58: Mevlana Mah. Elçibey Cad. No: 18 B | P58: =VLOOKUP(A58,import!A:P,16,0) -> Geleneksel | R58: TRUE | S58: TRUE | T58: Restoran Silindi | W58: mail atıcak - devir etme durumum var dedi / işletme kapanmış | AA58: Görüşüldü | AB58: 44622 | AC58: Görüşüldü | AD58: 44666 | AK58: Ferhat Köksal | AL58: Betül Demir | AP58: Mustafa Dursun
A59: 61caf53dab56abfc5c9ff680 | B59: Alem Tantuni, Talas (Tablakaya Mah.) | C59: =VLOOKUP(A59,import!A:C,3,0) -> DOĞRU | D59: Sokak Lezzetleri | E59: =VLOOKUP(A59,import!A:J,5,0) -> 227 | F59: =VLOOKUP(A59,import!A:J,6,0) | G59: =VLOOKUP(A59,import!A:J,7,0) -> 2 | H59: =VLOOKUP(A59,import!A:J,8,0) -> 3 | I59: =VLOOKUP(A59,import!A:J,9,0) -> 5 | J59: =VLOOKUP(A59,import!A:J,10,0) -> 0.4 | K59: Oğulcan Reyhan | L59: 5073683307 | M59: Talas | N59: Tablakaya | O59: Tablakaya Mah. 6181 Sok. No:18/A Talas/KAYSERİ | P59: =VLOOKUP(A59,import!A:P,16,0) -> Geleneksel | R59: TRUE | S59: FALSE | T59: Randevu Alındı | U59: Zeliha Özer | V59: Muzaffer Köprü | X59: 44594 | Y59: 44595 | AA59: Görüşüldü | AB59: 44594 | AK59: Zeliha Özer
A60: 61bde2ce8cdd9479f51c8d2b | B60: Ali Rıza Usta, Talas (Mevlana Mah.) | C60: =VLOOKUP(A60,import!A:C,3,0) -> DOĞRU | D60: Pizza | E60: =VLOOKUP(A60,import!A:J,5,0) -> 51 | F60: =VLOOKUP(A60,import!A:J,6,0) -> 3 | G60: =VLOOKUP(A60,import!A:J,7,0) -> 0 | H60: =VLOOKUP(A60,import!A:J,8,0) -> 29 | I60: =VLOOKUP(A60,import!A:J,9,0) -> 29 | J60: =VLOOKUP(A60,import!A:J,10,0) -> 0 | K60: Elif Tamer | L60: 3525040144 | M60: Talas | N60: Mevlana | O60: Mevlana Mah. Velioğlu Cad. Kaya 1 Sok. No:3/F TALAS/KAYSERİ | P60: =VLOOKUP(A60,import!A:P,16,0) -> Geleneksel | R60: TRUE | S60: TRUE | T60: Çekim İstemiyor | W60: şu anda böyle bir hazırlık yapamayız dedi | AA60: Görüşüldü | AB60: 44578 | AC60: Görüşüldü | AD60: 44595 | AK60: Ayşegül Kır | AL60: Yurdagül Kulaksız
A61: 61e90a900dd67f91d7076e54 | B61: Almina Döner & Kahvaltı, Kocasinan (Sanayi Mah.) | C61: =VLOOKUP(A61,import!A:C,3,0) -> DOĞRU | D61: Döner | E61: =VLOOKUP(A61,import!A:J,5,0) -> 8 | F61: =VLOOKUP(A61,import!A:J,6,0) -> 2 | G61: =VLOOKUP(A61,import!A:J,7,0) -> 16 | H61: =VLOOKUP(A61,import!A:J,8,0) -> 1 | I61: =VLOOKUP(A61,import!A:J,9,0) -> 17 | J61: =VLOOKUP(A61,import!A:J,10,0) -> 0.94 | K61: Bayram Kurudirek | L61: 3522322034 | M61: Kocasinan | N61: Sanayi | O61: Sanayi Mah. 6011. Cad. No:7 Kocasinan/KAYSERİ | P61: =VLOOKUP(A61,import!A:P,16,0) -> Geleneksel | R61: TRUE | S61: FALSE | T61: Randevu Alındı | U61: Ayşegül Kır | V61: Muzaffer Köprü | W61: sahabiye mah. mete cad. no:3 öğretmenevi ilerisi | X61: 44611 | Y61: 44613 | AA61: Görüşüldü | AB61: 44611 | AK61: Ayşegül Kır
A62: 61f2d139e82b61735e4c6282 | B62: Altın Bahçe, Melikgazi (Hunat Mah.) | C62: =VLOOKUP(A62,import!A:C,3,0) -> DOĞRU | D62: Tost & Sandviç | E62: =VLOOKUP(A62,import!A:J,5,0) -> 572 | F62: =VLOOKUP(A62,import!A:J,6,0) -> 97 | G62: =VLOOKUP(A62,import!A:J,7,0) -> 16 | H62: =VLOOKUP(A62,import!A:J,8,0) -> 9 | I62: =VLOOKUP(A62,import!A:J,9,0) -> 25 | J62: =VLOOKUP(A62,import!A:J,10,0) -> 0.64 | K62: Teslime Orhan | L62: 3522222736 | M62: Melikgazi | N62: Hunat | O62: Hunat Mah. Zenneci Sok. No:27/A Melikgazi/KAYSERİ | P62: =VLOOKUP(A62,import!A:P,16,0) -> Geleneksel | R62: TRUE | S62: FALSE | T62: Randevu Alındı | U62: Betül Demir | V62: Muzaffer Köprü | X62: 44599 | Y62: 44603 | AA62: Görüşüldü | AB62: 44599 | AK62: Betül Demir
A63: 5ffc3779f11235c874af955c | B63: Altın Kebap, Melikgazi (Cumhuriyet Mah.-İldem) | C63: =VLOOKUP(A63,import!A:C,3,0) -> DOĞRU | D63: Döner | E63: =VLOOKUP(A63,import!A:J,5,0) -> 570 | F63: =VLOOKUP(A63,import!A:J,6,0) -> 3 | G63: =VLOOKUP(A63,import!A:J,7,0) -> 0 | H63: =VLOOKUP(A63,import!A:J,8,0) -> 9 | I63: =VLOOKUP(A63,import!A:J,9,0) -> 9 | J63: =VLOOKUP(A63,import!A:J,10,0) -> 0 | K63: Yıldıray Altıntaş | L63: 3526661238 | M63: Melikgazi | N63: Yeşilyurt | O63: İldem Cumhuriyet Mah. Saffet Arıkan Bedük Cad. No:42/B Melikgazi/KAYSERİ | P63: =VLOOKUP(A63,import!A:P,16,0) -> Geleneksel | R63: TRUE | S63: FALSE | T63: Çekim İstemiyor | U63: Emre Dalgıç | V63: Feyza Yıldırım | W63: henüz getiri kullanmaya başlamamış.//açmadı// biz çekime gerek duymuyoruz yoğunuz der | X63: 44293 | Y63: 44295 | AA63: Ulaşılamadı | AB63: 44365 | AC63: Görüşüldü | AD63: 44370 | AK63: Hatice Özer | AL63: Hatem Soyaslan | AP63: Mustafa Dursun
A64: 5feae4334f55ab51149d0c40 | B64: Altın Köşk Döner, Melikgazi (Hürriyet Mah.) | C64: =VLOOKUP(A64,import!A:C,3,0) -> DOĞRU | D64: Döner | E64: =VLOOKUP(A64,import!A:J,5,0) -> 2044 | F64: =VLOOKUP(A64,import!A:J,6,0) -> 13 | G64: =VLOOKUP(A64,import!A:J,7,0) -> 0 | H64: =VLOOKUP(A64,import!A:J,8,0) -> 7 | I64: =VLOOKUP(A64,import!A:J,9,0) -> 7 | J64: =VLOOKUP(A64,import!A:J,10,0) -> 0 | K64: Meryem Çapar | L64: 3523362538 | M64: Melikgazi | N64: Çorakçılar | O64: Kemeraltı Mah. Sokullu Cad. İpek Apt. No:63/C Melikgazi/KAYSERİ | P64: =VLOOKUP(A64,import!A:P,16,0) -> Geleneksel | R64: TRUE | S64: FALSE | T64: Çekim İstemiyor | W64: yogunuz dedi kapatı | AA64: Tekrar Aranacak | AB64: 44354 | AC64: Görüşüldü | AD64: 44358 | AE64: Görüşüldü | AF64: 44631 | AK64: Simge Tüçay | AL64: Hatice Özer | AM64: Zeliha Özer | AP64: Mustafa Dursun
A65: 60c4d7641c70c80e683d063c | B65: Altınköşe Kebab Salonu, Melikgazi (Aydınlıkevler Mah.) | C65: =VLOOKUP(A65,import!A:C,3,0) -> DOĞRU | D65: Kebap | E65: =VLOOKUP(A65,import!A:J,5,0) -> 155 | F65: =VLOOKUP(A65,import!A:J,6,0) | G65: =VLOOKUP(A65,import!A:J,7,0) -> 0 | H65: =VLOOKUP(A65,import!A:J,8,0) -> 12 | I65: =VLOOKUP(A65,import!A:J,9,0) -> 12 | J65: =VLOOKUP(A65,import!A:J,10,0) -> 0 | K65: Şaban Türkmen | L65: 5325259140 | M65: Melikgazi | N65: Hürriyet | O65: Aydınlıkevler Mah. Cengiz Topel Cad. No:40 Melikgazi/KAYSERİ | P65: =VLOOKUP(A65,import!A:P,16,0) -> Geleneksel | R65: TRUE | S65: TRUE | W65: ürünü çıkarmam çok mailyetli olu dedi ben çekerim dedi | AA65: Görüşüldü | AB65: 44589 | AK65: Betül Demir | AP65: Mustafa Dursun
A66: 60e41b0a12b96a79c9478889 | B66: Ana Tokyat, Melikgazi (Fatih Mah. - İldem) | C66: =VLOOKUP(A66,import!A:C,3,0) -> DOĞRU | D66: Döner | E66: =VLOOKUP(A66,import!A:J,5,0) -> 1344 | F66: =VLOOKUP(A66,import!A:J,6,0) | G66: =VLOOKUP(A66,import!A:J,7,0) -> 0 | H66: =VLOOKUP(A66,import!A:J,8,0) -> 15 | I66: =VLOOKUP(A66,import!A:J,9,0) -> 15 | J66: =VLOOKUP(A66,import!A:J,10,0) -> 0 | K66: Alim Akkoyun | L66: 3522473033 | M66: Melikgazi | N66: Gesi Fatih | O66: Gesi Fatih Mah. Gün Sazak Cad. No:47/A Melikgazi/KAYSERİ | P66: =VLOOKUP(A66,import!A:P,16,0) -> Geleneksel | R66: TRUE | S66: FALSE | T66: Başka Şubeden Çekilecek | U66: Selcan Topçu | V66: babası ile konuşup dönüş yapacak | W66: fotografcı işten cıktıgı ıcın ıptal oldu/MUSAIT DEGILLER | X66: 44480 | Y66: 44481 | AA66: Görüşüldü | AB66: 44480 | AC66: Görüşüldü | AD66: 44601 | AE66: Görüşüldü | AF66: 44623 | AK66: Selcan Topçu | AL66: Betül Demir | AM66: Selcan Topçu | AP66: Mustafa Dursun
A67: 60b912e01a727901c7f1ebd0 | B67: Anadolu Et Lokantası, Kocasinan (Gevhernesibe Mah.) | C67: =VLOOKUP(A67,import!A:C,3,0) -> DOĞRU | D67: Kebap | E67: =VLOOKUP(A67,import!A:J,5,0) -> 2647 | F67: =VLOOKUP(A67,import!A:J,6,0) -> 17 | G67: =VLOOKUP(A67,import!A:J,7,0) -> 12 | H67: =VLOOKUP(A67,import!A:J,8,0) -> 4 | I67: =VLOOKUP(A67,import!A:J,9,0) -> 16 | J67: =VLOOKUP(A67,import!A:J,10,0) -> 0.75 | K67: Doğuş Vural | L67: 3522220414 | M67: Kocasinan | N67: Gevher Nesibe | O67: Gevher Nesibe Mah. Gür Sok. No:9/A Kocasinan/KAYSERİ | P67: =VLOOKUP(A67,import!A:P,16,0) -> Geleneksel | R67: TRUE | S67: FALSE | T67: Randevu Alındı | U67: Eylem Ünal | V67: Feyza Yıldırım | W67: TEYİT İÇİN ARANDI GERÇEKLEŞTİ | X67: 44362 | Y67: 44365 | AP67: Mustafa Dursun
A68: 622f51e84d8a31861996c467 | B68: Ananın Yeri, Kocasinan (Hoca Ahmet Yesevi Mah.) | C68: =VLOOKUP(A68,import!A:C,3,0) -> DOĞRU | D68: Kahvaltı | E68: =VLOOKUP(A68,import!A:J,5,0) -> 4 | F68: =VLOOKUP(A68,import!A:J,6,0) -> 2 | G68: =VLOOKUP(A68,import!A:J,7,0) -> 0 | H68: =VLOOKUP(A68,import!A:J,8,0) -> 34 | I68: =VLOOKUP(A68,import!A:J,9,0) -> 34 | J68: =VLOOKUP(A68,import!A:J,10,0) -> 0 | K68: Mehmet Özdin | L68: 3523391313 | M68: Kocasinan | N68: Hoca Ahmet Yesevi | O68: Hoca Ahmet Yesevi Mah. Mustafa Kemal Paşa Blv. No:300/A Kocasinan/KAYSERİ | P68: =VLOOKUP(A68,import!A:P,16,0) -> Geleneksel | R68: TRUE | S68: FALSE | T68: İleride Randevu Alınacak | U68: Ferhat Köksal | V68: Muzaffer Köprü | W68: ramazan ayının 2. haftası istiyor / bayramdan sonra istedi | X68: 44641 | Y68: 44642 | AA68: Görüşüldü | AB68: 44641 | AC68: Görüşüldü | AD68: 44662 | AK68: Ferhat Köksal | AL68: Betül Demir
A69: 5fe5ae8f8d4d71316bae18bc | B69: Anayurt Köşk, Talas (Mevlana Mah.) | C69: =VLOOKUP(A69,import!A:C,3,0) -> DOĞRU | D69: Döner | E69: =VLOOKUP(A69,import!A:J,5,0) -> 6536 | F69: =VLOOKUP(A69,import!A:J,6,0) -> 45 | G69: =VLOOKUP(A69,import!A:J,7,0) -> 4 | H69: =VLOOKUP(A69,import!A:J,8,0) -> 3 | I69: =VLOOKUP(A69,import!A:J,9,0) -> 7 | J69: =VLOOKUP(A69,import!A:J,10,0) -> 0.57 | K69: Emin Hançer | L69: 3524380350 | M69: Talas | N69: Mevlana | O69: Mevlana Mah. Halef Hoca Cad. No:61/A Talas/KAYSERİ | P69: =VLOOKUP(A69,import!A:P,16,0) -> Geleneksel | R69: TRUE | S69: FALSE | T69: İleride Randevu Alınacak | U69: Ferhat Köksal | V69: Muzaffer Köprü | W69: açmadılar//açmadılar\\açmıyorr\açmadı/randevu alındı//TEYİT İÇİN ARANDI YET YOK | X69: 44643 | Y69: 44645 | AA69: Görüşüldü | AB69: 44643 | AK69: Ferhat Köksal | AP69: Mustafa Dursun
A70: 5fd9ce23a908bd05347a38a3 | B70: Anayurt1 Köşk, Melikgazi (Kılıçaslan Mah.) | C70: =VLOOKUP(A70,import!A:C,3,0) -> DOĞRU | D70: Döner | E70: =VLOOKUP(A70,import!A:J,5,0) -> 2113 | F70: =VLOOKUP(A70,import!A:J,6,0) -> 59 | G70: =VLOOKUP(A70,import!A:J,7,0) -> 0 | H70: =VLOOKUP(A70,import!A:J,8,0) -> 17 | I70: =VLOOKUP(A70,import!A:J,9,0) -> 17 | J70: =VLOOKUP(A70,import!A:J,10,0) -> 0 | K70: Serkan Adıyaman | L70: 3522335931 | M70: Melikgazi | N70: Alpaslan | O70: Kılıçaslan Mah. Sivas Blv. No.86D Çınar Apt. Altı, 38030 Melikgazi/Kayseri | P70: =VLOOKUP(A70,import!A:P,16,0) -> Geleneksel | R70: TRUE | S70: FALSE | T70: Randevu Alındı | U70: Nazmiye Yuka | V70: Feyza Yıldırım | W70: iptalin yerine alındı//TEYİT İÇİN ARANDI GERÇEKLEŞTİ | X70: 44358 | Y70: 44361 | AA70: Yetkili Yok | AB70: 44354 | AC70: Ulaşılamadı | AD70: 44358 | AE70: Görüşüldü | AF70: 44358 | AK70: Simge Tüçay | AL70: Hatice Özer | AM70: Nazmiye Yuka | AP70: Mustafa Dursun
A71: 60a658460328fd47f789e62f | B71: Anayurt4 Köşk Kebap, Kocasinan (Barbaros Mah.) | C71: =VLOOKUP(A71,import!A:C,3,0) -> DOĞRU | D71: Döner | E71: =VLOOKUP(A71,import!A:J,5,0) -> 529 | F71: =VLOOKUP(A71,import!A:J,6,0) | G71: =VLOOKUP(A71,import!A:J,7,0) -> 7 | H71: =VLOOKUP(A71,import!A:J,8,0) -> 8 | I71: =VLOOKUP(A71,import!A:J,9,0) -> 15 | J71: =VLOOKUP(A71,import!A:J,10,0) -> 0.47 | K71: Ahmet Can Arslan | L71: 3525033404 | M71: Kocasinan | N71: Yunus Emre | O71: Yunus Emre Mah. Bağdat Cad. No:71/C Kocasinan/KAYSERİ | P71: =VLOOKUP(A71,import!A:P,16,0) -> Geleneksel | R71: TRUE | S71: FALSE | T71: Randevu Alındı | U71: Hatem Soyaslan | W71: Fotoğrafçı Hanifi KAtı//TEYİT İÇİN ARANDI GERÇEKLEŞMİŞ | X71: 44344 | Y71: 44348 | AP71: Mustafa Dursun
A72: 60e5d8d54a0c29934b6d658f | B72: Anılss Döner, Melikgazi (Keykubat Mah.) | C72: =VLOOKUP(A72,import!A:C,3,0) -> DOĞRU | D72: Döner | E72: =VLOOKUP(A72,import!A:J,5,0) -> 433 | F72: =VLOOKUP(A72,import!A:J,6,0) | G72: =VLOOKUP(A72,import!A:J,7,0) -> 0 | H72: =VLOOKUP(A72,import!A:J,8,0) -> 11 | I72: =VLOOKUP(A72,import!A:J,9,0) -> 11 | J72: =VLOOKUP(A72,import!A:J,10,0) -> 0 | K72: Ümit Arslan | L72: 3525020306 | M72: Melikgazi | N72: Sakarya | O72: Keykubat Mah. Şht. Büyükelçi İsmail Erez Blv. No:20/C Melikgazi/KAYSERİ | P72: =VLOOKUP(A72,import!A:P,16,0) -> Geleneksel | R72: TRUE | S72: TRUE | U72: Sude Alkan | V72: Muzaffer Köprü | W72: 5074527870 / fotoğrafları varmış | X72: 44586 | Y72: 44587 | AA72: Görüşüldü | AB72: 44586 | AC72: Görüşüldü | AD72: 44636 | AK72: Sude Alkan | AL72: Betül Demir | AP72: Mustafa Dursun
A73: 61c1c391e2ed2feb24ca6538 | B73: Annemin Mutfağı, Talas (Yenidoğan Mah.) | C73: =VLOOKUP(A73,import!A:C,3,0) -> DOĞRU | D73: Ev Yemekleri | E73: =VLOOKUP(A73,import!A:J,5,0) -> 51 | F73: =VLOOKUP(A73,import!A:J,6,0) -> 7 | G73: =VLOOKUP(A73,import!A:J,7,0) -> 9 | H73: =VLOOKUP(A73,import!A:J,8,0) -> 38 | I73: =VLOOKUP(A73,import!A:J,9,0) -> 47 | J73: =VLOOKUP(A73,import!A:J,10,0) -> 0.19 | K73: Hatice Gül Yıldız | L73: 5510396050 | M73: Talas | N73: Yenidoğan | O73: Yenidoğan Mah. Deliçay 1. Sok. No:10/B Talas/KAYSERİ | P73: =VLOOKUP(A73,import!A:P,16,0) -> Geleneksel | R73: TRUE | S73: FALSE | T73: Randevu Alındı | U73: Zeliha Özer | W73: kalan ürünleri çıkarmıyorum dedi | X73: 44593 | Y73: 44594 | AA73: Görüşüldü | AB73: 44593 | AC73: Görüşüldü | AD73: 44642 | AK73: Zeliha Özer | AL73: Ferhat Köksal
A74: 62306320bbd66e817d8d1a9d | B74: Antep Baklava, Talas (Mevlana Mah.) | C74: =VLOOKUP(A74,import!A:C,3,0) -> DOĞRU | D74: Pasta & Tatlı | E74: =VLOOKUP(A74,import!A:J,5,0) -> 50 | F74: =VLOOKUP(A74,import!A:J,6,0) -> 36 | G74: =VLOOKUP(A74,import!A:J,7,0) -> 0 | H74: =VLOOKUP(A74,import!A:J,8,0) -> 13 | I74: =VLOOKUP(A74,import!A:J,9,0) -> 13 | J74: =VLOOKUP(A74,import!A:J,10,0) -> 0 | K74: Azizhan Şenen | L74: 5495092224 | M74: Talas | N74: Mevlana | O74: Mevlana Mah. Papatya Cad. Np:41/C Talas/KAYSERİ | P74: =VLOOKUP(A74,import!A:P,16,0) -> Geleneksel | R74: FALSE | S74: FALSE | W74: ulaşılamadı
A75: 6113fa315c3a357bd2e9a2be | B75: Antep Baklavacısı & Dondurma, Kocasinan (Beyazşehir Mah.) | C75: =VLOOKUP(A75,import!A:C,3,0) -> DOĞRU | D75: Pasta & Tatlı | E75: =VLOOKUP(A75,import!A:J,5,0) -> 249 | F75: =VLOOKUP(A75,import!A:J,6,0) -> 40 | G75: =VLOOKUP(A75,import!A:J,7,0) -> 2 | H75: =VLOOKUP(A75,import!A:J,8,0) -> 3 | I75: =VLOOKUP(A75,import!A:J,9,0) -> 5 | J75: =VLOOKUP(A75,import!A:J,10,0) -> 0.4 | K75: MERVENUR AKIL | L75: 5418372177 | M75: Kocasinan | N75: Beyazşehir | O75: Beyazşehir Mah. 825. Sok. No:22 Kocasinan/KAYSERİ | P75: =VLOOKUP(A75,import!A:P,16,0) -> Geleneksel | R75: TRUE | S75: FALSE | T75: Randevu Alındı | U75: Selcan Topçu | X75: 44623 | Y75: 44624 | AA75: Ulaşılamadı | AB75: 44613 | AC75: Görüşüldü | AD75: 44623 | AK75: Enes Günal | AL75: Selcan Topçu | AP75: Mustafa Dursun
A76: 6228fa0f5405c88c6ce4d2e1 | B76: Antep Baklavacısı Kamil Usta, Kocasinan (Mevlana Mah.) | C76: =VLOOKUP(A76,import!A:C,3,0) -> YANLIŞ | D76: Pasta & Tatlı | E76: =VLOOKUP(A76,import!A:J,5,0) | F76: =VLOOKUP(A76,import!A:J,6,0) | G76: =VLOOKUP(A76,import!A:J,7,0) -> 0 | H76: =VLOOKUP(A76,import!A:J,8,0) -> 13 | I76: =VLOOKUP(A76,import!A:J,9,0) -> 13 | J76: =VLOOKUP(A76,import!A:J,10,0) -> 0 | K76: TEMEL KEPEZKAYA | L76: 5418978731 | M76: Kocasinan | N76: Plevne | O76: Kayseri Kocasinan Mevlana mah. Barış Manço cad. Plevne sok. 16/b | P76: =VLOOKUP(A76,import!A:P,16,0) -> Geleneksel | R76: TRUE | S76: FALSE | T76: Devir | U76: Ferhat Köksal | V76: Muzaffer Köprü | X76: 44648 | Y76: 44652 | AA76: Görüşüldü | AB76: 44648 | AK76: Ferhat Köksal
A77: 614a34058e1b3e1c5aa6ae65 | B77: Antep Baklavacısı, Kocasinan (Fevziçakmak Mah.) | C77: =VLOOKUP(A77,import!A:C,3,0) -> DOĞRU | D77: Pasta & Tatlı | E77: =VLOOKUP(A77,import!A:J,5,0) -> 746 | F77: =VLOOKUP(A77,import!A:J,6,0) -> 95 | G77: =VLOOKUP(A77,import!A:J,7,0) -> 0 | H77: =VLOOKUP(A77,import!A:J,8,0) -> 69 | I77: =VLOOKUP(A77,import!A:J,9,0) -> 69 | J77: =VLOOKUP(A77,import!A:J,10,0) -> 0 | K77: Mehmet Atar | L77: 5372150556 | M77: Kocasinan | N77: Fevzi Çakmak | O77: Fevzi Çakmak Mah. Sivas Blv. No:89/B Kocasinan/KAYSERİ | P77: =VLOOKUP(A77,import!A:P,16,0) -> Geleneksel | R77: TRUE | S77: FALSE | T77: Çekim İstemiyor | W77: istemiyorum diyor / tşekkür ederim istemiyorum dedi | AA77: Görüşüldü | AB77: 44611 | AC77: Görüşüldü | AD77: 44646 | AK77: Ayşegül Kır | AL77: Betül Demir | AP77: Mustafa Dursun
A78: 603c90f487fccf3820d4f8d6 | B78: Antep Baklavacısı, Melikgazi (Esenyurt Mah.) | C78: =VLOOKUP(A78,import!A:C,3,0) -> DOĞRU | D78: Pasta & Tatlı | E78: =VLOOKUP(A78,import!A:J,5,0) -> 1317 | F78: =VLOOKUP(A78,import!A:J,6,0) -> 30 | G78: =VLOOKUP(A78,import!A:J,7,0) -> 0 | H78: =VLOOKUP(A78,import!A:J,8,0) -> 55 | I78: =VLOOKUP(A78,import!A:J,9,0) -> 55 | J78: =VLOOKUP(A78,import!A:J,10,0) -> 0 | K78: Mehmet Atar | L78: 5454619844 | M78: Melikgazi | N78: Esenyurt | O78: Esenyurt Mah. Yavuz Cad. No:15/A Melikgazi/Kayseri | P78: =VLOOKUP(A78,import!A:P,16,0) -> Geleneksel | R78: TRUE | S78: FALSE | T78: Ulaşılamadı | W78: 3 gibi ara / numarayı aradım geçici süreliğine kapalı/istemiyormuş gerek yok sağolun dedi/haftaya randevu oluşturulacak | AA78: Görüşüldü | AB78: 44358 | AC78: Ulaşılamadı | AD78: 44631 | AK78: Nazmiye Yuka | AL78: Zeliha Özer | AP78: Mustafa Dursun
A79: 611b756be8611e47b811b7da | B79: Antep Baklavacısı, Melikgazi (Kazımkarabekir Mah.) | C79: =VLOOKUP(A79,import!A:C,3,0) -> DOĞRU | D79: Pasta & Tatlı | E79: =VLOOKUP(A79,import!A:J,5,0) -> 117 | F79: =VLOOKUP(A79,import!A:J,6,0) -> 8 | G79: =VLOOKUP(A79,import!A:J,7,0) -> 3 | H79: =VLOOKUP(A79,import!A:J,8,0) -> 20 | I79: =VLOOKUP(A79,import!A:J,9,0) -> 23 | J79: =VLOOKUP(A79,import!A:J,10,0) -> 0.13 | K79: Yakup Doğru | L79: 5455541960 | M79: Melikgazi | N79: Kazımkarabekir | O79: Kazımkarabekir Mah. Balveren Sok. No:30/A Melikgazi/KAYSERİ | P79: =VLOOKUP(A79,import!A:P,16,0) -> Geleneksel | R79: TRUE | S79: FALSE | T79: Randevu Alındı | U79: Yurdagül Kulaksız | V79: Muzaffer Köprü | X79: 44595 | Y79: 44599 | AA79: Görüşüldü | AB79: 44595 | AK79: Yurdagül Kulaksız | AP79: Mustafa Dursun
A80: 6042129a27aa2008ce59b5fd | B80: Antep Baklavacısı, Melikgazi (Keykubat Mah.) | C80: =VLOOKUP(A80,import!A:C,3,0) -> DOĞRU | D80: Pasta & Tatlı | E80: =VLOOKUP(A80,import!A:J,5,0) -> 997 | F80: =VLOOKUP(A80,import!A:J,6,0) -> 65 | G80: =VLOOKUP(A80,import!A:J,7,0) -> 14 | H80: =VLOOKUP(A80,import!A:J,8,0) -> 54 | I80: =VLOOKUP(A80,import!A:J,9,0) -> 68 | J80: =VLOOKUP(A80,import!A:J,10,0) -> 0.21 | K80: Özkan Dursun | L80: 3523323221 | M80: Melikgazi | N80: Keykubat | O80: Keykubat Mah. İsmail Erez Blv. No:16/A Melikgazi/KAYSERİ | P80: =VLOOKUP(A80,import!A:P,16,0) -> Geleneksel | R80: TRUE | S80: FALSE | T80: Randevu Alındı | U80: Ayşegül Kır | V80: Muzaffer Köprü | W80: 05434088633 özkan bey /oses çiğköfteci antep baklavacısı | X80: 44586 | Y80: 44587 | AA80: Görüşüldü | AB80: 44586 | AK80: Ayşegül Kır | AP80: Mustafa Dursun
A81: 6094e834ddbd4462ce8d91bf | B81: Antep Baklavacısı, Melikgazi (Kılıçaslan Mah.) | C81: =VLOOKUP(A81,import!A:C,3,0) -> DOĞRU | D81: Pasta & Tatlı | E81: =VLOOKUP(A81,import!A:J,5,0) -> 1395 | F81: =VLOOKUP(A81,import!A:J,6,0) -> 109 | G81: =VLOOKUP(A81,import!A:J,7,0) -> 0 | H81: =VLOOKUP(A81,import!A:J,8,0) -> 63 | I81: =VLOOKUP(A81,import!A:J,9,0) -> 63 | J81: =VLOOKUP(A81,import!A:J,10,0) -> 0 | K81: Mehmet Atar | L81: 3524088630 | M81: Melikgazi | N81: Kılıçaslan | O81: Sivas Blv. No:46 A Kılıçaslan Mah. Melikgazi/Kayseri | P81: =VLOOKUP(A81,import!A:P,16,0) -> Geleneksel | R81: TRUE | S81: FALSE | T81: Franchise | W81: merkeze bağlılarmış | AP81: Mustafa Dursun
A82: 623100b1c321a81edff22787 | B82: Antep Baklavacısı, Melikgazi (Kocatepe Mah.) | C82: =VLOOKUP(A82,import!A:C,3,0) -> DOĞRU | D82: Pasta & Tatlı | E82: =VLOOKUP(A82,import!A:J,5,0) -> 12 | F82: =VLOOKUP(A82,import!A:J,6,0) -> 12 | G82: =VLOOKUP(A82,import!A:J,7,0) -> 0 | H82: =VLOOKUP(A82,import!A:J,8,0) -> 7 | I82: =VLOOKUP(A82,import!A:J,9,0) -> 7 | J82: =VLOOKUP(A82,import!A:J,10,0) -> 0 | K82: Yaşar Ateş | L82: 5345888618 | M82: Melikgazi | N82: Kocatepe | O82: Kocatepe Mah., 3025 Sok., No:37/A, Melikgazi, Kayseri | P82: =VLOOKUP(A82,import!A:P,16,0) -> Geleneksel | R82: TRUE | S82: FALSE | T82: İleride Randevu Alınacak | U82: Betül Demir | V82: Muzaffer Köprü | X82: 44676 | Y82: 44678 | AA82: Görüşüldü | AB82: 44676 | AK82: Betül Demir
A83: 60cae32bcbd319155babfccb | B83: Antep Baklavacısı, Talas (Mevlana Mah.) | C83: =VLOOKUP(A83,import!A:C,3,0) -> DOĞRU | D83: Pasta & Tatlı | E83: =VLOOKUP(A83,import!A:J,5,0) -> 305 | F83: =VLOOKUP(A83,import!A:J,6,0) -> 2 | G83: =VLOOKUP(A83,import!A:J,7,0) -> 0 | H83: =VLOOKUP(A83,import!A:J,8,0) -> 11 | I83: =VLOOKUP(A83,import!A:J,9,0) -> 11 | J83: =VLOOKUP(A83,import!A:J,10,0) -> 0 | K83: Halil Bayram | L83: 5495092224 | M83: Talas | N83: Mevlana | O83: Mevlana Mah., Papatya Cad., No:41, Talas, Kayseri, Türkiye, | P83: =VLOOKUP(A83,import!A:P,16,0) -> Geleneksel | R83: TRUE | S83: FALSE | T83: Çekim İstemiyor | W83: tatlıları mevcut değilöiş şu an 2 hafta sonra aranacak/dükkanı devredicem dedi. | AA83: Tekrar Aranacak | AB83: 44578 | AC83: Görüşüldü | AD83: 44595 | AK83: Ayşegül Kır | AL83: Yurdagül Kulaksız | AP83: Mustafa Dursun
A84: 61c46e95b77575039df5c095 | B84: Antep Eli Kebap & Lahmacun, Talas (Yenidoğan Mah.) | C84: =VLOOKUP(A84,import!A:C,3,0) -> DOĞRU | D84: Lahmacun | E84: =VLOOKUP(A84,import!A:J,5,0) -> 2963 | F84: =VLOOKUP(A84,import!A:J,6,0) -> 593 | G84: =VLOOKUP(A84,import!A:J,7,0) -> 9 | H84: =VLOOKUP(A84,import!A:J,8,0) -> 13 | I84: =VLOOKUP(A84,import!A:J,9,0) -> 22 | J84: =VLOOKUP(A84,import!A:J,10,0) -> 0.41 | K84: Önder Can | L84: 3522362727 | M84: Talas | N84: Yenidoğan | O84: Yenidoğan Mah. Timuçin Cad. No:23/B Talas/KAYSERİ | P84: =VLOOKUP(A84,import!A:P,16,0) -> Geleneksel | R84: TRUE | S84: FALSE | T84: Randevu Alındı | U84: Ayşegül Kır | V84: Muzaffer Köprü | W84: ökkeş/5061251825 | X84: 44593 | Y84: 44594 | AA84: Görüşüldü | AB84: 44593 | AK84: Ayşegül Kır
A85: 5fdb614589603399c7eea587 | B85: Antep Eli Lahmacun, Kocasinan (Sahabiye Mah.) | C85: =VLOOKUP(A85,import!A:C,3,0) -> DOĞRU | D85: Lahmacun | E85: =VLOOKUP(A85,import!A:J,5,0) -> 10604 | F85: =VLOOKUP(A85,import!A:J,6,0) -> 279 | G85: =VLOOKUP(A85,import!A:J,7,0) -> 0 | H85: =VLOOKUP(A85,import!A:J,8,0) -> 4 | I85: =VLOOKUP(A85,import!A:J,9,0) -> 4 | J85: =VLOOKUP(A85,import!A:J,10,0) -> 0 | K85: Davut Çapan | L85: 3522203827 | M85: Kocasinan | N85: Serçeönü | O85: Sahabiye Mah. Ahmet Paşa Cad. 14/B Çiçek İş Merkezi Altı, 38100 Kocasinan/Kayseri | P85: =VLOOKUP(A85,import!A:P,16,0) -> Geleneksel | R85: TRUE | S85: TRUE | AP85: Mustafa Dursun
A86: 5fde26cf3587c378d752ded5 | B86: Antep-lim Gaziantep Baklavaları, Talas (Mevlana Mah.) | C86: =VLOOKUP(A86,import!A:C,3,0) -> DOĞRU | D86: Pasta & Tatlı | E86: =VLOOKUP(A86,import!A:J,5,0) -> 359 | F86: =VLOOKUP(A86,import!A:J,6,0) -> 1 | G86: =VLOOKUP(A86,import!A:J,7,0) -> 11 | H86: =VLOOKUP(A86,import!A:J,8,0) -> 0 | I86: =VLOOKUP(A86,import!A:J,9,0) -> 11 | J86: =VLOOKUP(A86,import!A:J,10,0) -> 1 | K86: Rıdvan Kefkir | L86: 3529993872 | M86: Talas | N86: Mevlana | O86: Mevlana, Yavuz Sultan Selim Cd. No:18 D:E, 38280 Talas/Kayseri | P86: =VLOOKUP(A86,import!A:P,16,0) -> Geleneksel | R86: TRUE | S86: FALSE | T86: Randevu Alındı | U86: Sude Alkan | V86: Muzaffer Köprü | W86: 5305950999 furkan | X86: 44635 | Y86: 44641 | AA86: Ulaşılamadı | AB86: 44377 | AC86: Ulaşılamadı | AD86: 44378 | AE86: Ulaşılamadı | AF86: 44595 | AG86: Ulaşılamadı | AH86: 44635 | AI86: Görüşüldü | AJ86: 44635 | AK86: Simge Tüçay | AL86: Simge Tüçay | AM86: Yurdagül Kulaksız | AN86: Sude Alkan | AO86: Sude Alkan | AP86: Mustafa Dursun
A87: 61e679ffb6b550161120e288 | B87: Antepeli Baklavacısı, Talas (Mevlana Mah.) | C87: =VLOOKUP(A87,import!A:C,3,0) -> DOĞRU | D87: Pasta & Tatlı | E87: =VLOOKUP(A87,import!A:J,5,0) -> 331 | F87: =VLOOKUP(A87,import!A:J,6,0) -> 55 | G87: =VLOOKUP(A87,import!A:J,7,0) -> 0 | H87: =VLOOKUP(A87,import!A:J,8,0) -> 16 | I87: =VLOOKUP(A87,import!A:J,9,0) -> 16 | J87: =VLOOKUP(A87,import!A:J,10,0) -> 0 | K87: Esma Diri | L87: 3528885355 | M87: Talas | N87: Mevlana | O87: Mevlana Mah. Halef Hoca Cad. No:70 Talas/KAYSERİ | P87: =VLOOKUP(A87,import!A:P,16,0) -> Geleneksel | R87: TRUE | S87: FALSE | T87: Randevu Alındı | U87: Ferhat Köksal | V87: Muzaffer Köprü | W87: devam çekimi alındı | X87: 44669 | Y87: 44669 | AA87: Görüşüldü | AB87: 44593 | AC87: Görüşüldü | AD87: 44669 | AK87: Zeliha Özer | AL87: Ferhat Köksal
A88: 6110352fc45dd7a3a64c34e9 | B88: Anteplim Izgara&Lahmacun&Pide, Melikgazi (Cumhuriyet Mah.-İldem) | C88: =VLOOKUP(A88,import!A:C,3,0) -> DOĞRU | D88: Lahmacun | E88: =VLOOKUP(A88,import!A:J,5,0) -> 1933 | F88: =VLOOKUP(A88,import!A:J,6,0) -> 10 | G88: =VLOOKUP(A88,import!A:J,7,0) -> 14 | H88: =VLOOKUP(A88,import!A:J,8,0) -> 16 | I88: =VLOOKUP(A88,import!A:J,9,0) -> 30 | J88: =VLOOKUP(A88,import!A:J,10,0) -> 0.47 | K88: ALİ CAN AKPINAR | L88: 3525036099 | M88: Melikgazi | N88: İldem Cumhuriyet | O88: İldem Cumhuriyet Mah. Serdar 1. Sok. No:2/B Melikgazi/KAYSERİ | P88: =VLOOKUP(A88,import!A:P,16,0) -> Geleneksel | R88: TRUE | S88: FALSE | T88: Randevu Alındı | U88: Ferhat Köksal | V88: Muzaffer Köprü | W88: 5527496099- Ali bey no :05550403827 | X88: 44603 | Y88: 44606 | AA88: Görüşüldü | AB88: 44477 | AC88: Görüşüldü | AD88: 44603 | AK88: Hatem Soyaslan | AL88: Ferhat Köksal | AP88: Mustafa Dursun
A89: 5fd0f9fbe4047ebc90fd04fb | B89: As Pat Burger Talas (Mevlana Mah.) | C89: =VLOOKUP(A89,import!A:C,3,0) -> DOĞRU | D89: Burger | E89: =VLOOKUP(A89,import!A:J,5,0) -> 1070 | F89: =VLOOKUP(A89,import!A:J,6,0) -> 24 | G89: =VLOOKUP(A89,import!A:J,7,0) -> 4 | H89: =VLOOKUP(A89,import!A:J,8,0) -> 11 | I89: =VLOOKUP(A89,import!A:J,9,0) -> 15 | J89: =VLOOKUP(A89,import!A:J,10,0) -> 0.27 | K89: Tugay Gündüz | L89: 3525046718 | M89: Talas | N89: Mevlana | O89: istanbul adalar | P89: =VLOOKUP(A89,import!A:P,16,0) -> Geleneksel | R89: TRUE | S89: FALSE | T89: Randevu Alındı | U89: Sude Alkan | V89: Muzaffer Köprü | W89: 5076106944 tugay bey açmadı\ | X89: 44638 | Y89: 44641 | AA89: Görüşüldü | AB89: 44638 | AK89: Sude Alkan | AP89: Mustafa Dursun
A90: 6050762ddee5d7669530ece5 | B90: As Pide, Melikgazi (Gültepe Mah.) | C90: =VLOOKUP(A90,import!A:C,3,0) -> DOĞRU | D90: Pide | E90: =VLOOKUP(A90,import!A:J,5,0) -> 1822 | F90: =VLOOKUP(A90,import!A:J,6,0) -> 39 | G90: =VLOOKUP(A90,import!A:J,7,0) -> 0 | H90: =VLOOKUP(A90,import!A:J,8,0) -> 6 | I90: =VLOOKUP(A90,import!A:J,9,0) -> 6 | J90: =VLOOKUP(A90,import!A:J,10,0) -> 0 | K90: Yusuf Sapayer | L90: 3522334400 | M90: Melikgazi | N90: Gültepe | O90: Gültepe Mah. Mustafa Şimşek Bulv. Zafer Apt. Altı, 38030 Melikgazi/Kayseri | P90: =VLOOKUP(A90,import!A:P,16,0) -> Geleneksel | R90: TRUE | S90: FALSE | T90: Çekim İstemiyor | U90: Özlem gümüş | V90: Feyza Yıldırım | W90: çekilmeyen ürünler için perşembe günü randevu verilmiş//İLERde randevu istiyor 3kez gidilmemiş / geliyoruz diyorsunuz gelmiyorsunuz gelmeyin de aramayın da dedi | X90: 44292 | Y90: 44294 | AA90: Görüşüldü | AB90: 44602 | AC90: Görüşüldü | AD90: 44631 | AK90: Betül Demir | AL90: Yurdagül Kulaksız | AP90: Mustafa Dursun
A91: 618258fdf5a47d6029f8ca78 | B91: Asbil Kebap, Kocasinan (Barbaros Mah.) | C91: =VLOOKUP(A91,import!A:C,3,0) -> DOĞRU | D91: Kebap | E91: =VLOOKUP(A91,import!A:J,5,0) -> 430 | F91: =VLOOKUP(A91,import!A:J,6,0) -> 12 | G91: =VLOOKUP(A91,import!A:J,7,0) -> 5 | H91: =VLOOKUP(A91,import!A:J,8,0) -> 1 | I91: =VLOOKUP(A91,import!A:J,9,0) -> 6 | J91: =VLOOKUP(A91,import!A:J,10,0) -> 0.83 | K91: Harun Karakaya | L91: 3523393904 | M91: Kocasinan | N91: Barbaros | O91: Barbaros Mah. Hakimiyet Cad. No:55/D Kocasinan/Kayseri | P91: =VLOOKUP(A91,import!A:P,16,0) -> Geleneksel | R91: TRUE | S91: FALSE | T91: Randevu Alındı | U91: Ferhat Köksal | V91: Muzaffer Köprü | X91: 44629 | Y91: 44630 | AA91: Görüşüldü | AB91: 44620 | AC91: Görüşüldü | AD91: 44629 | AK91: Betül Demir | AL91: Ferhat Köksal | AP91: Mustafa Dursun
A92: 6156d9cc14c72121121df298 | B92: Aslı Antep Baklavaları, Kocasinan (Erkilet Ertuğrul Gazi Mah.) | C92: =VLOOKUP(A92,import!A:C,3,0) -> DOĞRU | D92: Pasta & Tatlı | E92: =VLOOKUP(A92,import!A:J,5,0) -> 73 | F92: =VLOOKUP(A92,import!A:J,6,0) -> 13 | G92: =VLOOKUP(A92,import!A:J,7,0) -> 15 | H92: =VLOOKUP(A92,import!A:J,8,0) -> 18 | I92: =VLOOKUP(A92,import!A:J,9,0) -> 33 | J92: =VLOOKUP(A92,import!A:J,10,0) -> 0.45 | K92: Suat Akbaba | L92: 5457331993 | M92: Kocasinan | N92: Erkilet Mehmet Akif Ersoy | O92: Ertuğrul Gazi Mah. 4341. Sok. No:19/B Kocasinan/KAYSERİ | P92: =VLOOKUP(A92,import!A:P,16,0) -> Geleneksel | R92: TRUE | S92: FALSE | T92: Randevu Alındı | U92: Ferhat Köksal | V92: Muzaffer Köprü | X92: 44627 | Y92: 44627 | AA92: Ulaşılamadı | AB92: 44613 | AC92: Görüşüldü | AD92: 44627 | AK92: Enes Günal | AL92: Ferhat Köksal | AP92: Mustafa Dursun
A93: 5ff33c7fe5886a195295edc8 | B93: Aşk Lokmam, Talas (Yenidoğan Mah.) | C93: =VLOOKUP(A93,import!A:C,3,0) -> DOĞRU | D93: Pasta & Tatlı | E93: =VLOOKUP(A93,import!A:J,5,0) -> 3428 | F93: =VLOOKUP(A93,import!A:J,6,0) -> 137 | G93: =VLOOKUP(A93,import!A:J,7,0) -> 14 | H93: =VLOOKUP(A93,import!A:J,8,0) -> 1 | I93: =VLOOKUP(A93,import!A:J,9,0) -> 15 | J93: =VLOOKUP(A93,import!A:J,10,0) -> 0.93 | K93: Ahmet Konyalıoğlu | L93: 5316453973 | M93: Talas | N93: Yenidoğan | O93: Yenidoğan Mah. Bilge Kağan Cad. Çiğdem Apt. No:5/A Talas/KAYSERİ | P93: =VLOOKUP(A93,import!A:P,16,0) -> Geleneksel | R93: TRUE | S93: FALSE | T93: Randevu Alındı | U93: Emre Dalgıç | V93: Feyza Yıldırım | W93: TEYİT İÇİN ARANDI GERÇEKLEŞTİ-AKŞAM ÜZERİ TEKRAR ARANACAK | X93: 44301 | Y93: 44306 | AP93: Mustafa Dursun
A94: 624df837082708cf65bb813b | B94: Aşkım Mini Pankek, Talas (Mevlana Mah.) | C94: =VLOOKUP(A94,import!A:C,3,0) -> DOĞRU | D94: Pasta & Tatlı | E94: =VLOOKUP(A94,import!A:J,5,0) -> 12 | F94: =VLOOKUP(A94,import!A:J,6,0) -> 12 | G94: =VLOOKUP(A94,import!A:J,7,0) -> 0 | H94: =VLOOKUP(A94,import!A:J,8,0) -> 3 | I94: =VLOOKUP(A94,import!A:J,9,0) -> 3 | J94: =VLOOKUP(A94,import!A:J,10,0) -> 0 | K94: Abdullah Ensağ | L94: 5433838887 | M94: Talas | N94: Mevlana | O94: Mevlana Mah. Batuhan Sok. No:17/B Talas/KAYSERİ | P94: =VLOOKUP(A94,import!A:P,16,0) -> Geleneksel | R94: FALSE | S94: FALSE
A95: 612256ed7c71942690d4ac79 | B95: Ateş Sucuk Ekmek, Talas (Mevlana Mah.) | C95: =VLOOKUP(A95,import!A:C,3,0) -> DOĞRU | D95: Kahvaltı | E95: =VLOOKUP(A95,import!A:J,5,0) -> 1016 | F95: =VLOOKUP(A95,import!A:J,6,0) -> 101 | G95: =VLOOKUP(A95,import!A:J,7,0) -> 0 | H95: =VLOOKUP(A95,import!A:J,8,0) -> 13 | I95: =VLOOKUP(A95,import!A:J,9,0) -> 13 | J95: =VLOOKUP(A95,import!A:J,10,0) -> 0 | K95: Melisa Yeşil | L95: 5414716380 | M95: Talas | N95: Mevlana | O95: Mevlana Mah. Fildişi Sok. No:30/C Talas/KAYSERİ | P95: =VLOOKUP(A95,import!A:P,16,0) -> Geleneksel | R95: TRUE | S95: FALSE | T95: İleride Randevu Alınacak | U95: Ayşegül Kır | V95: Hacı Baba Lale | W95: Ahmet bey / ramazandan sonra yapaılm dedi | X95: 44578 | Y95: 44579 | AA95: Görüşüldü | AB95: 44578 | AC95: Görüşüldü | AD95: 44606 | AE95: Görüşüldü | AF95: 44670 | AK95: Ayşegül Kır | AL95: Zeliha Özer | AM95: Betül Demir | AP95: Mustafa Dursun
A96: 5fe47960d4987a7f7dfbd969 | B96: Aygün 2 Pide & Döner & Lahmacun, Talas (Mevlana Mah.) | C96: =VLOOKUP(A96,import!A:C,3,0) -> DOĞRU | D96: Pide | E96: =VLOOKUP(A96,import!A:J,5,0) -> 4133 | F96: =VLOOKUP(A96,import!A:J,6,0) -> 85 | G96: =VLOOKUP(A96,import!A:J,7,0) -> 0 | H96: =VLOOKUP(A96,import!A:J,8,0) -> 16 | I96: =VLOOKUP(A96,import!A:J,9,0) -> 16 | J96: =VLOOKUP(A96,import!A:J,10,0) -> 0 | K96: Fevziye Güneş | L96: 3524310061 | M96: Talas | N96: Mevlana | O96: Mevlana, Mehmet Timuçin Cd. no:26\1, 38280 Talas/Kayseri | P96: =VLOOKUP(A96,import!A:P,16,0) -> Geleneksel | R96: TRUE | S96: FALSE | T96: Çekim İstemiyor | U96: Funda Ünlü | V96: Ahmet Demirdoğan | W96: istemiyormuş nedenini sorunca isteğim yok gerek yok dedi. | X96: 44305 | Y96: 44309 | AA96: Görüşüldü | AB96: 44361 | AK96: Hatice Özer | AP96: Mustafa Dursun
A97: 5fe0aee324561e4ad095f57a | B97: Aygün Ev Yemekleri, Talas (Mevlana Mah.) | C97: =VLOOKUP(A97,import!A:C,3,0) -> DOĞRU | D97: Ev Yemekleri | E97: =VLOOKUP(A97,import!A:J,5,0) -> 2332 | F97: =VLOOKUP(A97,import!A:J,6,0) -> 11 | G97: =VLOOKUP(A97,import!A:J,7,0) -> 5 | H97: =VLOOKUP(A97,import!A:J,8,0) -> 11 | I97: =VLOOKUP(A97,import!A:J,9,0) -> 16 | J97: =VLOOKUP(A97,import!A:J,10,0) -> 0.31 | K97: Ayşegül Apaydın | L97: 5550762538 | M97: Talas | N97: Mevlana | O97: Mevlana Mah. Cemil Baba Cad. No: 22 G Talas/Kayseri | P97: =VLOOKUP(A97,import!A:P,16,0) -> Geleneksel | R97: TRUE | S97: FALSE | T97: Randevu Alındı | U97: Zeliha Özer | V97: Muzaffer Köprü | W97: şuan için gerek yok dedi\\3-4 gibi ara | X97: 44606 | Y97: 44607 | AA97: Ulaşılamadı | AB97: 44595 | AC97: Görüşüldü | AD97: 44606 | AK97: Yurdagül Kulaksız | AL97: Zeliha Özer | AP97: Mustafa Dursun
A98: 61b75528ace1b18965e175e4 | B98: Bağdat Kokoreç, Kocasinan (Turgutreis Mah.) | C98: =VLOOKUP(A98,import!A:C,3,0) -> DOĞRU | D98: Sokak Lezzetleri | E98: =VLOOKUP(A98,import!A:J,5,0) -> 246 | F98: =VLOOKUP(A98,import!A:J,6,0) -> 10 | G98: =VLOOKUP(A98,import!A:J,7,0) -> 6 | H98: =VLOOKUP(A98,import!A:J,8,0) -> 7 | I98: =VLOOKUP(A98,import!A:J,9,0) -> 13 | J98: =VLOOKUP(A98,import!A:J,10,0) -> 0.46 | K98: Seher Yalınız | L98: 5067702270 | M98: Kocasinan | N98: Turgut Reis | O98: Turgut Reis Mah. Bağdat Cad. No:234/B Kocasinan/KAYSERİ | P98: =VLOOKUP(A98,import!A:P,16,0) -> Geleneksel | R98: TRUE | S98: FALSE | T98: Randevu Alındı | U98: Ferhat Köksal | V98: Muzaffer Köprü | X98: 44617 | Y98: 44620 | AA98: Görüşüldü | AB98: 44617 | AK98: Ferhat Köksal
A99: 6166928399ad5ecd1c9d19c0 | B99: Baklavacı Hacı, Kocasinan (Mevlana Mah.) | C99: =VLOOKUP(A99,import!A:C,3,0) -> DOĞRU | D99: Pasta & Tatlı | E99: =VLOOKUP(A99,import!A:J,5,0) -> 21 | F99: =VLOOKUP(A99,import!A:J,6,0) | G99: =VLOOKUP(A99,import!A:J,7,0) -> 5 | H99: =VLOOKUP(A99,import!A:J,8,0) -> 0 | I99: =VLOOKUP(A99,import!A:J,9,0) -> 5 | J99: =VLOOKUP(A99,import!A:J,10,0) -> 1 | K99: Mustafa Şahin | L99: 5355117812 | M99: Kocasinan | N99: Mevlana | O99: Mevlana Mah. Barış Manço Cad. No:70/C Kocasinan/ KAYSERİ | P99: =VLOOKUP(A99,import!A:P,16,0) -> Geleneksel | R99: TRUE | S99: FALSE | T99: Randevu Alındı | U99: Zeliha Özer | V99: Muzaffer Köprü | X99: 44611 | Y99: 44613 | AA99: Görüşüldü | AB99: 44611 | AK99: Zeliha Özer | AP99: Mustafa Dursun
A100: 61fac54e5f067722ca188bd1 | B100: Baklavacı Hacızade, Kocasinan (Mimarsinan Mah.) | C100: =VLOOKUP(A100,import!A:C,3,0) -> DOĞRU | D100: Pasta & Tatlı | E100: =VLOOKUP(A100,import!A:J,5,0) -> 16 | F100: =VLOOKUP(A100,import!A:J,6,0) -> 5 | G100: =VLOOKUP(A100,import!A:J,7,0) -> 13 | H100: =VLOOKUP(A100,import!A:J,8,0) -> 0 | I100: =VLOOKUP(A100,import!A:J,9,0) -> 13 | J100: =VLOOKUP(A100,import!A:J,10,0) -> 1 | K100: Gökhan Dönmez | L100: 5383482466 | M100: Kocasinan | N100: Mimarsinan | O100: Mimarsinan Mah. Fuzuli Cad. No:60/A Kocasinan/KAYSERİ | P100: =VLOOKUP(A100,import!A:P,16,0) -> Geleneksel | R100: TRUE | S100: FALSE | T100: Randevu Alındı | U100: Ayşegül Kır | V100: Muzaffer Köprü | X100: 44611 | Y100: 44614 | AA100: Görüşüldü | AB100: 44611 | AK100: Ayşegül Kır
...

Sheet Takvim
A1: x | B1: TARİH.$. | C1: Randevu Alan | D1: ID | E1: RESTORAN | F1: SAAT | G1: İLÇE / MAHALLE | H1: YETKİLİ KİŞİ / TELEFON | I1: ADRES | J1: Notlar | K1: Fotoğraf Adeti | L1: Toplam Ürün | M1: Şubeli | N1: İptal
B2: 44285
A3: Melikgazi | M3: FALSE | N3: FALSE
B4: Feyza Yıldırım | C4: Senanur Çınar | D4: 5fcfd488f6dd3a5bc82596bd | E4: Hisar, Melikgazi (Kılıçaslan Mah.) | F4: 0.45833333 | G4: Melikgazi/Köşk | H4: Ercan Göktepe/5321622262 | I4: Kılıçaslan Mah., Şht. Ütğm. Mustafa Şimşek Blv., No:51, Melikgazi, Kayseri, Türkiye | L4: =VLOOKUP(D4,'Hedef Liste'!A:I,8,false) -> 41 | M4: FALSE | N4: FALSE
B5: Feyza Yıldırım | C5: Senanur Çınar | D5: 5fda36f0a991c50ed136d1c3 | E5: Sır Cafe, Kocasinan (Mimarsinan Mah.) | F5: 0.54166667 | G5: Melikgazi/Alpaslan | H5: Hakan Yıldırım/5300651695 | I5: Sivas caddesi, Akın apt., No:165/A, Alparslan tramvay durağı | L5: =VLOOKUP(D5,'Hedef Liste'!A:I,8,false) -> 30 | M5: FALSE | N5: FALSE
B6: Feyza Yıldırım | C6: Senanur Çınar | D6: 5fd8ba9b01128239822dc5e4 | E6: Pimacun, Melikgazi (Alpaslan Mah.)/ diğer tabela ismi pidezza | F6: 15:00 | G6: Melikgazi/Alpaslan | H6: Emre Çetin/3522300011/05459379213 | I6: Alpaslan, Kızılırmak Cd. No:80, 38030 Melikgazi/Kayseri | L6: =VLOOKUP(D6,'Hedef Liste'!A:I,8,false) -> #N/A | M6: FALSE | N6: FALSE
B7: Feyza Yıldırım | C7: Senanur Çınar | D7: 5ff5e56df73b332e1acfc26e | E7: Hacıbey Baklavaları, Melikgazi (Kılıçaslan Mah.) | F7: 17:00 | G7: Melikgazi/Alpaslan | H7: Ali Kenger/5550019238 | I7: Kılıçaslan Mah. Sivas Blv. No:90/B Melikgazi/KAYSERİ | L7: =VLOOKUP(D7,'Hedef Liste'!A:I,8,false) -> #N/A | M7: FALSE | N7: FALSE
M8: FALSE | N8: FALSE
B9: 44286
A10: Melikgazi | M10: FALSE | N10: FALSE
B11: Feyza Yıldırım | C11: Senanur Çınar | D11: 602be89553e01d3aab4efdb8 | E11: Pide King, Melikgazi (Fatih Mah.-İldem) | F11: 0.45833333 | G11: Melikgazi/Fatih | H11: Gül İleli/5061401513 | I11: Gesi Fatih Mah. Gün Sazak Cad. No:65 Melikgazi/KAYSERİ /kaysermall avm içerisi | L11: =VLOOKUP(D11,'Hedef Liste'!A:I,8,false) -> 9 | M11: FALSE | N11: FALSE
B12: Feyza Yıldırım | C12: Senanur Çınar | D12: 601abb58587d0e89a1b6b777 | E12: Matmazel Patisserie, Melikgazi (Kılıçaslan Mah.) | F12: 0.54166667 | G12: Melikgazi/Kılıçaslan | H12: Rukiye Demirci/5343540220 | I12: Kılıçaslan Mah. Kızılırmak Cad. No:66/A Melikgazi/KAYSERİ | L12: =VLOOKUP(D12,'Hedef Liste'!A:I,8,false) -> #N/A | M12: FALSE | N12: FALSE
B13: Feyza Yıldırım | C13: Senanur Çınar | D13: 5fe0c7910a229935fa90f782 | E13: Hasan Usta Pizza & Lahmacun, Melikgazi (Kılıçaslan Mah.) | F13: 15:00 | G13: Melikgazi/Kılıçaslan | H13: Hasan Salırlıoğlu/05346678022 | I13: Kılıçaslan Mah. ŞHT.ÜTĞM. Mustafa Şimşek Blv. Candoğan Apt. No: 27 A MElikgazi/Kayseri | L13: =VLOOKUP(D13,'Hedef Liste'!A:I,8,false) -> 14 | M13: FALSE | N13: FALSE
B14: Feyza Yıldırım | C14: Senanur Çınar | D14: 602fcb29b868aa6fc7f784ce | E14: Köşem Kebap, Kocasinan (Fevzi Çakmak Mah.) | F14: 18:00 | G14: Kocasinan/Fevzi Çakmak | H14: Keziban Toprak/3523334344 | I14: Fevzi Çakmak Mah. Yeşilırmak Cad. No:23/A Kocasinan/KAYSERİ | L14: =VLOOKUP(D14,'Hedef Liste'!A:I,8,false) -> 7 | M14: FALSE | N14: FALSE
M15: FALSE | N15: FALSE
B16: 44287
A17: Melikgazi | M17: FALSE | N17: FALSE
B18: Feyza Yıldırım | E18: 10-12 arası randevu alınmayacak | L18: =VLOOKUP(D18,'Hedef Liste'!A:I,8,false) -> #N/A | M18: FALSE | N18: FALSE
B19: Feyza Yıldırım | C19: Senanur Çınar | D19: 60058169a2992703a59821fe | E19: Meydan Merkez Pide Salonu, Kocasinan (Serçeönü Mah.) | F19: 0.54166667 | G19: Kocasinan/Serçeönü | H19: Asım Yaşar/5367764858 | I19: sahabiye Mah. Ahmet Paşa cad. No:13/C Kocasinan/KAYSERİ | L19: =VLOOKUP(D19,'Hedef Liste'!A:I,8,false) -> 7 | M19: FALSE | N19: FALSE
B20: Feyza Yıldırım | C20: Senanur Çınar | D20: 5fe5c275ce622f0674cb33d9 | E20: Hizmet Çorba Kebap, Kocasinan (Sahabiye Mah.) | F20: 15:00 | G20: Kocasinan/Sahabiye | H20: Mehmet Özen/3522314019 | I20: Sahabiye Mah. İstasyon Cad. Ak İş Merkezi No:14/A Kocasinan/KAYSERİ | L20: =VLOOKUP(D20,'Hedef Liste'!A:I,8,false) -> 8 | M20: FALSE | N20: FALSE
B21: Feyza Yıldırım | C21: Senanur Çınar | D21: 5ff588d560a4ccc93d909c9d | E21: Mutlu Sarıyer Börek & Kahvaltı Evi, Kocasinan (Sahabiye Mah.) | F21: 17:00 | G21: Kocasinan/Serçeönü | H21: Fırat Kaplan/3522229545 | I21: Sahabiye Mah. Birkan Sok. No:18/B Kocasinan/KAYSERİ | J21: Çekim için bekledik gelmediği için elemanlarımı gönderdim dedi. Çarşamba gününe randevu alındı geç kalınmasını istemiyor | L21: =VLOOKUP(D21,'Hedef Liste'!A:I,8,false) -> #N/A | M21: FALSE | N21: FALSE
C22: Senanur Çınar | D22: 602d3736c20d04e6675030ca | E22: Bon Pizza, Kocasinan (Sahabiye Mah.) | F22: 18.30 | G22: Kocasinan/Sahabiye | H22: LÜTFİYE PINAR/3522200909 | I22: Sahabiye Mah. Türkay Sok. No:4 Kocasinan/KAYSERİ | J22: Sadece 5 6 adet ürün çekilecek | M22: FALSE | N22: FALSE
B23: 44288
A24: Melikgazi | M24: FALSE | N24: FALSE
B25: Feyza Yıldırım | C25: Sıla Göksunaz Esen | D25: 6008723e26a65adee8334a2b | E25: İkinci Bahar Ev Yemekleri, (Camikebir Mah.) | F25: 0.4375 | G25: Melikgazi/Cumhuriyet | H25: Hatice Hanım/05319718097 | I25: Cumhuriyet Mah. Cumhuriyet Cad. No:30 Melikgazi/KAYSERİ | L25: =VLOOKUP(D25,'Hedef Liste'!A:I,8,false) -> #N/A | M25: FALSE | N25: FALSE
B26: Feyza Yıldırım | C26: Sıla Göksunaz Esen | D26: 60211e74627f6e221db475d5 | E26: Acıyaman Çiğ Köfte, Melikgazi (Gülük Mah.) | F26: 0.54166667 | G26: Melikgazi/Gülük | H26: Ahmet Bey/05527112198 | I26: Gülük Mah. Bağlar Cad. No:31/B Melikgazi/KAYSERİ | L26: =VLOOKUP(D26,'Hedef Liste'!A:I,8,false) -> #N/A | M26: FALSE | N26: FALSE
B27: Feyza Yıldırım | D27: 5ff4465ea415e991cd3dbbbf | E27: Acıyaman Çiğ Köfte, Kocasinan (Sahabiye Mah.) | F27: 0.54166667 | J27: Diğer şubedekiler de buraya yüklenecek | M27: FALSE | N27: FALSE
B28: Feyza Yıldırım | C28: Sıla Göksunaz Esen | D28: 5fe9a36512a85077a0bb864a | E28: Kebapçı Numan Baba Torun, Melikgazi (Cumhuriyet Mah.) | F28: 15:00 | G28: Melikgazi/Cumhuriyet | H28: Murat Bey/03522229893 | I28: Cumhuriyet Mah. Karanlık Çarşı Sok. No:1 Melikgazi/KAYSERİ | L28: =VLOOKUP(D28,'Hedef Liste'!A:I,8,false) -> #N/A | M28: FALSE | N28: FALSE
B29: Feyza Yıldırım | C29: Sıla Göksunaz Esen | D29: 5fec36a3ac60e837ae6d9ae5 | E29: On Parmak Pizza & Cafe, Melikgazi (Hunat Mah.) | F29: 17:00 | G29: Melikgazi/Hunat | H29: Faruk Bey/05428028538 | I29: Hunat Mah. Rehber Sok. No:5/A Melikgazi/KAYSERİ | L29: =VLOOKUP(D29,'Hedef Liste'!A:I,8,false) -> #N/A | M29: FALSE | N29: FALSE
M30: FALSE | N30: FALSE
B31: 44292
A32: Melikgazi | E32: İlk Randevu 13:00 olacak | M32: FALSE | N32: FALSE
B33: Feyza Yıldırım | C33: Senanur Çınar | D33: 5fd9fd0a46ac1e85a05683f8 | E33: Neva-le Çiğ Köfte, Kocasinan (Mimarsinan Mah.) | F33: 13.30 | G33: Kocasinan/Mimarsinan | H33: Abbas Şahin/3522238080 | I33: Mimarsinan Mah. Fuzuli Cad. Gözenler Apt. No:44/A-B Kocasinan/KAYSERİ | L33: =VLOOKUP(D33,'Hedef Liste'!A:I,8,false) -> #N/A | M33: FALSE | N33: FALSE
B34: Feyza Yıldırım | C34: Senanur Çınar | D34: 5fda06ff8e3739fd3a13204a | E34: Ada Tost, Kocasinan (Mevlana Mah.) | F34: 15:00 | G34: Kocasinan/Plevne | H34: Ahmet Lütfullah Dirican/5303839538 | I34: Mevlana Mah. Barış Manço Cad. No:8/B Kocasinan Kayseri | L34: =VLOOKUP(D34,'Hedef Liste'!A:I,8,false) -> 5 | M34: FALSE | N34: FALSE
B35: Feyza Yıldırım | C35: Senanur Çınar | D35: 5fe35619d3f42bc6deaf3c3e | E35: Acıyaman Çiğ Köfte, Kocasinan (Gevhernesibe Mah.) | F35: 17:00 | G35: Kocasinan/Örnekevler | H35: Murat Can Kaya/5523838732 | I35: Gevher Nesibe Mah., Salih Avgun Paşa Cad., No:21, Kocasinan, Kayseri, Türkiye, | L35: =VLOOKUP(D35,'Hedef Liste'!A:I,8,false) -> #N/A | M35: FALSE | N35: FALSE
B36: Feyza Yıldırım | C36: Senanur Çınar | D36: 5fe369c30345d26c817fe449 | E36: Bereket Sofrası, Kocasinan (Sahabiye Mah.) | F36: 0.77083333 | G36: Kocasinan/Gevher Nesibe | H36: Hasan Albayrak/3522232601 | I36: Sahabiye Mah., Oğuz Cad., No:3, Kocasinan, Kayseri, Türkiye, | J36: tekrar alndı 14.04 | L36: =VLOOKUP(D36,'Hedef Liste'!A:I,8,false) -> 43 | M36: FALSE | N36: FALSE
M37: FALSE | N37: FALSE
B38: 44293
A39: Melikgazi | M39: FALSE | N39: FALSE
B40: Feyza Yıldırım | C40: Sıla Göksunaz Esen | D40: 5ff3112cdc26c73c2dd19cc1 | E40: Tes Pizza, Kocasinan (Şeker Mah.-K.Şehir Hastanesi) | F40: 0.47916667 | G40: Kocasinan/Şeker | H40: Talha Bey/05355114590 | I40: Şeker Mah. 3169. Sok. B Blok No:5/A Kocasinan/KAYSERİ | J40: Yoğunluktan dolayı erteleme istiyor. | L40: =VLOOKUP(D40,'Hedef Liste'!A:I,8,false) -> #N/A | M40: FALSE | N40: FALSE
B41: Feyza Yıldırım | C41: Senanur Çınar | D41: 5ff588d560a4ccc93d909c9d | E41: Mutlu Sarıyer Börek & Kahvaltı Evi, Kocasinan (Sahabiye Mah.) | F41: 15:00 | G41: Kocasinan/Serçeönü | H41: Fırat Kaplan/3522229545 | I41: Sahabiye Mah. Birkan Sok. No:18/B Kocasinan/KAYSERİ | L41: =VLOOKUP(D41,'Hedef Liste'!A:I,8,false) -> #N/A | M41: FALSE | N41: FALSE
B42: Feyza Yıldırım | C42: Sıla Göksunaz Esen | D42: 5fe74891f0267ceee6127091 | E42: Şekerpare Pasta ve Börek Evi, Kocasinan (Erciyesevler Mah.) | F42: 17:00 | G42: Kocasinan/Erciyesevler | H42: Ferhat Bey/03522335005 | I42: Erciyesevler Mah. Güney Sok. No:22/B Kocasinan/KAYSERİ | L42: =VLOOKUP(D42,'Hedef Liste'!A:I,8,false) -> 8 | M42: FALSE | N42: FALSE
B43: Feyza Yıldırım | C43: Hatem Soyaslan | D43: 5fd9be5ba991c5695b36baf9 | E43: Resume Çiğ Köfte, Kocasinan (Erciyesevler Mah.) | F43: 0.77083333 | G43: Kocasinan / Erciyesevler | H43: Veysel Bey / 3522351565 | I43: Erciyesevler Mah. Sivas Bulvarı No: 219/B Kocasinan/Kayseri | J43: Çekime gidilemedi, Yolda kalma sebebiyle cumaya ertelendi. | L43: =VLOOKUP(D43,'Hedef Liste'!A:I,8,false) -> 26 | M43: FALSE | N43: FALSE
B44: 44294
A45: Melikgazi | B45: Feyza Yıldırım | C45: Özlem gümüş | D45: 60083e1bc795bd4942426c4b | E45: Tadımca Çiğ Köfte, Melikgazi (Gültepe Mah.) | F45: 0.45833333 | G45: Melikgazi/ Gültepe | H45: Mert Bey/ 5424573812 | I45: Gültepe Mah. Gelincik Sok. No:5/B Melikgazi/KAYSERİ | M45: FALSE | N45: FALSE
B46: Feyza Yıldırım | J46: BU ADRESTE 2 ŞUBE BULUNUYOR RESTORAN SAHİBİ GELMİŞKEN 2 ŞUBE İÇİN DE ÇEKİM OLMASINI İSTEDİ.2ŞUBE ÇEKİMİ OLACAK. | L46: =VLOOKUP(D46,'Hedef Liste'!A:I,8,false) -> #N/A | M46: TRUE | N46: FALSE
B47: Feyza Yıldırım | M47: TRUE | N47: FALSE
B48: Feyza Yıldırım | J48: Talas/Yenidoğan şubesi içinde kullanılacak çekilen fotoğraflar. | L48: =VLOOKUP(D48,'Hedef Liste'!A:I,8,false) -> #N/A | M48: FALSE | N48: FALSE
B49: Feyza Yıldırım | J49: Kocasinan/Sahabiye şubesindede kullanılacak. | L49: =VLOOKUP(D49,'Hedef Liste'!A:I,8,false) -> #N/A | M49: TRUE | N49: FALSE
M50: FALSE | N50: FALSE
B51: 44295
A52: Melikgazi | M52: FALSE | N52: FALSE
B53: Feyza Yıldırım | L53: =VLOOKUP(D77,'Hedef Liste'!A:I,8,false) -> 16 | M53: FALSE | N53: FALSE
B54: Feyza Yıldırım | C54: zeliha özer | D54: 603cce4e1e5134cdd033d250 | E54: Beyazşehir Çiğ Köfte ve Tatlıcı, (Beyazşehir Mah.) | F54: 0.54166667 | G54: Melikgazi /Mimarsinan | H54: Rifat İslam Kılıç /5526524300 | I54: Mimarsinanbahçelievler Mah. Şht. Raşit Kılıç Sok. No:16/A Melikgazi/KAYSERİ | L54: =VLOOKUP(D60,'Hedef Liste'!A:I,8,false) -> 37 | M54: FALSE | N54: FALSE
B55: Feyza Yıldırım | C55: zeliha özer | D55: zeliha özer | E55: zeliha özer | F55: zeliha özer | G55: zeliha özer | H55: zeliha özer | I55: zeliha özer | J55: zeliha özer | K55: zeliha özer | M55: FALSE | N55: FALSE
B56: Feyza Yıldırım | C56: Emre Dalgıç | D56: 5ffc3779f11235c874af955c | E56: Altın Kebap, Melikgazi (Cumhuriyet Mah.-İldem) | F56: 15:00 | G56: melikgazi/yeşilyurt | H56: yıldıray bey/3526661238 | I56: İldem Cumhuriyet Mah. Saffet Arıkan Bedük Cad. No:42/B Melikgazi/KAYSERİ | J56: Randevuyu Salı günü istedi ertelemesi yapıldı. | L56: =VLOOKUP(D56,'Hedef Liste'!A:I,8,false) -> 9 | M56: FALSE | N56: FALSE
B57: Feyza Yıldırım | C57: Emre Dalgıç | D57: 60194b96d0efd3dd29b0781d | E57: Köşem Döner, Melikgazi (Sakarya Mah.) | F57: 17:00 | G57: melikgazi/sakarya | H57: fatma hanım/5453391271 | I57: Sakarya Mah. Doğanyurt Cad. No:8 Melikgazi/KAYSERİ | J57: Randevu için arandı çekim yapılacak. | L57: =VLOOKUP(D57,'Hedef Liste'!A:I,8,false) -> #N/A | M57: FALSE | N57: FALSE
B58: Feyza Yıldırım | C58: Hatem Soyaslan | D58: 5fd9be5ba991c5695b36baf9 | E58: Resume Çiğ Köfte, Kocasinan (Erciyesevler Mah.) | F58: 0.77083333 | G58: Kocasinan / Erciyesevler | H58: Veysel Bey / 3522351565 | I58: Erciyesevler Mah. Sivas Bulvarı No: 219/B Kocasinan/Kayseri | J58: Randevu için arandı çekim yapılacak. | M58: FALSE | N58: FALSE
B59: 44298
A60: Melikgazi | B60: Ahmet Demirdoğan | C60: Emre Dalgıç | D60: 602e932c1794313236072938 | E60: Tombik Izgara & Künefe & Tantuni, (Keykubat Mah.) | F60: 0.45833333 | G60: melikgazi/Keykubat | H60: oğuzhan bey/3523311177 - 5524025167 | I60: Keykubat Mah. Güllübahçe Cad. No:106/A Melikgazi/KAYSERİ | J60: Ramazana gşreceğinden dolayı ürünleri sıfırlamış daha sonra kendisi arayıp randevu tarihi isteyecek | M60: FALSE | N60: FALSE
B61: Ahmet Demirdoğan | C61: Mertcan | D61: 5fe1c0b56ce3dd9f37cfd74d | E61: Dönerci Baba, Melikgazi (Gültepe Mah.) | F61: 13.00 | G61: Melikgazi/ Gültepe | H61: yusuf sapayer 3522334400 | I61: Eski Hama İlerisi, Gültepe Mah. Mustafa Şimşek Bulv. Zafer Apt. Altı, 38030 Melikgazi/Kayseri | J61: BU ADRESTE 2 ŞUBE BULUNUYOR RESTORAN SAHİBİ GELMİŞKEN 2 ŞUBE İÇİN DE ÇEKİM OLMASINI İSTEDİ.2ŞUBE ÇEKİMİ OLACAK. | L61: =VLOOKUP(D61,'Hedef Liste'!A:I,8,false) -> 35 | M61: FALSE | N61: FALSE
B62: Ahmet Demirdoğan | C62: Özlem gümüş | D62: 6050762ddee5d7669530ece5 | E62: As Pide, Melikgazi (Gültepe Mah.) | F62: 0.54166667 | G62: Melikgazi/ Gültepe | H62: Yusuf Sapayer 3522334400 | I62: Gültepe Mah. Mustafa Şimşek Bulv. Zafer Apt. Altı, 38030 Melikgazi/Kayseri | L62: =VLOOKUP(D62,'Hedef Liste'!A:I,8,false) -> 6 | M62: FALSE | N62: FALSE
B63: Ahmet Demirdoğan | C63: Özlem gümüş | D63: 5feb2ebb0e63fedc83cb0eec | E63: Bereket Develi Cıvıklısı, Melikgazi (Gültepe Mah.) | F63: 15.00 | G63: Melikgazi/ Gültepe | H63: Serap Hanım/ 3522360121 | I63: Gültepe Mah. Şehit Üstegmen Mustafa Şimşek Blv. No:6 Melikgazi/KAYSERİ | J63: Talas/Yenidoğan şubesi içinde kullanılacak çekilen fotoğraflar. | L63: =VLOOKUP(D63,'Hedef Liste'!A:I,8,false) -> 10 | M63: FALSE | N63: FALSE
B64: Ahmet Demirdoğan | C64: Funda Ünlü | D64: 60461ba5eee509aea0e64233 | E64: Dört Döner, Melikgazi (Kılıçaslan Mah.) | F64: 0.70833333 | G64: Melikgazi Kılıçaslan | H64: Berna Yıkın 5421436637 | I64: Kılıçaslan Mah. Kızılırmak Cad. No:66/D Melikgazi/KAYSERİ | M64: FALSE | N64: FALSE
M65: FALSE | N65: FALSE
A66: Melikgazi | M66: FALSE | N66: FALSE
B67: Feyza Yıldırım | M67: FALSE | N67: FALSE
B68: Feyza Yıldırım | E68: 16:00 a kadar dersi var tek randevu yazılacak | M68: FALSE | N68: FALSE
B69: Feyza Yıldırım | M69: FALSE | N69: FALSE
B70: Feyza Yıldırım | C70: Özlem gümüş | D70: 603e0f103bc29074892d10e8 | E70: Pizza Uno, Alpaslan | F70: 17:00 | G70: Melikgazi/ Alpaslan | H70: Hüseyin/ 3522233434 | I70: Alpaslan Mah. Bahar Cad. No:39/A Melikgazi/KAYSERİ | J70: Kocasinan/Sahabiye şubesindede kullanılacak. | L70: =VLOOKUP(D70,'Hedef Liste'!A:I,8,false) -> 86 | M70: FALSE | N70: FALSE
M71: FALSE | N71: FALSE
B72: 44299
A73: Melikgazi | E73: İlk Randevu 13:00 olacak | M73: FALSE | N73: FALSE
B74: Feyza Yıldırım | C74: Funda Ünlü | D74: 602be3ecc20d041c334fab8a | E74: "Loqma'çik, İldem (Fatih) | F74: 0.64583333 | G74: Melikgazi Fatih | H74: Cüneyt Battal Bayırbaşı 5383447468 | I74: Gesi Fatih mah. Gün sazak Cad. Kaysermall AVM | L74: =VLOOKUP(D74,'Hedef Liste'!A:I,8,false) -> 7 | M74: FALSE | N74: FALSE
B75: Feyza Yıldırım | C75: Hatem Soyaslan | D75: 5ffc3779f11235c874af955c | E75: Altın Kebap, Melikgazi (Cumhuriyet Mah.-İldem) | F75: 14:00 | G75: melikgazi/yeşilyurt | H75: yıldıray bey/3526661238 | I75: İldem Cumhuriyet Mah. Saffet Arıkan Bedük Cad. No:42/B Melikgazi/KAYSERİ | L75: =VLOOKUP(D75,'Hedef Liste'!A:I,8,false) -> 9 | M75: FALSE | N75: FALSE
B76: Feyza Yıldırım | C76: Funda Ünlü | D76: 60506f0ff32bbb790ccbc57b | E76: Gaziayıntap Baklava & Tatlı, Melikgazi (Yeşilyurt Mah.) | F76: 0.70833333 | G76: Melikgazi Yeşilyurt | H76: YASİN ATAŞ 3522400374 | I76: yeşilyurt mahallesi şehit onbaşı hakan türk caddesi 101\G | L76: =VLOOKUP(D76,'Hedef Liste'!A:I,8,false) -> #N/A | M76: FALSE | N76: FALSE
B77: Feyza Yıldırım | C77: Hatem Soyaslan | D77: 5feb4b2152fcdacdb1cae3cf | E77: Pide Park, Melikgazi (Mimarsinan Mah.) | F77: 0.77083333 | G77: melikgazi/şirintepe | H77: eyyüp bey/3523393339 | I77: Tavlusun Mah. Gaffur Okkan Blv. No:14/A Melikgazi/KAYSERİ | L77: =VLOOKUP(D77,'Hedef Liste'!A:I,8,false) -> 16 | M77: FALSE | N77: FALSE
M78: FALSE | N78: FALSE
B79: 44300
A80: Melikgazi | M80: FALSE | N80: FALSE
B81: Ahmet Demirdoğan | C81: Senanur Çınar | D81: 5fd88f8043e70230231acefd | E81: Gazi Çiğ Köfte, Melikgazi (Köşk Mah.) | F81: 10.00 | G81: Melikgazi /Köşk | H81: Bülent Şahin /3522370010 | I81: Köşk Mah. Mustafa Şimşek Cad. Hisar Apt. No:56/D Melikgazi/KAYSERİ | J81: erteleme için aranacak | L81: =VLOOKUP(D81,'Hedef Liste'!A:I,8,false) -> 32 | M81: FALSE | N81: FALSE
B82: Ahmet Demirdoğan | C82: Zeliha Özer | D82: 5ff5af1b4fb8e177e172f486 | E82: Yoğunburç Pide Salonu, Melikgazi (Hunat Mah.) | F82: 18.00 | G82: Melikgazi /Hunat | H82: Safiye Aslan /3522228283 | I82: Hunat Mah. Seyyid Burhaneddin Blv. No:27/A Melikgazi/KAYSERİ | L82: =VLOOKUP(D82,'Hedef Liste'!A:I,8,false) -> #N/A | M82: FALSE | N82: FALSE
B83: Ahmet Demirdoğan | C83: Zeliha Özer | D83: 604be1a11bdb7fb44820b0be | E83: Buhara Tandır, Melikgazi (Hunat Mah.) | F83: 14.00 | G83: Melikgazi /Hunat | H83: Serkan Karadaş /3522206166 | I83: Hunat Mah. Kalpaklıoğlu Cad. No:11/A Melikgazi/KAYSERİ | J83: Eksik ürünleri olduğundan dolayı tam rüün çıkaramıyor 10 gün sonra tekrar aranacak | L83: =VLOOKUP(D83,'Hedef Liste'!A:I,8,false) -> 23 | M83: FALSE | N83: FALSE
B84: Ahmet Demirdoğan | C84: Zeliha Özer | D84: 5ff5bb26958067232786611b | E84: Yoğunburç Serince Çiğ Köfte, Melikgazi (Tacettin Veli Mah.) | F84: 16.00 | G84: Melikgazi/Seyitgazi | H84: Murat Küçük/5063956745 | I84: Tacettinveli Mah. Seyyid Burhaneddin Blv. No:16/A Melikgazi/KAYSERİ | L84: =VLOOKUP(D84,'Hedef Liste'!A:I,8,false) -> #N/A | M84: FALSE | N84: FALSE
M85: FALSE | N85: FALSE
A86: Melikgazi | M86: FALSE | N86: FALSE
B87: Feyza Yıldırım | C87: Senanur Çınar | D87: 6058409498acb235dd86fad5 | E87: Bereket Sofrası, Melikgazi (Yıldırım Beyazıt Mah.) | F87: 0.41666667 | G87: Melikgazi/Yıldırım Beyazıt | H87: Hasan Albayrak/5338140163 | I87: Yıldırım Beyazıt Mah. Sivas Blv. No:228/A Melikgazi/KAYSERİ | J87: Ustaları yokmuş o yüzden iptal olmuş. | L87: =VLOOKUP(D87,'Hedef Liste'!A:I,8,false) -> #N/A | M87: FALSE | N87: FALSE
B88: Feyza Yıldırım | C88: Senanur Çınar | D88: 5fe74891f0267ceee6127091 | E88: Şekerpare Pasta ve Börek Evi, Kocasinan (Erciyesevler Mah.) | F88: 12.00 | G88: Kocasinan/Erciyesevler | H88: Ferhat Bey/03522335005 | I88: Erciyesevler Mah. Güney Sok. No:22/B Kocasinan/KAYSERİ | J88: devam çekimi | L88: =VLOOKUP(D88,'Hedef Liste'!A:I,8,false) -> 8 | M88: FALSE | N88: FALSE
B89: Feyza Yıldırım | C89: Senanur Çınar | D89: 5fda2b5c700b9be9df4950a6 | E89: Chef Fried Chicken | F89: 14:00 | G89: Melikgazi/Alpaslan | H89: Muhammed Saraç/3527380180 | I89: Sivas Bulvarı, No:201/A, Kocasinan | J89: Ramazan başlangıcı olduğu için hazırlık aksayacak | L89: =VLOOKUP(D89,'Hedef Liste'!A:I,8,false) -> 32 | M89: FALSE | N89: FALSE
B90: Feyza Yıldırım | C90: Senanur Çınar | D90: 6047798895464a7a498575c2 | E90: Smoke - In, Melikgazi (Alpaslan Mah.) | F90: 14.00 | G90: Melikgazi Alpaslan | H90: 5469680308/ rabia hanım | I90: Alpaslan Mah. Org. Eşref Bitlis Blv. No:1/3 Melikgazi/KAYSERİ | M90: FALSE | N90: FALSE
B91: Feyza Yıldırım | C91: Senanur Çınar | D91: 6005c18ec11c76bbcbb9837f | E91: Tadımca Çiğ Köfte, Melikgazi (Alpaslan Mah.) | F91: 16:00 | G91: Melikgazi/Alpaslan | H91: Betül Kevser Yücel 5523905735 | I91: Alpaslan Mah. Farabi Cad. No:31/C Melikgazi/KAYSERİ | L91: =VLOOKUP(D91,'Hedef Liste'!A:I,8,false) -> #N/A | M91: FALSE | N91: FALSE
B92: Feyza Yıldırım | C92: Zeliha Özer | D92: 602e4c4f7b6e5c6be778f007 | E92: Adıyörem Çiğ Köfte, Melikgazi (Tacettin Veli Mah.) | F92: 0.70833333 | G92: Melikgazi /Tacettinveli | H92: Metin Keskin 5525753810 | I92: Tacettinveli Mah. Seyyid Burhaneddin Blv. No:48/B Melikgazi/KAYSERİ | M92: FALSE | N92: FALSE
B93: 44301
A94: Melikgazi | E94: İlk Randevu 13:00 olacak | M94: FALSE | N94: FALSE
B95: Feyza Yıldırım | C95: Senanur Çınar | D95: 606c590eb2c68a71564451fc | E95: Neva-le Çiğ Köfte, Melikgazi (Fatih Mah. - İldem) | F95: 0.54166667 | G95: Melikgazi/Gesi Fatih | H95: Bayram Oyarkılıçgil /5528813131 | I95: Gesi Fatih Mah. Gün Sazak Cad. No:37/C Melikgazi/KAYSERİ | L95: =VLOOKUP(D95,'Hedef Liste'!A:I,8,false) -> #N/A | M95: FALSE | N95: FALSE
B96: Feyza Yıldırım | C96: Senanur Çınar | D96: 603cb7a9d6d0ad1c69916cd5 | E96: SDC İskender, İldem (Fatih) | F96: 15:00 | G96: Melikgazi/Gesi Fatih | H96: Barış Akyar/05373528805 | I96: Gesi Fatih Mah. Gün Sazak Cad. No:65/104 Melikgazi/KAYSERİ | L96: =VLOOKUP(D96,'Hedef Liste'!A:I,8,false) -> 1 | M96: FALSE | N96: FALSE
B97: Feyza Yıldırım | C97: Senanur Çınar | D97: 5fe1c0b56ce3dd9f37cfd74d | E97: Dönerci Baba, Melikgazi (Gültepe Mah.). | F97: 16:30 | G97: Melikgazi/Gültepe | H97: Yusuf Sapayer/3522334400 | I97: Eski Hama İlerisi, Gültepe Mah. Mustafa Şimşek Bulv. Zafer Apt. Altı, 38030 Melikgazi/Kayseri | J97: devam çekimi | L97: =VLOOKUP(D97,'Hedef Liste'!A:I,8,false) -> 35 | M97: FALSE | N97: FALSE
B98: Feyza Yıldırım | F98: 0.6875 | L98: =VLOOKUP(D98,'Hedef Liste'!A:I,8,false) -> #N/A | M98: FALSE | N98: FALSE
M99: FALSE | N99: FALSE
B100: 44302
...

Sheet import
A1: Restaurant ID | B1: Restoran Adı | C1: IsActive | D1: Mutfak | E1: TOPLAM SİPARİŞ | F1: SON 2 HAFTA | G1: RESİMLİ ÜRÜN | H1: RESİMSİZ ÜRÜN | I1: TOPLAM ÜRÜN | J1: Ratio | K1: Yetkili | L1: Telefon | M1: İLÇE | N1: MAHALLE | O1: ADRES | P1: Geleneksel Zincir | Q1: Eklendi mi
A2: 5fe4ae371a12f93b20f7a2d3 | B2: KFC, Melikgazi (Alpaslan Mah.) | C2: DOĞRU | D2: Tavuk | E2: 12460 | F2: 244 | G2: 92 | H2: 1 | I2: 93 | J2: 0.99 | K2: Tamer Yılmaz | L2: 1111111111 | M2: Melikgazi | N2: Melikgazi | O2: Alparslan Mah, Orgeneral Eşref Bitlis Blv. No:10, 38030 Melikgazi/Kayseri | P2: Key | Q2: =COUNTIF('Hedef Liste'!A:A,A2) -> 0
A3: 5fcfd488f6dd3a5bc82596bd | B3: Hisar, Melikgazi (Kılıçaslan Mah.) | C3: YANLIŞ | D3: Pasta & Tatlı | E3: 113 | G3: 15 | H3: 41 | I3: 56 | J3: 0.27 | K3: Ercan Göktepe | L3: 5321622262 | M3: Melikgazi | N3: Köşk | O3: Kılıçaslan Mah., Şht. Ütğm. Mustafa Şimşek Blv., No:51, Melikgazi, Kayseri, Türkiye | P3: Geleneksel | Q3: =COUNTIF('Hedef Liste'!A:A,A3) -> 1
A4: 5fd77baa12cbf32125e54708 | B4: Talas Köşk, Talas (Kiçiköy Mah.) | C4: DOĞRU | D4: Döner | E4: 10237 | F4: 95 | G4: 4 | H4: 7 | I4: 11 | J4: 0.36 | K4: Ümit Ulaş | L4: 3524377070 | M4: Talas | N4: Kiçiköy | O4: Kiçiköy, Hoca Ahmet Yesevi Cd. No:12, 38280 Talas/Kayseri | P4: Geleneksel | Q4: =COUNTIF('Hedef Liste'!A:A,A4) -> 1
A5: 5fe2fa620345d282cc7fd2d5 | B5: Ciğerci Mehmet, Kocasinan (Sahabiye Mah.) | C5: DOĞRU | D5: Kebap | E5: 2855 | F5: 89 | G5: 0 | H5: 67 | I5: 67 | J5: 0 | K5: Metin Aybar | L5: 3522233838 | M5: Kocasinan | N5: Serçeönü | O5: Sahabiye, Saray Cd. No:6/A, 38015 Kocasinan/Kayseri | P5: Geleneksel | Q5: =COUNTIF('Hedef Liste'!A:A,A5) -> 1
A6: 5fde1230cd4e0c0fe9169e3a | B6: Pane Döner, Talas (Yenidoğan Mah.) | C6: DOĞRU | D6: Döner | E6: 11008 | F6: 238 | G6: 0 | H6: 19 | I6: 19 | J6: 0 | K6: Nuh Mehmet Gökçek | L6: 3524378080 | M6: Talas | N6: Yenidoğan | O6: Yenidoğan, Oğulcuklu Cd. 3 A, 38280 Talas/Kayseri | P6: Geleneksel | Q6: =COUNTIF('Hedef Liste'!A:A,A6) -> 1
A7: 5fe1c0b56ce3dd9f37cfd74d | B7: Dönerci Baba, Melikgazi (Gültepe Mah.) | C7: DOĞRU | D7: Döner | E7: 5030 | F7: 63 | G7: 0 | H7: 35 | I7: 35 | J7: 0 | K7: Yusuf Sapayer | L7: 3522334400 | M7: Melikgazi | N7: Kılıçaslan | O7: Eski Hama İlerisi, Gültepe Mah. Mustafa Şimşek Bulv. Zafer Apt. Altı, 38030 Melikgazi/Kayseri | P7: Geleneksel | Q7: =COUNTIF('Hedef Liste'!A:A,A7) -> 1
A8: 5fd355b7d595925ebebc025c | B8: Kötü Gün Tostu, Talas (Tablakaya Mah.) | C8: DOĞRU | D8: Tost & Sandviç | E8: 3429 | F8: 240 | G8: 7 | H8: 23 | I8: 30 | J8: 0.23 | K8: Savaş Dağlı | L8: 5537061313 | M8: Talas | N8: Tablakaya | O8: Tablakaya Mh. Yahya Sk. No:8/B Talas/Kayseri | P8: Geleneksel | Q8: =COUNTIF('Hedef Liste'!A:A,A8) -> 1
A9: 5fe44599d108fc934e2c5492 | B9: Kaygısız Izgara, Kocasinan (Gevhernesibe Mah.) | C9: DOĞRU | D9: Kebap | E9: 6045 | G9: 0 | H9: 8 | I9: 8 | J9: 0 | K9: Serdar Koç | L9: 3522310106 | M9: Kocasinan | N9: Gevher Nesibe | O9: Gevhernesibe Mah. Kurşunlu Sok. 13/A Kocasinan, Kayseri | P9: Geleneksel | Q9: =COUNTIF('Hedef Liste'!A:A,A9) -> 1
A10: 5fd888eb4d587052641b84f8 | B10: Confurt Dondurma, Melikgazi (Köşk Mah.) | C10: DOĞRU | D10: Dondurma | E10: 90 | F10: 3 | G10: 0 | H10: 37 | I10: 37 | J10: 0 | K10: Bülent Şahin | L10: 3522370010 | M10: Melikgazi | N10: Melikgazi | O10: Köşk Mah. Mustafa Şimşek Cad. Hisar Apt. No:56/E Melikgazi/KAYSERİ | P10: Geleneksel | Q10: =COUNTIF('Hedef Liste'!A:A,A10) -> 1
A11: 5fde26cf3587c378d752ded5 | B11: Antep-lim Gaziantep Baklavaları, Talas (Mevlana Mah.) | C11: DOĞRU | D11: Pasta & Tatlı | E11: 359 | F11: 1 | G11: 11 | H11: 0 | I11: 11 | J11: 1 | K11: Rıdvan Kefkir | L11: 3529993872 | M11: Talas | N11: Mevlana | O11: Mevlana, Yavuz Sultan Selim Cd. No:18 D:E, 38280 Talas/Kayseri | P11: Geleneksel | Q11: =COUNTIF('Hedef Liste'!A:A,A11) -> 1
A12: 5fd88b8f4304e6a50bca03b8 | B12: Confurt Dondurma, Melikgazi (Alpaslan Mah.) | C12: YANLIŞ | D12: Dondurma | E12: 26 | G12: 0 | H12: 46 | I12: 46 | J12: 0 | K12: Bülent Şahin | L12: 3522345668 | M12: Melikgazi | N12: Alpaslan | O12: Alpaslan Mah. Kızılırmak Cad. Vakıf Yenipark Apt. No:118/B Melikgazi/KAYSERİ | P12: Geleneksel | Q12: =COUNTIF('Hedef Liste'!A:A,A12) -> 1
A13: 5fd21bb199fe01829eadd170 | B13: Kanatçı Bahadır, Talas (Yenidoğan Mah.) | C13: DOĞRU | D13: Kebap | E13: 1239 | F13: 13 | G13: 32 | H13: 21 | I13: 53 | J13: 0.6 | K13: Hüseyin Bahadır Per | L13: 3522204141 | M13: Talas | N13: Mevlana | O13: mevlana mah. elçibey cad no:38Atalas/ kayseri | P13: Geleneksel | Q13: =COUNTIF('Hedef Liste'!A:A,A13) -> 1
A14: 5fd5e388cba35d420dd1898e | B14: Elit 38 Lahmacun & Pide Talas (Mevlana Mah.) | C14: YANLIŞ | D14: Pide | E14: 2846 | G14: 0 | H14: 9 | I14: 9 | J14: 0 | K14: Onur Karakoç | L14: 3525046085 | M14: Talas | N14: Mevlana | O14: Mevlana Mh. Bilge Kağan Cd. B giriş No: 30/E | P14: Geleneksel | Q14: =COUNTIF('Hedef Liste'!A:A,A14) -> 1
A15: 5fcfd64e40fbdb8962745940 | B15: Efece Ev Yemekleri, Talas (Bahçelievler) | C15: DOĞRU | D15: Ev Yemekleri | E15: 190 | G15: 0 | H15: 38 | I15: 38 | J15: 0 | K15: Gülten Özmen | L15: 5051469496 | M15: Talas | N15: Bahçelievler | O15: Bahçelievler, Hacı Cemil 1. Sk. 25/A, 38280 Talas/Kayseri | P15: Geleneksel | Q15: =COUNTIF('Hedef Liste'!A:A,A15) -> 1
A16: 5fd340c0a926a55f2561973d | B16: Tatlıses Lahmacun, Talas (Mevlana Mah.) | C16: DOĞRU | D16: Lahmacun | E16: 3907 | F16: 111 | G16: 0 | H16: 45 | I16: 45 | J16: 0 | K16: Önder Yamaç | L16: 3523335626 | M16: Talas | N16: Mevlana | O16: Mevlana Mah. Melikşah Cad. 6 D TALAS / KAYSERİ | P16: Geleneksel | Q16: =COUNTIF('Hedef Liste'!A:A,A16) -> 1
A17: 5fe0c7910a229935fa90f782 | B17: Hasan Usta Pizza & Lahmacun, Melikgazi (Kılıçaslan Mah.) | C17: YANLIŞ | D17: Pizza | E17: 1942 | G17: 24 | H17: 14 | I17: 38 | J17: 0.63 | K17: Hasan Salırlıoğlu | L17: 3523331002 | M17: Melikgazi | N17: Kılıçaslan | O17: Kılıçaslan Mah. ŞHT.ÜTĞM. Mustafa Şimşek Blv. Candoğan Apt. No: 27 A MElikgazi/Kayseri | P17: Geleneksel | Q17: =COUNTIF('Hedef Liste'!A:A,A17) -> 1
A18: 5fe47960d4987a7f7dfbd969 | B18: Aygün 2 Pide & Döner & Lahmacun, Talas (Mevlana Mah.) | C18: DOĞRU | D18: Pide | E18: 4133 | F18: 85 | G18: 0 | H18: 16 | I18: 16 | J18: 0 | K18: Fevziye Güneş | L18: 3524310061 | M18: Talas | N18: Mevlana | O18: Mevlana, Mehmet Timuçin Cd. no:26\1, 38280 Talas/Kayseri | P18: Geleneksel | Q18: =COUNTIF('Hedef Liste'!A:A,A18) -> 1
A19: 5fd0f9fbe4047ebc90fd04fb | B19: As Pat Burger, Talas (Mevlana Mah.) | C19: DOĞRU | D19: Burger | E19: 1070 | F19: 24 | G19: 4 | H19: 11 | I19: 15 | J19: 0.27 | K19: Tugay Gündüz | L19: 3525046718 | M19: Talas | N19: Mevlana | O19: istanbul adalar | P19: Geleneksel | Q19: =COUNTIF('Hedef Liste'!A:A,A19) -> 1
A20: 5fd22d23da5e216be008e307 | B20: Ahbap'ss Köfte & Islak Hamburger, Talas (Yenidoğan Mah.) | C20: DOĞRU | D20: Sokak Lezzetleri | E20: 1236 | F20: 11 | G20: 0 | H20: 14 | I20: 14 | J20: 0 | K20: Selim dirik | L20: 3525043090 | M20: Talas | N20: Bahçelievler | O20: Yenidoğan Mah. Atatürk Blv. No:15/C Talas/KAYSERİ | P20: Geleneksel | Q20: =COUNTIF('Hedef Liste'!A:A,A20) -> 1
A21: 5feb2ebb0e63fedc83cb0eec | B21: Bereket Develi Cıvıklısı, Melikgazi (Gültepe Mah.) | C21: DOĞRU | D21: Pide | E21: 516 | G21: 5 | H21: 10 | I21: 15 | J21: 0.33 | K21: Cafer Nalbant | L21: 3522360121 | M21: Melikgazi | N21: Gültepe | O21: Gültepe Mah. Şehit Üstegmen Mustafa Şimşek Blv. No:6 Melikgazi/KAYSERİ | P21: Geleneksel | Q21: =COUNTIF('Hedef Liste'!A:A,A21) -> 1
A22: 5fe74891f0267ceee6127091 | B22: Şekerpare Pasta ve Börek Evi, Kocasinan (Erciyesevler Mah.) | C22: DOĞRU | D22: Pasta & Tatlı | E22: 876 | F22: 32 | G22: 44 | H22: 8 | I22: 52 | J22: 0.85 | K22: Ferhat Kara | L22: 3522335005 | M22: Kocasinan | N22: Erciyesevler | O22: Erciyesevler Mah. Güney Sok. No:22/B Kocasinan/KAYSERİ | P22: Geleneksel | Q22: =COUNTIF('Hedef Liste'!A:A,A22) -> 1
A23: 5feaf45adc26c732aad052c0 | B23: Dört Döner, Melikgazi (Hürriyet Mah.) | C23: DOĞRU | D23: Sokak Lezzetleri | E23: 1304 | G23: 5 | H23: 5 | I23: 10 | J23: 0.5 | K23: Burhan Vural | L23: 5077904989 | M23: Melikgazi | N23: Çorakçılar | O23: Çorakçılar Mah. Cengiz Topel Cad. No:33/B Melikgazi/KAYSERİ | P23: Geleneksel | Q23: =COUNTIF('Hedef Liste'!A:A,A23) -> 1
A24: 5fec905fe4a5e267417972d7 | B24: Komagene Etsiz Çiğ Köfte, Melikgazi (Altınoluk Mah.) | C24: DOĞRU | D24: Çiğ Köfte | E24: 1224 | F24: 14 | G24: 82 | H24: 11 | I24: 93 | J24: 0.88 | K24: Esra Gonca Parlar | L24: 5535808504 | M24: Melikgazi | N24: Altınoluk | O24: FATİH SULTAN MEHMET BLV. NO:60 | P24: Key | Q24: =COUNTIF('Hedef Liste'!A:A,A24) -> 0
A25: 5ff33c7fe5886a195295edc8 | B25: Aşk Lokmam, Talas (Yenidoğan Mah.) | C25: DOĞRU | D25: Pasta & Tatlı | E25: 3428 | F25: 137 | G25: 14 | H25: 1 | I25: 15 | J25: 0.93 | K25: Ahmet Konyalıoğlu | L25: 5316453973 | M25: Talas | N25: Erciyes Üniversitesi 5. Bölge | O25: Yenidoğan Mah. Bilge Kağan Cad. Çiğdem Apt. No:5/A Talas/KAYSERİ | P25: Geleneksel | Q25: =COUNTIF('Hedef Liste'!A:A,A25) -> 1
A26: 5ff41e7dee0f724013a910a3 | B26: Mimsin Bol Kepçe Döner, Melikgazi (Şirintepe Mah.) | C26: YANLIŞ | D26: Döner | E26: 580 | G26: 0 | H26: 11 | I26: 11 | J26: 0 | K26: Bilent Demiral | L26: 5054725759 | M26: Melikgazi | N26: Şirintepe | O26: Şirintepe Mah. Malazgirt Blv. No:26/E Melikgazi/KAYSERİ | P26: Geleneksel | Q26: =COUNTIF('Hedef Liste'!A:A,A26) -> 1
A27: 5ff6b0fcdef388dfe1dee198 | B27: Yapar Kebap, Melikgazi (Kılıçaslan Mah.) | C27: DOĞRU | D27: Döner | E27: 5033 | G27: 14 | H27: 12 | I27: 26 | J27: 0.54 | K27: Abdurrahim Kırtaş | L27: 3524080119 | M27: Melikgazi | N27: Kılıçaslan | O27: Kılıçaslan Mah. Yahya Kemal Cad. No:22/C Melikgazi/KAYSERİ | P27: Geleneksel | Q27: =COUNTIF('Hedef Liste'!A:A,A27) -> 1
A28: 5ff731f3bb116173ba759981 | B28: Cihan Exclusive, Melikgazi (Cumhuriyet Mah.) | C28: DOĞRU | D28: Dünya Mutfağı | E28: 1067 | F28: 57 | G28: 0 | H28: 153 | I28: 153 | J28: 0 | K28: Şaban Zenger | L28: 3522324426 | M28: Melikgazi | N28: Cumhuriyet | O28: Cumhuriyet Mah. Millet Cad. No:11 Melikgazi/KAYSERİ | P28: Geleneksel | Q28: =COUNTIF('Hedef Liste'!A:A,A28) -> 1
A29: 5ff2f124630a768747002543 | B29: Tavada Tavuk, Melikgazi (Fatih Mah.-İldem) | C29: DOĞRU | D29: Tavuk | E29: 889 | F29: 1 | G29: 0 | H29: 51 | I29: 51 | J29: 0 | K29: Ahmet Tiryakioğlu | L29: 3522473838 | M29: Melikgazi | N29: Gesi Fatih | O29: İldem Fatih Mah. Günsazak Cad. No:65/109 Melikgazi/KAYSERİ | P29: Geleneksel | Q29: =COUNTIF('Hedef Liste'!A:A,A29) -> 1
A30: 5fcfdc54b13fa6167404bcdb | B30: S. Kaygısız Kebapcımm, Talas (Bahçelievler) | C30: DOĞRU | D30: Kebap | E30: 8209 | F30: 285 | G30: 0 | H30: 22 | I30: 22 | J30: 0 | K30: Gül Betül Kaygısız | L30: 3524381515 | M30: Talas | N30: Bahçelievler | O30: Bahçelievler, Atatürk Blv. 56/b, 38280 Talas/Kayseri | P30: Geleneksel | Q30: =COUNTIF('Hedef Liste'!A:A,A30) -> 1
A31: 5fd9ce23a908bd05347a38a3 | B31: Anayurt1 Köşk, Melikgazi (Kılıçaslan Mah.) | C31: DOĞRU | D31: Döner | E31: 2113 | F31: 59 | G31: 0 | H31: 17 | I31: 17 | J31: 0 | K31: Serkan Adıyaman | L31: 3522335931 | M31: Melikgazi | N31: Alpaslan | O31: Kılıçaslan Mah. Sivas Blv. No.86D Çınar Apt. Altı, 38030 Melikgazi/Kayseri | P31: Geleneksel | Q31: =COUNTIF('Hedef Liste'!A:A,A31) -> 1
A32: 5fe1e2add3f42b18b3af05f9 | B32: Beylerin Beyi Bey Evi, Kocasinan (Sahabiye Mah.) | C32: DOĞRU | D32: Kebap | E32: 781 | G32: 0 | H32: 25 | I32: 25 | J32: 0 | K32: Canan İlhan | L32: 5412310534 | M32: Kocasinan | N32: Serçeönü | O32: Serçeönü, Çankaya Cd. no: 17/d, 38010 Kocasinan/Kayseri | P32: Geleneksel | Q32: =COUNTIF('Hedef Liste'!A:A,A32) -> 1
A33: 5fda0d214a5aa19b40da7467 | B33: Ada Tost, Talas (Mevlana Mah.) | C33: YANLIŞ | D33: Tost & Sandviç | E33: 537 | G33: 0 | H33: 24 | I33: 24 | J33: 0 | K33: Serdar Yargı | L33: 5435740503 | M33: Talas | N33: Mevlana | O33: Mevlana, Fildişi Sk. No: 30/ A, 38280 Talas/Kayseri | P33: Geleneksel | Q33: =COUNTIF('Hedef Liste'!A:A,A33) -> 1
A34: 5fda1cc01b92e7553b860e98 | B34: Zümrüt Köşk, Kocasinan (Mevlana Mah.) | C34: DOĞRU | D34: Döner | E34: 3930 | F34: 103 | G34: 0 | H34: 25 | I34: 25 | J34: 0 | K34: Ferdi Aydemir | L34: 3523374053 | M34: Kocasinan | N34: Mevlana | O34: mevlana mah., mustafa kemal paşa bulvarı., 38090, Kocasinan | P34: Geleneksel | Q34: =COUNTIF('Hedef Liste'!A:A,A34) -> 1
A35: 5fda33ef2eff062b2f202ec3 | B35: Adıyaman Çiğköftecisi Bayram Usta, Kocasinan(Mimarsinan Mah.) | C35: DOĞRU | D35: Çiğ Köfte | E35: 86 | F35: 4 | G35: 0 | H35: 25 | I35: 25 | J35: 0 | K35: Hakan Yıldırım | L35: 5300651695 | M35: Melikgazi | N35: Alpaslan | O35: Mimar Sinan Mah., Sivas Bulvarı, No:165/A | P35: Geleneksel | Q35: =COUNTIF('Hedef Liste'!A:A,A35) -> 1
A36: 5fddfc12fdea333ff4dec27b | B36: Gurme Dondurma & Cafe, Talas (Yenidoğan Mah.) | C36: DOĞRU | D36: Salata | E36: 939 | F36: 17 | G36: 0 | H36: 37 | I36: 37 | J36: 0 | K36: İsmail Tekgöz | L36: 5526621010 | M36: Talas | N36: Mevlana | O36: Yenidoğan, Bilge Kağan Cd, 38280 Talas/Kayseri | P36: Geleneksel | Q36: =COUNTIF('Hedef Liste'!A:A,A36) -> 1
A37: 5fe369c30345d26c817fe449 | B37: Bereket Sofrası, Kocasinan (Sahabiye Mah.) | C37: DOĞRU | D37: Pizza | E37: 787 | F37: 35 | G37: 31 | H37: 43 | I37: 74 | J37: 0.42 | K37: Hasan Albayrak | L37: 3522232601 | M37: Kocasinan | N37: Gevher Nesibe | O37: Sahabiye Mah., Oğuz Cad., No:3, Kocasinan, Kayseri, Türkiye, | P37: Geleneksel | Q37: =COUNTIF('Hedef Liste'!A:A,A37) -> 1
A38: 5fd0d8754a2e1e3f0a43d08e | B38: Ozşef Profiterol, Talas (Mevlana Mah.) | C38: DOĞRU | D38: Pasta & Tatlı | E38: 1146 | F38: 19 | G38: 0 | H38: 15 | I38: 15 | J38: 0 | K38: Ozan Yazıcı | L38: 5445446926 | M38: Talas | N38: Mevlana | O38: Mevlana mah, Kasrı Eylül Apart, Mehmet Timuçin Cd. 8/A, 38280 Talas/Kayseri | P38: Geleneksel | Q38: =COUNTIF('Hedef Liste'!A:A,A38) -> 1
A39: 5fdb2adb1e128f82cb8143c9 | B39: Adıyaman Çiğköftecisi Bayram Usta, Kocasinan(Fevziçakmak Mah.) | C39: DOĞRU | D39: Çiğ Köfte | E39: 2248 | F39: 51 | G39: 0 | H39: 22 | I39: 22 | J39: 0 | K39: Ersin Pugar | L39: 5345200917 | M39: Kocasinan | N39: Fevzi Çakmak | O39: Sivas bulvarı, defne apt., A Blok No:63 B | P39: Geleneksel | Q39: =COUNTIF('Hedef Liste'!A:A,A39) -> 1
A40: 5fd35e75d0cd4b74a1538d1a | B40: Albina Restoran Talas (Mevlana) | C40: DOĞRU | D40: Kahvaltı | E40: 498 | G40: 0 | H40: 14 | I40: 14 | J40: 0 | K40: Kaan Nart | L40: 5466966569 | M40: Talas | N40: Mevlana | O40: Mevlana Mah. Elçibey Cad. No: 18 B | P40: Geleneksel | Q40: =COUNTIF('Hedef Liste'!A:A,A40) -> 1
A41: 5fd38a6114bd88195baa95ec | B41: Çizmeli Develi Cıvıklısı, Talas (Mevlana Mah.) | C41: DOĞRU | D41: Pide | E41: 2836 | F41: 196 | G41: 9 | H41: 9 | I41: 18 | J41: 0.5 | K41: Emrah Çizmeli | L41: 3522221971 | M41: Talas | N41: Mevlana | O41: Mevlana Mh. Mehmet Timuçin Cd. No:7/A/1 | P41: Geleneksel | Q41: =COUNTIF('Hedef Liste'!A:A,A41) -> 1
A42: 5fe466a7daff1697306e9b1a | B42: Park Cafe, Talas (Mevlana Mah.) | C42: YANLIŞ | D42: Ev Yemekleri | E42: 107 | G42: 0 | H42: 21 | I42: 21 | J42: 0 | K42: Ali Şaş | L42: 3525033040 | M42: Talas | N42: Erciyes Üniversitesi - 15 Temmuz Yerleşkesi | O42: Mevlana, 15 Temmuz Cd, 38280 Talas/Kayseri | P42: Geleneksel | Q42: =COUNTIF('Hedef Liste'!A:A,A42) -> 1
A43: 5fd88ce34d58709ff41b8589 | B43: Confurt Dondurma, Talas (Bahçelievler Mah.) | C43: YANLIŞ | D43: Dondurma | E43: 67 | G43: 0 | H43: 51 | I43: 51 | J43: 0 | K43: Bülent Şahin | L43: 3524374047 | M43: Talas | N43: Bahçelievler | O43: Bahçelievler Mah. Mevlana Cad. Atalay Apt. No:35/A Talas/KAYSERİ | P43: Geleneksel | Q43: =COUNTIF('Hedef Liste'!A:A,A43) -> 1
A44: 5fd893afd92b42038db945c8 | B44: Gazi Çiğ Köfte, Talas (Bahçelievler Mah.) | C44: YANLIŞ | D44: Çiğ Köfte | E44: 61 | G44: 0 | H44: 34 | I44: 34 | J44: 0 | K44: Bülent Şahin | L44: 3524374047 | M44: Talas | N44: Bahçelievler | O44: Bahçelievler Mah. Mevlana Cad. Atalay Apt. No:35/A Talas/KAYSERİ | P44: Geleneksel | Q44: =COUNTIF('Hedef Liste'!A:A,A44) -> 1
A45: 5fe48cea39426cfbe7630d87 | B45: Pizza Evi, Talas (Yenidoğan Mah.) | C45: DOĞRU | D45: Pizza | E45: 1449 | F45: 20 | G45: 0 | H45: 187 | I45: 187 | J45: 0 | K45: Hacı Karakuş | L45: 5416974708 | M45: Talas | N45: Kiçiköy | O45: Yenidoğan mah Atatürk bulvarı Atatürk Bulvarı (Simit center, yanı) ödül yapı altı Talas, 38020 Talas/Kayseri | P45: Geleneksel | Q45: =COUNTIF('Hedef Liste'!A:A,A45) -> 1
A46: 5fec42ac58f3ac53f8e593c4 | B46: Komagene Etsiz Çiğ Köfte, Talas (Mevlana Mah. Elçibey Cad.) | C46: DOĞRU | D46: Çiğ Köfte | E46: 1073 | F46: 36 | G46: 44 | H46: 4 | I46: 48 | J46: 0.92 | K46: Esra Gonca Parlar | L46: 5535074973 | M46: Talas | N46: Mevlana | O46: MEVLANA MH. ELÇİBEY CD. NO :18/A | P46: Key | Q46: =COUNTIF('Hedef Liste'!A:A,A46) -> 0
A47: 5fea19c5e97c0d573cd0f99e | B47: Enfess Lahmacun & Pide, Talas (Mevlana Mah.) | C47: DOĞRU | D47: Pide | E47: 2655 | F47: 4 | G47: 22 | H47: 7 | I47: 29 | J47: 0.76 | K47: Fadime Yıldırım | L47: 3525048000 | M47: Talas | N47: Mevlana | O47: Mevlana Mah. Papatya Cad. No:21/A Talas/KAYSERİ | P47: Geleneksel | Q47: =COUNTIF('Hedef Liste'!A:A,A47) -> 1
A48: 5fec84f1333ef59d50af42eb | B48: Fors Beyaz Saray Kebap, Melikgazi (Demokrasi Mah. - Toki) | C48: DOĞRU | D48: Kebap | E48: 1484 | G48: 0 | H48: 15 | I48: 15 | J48: 0 | K48: Fatma Aksu | L48: 3522481300 | M48: Melikgazi | N48: Demokrasi | O48: Mimarsinan Demokrasi Mah. Adnan Menderes 1. Cad. No:7/2 Melikgazi/KAYSERİ | P48: Geleneksel | Q48: =COUNTIF('Hedef Liste'!A:A,A48) -> 1
A49: 5fd74ed2f2da101d9cd52d3c | B49: Piliç Tavında, Kocasinan (Erciyesevler Mah.) | C49: DOĞRU | D49: Tavuk | E49: 815 | F49: 5 | G49: 0 | H49: 39 | I49: 39 | J49: 0 | K49: Perihan Erciyas | L49: 3522353435 | M49: Kocasinan | N49: Erciyesevler | O49: Erciyesevler Mah. Tuna Cad. No:6 | P49: Geleneksel | Q49: =COUNTIF('Hedef Liste'!A:A,A49) -> 1
A50: 5fdcd225afe7b1b94ed2ecaf | B50: Bir Canım Tantuni, Talas (Yenidoğan Mah.) | C50: DOĞRU | D50: Tavuk | E50: 1741 | F50: 11 | G50: 15 | H50: 1 | I50: 16 | J50: 0.94 | K50: Bircan Kalkan | L50: 3524377744 | M50: Talas | N50: Yenidoğan | O50: Yenidoğan Mah., Kayabağlar Cad., No:44/B Talas/Kayseri | P50: Geleneksel | Q50: =COUNTIF('Hedef Liste'!A:A,A50) -> 1
A51: 5fdb8ef215a8ed1b7eb96ff3 | B51: Şahin Baba Çorba Izgara, Talas (Mevlana Mah.) | C51: DOĞRU | D51: Kebap | E51: 7111 | F51: 216 | G51: 0 | H51: 40 | I51: 40 | J51: 0 | K51: Müjda Bozdemir | L51: 3524383342 | M51: Talas | N51: Mevlana | O51: Mevlana Mah. Yavuz Sultan Selim Cad. Mimoza Apt. No:1/A Talas/KAYSERİ | P51: Geleneksel | Q51: =COUNTIF('Hedef Liste'!A:A,A51) -> 1
A52: 5fd3687e373158a727a55d19 | B52: Adıyörem Çiğ Köfte Talas (Mevlana Mah.-Halef Hoca Cad.) | C52: DOĞRU | D52: Çiğ Köfte | E52: 1531 | F52: 9 | G52: 6 | H52: 22 | I52: 28 | J52: 0.21 | K52: Servet Kartal | L52: 5526383824 | M52: Talas | N52: Mevlana | O52: Mevlana mh. Halef Hoca cad. No: 72/E | P52: Geleneksel | Q52: =COUNTIF('Hedef Liste'!A:A,A52) -> 1
A53: 5fd3729af32e1d63d615f443 | B53: Pizza Pi, Kocasinan (Sahabiye Mah.) | C53: DOĞRU | D53: Pizza | E53: 8738 | F53: 37 | G53: 1 | H53: 90 | I53: 91 | J53: 0.01 | K53: Meliha Erdoğan | L53: 3522222266 | M53: Kocasinan | N53: Serçeönü | O53: Sahabiye Mh. Teoman Sk. No:9/1 | P53: Geleneksel | Q53: =COUNTIF('Hedef Liste'!A:A,A53) -> 1
A54: 5fe082d6879562b909cc54fa | B54: Tok Yat, Melikgazi (Hunat Mah.) | C54: DOĞRU | D54: Döner | E54: 1476 | F54: 49 | G54: 5 | H54: 3 | I54: 8 | J54: 0.63 | K54: Süleyman Aydemir | L54: 3522325656 | M54: Melikgazi | N54: Cumhuriyet | O54: Cumhuriyet Mah. Mevlevi Cad. No: 22 Melilgazi/Kayseri | P54: Geleneksel | Q54: =COUNTIF('Hedef Liste'!A:A,A54) -> 1
A55: 5fe5dd8487a63b821a31681b | B55: Serpil Abla, Talas (Mevlana Mah.) | C55: DOĞRU | D55: Pasta & Tatlı | E55: 2342 | F55: 131 | G55: 0 | H55: 42 | I55: 42 | J55: 0 | K55: Mustafa Özaşır | L55: 3524376006 | M55: Talas | N55: Mevlana | O55: Mevlana Mah. Halef Hoca Cad. No:39/A Talas/KAYSERİ | P55: Geleneksel | Q55: =COUNTIF('Hedef Liste'!A:A,A55) -> 1
A56: 5fdb39278960330c8ceea394 | B56: Çemen's, Melikgazi (Alpaslan Mah.) | C56: DOĞRU | D56: Ev Yemekleri | E56: 21 | G56: 0 | H56: 25 | I56: 25 | J56: 0 | K56: Hülya Tiritoğlu | L56: 3523338282 | M56: Melikgazi | N56: Melikgazi | O56: Aşık Veysel Blv. No:22, 38030 | P56: Geleneksel | Q56: =COUNTIF('Hedef Liste'!A:A,A56) -> 1
A57: 5fd0ff9505812e050154748d | B57: Pattesçi, Talas (Mevlana Mah.) | C57: DOĞRU | D57: Sokak Lezzetleri | E57: 2652 | F57: 82 | G57: 8 | H57: 18 | I57: 26 | J57: 0.31 | K57: Tugay Gündüz | L57: 3525046718 | M57: Talas | N57: Mevlana | O57: Mevlana Mah., Gözde Sok., No:30, Talas, Kayseri, Türkiye, | P57: Geleneksel | Q57: =COUNTIF('Hedef Liste'!A:A,A57) -> 1
A58: 5fdb4a83b62a1d4aa38182e9 | B58: Cihan Exclusive, Melikgazi (Alpaslan Mah.) | C58: DOĞRU | D58: Pasta & Tatlı | E58: 9681 | F58: 342 | G58: 36 | H58: 164 | I58: 200 | J58: 0.18 | K58: Şaban Zenger | L58: 3522354242 | M58: Melikgazi | N58: Alpaslan | O58: Kızılırmak Cd., 110- 114, 38030, Melikgazi | P58: Geleneksel | Q58: =COUNTIF('Hedef Liste'!A:A,A58) -> 1
A59: 5fdc6e4f5e70c361548a543c | B59: Yamanbey Kebap & Döner, Talas (Yenidoğan Mah.) | C59: DOĞRU | D59: Kebap | E59: 886 | G59: 0 | H59: 55 | I59: 55 | J59: 0 | K59: Mehmet Yılmaz Yücel | L59: 3523333212 | M59: Talas | N59: Yenidoğan | O59: Yenidoğan mah. kayabağlar cad. fatih sitesi A blok 35/ Talas Kayseri | P59: Geleneksel | Q59: =COUNTIF('Hedef Liste'!A:A,A59) -> 1
A60: 5feb4b2152fcdacdb1cae3cf | B60: Pide Park, Melikgazi (Mimarsinan Mah.) | C60: DOĞRU | D60: Pide | E60: 661 | F60: 24 | G60: 24 | H60: 16 | I60: 40 | J60: 0.6 | K60: Eyyüp Karaoğlan | L60: 3523393339 | M60: Melikgazi | N60: Şirintepe | O60: Tavlusun Mah. Gaffur Okkan Blv. No:14/A Melikgazi/KAYSERİ | P60: Geleneksel | Q60: =COUNTIF('Hedef Liste'!A:A,A60) -> 1
A61: 5ff2f522e5886ade7f95c664 | B61: @'li Burger, Melikgazi (Fatih Mah.-İldem) | C61: DOĞRU | D61: Burger | E61: 1899 | F61: 25 | G61: 21 | H61: 22 | I61: 43 | J61: 0.49 | K61: Ahmet Tiryakioğlu | L61: 3522473838 | M61: Melikgazi | N61: Gesi Fatih | O61: İldem Fatih Mah. Günsazak Cad. No:65/109 Melikgazi/KAYSERİ | P61: Geleneksel | Q61: =COUNTIF('Hedef Liste'!A:A,A61) -> 1
A62: 5ff49fd7f0267c0c9c146509 | B62: Adiloğlu Cafe & Pastane, Kocasinan (Erkilet Camiikebir Mah.) | C62: DOĞRU | D62: Pasta & Tatlı | E62: 80 | G62: 17 | H62: 26 | I62: 43 | J62: 0.4 | K62: Yılmaz Ergin | L62: 3523330222 | M62: Kocasinan | N62: Camikebir | O62: Camikebir mah. Zihniye Baykan Cad. No:5/C Kocasinan/KAYSERİ | P62: Geleneksel | Q62: =COUNTIF('Hedef Liste'!A:A,A62) -> 1
A63: 5ff741f937b18126ca06b117 | B63: Kanatçı Kara, Kocasinan (Erciyesevler Mah.) | C63: DOĞRU | D63: Tavuk | E63: 431 | G63: 0 | H63: 10 | I63: 10 | J63: 0 | K63: Kağan Kara | L63: 3522233433 | M63: Kocasinan | N63: Erciyesevler | O63: Erciyesevler Mah. Enginar Cad. No:7 Kocasinan/KAYSERİ | P63: Geleneksel | Q63: =COUNTIF('Hedef Liste'!A:A,A63) -> 1
A64: 5ffc7a5e937d1b9078bd54a7 | B64: Çıtır Chicken, Talas (Mevlana Mah.) | C64: DOĞRU | D64: Tavuk | E64: 2084 | F64: 24 | G64: 9 | H64: 75 | I64: 84 | J64: 0.11 | K64: Aykut Mustafa İzci | L64: 3525020949 | M64: Talas | N64: Mevlana | O64: Mevlana Mah. Halef Hoca Cad. No:42/A Talas/KAYSERİ | P64: Geleneksel | Q64: =COUNTIF('Hedef Liste'!A:A,A64) -> 1
A65: 60037ae03dfc140a18960d5b | B65: Komagene Etsiz Çiğ Köfte, Talas (Sayer Cad.) | C65: DOĞRU | D65: Çiğ Köfte | E65: 4785 | F65: 178 | G65: 101 | H65: 8 | I65: 109 | J65: 0.93 | K65: Esra Gonca Parlar | L65: 5052213504 | M65: Talas | N65: Tablakaya | O65: MEVLANA MH. SAYER CD. YÖRENÇ APT. NO:15\D | P65: Key | Q65: =COUNTIF('Hedef Liste'!A:A,A65) -> 0
A66: 60037cea42b899a36fe0a439 | B66: Komagene Etsiz Çiğ Köfte, Talas (15 Temmuz Cad.) | C66: DOĞRU | D66: Çiğ Köfte | E66: 6042 | F66: 233 | G66: 89 | H66: 5 | I66: 94 | J66: 0.95 | K66: Esra Gonca Parlar | L66: 3529991415 | M66: Talas | N66: Mevlana | O66: MEVLANA MH. MELİHŞAH CD. NO:3\B | P66: Key | Q66: =COUNTIF('Hedef Liste'!A:A,A66) -> 0
A67: 600380633368d6300ceb0a7d | B67: Komagene Etsiz Çiğ Köfte, Talas (Bahçelievler Tepebağlar Cd.) | C67: DOĞRU | D67: Çiğ Köfte | E67: 410 | F67: 27 | G67: 83 | H67: 6 | I67: 89 | J67: 0.93 | K67: Esra Gonca Parlar | L67: 5054019784 | M67: Talas | N67: Bahçelievler | O67: BAHÇELİEVLER MAH. TEPEBAĞLAR CAD. NO:14/A | P67: Key | Q67: =COUNTIF('Hedef Liste'!A:A,A67) -> 0
A68: 60045a1c49bc3df065c9f649 | B68: Komagene Etsiz Çiğ Köfte, Melikgazi (Gökkent Mah.) | C68: DOĞRU | D68: Çiğ Köfte | E68: 92 | F68: 4 | G68: 47 | H68: 3 | I68: 50 | J68: 0.94 | K68: Esra Gonca Parlar | L68: 5075274914 | M68: Melikgazi | N68: Gökkent | O68: GÖKKENT MH. 1798 SK. NO:31/B | P68: Key | Q68: =COUNTIF('Hedef Liste'!A:A,A68) -> 0
A69: 6004b8031cdc7115d7bdef48 | B69: Komagene Etsiz Çiğ Köfte, Melikgazi (Gesi Fatih Mah.) | C69: DOĞRU | D69: Çiğ Köfte | E69: 2967 | F69: 126 | G69: 66 | H69: 5 | I69: 71 | J69: 0.93 | K69: Esra Gonca Parlar | L69: 5343041868 | M69: Melikgazi | N69: Gesi Fatih | O69: GESİ FATİH MH. GÜNSAZAK CD. NO:32\B | P69: Key | Q69: =COUNTIF('Hedef Liste'!A:A,A69) -> 0
A70: 6004c54449bc3d270cc9fc4b | B70: Komagene Etsiz Çiğ Köfte, Kocasinan (Barış Manço Cad.) | C70: DOĞRU | D70: Çiğ Köfte | E70: 785 | F70: 53 | G70: 69 | H70: 3 | I70: 72 | J70: 0.96 | K70: Esra Gonca Parlar | L70: 5396275135 | M70: Kocasinan | N70: Plevne | O70: MEVLANA MAH. BARIŞ MANÇO CAD. 16/C | P70: Key | Q70: =COUNTIF('Hedef Liste'!A:A,A70) -> 0
A71: 6004d8d349bc3d4b2cca091c | B71: Komagene Etsiz Çiğ Köfte, Melikgazi (Anbar Mah.) | C71: DOĞRU | D71: Çiğ Köfte | E71: 1627 | F71: 51 | G71: 52 | H71: 5 | I71: 57 | J71: 0.91 | K71: Esra Gonca Parlar | L71: 5067890684 | M71: Melikgazi | N71: Anbar 1. Bölge | O71: ANBAR MH. MEHMET BAYDUR CD. NİYAZLAR APT. B BLOK:30 /C | P71: Key | Q71: =COUNTIF('Hedef Liste'!A:A,A71) -> 0
A72: 6004deae7b25a23f0bed1e25 | B72: Komagene Etsiz Çiğ Köfte, Melikgazi (Hanedan Sok.) | C72: DOĞRU | D72: Çiğ Köfte | E72: 652 | F72: 44 | G72: 107 | H72: 7 | I72: 114 | J72: 0.94 | K72: Esra Gonca Parlar | L72: 5550176768 | M72: Melikgazi | N72: Gesi Fatih | O72: GESİ FATİH MH. HANEDAN SK. B BLK 24/F | P72: Key | Q72: =COUNTIF('Hedef Liste'!A:A,A72) -> 0
A73: 600570f499ddd436f5fa186e | B73: Komagene Etsiz Çiğ Köfte, Melikgazi (Kadir Has Blv.) | C73: DOĞRU | D73: Çiğ Köfte | E73: 565 | F73: 8 | G73: 110 | H73: 2 | I73: 112 | J73: 0.98 | K73: Esra Gonca Parlar | L73: 5544858428 | M73: Melikgazi | N73: Fatih | O73: FATIH MAH. KADIR HAS BLV. B BLOK NO: 139 B | P73: Key | Q73: =COUNTIF('Hedef Liste'!A:A,A73) -> 0
A74: 600586e5b312cda952f9ee9f | B74: Komagene Etsiz Çiğ Köfte, Melikgazi (Yeniköy Mah.) | C74: DOĞRU | D74: Çiğ Köfte | E74: 3399 | F74: 116 | G74: 92 | H74: 7 | I74: 99 | J74: 0.93 | K74: Esra Gonca Parlar | L74: 5050850250 | M74: Melikgazi | N74: Yeniköy | O74: YENİKÖY MH. SEHER BLV 21\B | P74: Key | Q74: =COUNTIF('Hedef Liste'!A:A,A74) -> 0
A75: 5fcfda0e3b9b584d12f2eb62 | B75: Nohut of Pilav's, Talas (Bahçelievler) | C75: DOĞRU | D75: Ev Yemekleri | E75: 6312 | F75: 346 | G75: 11 | H75: 15 | I75: 26 | J75: 0.42 | K75: Baki Uca | L75: 3524383439 | M75: Talas | N75: Bahçelievler | O75: Bahçelievler, Mevlana Cd. No:32 D:F, 38280 Talas/Kayseri | P75: Geleneksel | Q75: =COUNTIF('Hedef Liste'!A:A,A75) -> 1
A76: 5fd760b614bd887f10aadbcd | B76: Kemal Koçak Corner, Melikgazi (Alpaslan Mah.) | C76: DOĞRU | D76: Burger | E76: 3589 | F76: 96 | G76: 0 | H76: 31 | I76: 31 | J76: 0 | K76: Ömer Faruk Kılıç | L76: 3525021010 | M76: Melikgazi | N76: Melikgazi | O76: Melikgazi, Aşık Veysel Blv. No:22, 38030, 38030 Melikgazi/Kayseri | P76: Geleneksel | Q76: =COUNTIF('Hedef Liste'!A:A,A76) -> 1
A77: 5fcfd35e16bc5879a1db4701 | B77: Hisar, Talas (Bahçelievler Mah.) | C77: DOĞRU | D77: Pasta & Tatlı | E77: 551 | G77: 0 | H77: 52 | I77: 52 | J77: 0 | K77: Burak Göktepe | L77: 3522300300 | M77: Talas | N77: Bahçelievler | O77: Bahçelievler, Mevlana Cd. No:13 D:E, 38280 Talas/Kayseri | P77: Geleneksel | Q77: =COUNTIF('Hedef Liste'!A:A,A77) -> 1
A78: 5fd9decd4f408a613ab6f926 | B78: Uğur Usta Pide & Izgara & Lahmacun, Melikgazi (Alpaslan Mah.) | C78: DOĞRU | D78: Kebap | E78: 2662 | F78: 72 | G78: 0 | H78: 59 | I78: 59 | J78: 0 | K78: Ömer Basat | L78: 3522340000 | M78: Melikgazi | N78: Alpaslan | O78: Alpaslan Mah. Mustafa Şimşek Cad. No: 99A Melikgazi/Kayseri | P78: Geleneksel | Q78: =COUNTIF('Hedef Liste'!A:A,A78) -> 1
A79: 5fdb9cf9521daf8d68679514 | B79: Acil Pizza Pide Lahmacun, Talas (Tablakaya Mah.) | C79: YANLIŞ | D79: Pizza | E79: 252 | G79: 0 | H79: 19 | I79: 19 | J79: 0 | K79: Mustafa Okan Demirci | L79: 3524378971 | M79: Talas | N79: Tablakaya | O79: Tablakaya mh talas kayseri | P79: Geleneksel | Q79: =COUNTIF('Hedef Liste'!A:A,A79) -> 1
A80: 5fd36f209d31ca279fac24a6 | B80: Pizza Pi, Talas (Mevlana Mah.) | C80: DOĞRU | D80: Pizza | E80: 1954 | G80: 0 | H80: 85 | I80: 85 | J80: 0 | K80: Erkan Erdoğan | L80: 3524315555 | M80: Talas | N80: Mevlana | O80: Mevlana mh. Batuhan Sk. Öz Molu İş Merkezi No:12/D | P80: Geleneksel | Q80: =COUNTIF('Hedef Liste'!A:A,A80) -> 1
A81: 5fd5dc157b8824d7ce7e6222 | B81: Simitçi Dünyası, Talas (Mevlana Mah.) | C81: DOĞRU | D81: Kahvaltı | E81: 4438 | F81: 136 | G81: 24 | H81: 41 | I81: 65 | J81: 0.37 | K81: Emrullah Çelik | L81: 5533105093 | M81: Talas | N81: Erciyes Üniversitesi - 15 Temmuz Yerleşkesi | O81: Mevlana Mah. Melikşah Cad. No:18/D Talas/KAYSERİ | P81: Geleneksel | Q81: =COUNTIF('Hedef Liste'!A:A,A81) -> 1
A82: 5fe0bc9920df6eb3ecc1a6df | B82: Shakespeare Bistro, Melikgazi (Alpaslan Mah.-K.park) | C82: DOĞRU | D82: Burger | E82: 740 | F82: 3 | G82: 0 | H82: 59 | I82: 59 | J82: 0 | K82: Abdullah Eren | L82: 3522353597 | M82: Melikgazi | N82: Alpaslan | O82: Alpaslan Mah. Org Eşref Bitlis Blv. Kayseri Park No: 10 İç Kapı No: 301 Melikgazi/Kayseri | P82: Geleneksel | Q82: =COUNTIF('Hedef Liste'!A:A,A82) -> 1
A83: 5fe5ee78ad8a38103124db30 | B83: Çatlayana Kadar, Talas (Mevlana Mah.) | C83: DOĞRU | D83: Ev Yemekleri | E83: 4539 | F83: 145 | G83: 28 | H83: 18 | I83: 46 | J83: 0.61 | K83: Abdullah Ensağ | L83: 5433838887 | M83: Talas | N83: Mevlana | O83: Mevlana Mah. Batuhan Sok. No:17/B Talas/KAYSERİ | P83: Geleneksel | Q83: =COUNTIF('Hedef Liste'!A:A,A83) -> 1
A84: 5fd0924b16bc584b48db4e98 | B84: Çorbacı Celal (Talas) | C84: DOĞRU | D84: Sokak Lezzetleri | E84: 1303 | F84: 9 | G84: 6 | H84: 5 | I84: 11 | J84: 0.55 | K84: Rıdvan Karaca | L84: 5443034205 | M84: Talas | N84: Tablakaya | O84: Kiçiköy, Halef Hoca Cd. No:9 D:H, 38280 Talas/Kayseri | P84: Geleneksel | Q84: =COUNTIF('Hedef Liste'!A:A,A84) -> 1
A85: 5fe630f1a415e942fd3bdcd8 | B85: Patso's, Talas (Mevlana Mah.) | C85: DOĞRU | D85: Tost & Sandviç | E85: 4631 | F85: 26 | G85: 13 | H85: 28 | I85: 41 | J85: 0.32 | K85: Akif Büyükbahçeci | L85: 3525039503 | M85: Talas | N85: Mevlana | O85: Mevlana Mah. Elçibey Cad. No:45/C Talas/KAYSERİ | P85: Geleneksel | Q85: =COUNTIF('Hedef Liste'!A:A,A85) -> 1
A86: 5fd892204d8cc04fbb7f3fae | B86: Gazi Çiğ Köfte, Melikgazi (Alpaslan Mah.) | C86: YANLIŞ | D86: Çiğ Köfte | E86: 48 | G86: 0 | H86: 31 | I86: 31 | J86: 0 | K86: Bülent Şahin | L86: 3522345668 | M86: Melikgazi | N86: Alpaslan | O86: Alpaslan Mah. Kızılırmak Cad. Vakıf Yenipark Apt. No:118/B Melikgazi/KAYSERİ | P86: Geleneksel | Q86: =COUNTIF('Hedef Liste'!A:A,A86) -> 1
A87: 5fe5c275ce622f0674cb33d9 | B87: Hizmet Çorba Kebap, Kocasinan (Sahabiye Mah.) | C87: DOĞRU | D87: Kebap | E87: 2881 | F87: 206 | G87: 41 | H87: 8 | I87: 49 | J87: 0.84 | K87: Mehmet Özen | L87: 3522314019 | M87: Kocasinan | N87: Sahabiye | O87: Sahabiye Mah. İstasyon Cad. Ak İş Merkezi No:14/A Kocasinan/KAYSERİ | P87: Geleneksel | Q87: =COUNTIF('Hedef Liste'!A:A,A87) -> 1
A88: 5fd09c260bffcf5a90f4ee5b | B88: Setenay Ev Yemekleri, Talas (Kiçiköy Mah.) | C88: YANLIŞ | D88: Ev Yemekleri | E88: 784 | G88: 0 | H88: 47 | I88: 47 | J88: 0 | K88: Setenay Polat | L88: 5517152602 | M88: Talas | N88: Tablakaya | O88: Kiçiköy, Halef Hoca Cd., 38280 Talas/Kayseri | P88: Geleneksel | Q88: =COUNTIF('Hedef Liste'!A:A,A88) -> 1
A89: 5fd2434c74b885204e058ea7 | B89: Aboww Pizza Talas (Mevlana Mah.) | C89: DOĞRU | D89: Pizza | E89: 3685 | F89: 85 | G89: 15 | H89: 41 | I89: 56 | J89: 0.27 | K89: Yaşar Üsten | L89: 3525037727 | M89: Talas | N89: Mevlana | O89: Mevlana, 6078. Sokak, 38250 Talas/Kayseri | P89: Geleneksel | Q89: =COUNTIF('Hedef Liste'!A:A,A89) -> 1
A90: 5fd1fc1c8836ed32129f972c | B90: Serince Çiğ Köfte, Talas (Mevlana Mah.-Halef Hoca Cad.) | C90: DOĞRU | D90: Çiğ Köfte | E90: 1748 | F90: 15 | G90: 2 | H90: 16 | I90: 18 | J90: 0.11 | K90: Akın Bayazıt | L90: 3524314646 | M90: Talas | N90: Mevlana | O90: Mevlana Mah. Halef Hoca Cad. 20 Talas, Kayseri | P90: Geleneksel | Q90: =COUNTIF('Hedef Liste'!A:A,A90) -> 1
A91: 5fec982ee97c0d21e5d16877 | B91: Komagene Etsiz Çiğ Köfte, Talas (Bahçelievler Mah. Mevlana Cad.) | C91: DOĞRU | D91: Çiğ Köfte | E91: 2022 | F91: 152 | G91: 96 | H91: 7 | I91: 103 | J91: 0.93 | K91: Esra Gonca Parlar | L91: 5054019784 | M91: Talas | N91: Bahçelievler | O91: BAHÇELİEVLER MH. MEVLANA CD. NO:28\A | P91: Key | Q91: =COUNTIF('Hedef Liste'!A:A,A91) -> 0
A92: 5ff2d70258f3ac23d7e6f8d0 | B92: Seval Pide, Kocasinan (Beyazşehir Mah.) | C92: DOĞRU | D92: Pide | E92: 595 | F92: 34 | G92: 0 | H92: 9 | I92: 9 | J92: 0 | K92: Ahmet Tüysüz | L92: 3522511505 | M92: Kocasinan | N92: Beyazşehir | O92: Beyazşehir Mah. 4088.Sok. No:4 Kocasinan/KAYSERİ | P92: Geleneksel | Q92: =COUNTIF('Hedef Liste'!A:A,A92) -> 1
A93: 5ff2e397e152154e7196b321 | B93: Kebabistan, Melikgazi (Fatih Mah.-İldem) | C93: DOĞRU | D93: Döner | E93: 3679 | F93: 61 | G93: 1 | H93: 15 | I93: 16 | J93: 0.06 | K93: Sultan Yıldız | L93: 3522220614 | M93: Melikgazi | N93: Gesi Fatih | O93: Gesi Fatih Mah. Gün Sazak Cad. No:32/C Melikgazi/KAYSERİ | P93: Geleneksel | Q93: =COUNTIF('Hedef Liste'!A:A,A93) -> 1
A94: 5ff32040ee0f721a2ea8e2c2 | B94: Adıyörem Çiğ Köfte, Kocasinan (Yavuzselim Mah.) | C94: DOĞRU | D94: Çiğ Köfte | E94: 82 | G94: 7 | H94: 13 | I94: 20 | J94: 0.35 | K94: Gökan Süslü | L94: 5312840476 | M94: Kocasinan | N94: Yavuz Selim | O94: Yavuzselim Mah. 727.Sok. No:14/F Kocasinan/KAYSERİ | P94: Geleneksel | Q94: =COUNTIF('Hedef Liste'!A:A,A94) -> 1
A95: 5ff5a20cc291bc7f0b998883 | B95: Lezzeti Harika Hatay Sofrası, Kocasinan (Sahabiye Mah.) | C95: DOĞRU | D95: Kebap | E95: 10172 | F95: 137 | G95: 0 | H95: 25 | I95: 25 | J95: 0 | K95: Nurşen Sakallı | L95: 3522321222 | M95: Kocasinan | N95: Serçeönü | O95: Sahabiye Mah. Ahmet Paşa Cad. No:14/A Kocasinan/KAYSERİ | P95: Geleneksel | Q95: =COUNTIF('Hedef Liste'!A:A,A95) -> 1
A96: 5ff8657e1f40a36ca190cd68 | B96: Saray Tatlıcısı, Melikgazi (Hürriyet Mah.) | C96: DOĞRU | D96: Pasta & Tatlı | E96: 2223 | G96: 0 | H96: 52 | I96: 52 | J96: 0 | K96: Yakup Avlukyarı | L96: 3523332023 | M96: Melikgazi | N96: Çorakçılar | O96: Çorakçılar Mah. Cengiz Topel Cad. No:35/A Melikgazi/KAYSERİ | P96: Geleneksel | Q96: =COUNTIF('Hedef Liste'!A:A,A96) -> 1
A97: 5ff597ef1687ab0bc7cc1443 | B97: Kafkas Mutfak, Kocasinan (Sahabiye Mah.) | C97: DOĞRU | D97: Ev Yemekleri | E97: 1597 | F97: 38 | G97: 0 | H97: 36 | I97: 36 | J97: 0 | K97: Cem Ceylan | L97: 3522312255 | M97: Kocasinan | N97: Sahabiye | O97: Sahabiye Mah. Ahmet Paşa Cad. No:25/A Kocasinan/KAYSERİ | P97: Geleneksel | Q97: =COUNTIF('Hedef Liste'!A:A,A97) -> 1
A98: 5ff72602e348f64d26a1cde3 | B98: Erdem Malatya Pide Fırını, Kocasinan (Gevhernesibe Mah.) | C98: DOĞRU | D98: Pide | E98: 5661 | F98: 138 | G98: 0 | H98: 18 | I98: 18 | J98: 0 | K98: Volkan Demirci | L98: 3522224726 | M98: Kocasinan | N98: Sahabiye | O98: Gevhernesibe Mah. İstasyon Cad. No:19/B Kocasinan/KAYSERİ | P98: Geleneksel | Q98: =COUNTIF('Hedef Liste'!A:A,A98) -> 1
A99: 5ffc472a68b4947f398ee949 | B99: İstanbul Çiğ Köfte, Kocasinan (Barbaros Mah.) | C99: DOĞRU | D99: Çiğ Köfte | E99: 889 | F99: 25 | G99: 0 | H99: 33 | I99: 33 | J99: 0 | K99: Ünal Comart | L99: 3523399901 | M99: Kocasinan | N99: Barbaros | O99: Barbaros Mah. Külden Sok. No:5/A Kocasinan/KAYSERİ | P99: Geleneksel | Q99: =COUNTIF('Hedef Liste'!A:A,A99) -> 1
A100: 60038306507e7611d028da80 | B100: Komagene Etsiz Çiğ Köfte, Kocasinan (Bağdat Cad.) | C100: DOĞRU | D100: Çiğ Köfte | E100: 976 | F100: 24 | G100: 69 | H100: 5 | I100: 74 | J100: 0.93 | K100: Esra Gonca Parlar | L100: 5459671390 | M100: Kocasinan | N100: Gaziosman Paşa | O100: GAZİOSMANPAŞA MH. BAĞDAT CD. NO:47\B | P100: Key | Q100: =COUNTIF('Hedef Liste'!A:A,A100) -> 0
...

Sheet Durum Parametreler
C2: Başka Şubeden Çekilecek | H2: Mertcan
C3: BlackList | F3: Feyza Yıldırım | H3: Enes
A4: 44197 | C4: Çekim İstemiyor | H4: Ezgi Turan
A5: 44198 | C5: Devir | H5: Hatem Soyaslan
A6: 44199 | C6: Dönüş Yapacak | H6: Zeliha Özer
A7: 44200 | C7: Franchise | H7: Emre Dalgıç
A8: 44201 | C8: İleride Randevu Alınacak | F8: Ayşegül Kır | H8: Gül Değirmenci
A9: 44202 | C9: Lokasyon Uzak | F9: Betül Demir | H9: Yurdagül Kulaksız
A10: 44203 | C10: Haziran'da Aranacak | F10: Hatem Soyaslan | H10: Ayfer Altın
A11: 44204 | C11: Menü Güncellemesi Yapılacak | F11: Selcan Topçu | H11: Ayşegül Kır
A12: 44205 | C12: Personel Eksik | F12: Sude Alkan | H12: Damla Kılcı
A13: 44206 | C13: Randevu Alındı | F13: Yurdagül Kulaksız | H13: Özlem arslan
A14: 44207 | C14: Randevu İptal | F14: Zeliha Özer | H14: Beyza gülşah
A15: 44208 | C15: Restoran Silindi | F15: Ferhat Köksal | H15: Özlem gümüş
A16: 44209 | C16: Sistemden Çıkmak İstiyor | F16: Enes Günal | H16: Tuğba Buyur
A17: 44210 | C17: Tadilat Var | F17: Serap Apaydın | H17: Kadriye Polat
A18: 44211 | C18: Ulaşılamadı | H18: Şükriye Demir
A19: 44212 | C19: Yılbaşından Sonra Aranacak | H19: Ece Bayındır
A20: 44213 | H20: Senanur Çınar
A21: 44214 | H21: Şura Özcan
A22: 44215 | C22: Dönüş Yapacak | H22: Funda Ünlü
A23: 44216 | C23: Görüşüldü | H23: Sıla Göksunaz Esen
A24: 44217 | C24: Tekrar Aranacak | H24: Emel Yılmaz
A25: 44218 | C25: Ulaşılamadı | H25: Ecem Ersöz
A26: 44219 | C26: Yetkili Yok | H26: Livanur Elibol
A27: 44220 | H27: Eda Cıbır
A28: 44221 | C28: Hemen Randevu İstiyorum | H28: Meryem Yalabık
A29: 44222 | C29: Fotoğraflarım Var | H29: Serenay Yalabık
A30: 44223 | C30: İleride Randevu İstiyorum
A31: 44224
A32: 44225 | C32: Randevu Alınabilir
A33: 44226 | C33: Çekim İstemiyor
A34: 44227 | C34: Fotoğrafları Yok - Randevu Alınabilir
A35: 44228 | C35: Fotoğrafları Gönderecek
A36: 44229
A37: 44230
A38: 44231
A39: 44232
A40: 44233
A41: 44234
A42: 44235
A43: 44236
A44: 44237
A45: 44238
A46: 44239
A47: 44240
... A820: 45013

Sheet özet
G4: Tarih | H4: Başarılı Randevu | I4: İptal Randevu | J4: Top. Rest | K4: =COUNTIFS(import!$C:$C,"true",import!$P:$P,"Geleneksel") -> 0 | O4: İptal Randevu | P4: Fotoğraflandırılan Top. Ürün | Q4: Fotoğraflandırılan Ort. Ürün
B5: Başka Şubeden Çekilecek | C5: =COUNTIFS('Hedef Liste'!T:T,B5,'Hedef Liste'!C:C,"true",'Hedef Liste'!P:P,"Geleneksel",'Hedef Liste'!J:J,"=0%") -> 0 | D5: toplam rest | E5: =COUNTIFS(import!C:C,"true",import!P:P,"Geleneksel") -> 0 | J5: Fotoğraflı | K5: =COUNTIFS(import!$C:$C,"true",import!$P:$P,"Geleneksel",import!$J:$J,">0%") -> 0 | M5: =$K$5/$K$4 -> #DIV/0!
B6: BlackList | C6: =COUNTIF('Hedef Liste'!T:T,B6) -> 4 | D6: fotoğraflı | E6: =COUNTIFS(import!C:C,"true",import!P:P,"Geleneksel",import!J:J,">0%") -> 0
B7: Çekim İstemiyor | C7: =COUNTIFS('Hedef Liste'!T:T,B7,'Hedef Liste'!C:C,"true",'Hedef Liste'!P:P,"Geleneksel",'Hedef Liste'!J:J,"=0%") -> 0 | D7: % | E7: =E6/E5 -> #DIV/0! | J7: Ürün Adet | K7: 0-25 | M7: 25+ | S7: İptal Oranı
B8: Devir | C8: =COUNTIF('Hedef Liste'!T:T,B8) -> 2 | J8: Fotoğraflı | K8: =COUNTIFS(import!$C:$C,"true",import!$J:$J,">0%",import!$P:$P,"Geleneksel",import!$I:$I,"<=25") -> 0 | L8: =K8/K5 -> #DIV/0! | M8: =COUNTIFS(import!C:C,"true",import!J:J,">0%",import!P:P,"Geleneksel",import!I:I,">25") -> 0 | N8: =M8/K5 -> #DIV/0! | S8: =O13/N13 -> #DIV/0!
B9: Dönüş Yapacak | C9: =COUNTIFS('Hedef Liste'!T:T,B9,'Hedef Liste'!C:C,"true",'Hedef Liste'!P:P,"Geleneksel",'Hedef Liste'!J:J,"=0%") -> 0 | J9: 0-20% | K9: =COUNTIFS(import!C:C,"true",import!J:J,">0%",import!J:J,"<=20%",import!P:P,"Geleneksel",import!I:I,"<=25") -> 0 | L9: =K9/K8 -> #DIV/0! | M9: =COUNTIFS(import!C:C,"true",import!J:J,">0%",import!J:J,"<=20%",import!P:P,"Geleneksel",import!I:I,">25") -> 0 | N9: =M9/M8 -> #DIV/0!
B10: Franchise | C10: =COUNTIFS('Hedef Liste'!T:T,B10,'Hedef Liste'!C:C,"true",'Hedef Liste'!P:P,"Geleneksel",'Hedef Liste'!J:J,"=0%") -> 0 | J10: 21-50% | K10: =COUNTIFS(import!C:C,"true",import!J:J,">20%",import!J:J,"<=50%",import!P:P,"Geleneksel",import!I:I,"<=25") -> 0 | L10: =K10/K8 -> #DIV/0! | M10: =COUNTIFS(import!C:C,"true",import!J:J,">20%",import!J:J,"<=50%",import!P:P,"Geleneksel",import!I:I,">25") -> 0 | N10: =M10/M8 -> #DIV/0!
B11: İleride Randevu Alınacak | C11: =COUNTIFS('Hedef Liste'!T:T,B11,'Hedef Liste'!C:C,"true",'Hedef Liste'!P:P,"Geleneksel",'Hedef Liste'!J:J,"=0%") -> 0 | J11: 51-80% | K11: =COUNTIFS(import!C:C,"true",import!J:J,">50%",import!J:J,"<=80%",import!P:P,"Geleneksel",import!I:I,"<=25") -> 0 | L11: =K11/K8 -> #DIV/0! | M11: =COUNTIFS(import!C:C,"true",import!J:J,">50%",import!J:J,"<=80%",import!P:P,"Geleneksel",import!I:I,">25") -> 0 | N11: =M11/M8 -> #DIV/0!
B12: Lokasyon Uzak | C12: =COUNTIFS('Hedef Liste'!T:T,B12,'Hedef Liste'!C:C,"true",'Hedef Liste'!P:P,"Geleneksel",'Hedef Liste'!J:J,"=0%") -> 0 | J12: >80% | K12: =COUNTIFS(import!C:C,"true",import!J:J,">80%",import!P:P,"Geleneksel",import!I:I,"<=25") -> 0 | L12: =K12/K8 -> #DIV/0! | M12: =COUNTIFS(import!C:C,"true",import!J:J,">80%",import!P:P,"Geleneksel",import!I:I,">25") -> 0 | N12: =M12/M8 -> #DIV/0!
B13: Haziran'da Aranacak | C13: =COUNTIFS('Hedef Liste'!T:T,B13,'Hedef Liste'!C:C,"true",'Hedef Liste'!P:P,"Geleneksel",'Hedef Liste'!J:J,"=0%") -> 0
B14: Menü Güncellemesi Yapılacak | C14: =COUNTIFS('Hedef Liste'!T:T,B14,'Hedef Liste'!C:C,"true",'Hedef Liste'!P:P,"Geleneksel",'Hedef Liste'!J:J,"=0%") -> 0
B15: Personel Eksik | C15: =COUNTIFS('Hedef Liste'!T:T,B15,'Hedef Liste'!C:C,"true",'Hedef Liste'!P:P,"Geleneksel",'Hedef Liste'!J:J,"=0%") -> 0
B16: Randevu Alındı | C16: =COUNTIFS('Hedef Liste'!T:T,B16,'Hedef Liste'!C:C,"true",'Hedef Liste'!P:P,"Geleneksel",'Hedef Liste'!J:J,"=0%") -> 0
B17: Randevu İptal | C17: =COUNTIFS('Hedef Liste'!T:T,B17,'Hedef Liste'!C:C,"true",'Hedef Liste'!P:P,"Geleneksel",'Hedef Liste'!J:J,"=0%") -> 0
B18: Restoran Silindi | C18: =COUNTIFS('Hedef Liste'!T:T,B18,'Hedef Liste'!C:C,"true",'Hedef Liste'!P:P,"Geleneksel",'Hedef Liste'!J:J,"=0%") -> 0
B19: Sistemden Çıkmak İstiyor | C19: =COUNTIFS('Hedef Liste'!T:T,B19,'Hedef Liste'!C:C,"true",'Hedef Liste'!P:P,"Geleneksel",'Hedef Liste'!J:J,"=0%") -> 0
B20: Tadilat Var | C20: =COUNTIFS('Hedef Liste'!T:T,B20,'Hedef Liste'!C:C,"true",'Hedef Liste'!P:P,"Geleneksel",'Hedef Liste'!J:J,"=0%") -> 0
B21: Ulaşılamadı | C21: =COUNTIFS('Hedef Liste'!T:T,B21,'Hedef Liste'!C:C,"true",'Hedef Liste'!P:P,"Geleneksel",'Hedef Liste'!J:J,"=0%") -> 0
B22: Ramazandan Sonra Randevu Istiyor | C22: =COUNTIFS('Hedef Liste'!T:T,B22,'Hedef Liste'!C:C,"true",'Hedef Liste'!P:P,"Geleneksel",'Hedef Liste'!J:J,"=0%") -> 0
B23: Fotoğrafı Var | C23: =COUNTIFS('Hedef Liste'!S:S,"True",'Hedef Liste'!C:C,"true",'Hedef Liste'!P:P,"Geleneksel",'Hedef Liste'!J:J,"=0%",'Hedef Liste'!T:T,"") -> 0
B24: TOPLAM | C24: =SUM(C5:C23) -> 6 | D24: =COUNTIFS('Hedef Liste'!C:C,"true",'Hedef Liste'!P:P,"Geleneksel") -> 0
B27: Randevu Başarı %
B28: =C16/COUNTIFS('Hedef Liste'!R:R,"true",'Hedef Liste'!C:C,"true") -> #DIV/0!
