Workbook

Sheet Hedef Liste
A1: Restaurant ID | B1: Restoran Adı | C1: Satışa Açık Mı? | D1: Mutfak | E1: TOPLAM SİPARİŞ | F1: SON 2 HAFTA | G1: RESİMLİ ÜRÜN | H1: RESİMSİZ ÜRÜN | I1: TOPLAM ÜRÜN | J1: Ratio | K1: Yetkili | L1: Telefon | M1: İLÇE | N1: MAHALLE | O1: ADRES | P1: Geleneksel Zincir | Q1: FOTOĞRAF SEGMENT | R1: Aradık Mı? | S1: Kendi Fotosu Var | T1: Randevu Durumu | U1: Randevu Alan | V1: Fotoğrafçı | W1: Not | X1: Randevu Alma Tarihi | Y1: Randevu Tarihi | Z1: Anket Durum | AA1: 1. Arama | AB1: 1. Arama Tarihi | AC1: 2. Arama | AD1: 2. Arama Tarihi | AE1: 3. Arama | AF1: 3. Arama Tarihi | AG1: 4. Arama | AH1: 4. Arama Tarihi | AI1: 5. Arama | AJ1: 5. Arama Tarihi | AK1: 1. Arayan | AL1: 2. Arayan | AM1: 3. Arayan | AN1: 4. Arayan | AO1: 5. Arayan | AP1: SY | AQ1: SY - Durum
A2: 6011db81bb98bb6dff370268 | B2: @'li Burger, Erdemli (Merkez Mah.) | C2: =VLOOKUP(A2,import!A:C,3,0) -> DOĞRU | D2: Burger | E2: =VLOOKUP(A2,import!A:J,5,0) -> 853 | F2: =VLOOKUP(A2,import!A:J,6,0) -> 28 | G2: =VLOOKUP(A2,import!A:J,7,0) -> 2 | H2: =VLOOKUP(A2,import!A:J,8,0) -> 19 | I2: =VLOOKUP(A2,import!A:J,9,0) -> 21 | J2: =VLOOKUP(A2,import!A:J,10,0) -> 0.1 | K2: Seviye Durma | L2: 5333472405 | M2: Erdemli | N2: Merkez 1. Bölge | O2: Merkez Mah.Erdemoğlu Bulvarı, Erdemli Kültür Merlezi No/44 Erdemli, Mersin | P2: =VLOOKUP(A2,import!A:P,16,0) -> Geleneksel | Q2: 0-15 | R2: TRUE | S2: FALSE | T2: Randevu Alındı | U2: Hatem Soyaslan | V2: Burçin Sezer | W2: merkez mah nova city avm 3.kat | X2: 44503 | Y2: 44504 | AA2: Ulaşılamadı | AB2: 44418 | AC2: Görüşüldü | AD2: 44503 | AK2: Deneme | AL2: Hatem Soyaslan | AP2: Serkan Kutlutürk
A3: 6002f166e2740f0a9319bef3 | B3: 01 Mis Börek, Mezitli (Fatih Mah.) | C3: =VLOOKUP(A3,import!A:C,3,0) -> DOĞRU | D3: Börek | E3: =VLOOKUP(A3,import!A:J,5,0) -> 2570 | F3: =VLOOKUP(A3,import!A:J,6,0) -> 112 | G3: =VLOOKUP(A3,import!A:J,7,0) -> 3 | H3: =VLOOKUP(A3,import!A:J,8,0) -> 5 | I3: =VLOOKUP(A3,import!A:J,9,0) -> 8 | J3: =VLOOKUP(A3,import!A:J,10,0) -> 0.38 | K3: Serhat Kırçiçek | L3: 5532992238 | M3: Mezitli | N3: Fatih | O3: Fatih Mah. 30016 Sokak No/2-C Mezitli,Mersin | P3: =VLOOKUP(A3,import!A:P,16,0) -> Geleneksel | Q3: 0-15 | R3: TRUE | S3: FALSE | T3: Randevu Alındı | U3: Hatem Soyaslan | V3: Hikmet Avcı | W3: önemli fotoğraflar panelde ekli | X3: 44274 | Y3: 44277 | AP3: Serkan Kutlutürk
A4: 5ffcabd15757432cd8db3247 | B4: 12:15 Tantuni & Döner & Sakatat, Yenişehir (Güvenevler Mah.) | C4: =VLOOKUP(A4,import!A:C,3,0) -> DOĞRU | D4: Döner | E4: =VLOOKUP(A4,import!A:J,5,0) -> 14612 | F4: =VLOOKUP(A4,import!A:J,6,0) -> 168 | G4: =VLOOKUP(A4,import!A:J,7,0) -> 14 | H4: =VLOOKUP(A4,import!A:J,8,0) -> 36 | I4: =VLOOKUP(A4,import!A:J,9,0) -> 50 | J4: =VLOOKUP(A4,import!A:J,10,0) -> 0.28 | K4: Emirhan Ergül | L4: 5525823245 | M4: Yenişehir | N4: Güvenevler | O4: Güvenevler Mah.1904 Sokak No/6-A Yenişehir,Mersin | P4: =VLOOKUP(A4,import!A:P,16,0) -> Geleneksel | Q4: 26-35 | R4: TRUE | S4: FALSE | T4: Randevu Alındı | U4: Emre Dalgıç | V4: Burçin Sezer | W4: meşgul //meşgul | X4: 44271 | Y4: 44271 | AP4: Serkan Kutlutürk
A5: 601af201499bfc3d0aab2620 | B5: 1991 Tarihi Ortaköy Kumpircisi, Yenişehir (Çiftlikköy Mah.) | C5: =VLOOKUP(A5,import!A:C,3,0) -> DOĞRU | D5: Sokak Lezzetleri | E5: =VLOOKUP(A5,import!A:J,5,0) -> 6257 | F5: =VLOOKUP(A5,import!A:J,6,0) -> 297 | G5: =VLOOKUP(A5,import!A:J,7,0) -> 12 | H5: =VLOOKUP(A5,import!A:J,8,0) -> 108 | I5: =VLOOKUP(A5,import!A:J,9,0) -> 120 | J5: =VLOOKUP(A5,import!A:J,10,0) -> 0.1 | K5: Özkan Arıkan | L5: 5525153333 | M5: Yenişehir | N5: Çiftlikköy | O5: Çiftlikköy Mah.Üniversite Cad.No/42-D Yenişehir,Mersin | P5: =VLOOKUP(A5,import!A:P,16,0) -> Geleneksel | Q5: 35+ | R5: TRUE | S5: TRUE | W5: 05355691111 meşgul // kndılerı cekıp paylasılcak / kalan ürünlerini kendisi mail atacakmış | AA5: Tekrar Aranacak | AB5: 44393 | AC5: Görüşüldü | AD5: 44519 | AE5: Ulaşılamadı | AF5: 44350 | AG5: Görüşüldü | AH5: 44538 | AI5: Görüşüldü | AJ5: 44580 | AK5: Hatem Soyaslan | AL5: Selcan Topçu | AM5: Hatice Özer | AN5: Selcan Topçu | AO5: Betül Demir | AP5: Serkan Kutlutürk
A6: 60900b0d800b49719bcac447 | B6: 33 Orhan Usta Tantuni, Mezitli (Akdeniz Mah.) | C6: =VLOOKUP(A6,import!A:C,3,0) -> DOĞRU | D6: Sokak Lezzetleri | E6: =VLOOKUP(A6,import!A:J,5,0) -> 2608 | F6: =VLOOKUP(A6,import!A:J,6,0) -> 135 | G6: =VLOOKUP(A6,import!A:J,7,0) -> 10 | H6: =VLOOKUP(A6,import!A:J,8,0) -> 10 | I6: =VLOOKUP(A6,import!A:J,9,0) -> 20 | J6: =VLOOKUP(A6,import!A:J,10,0) -> 0.5 | K6: Orhan Pelin | L6: 5378913233 | M6: Mezitli | N6: Merkez | O6: Akdeniz Mah.Zeytinli Cad. No/5-A Mezitli,Mersin | P6: =VLOOKUP(A6,import!A:P,16,0) -> Geleneksel | R6: TRUE | S6: FALSE | T6: Randevu Alındı | U6: Ravza Eğilmez | V6: Burçin Sezer | W6: 5326210445 kendi numarası | X6: 44417 | Y6: 44424 | AA6: Görüşüldü | AB6: 44417 | AK6: Ravza Eğilmez | AP6: Serkan Kutlutürk
A7: 61e6cb8253b020c4c8ae77bb | B7: 33 Öz Mersin Döner, Mezitli (Viranşehir Mah.) | C7: =VLOOKUP(A7,import!A:C,3,0) -> DOĞRU | D7: Döner | E7: =VLOOKUP(A7,import!A:J,5,0) -> 1212 | F7: =VLOOKUP(A7,import!A:J,6,0) | G7: =VLOOKUP(A7,import!A:J,7,0) -> 5 | H7: =VLOOKUP(A7,import!A:J,8,0) -> 2 | I7: =VLOOKUP(A7,import!A:J,9,0) -> 7 | J7: =VLOOKUP(A7,import!A:J,10,0) -> 0.71 | K7: Ali Dinçel | L7: 3243585861 | M7: Mezitli | N7: Viranşehir | O7: Viranşehir Mah.Milli Egemenlik Cad.No:11-F Mezitli,Mersin | P7: =VLOOKUP(A7,import!A:P,16,0) -> Geleneksel | R7: TRUE | S7: FALSE | T7: Randevu Alındı | U7: Betül Demir | V7: Hikmet Avcı | W7: duygu / 5523901989 | X7: 44590 | Y7: 44594 | AA7: Görüşüldü | AB7: 44585 | AC7: Görüşüldü | AD7: 44590 | AK7: Sude Alkan | AL7: Betül Demir
A8: 601954628ecbe9f3ef5c861c | B8: 33 Öz Mersin Tantuni, Mezitli (Viranşehir Mah.) | C8: =VLOOKUP(A8,import!A:C,3,0) -> DOĞRU | D8: Tavuk | E8: =VLOOKUP(A8,import!A:J,5,0) -> 7107 | F8: =VLOOKUP(A8,import!A:J,6,0) -> 597 | G8: =VLOOKUP(A8,import!A:J,7,0) -> 9 | H8: =VLOOKUP(A8,import!A:J,8,0) -> 1 | I8: =VLOOKUP(A8,import!A:J,9,0) -> 10 | J8: =VLOOKUP(A8,import!A:J,10,0) -> 0.9 | K8: Ali Dinçel | L8: 3243585861 | M8: Mezitli | N8: Viranşehir | O8: Viranşehir mh.milli egemenlik caddesi no11/F - Eski Mezitli Belediye Binası Ve Teb Bankası Arasında 100 mtre aşagıda | P8: =VLOOKUP(A8,import!A:P,16,0) -> Geleneksel | Q8: 0-15 | R8: TRUE | S8: FALSE | T8: Randevu Alındı | U8: Tuğba Buyur | V8: Hikmet Avcı | W8: çekim yapılmış \\tamamı çekilmiş. | X8: 44266 | Y8: 44270 | AP8: Serkan Kutlutürk
A9: 6155b04f0f840cd101625ed8 | B9: 421 Burger, Yenişehir (İnönü Mah.) | C9: =VLOOKUP(A9,import!A:C,3,0) -> DOĞRU | D9: Burger | E9: =VLOOKUP(A9,import!A:J,5,0) -> 1396 | F9: =VLOOKUP(A9,import!A:J,6,0) -> 175 | G9: =VLOOKUP(A9,import!A:J,7,0) -> 0 | H9: =VLOOKUP(A9,import!A:J,8,0) -> 31 | I9: =VLOOKUP(A9,import!A:J,9,0) -> 31 | J9: =VLOOKUP(A9,import!A:J,10,0) -> 0 | K9: Fatma Dilara İnan | L9: 3243250421 | M9: Yenişehir | N9: İnönü | O9: İnönü Mah.1407 Sokak No/13-A Yenişehir,Mersin | P9: =VLOOKUP(A9,import!A:P,16,0) -> Geleneksel | R9: TRUE | S9: TRUE | W9: mail paylasıldı / öğle ara / 12 gibi ara / mail adresine atacak bugün | AA9: Görüşüldü | AB9: 44481 | AC9: Görüşüldü | AD9: 44540 | AK9: Selcan Topçu | AL9: Betül Demir | AP9: Serkan Kutlutürk
A10: 601fd7b7d7f75e71dfdbdc56 | B10: 63 Ciğer Kebap , Yenişehir (Barboros Mah.) | C10: =VLOOKUP(A10,import!A:C,3,0) -> DOĞRU | D10: Kebap | E10: =VLOOKUP(A10,import!A:J,5,0) -> 2176 | F10: =VLOOKUP(A10,import!A:J,6,0) -> 72 | G10: =VLOOKUP(A10,import!A:J,7,0) -> 9 | H10: =VLOOKUP(A10,import!A:J,8,0) -> 21 | I10: =VLOOKUP(A10,import!A:J,9,0) -> 30 | J10: =VLOOKUP(A10,import!A:J,10,0) -> 0.3 | K10: Hacı Ahmet Uyar | L10: 3243271463 | M10: Yenişehir | N10: Barbaros | O10: Barboros Mah.Gazi Mustafa Kemal Bulvarı No/482-B Yenişehir,Mersin | P10: =VLOOKUP(A10,import!A:P,16,0) -> Geleneksel | Q10: 26-35 | R10: TRUE | S10: FALSE | T10: Randevu Alındı | U10: Betül Demir | V10: Hikmet Avcı | W10: ÇEKİM YAPILDI DİYOR AMA NEREDE YAPILMIŞ ARKADAŞLAR BUNLARI SORALIM LÜTFEN, ÇEKİM YAPILAN BAŞKA ŞUBE YOK ÇÜNKÜ // Çekim bu şubede yapılmış tüm ürünleri çekilmiş | X10: 44560 | Y10: 44565 | AA10: Ulaşılamadı | AB10: 44350 | AC10: Ulaşılamadı | AD10: 44354 | AG10: Görüşüldü | AH10: 44358 | AI10: Görüşüldü | AJ10: 44580 | AL10: Derya Tatlı | AM10: Hatice Özer | AN10: Nazmiye Yuka | AO10: Betül Demir | AP10: Serkan Kutlutürk
A11: 604c813fcc98d71d93a662aa | B11: Abidin Tantuni, Yenişehir (Aydınlıkevler Mah.) | C11: =VLOOKUP(A11,import!A:C,3,0) -> DOĞRU | D11: Sokak Lezzetleri | E11: =VLOOKUP(A11,import!A:J,5,0) -> 1132 | F11: =VLOOKUP(A11,import!A:J,6,0) -> 75 | G11: =VLOOKUP(A11,import!A:J,7,0) -> 8 | H11: =VLOOKUP(A11,import!A:J,8,0) -> 8 | I11: =VLOOKUP(A11,import!A:J,9,0) -> 16 | J11: =VLOOKUP(A11,import!A:J,10,0) -> 0.5 | K11: Mehmet Sungu | L11: 3243283031 | M11: Yenişehir | N11: Aydınlıkevler | O11: Aydınlıkevler Mah.Gazi Mustafa Kemal Bulvarı No/416-A Yenişehir,Mersin | P11: =VLOOKUP(A11,import!A:P,16,0) -> Geleneksel | R11: TRUE | S11: FALSE | T11: İleride Randevu Alınacak | U11: Betül Demir | V11: Nilay Kaplan | W11: teyit için aranıldığında çekim olmadığını ve istediğini söyledi | X11: 44660 | Y11: 44662 | AA11: Görüşüldü | AB11: 44559 | AC11: Görüşüldü | AD11: 44580 | AE11: Görüşüldü | AF11: 44660 | AK11: Zeliha Özer | AL11: Betül Demir | AM11: Betül Demir | AP11: Serkan Kutlutürk
A12: 61d7f93fb1d37d9493fdf1ff | B12: Acı Tantuni, Akdeniz (Camişerif Mah.) | C12: =VLOOKUP(A12,import!A:C,3,0) -> DOĞRU | D12: Sokak Lezzetleri | E12: =VLOOKUP(A12,import!A:J,5,0) -> 345 | F12: =VLOOKUP(A12,import!A:J,6,0) -> 40 | G12: =VLOOKUP(A12,import!A:J,7,0) -> 0 | H12: =VLOOKUP(A12,import!A:J,8,0) -> 15 | I12: =VLOOKUP(A12,import!A:J,9,0) -> 15 | J12: =VLOOKUP(A12,import!A:J,10,0) -> 0 | K12: Süleyman Acı | L12: 3242382306 | M12: Akdeniz | N12: Cami Şerif | O12: Camiserif Mah. İstiklal Cad Çınar İşhanı Altı No :24 Akdeniz/Mersin | P12: =VLOOKUP(A12,import!A:P,16,0) -> Geleneksel | R12: TRUE | S12: FALSE | T12: Başka Şubeden Çekilecek | U12: Hatem Soyaslan | V12: Hikmet Avcı | W12: 3281999- / 5394242480 / 6026dd5755fa61c439fcfb44 Acı Tantuni, Akdeniz (Kiremithane Mah.) alınacak | X12: 44579 | Y12: 44588 | AA12: Görüşüldü | AB12: 44579 | AK12: Hatem Soyaslan
A13: 6026dd5755fa61c439fcfb44 | B13: Acı Tantuni, Akdeniz (Kiremithane Mah.) | C13: =VLOOKUP(A13,import!A:C,3,0) -> DOĞRU | D13: Sokak Lezzetleri | E13: =VLOOKUP(A13,import!A:J,5,0) -> 1837 | F13: =VLOOKUP(A13,import!A:J,6,0) -> 50 | G13: =VLOOKUP(A13,import!A:J,7,0) -> 18 | H13: =VLOOKUP(A13,import!A:J,8,0) -> 5 | I13: =VLOOKUP(A13,import!A:J,9,0) -> 23 | J13: =VLOOKUP(A13,import!A:J,10,0) -> 0.78 | K13: Süleyman Acı | L13: 5394242480 | M13: Akdeniz | N13: Kiremithane | O13: Kiremithane Mah.Dr.Cemalettin Tanrıöver Sokak No/9-C Akdeniz,Mersin | P13: =VLOOKUP(A13,import!A:P,16,0) -> Geleneksel | Q13: 16-25 | R13: TRUE | S13: FALSE | T13: Randevu Alındı | U13: Sude Alkan | V13: Hikmet Avcı | W13: telekom karşısı gazişehir mah no337 işletmesi için de çekim ister | X13: 44267 | Y13: 44270 | AA13: Görüşüldü | AB13: 44489 | AK13: Sude Alkan | AP13: Serkan Kutlutürk
A14: 617943787f837320f378cefb | B14: Acı Tantuni, Yenişehir (Gazi Mah.) | C14: =VLOOKUP(A14,import!A:C,3,0) -> DOĞRU | D14: Sokak Lezzetleri | E14: =VLOOKUP(A14,import!A:J,5,0) -> 1424 | F14: =VLOOKUP(A14,import!A:J,6,0) -> 189 | G14: =VLOOKUP(A14,import!A:J,7,0) -> 13 | H14: =VLOOKUP(A14,import!A:J,8,0) -> 2 | I14: =VLOOKUP(A14,import!A:J,9,0) -> 15 | J14: =VLOOKUP(A14,import!A:J,10,0) -> 0.87 | K14: Süleyman Acı | L14: 5394242480 | M14: Yenişehir | N14: Gazi | O14: Gazi Mah.G.M.K Bulvarı No/337 Yenişehir,Mersin | P14: =VLOOKUP(A14,import!A:P,16,0) -> Geleneksel | R14: TRUE | S14: FALSE | T14: Randevu Alındı | U14: Hatem Soyaslan | V14: Hikmet Avcı | W14: çekim yapılmış | X14: 44508 | Y14: 44510 | AA14: Ulaşılamadı | AB14: 44508 | AC14: Görüşüldü | AD14: 44508 | AK14: Zeliha Özer | AL14: Hatem Soyaslan | AP14: Serkan Kutlutürk
A15: 61d5f0ab342ac96ba015df68 | B15: Acılı İskenderun Döner, Tarsus (Caminur Mah.) | C15: =VLOOKUP(A15,import!A:C,3,0) -> DOĞRU | D15: Döner | E15: =VLOOKUP(A15,import!A:J,5,0) -> 281 | F15: =VLOOKUP(A15,import!A:J,6,0) -> 39 | G15: =VLOOKUP(A15,import!A:J,7,0) -> 0 | H15: =VLOOKUP(A15,import!A:J,8,0) -> 26 | I15: =VLOOKUP(A15,import!A:J,9,0) -> 26 | J15: =VLOOKUP(A15,import!A:J,10,0) -> 0 | K15: Osman Aydar | L15: 3246140909 | M15: Tarsus | N15: Caminur | O15: Caminur Mah.801 sokak No:1-A Tarsus,Mersin | P15: =VLOOKUP(A15,import!A:P,16,0) -> Geleneksel | R15: FALSE | S15: FALSE
A16: 603028708364b83200993c49 | B16: Acıpare Fast & Food, Yenişehir (Aydınlıkevler Mah.) | C16: =VLOOKUP(A16,import!A:C,3,0) -> DOĞRU | D16: Burger | E16: =VLOOKUP(A16,import!A:J,5,0) -> 582 | F16: =VLOOKUP(A16,import!A:J,6,0) | G16: =VLOOKUP(A16,import!A:J,7,0) -> 4 | H16: =VLOOKUP(A16,import!A:J,8,0) -> 4 | I16: =VLOOKUP(A16,import!A:J,9,0) -> 8 | J16: =VLOOKUP(A16,import!A:J,10,0) -> 0.5 | K16: Fatih Şentürk | L16: 5079527788 | M16: Yenişehir | N16: Aydınlıkevler | O16: Aydınlıkevler Mah.G.M.K Bulvarı No/402-B Yenişehir,Mersin | P16: =VLOOKUP(A16,import!A:P,16,0) -> Geleneksel | Q16: 0-15 | R16: TRUE | S16: FALSE | T16: Randevu Alındı | U16: İpek Aytaç | V16: Burçin Sezer | W16: eksikleri studyoda yaptırmış. onları mail atacakmış. | X16: 44355 | Y16: 44358 | AA16: Görüşüldü | AB16: 44355 | AK16: İpek Aytaç | AP16: Serkan Kutlutürk
A17: 614eab7b73bb3d6c3ed878ef | B17: Acıyörem Çiğ Köfte, Yenişehir (Çiftlikköy Mah.) | C17: =VLOOKUP(A17,import!A:C,3,0) -> YANLIŞ | D17: Çiğ Köfte | E17: =VLOOKUP(A17,import!A:J,5,0) -> 312 | F17: =VLOOKUP(A17,import!A:J,6,0) | G17: =VLOOKUP(A17,import!A:J,7,0) -> 8 | H17: =VLOOKUP(A17,import!A:J,8,0) -> 3 | I17: =VLOOKUP(A17,import!A:J,9,0) -> 11 | J17: =VLOOKUP(A17,import!A:J,10,0) -> 0.73 | K17: Selçuk Vakitbilir | L17: 5455313302 | M17: Yenişehir | N17: Çiftlikköy | O17: Çiftlikköy Mah.32133 sokak No/1-B Yenişehir,Mersin | P17: =VLOOKUP(A17,import!A:P,16,0) -> Geleneksel | R17: TRUE | S17: FALSE | T17: Randevu Alındı | U17: Betül Demir | V17: Hikmet Avcı | W17: açmadı | X17: 44565 | Y17: 44567 | AA17: Görüşüldü | AB17: 44476 | AC17: Görüşüldü | AD17: 44565 | AE17: Ulaşılamadı | AF17: 44572 | AK17: Gül Değirmenci | AL17: Betül Demir | AM17: Zeliha Özer | AP17: Serkan Kutlutürk
A18: 6198872fa140e20233da85e4 | B18: Ad-Mun Döner, Akdeniz (Mahmudiye Mah.) | C18: =VLOOKUP(A18,import!A:C,3,0) -> DOĞRU | D18: Döner | E18: =VLOOKUP(A18,import!A:J,5,0) -> 87 | F18: =VLOOKUP(A18,import!A:J,6,0) | G18: =VLOOKUP(A18,import!A:J,7,0) -> 7 | H18: =VLOOKUP(A18,import!A:J,8,0) -> 14 | I18: =VLOOKUP(A18,import!A:J,9,0) -> 21 | J18: =VLOOKUP(A18,import!A:J,10,0) -> 0.33 | K18: Hüseyin Güzel | L18: 5528689353 | M18: Akdeniz | N18: Mahmudiye | O18: Mahmudiye Mah.108.Cad No/14-A Akdeniz,Mersin | P18: =VLOOKUP(A18,import!A:P,16,0) -> Geleneksel | R18: TRUE | S18: FALSE | T18: Randevu Alındı | U18: Betül Demir | V18: Burçin Sezer | W18: mehmet bey // açmadı / çekime gidilmemeiş tekrardan randevu alındı | X18: 44558 | Y18: 44561 | AA18: Ulaşılamadı | AB18: 44536 | AC18: Ulaşılamadı | AD18: 44551 | AE18: Görüşüldü | AF18: 44558 | AK18: Hatem Soyaslan | AL18: Sude Alkan | AM18: Zeliha Özer | AN18: Betül Demir | AP18: Serkan Kutlutürk
A19: 5fe63c3571e89c393095c2fa | B19: Ada Et Döner, Yenişehir (Cumhuriyet Mah.) | C19: =VLOOKUP(A19,import!A:C,3,0) -> DOĞRU | D19: Döner | E19: =VLOOKUP(A19,import!A:J,5,0) -> 565 | F19: =VLOOKUP(A19,import!A:J,6,0) -> 34 | G19: =VLOOKUP(A19,import!A:J,7,0) -> 7 | H19: =VLOOKUP(A19,import!A:J,8,0) -> 6 | I19: =VLOOKUP(A19,import!A:J,9,0) -> 13 | J19: =VLOOKUP(A19,import!A:J,10,0) -> 0.54 | K19: Hikmet Hakan Başkan | L19: 3243250293 | M19: Yenişehir | N19: Cumhuriyet | O19: Cumhuriyet Mah.İsmet İnönü Bulvarı 254/B Yenişehir Mersin | P19: =VLOOKUP(A19,import!A:P,16,0) -> Geleneksel | Q19: 0-15 | R19: TRUE | S19: FALSE | T19: Randevu Alındı | U19: Hatem Soyaslan | V19: Burçin Sezer | W19: açmadı \\randevu oluşturuldu//5 ürünü kalmış sadece | X19: 44280 | Y19: 44281 | AP19: Serkan Kutlutürk
A20: 621cfa0f0cf860fb14ef3a1d | B20: Adana Ocakbaşı, Silifke (Göksu Mah.) | C20: =VLOOKUP(A20,import!A:C,3,0) -> DOĞRU | D20: Kebap | E20: =VLOOKUP(A20,import!A:J,5,0) -> 693 | F20: =VLOOKUP(A20,import!A:J,6,0) -> 65 | G20: =VLOOKUP(A20,import!A:J,7,0) -> 0 | H20: =VLOOKUP(A20,import!A:J,8,0) -> 11 | I20: =VLOOKUP(A20,import!A:J,9,0) -> 11 | J20: =VLOOKUP(A20,import!A:J,10,0) -> 0 | K20: Mahmut Arslan | L20: 3247144646 | M20: Silifke | N20: Göksu | O20: Göksu Mah.Fatih Sultan Mehmet Cad.No:15-A Silifke,Mersin | P20: =VLOOKUP(A20,import!A:P,16,0) -> Geleneksel | R20: FALSE | S20: FALSE
A21: 61e054500aa66b3de81593f0 | B21: Adanalı Bekir Usta, Mezitli (Viranşehir Mah.) | C21: =VLOOKUP(A21,import!A:C,3,0) -> DOĞRU | D21: Kebap | E21: =VLOOKUP(A21,import!A:J,5,0) -> 815 | F21: =VLOOKUP(A21,import!A:J,6,0) -> 76 | G21: =VLOOKUP(A21,import!A:J,7,0) -> 0 | H21: =VLOOKUP(A21,import!A:J,8,0) -> 13 | I21: =VLOOKUP(A21,import!A:J,9,0) -> 13 | J21: =VLOOKUP(A21,import!A:J,10,0) -> 0 | K21: Bekir Ekici | L21: 3243588844 | M21: Mezitli | N21: Viranşehir | O21: Viranşehir Mah.3451 Sokak No/8-A Mezitli,Mersin | P21: =VLOOKUP(A21,import!A:P,16,0) -> Geleneksel | R21: TRUE | S21: FALSE | T21: Başka Şubeden Çekilecek | W21: ibrahim bey sadece isim değişikliği oldu eski panelden alın der | AA21: Görüşüldü | AB21: 44585 | AK21: Sude Alkan
A22: 5ff358d8ce622f2f40cd2e9b | B22: Adım 46 Kebap, Mezitli (Merkez Mah.) | C22: =VLOOKUP(A22,import!A:C,3,0) -> DOĞRU | D22: Kebap | E22: =VLOOKUP(A22,import!A:J,5,0) -> 3419 | F22: =VLOOKUP(A22,import!A:J,6,0) -> 90 | G22: =VLOOKUP(A22,import!A:J,7,0) -> 0 | H22: =VLOOKUP(A22,import!A:J,8,0) -> 25 | I22: =VLOOKUP(A22,import!A:J,9,0) -> 25 | J22: =VLOOKUP(A22,import!A:J,10,0) -> 0 | K22: Yıldız Uzcüce | L22: 5304052009 | M22: Mezitli | N22: Merkez | O22: Merkez Mah.52060 Sokak Özkan Yılmaz Apt.NO/ 18 A Mezitli, Mersin | P22: =VLOOKUP(A22,import!A:P,16,0) -> Geleneksel | Q22: 16-25 | R22: TRUE | S22: FALSE | T22: Çekim İstemiyor | W22: şuan istemiyorum belki daha sonra \\ çekim istemiyor.\\şu an ihtiyacım yok dedi./ürünlerin hepsini hazırlamak gerekiyo bize maliyetli geliyo dediler / cenazem var şuan uygun değilim dedi | AC22: Ulaşılamadı | AD22: 44418 | AE22: Ulaşılamadı | AF22: 44495 | AG22: Görüşüldü | AH22: 44560 | AL22: Ravza Eğilmez | AM22: Betül Demir | AN22: Betül Demir | AP22: Serkan Kutlutürk
A23: 60562dab6bf3018ad33586e4 | B23: Adıyaman Çiğ Köfte Hayri Usta, Tarsus (Ergenekon Mah.) | C23: =VLOOKUP(A23,import!A:C,3,0) -> DOĞRU | D23: Çiğ Köfte | E23: =VLOOKUP(A23,import!A:J,5,0) -> 1773 | F23: =VLOOKUP(A23,import!A:J,6,0) -> 67 | G23: =VLOOKUP(A23,import!A:J,7,0) -> 8 | H23: =VLOOKUP(A23,import!A:J,8,0) -> 10 | I23: =VLOOKUP(A23,import!A:J,9,0) -> 18 | J23: =VLOOKUP(A23,import!A:J,10,0) -> 0.44 | K23: Hayri Karakoç | L23: 3246259393 | M23: Tarsus | N23: Ergenekon | O23: Ergenekon Mah.Fatih Sultan Mehmet Bulvarı No/37-C Tarsus, Erdemli | P23: =VLOOKUP(A23,import!A:P,16,0) -> Geleneksel | R23: TRUE | S23: FALSE | T23: Randevu Alındı | U23: Zeliha Özer | V23: Hikmet Avcı | X23: 44300 | Y23: 44301 | AP23: Serkan Kutlutürk
A24: 618d58f6cdedebd544e666a4 | B24: Adıyaman Çiğ Köfte, Akdeniz (Çankaya Mah.-Çarşı) | C24: =VLOOKUP(A24,import!A:C,3,0) -> DOĞRU | D24: Çiğ Köfte | E24: =VLOOKUP(A24,import!A:J,5,0) -> 762 | F24: =VLOOKUP(A24,import!A:J,6,0) -> 61 | G24: =VLOOKUP(A24,import!A:J,7,0) -> 8 | H24: =VLOOKUP(A24,import!A:J,8,0) -> 4 | I24: =VLOOKUP(A24,import!A:J,9,0) -> 12 | J24: =VLOOKUP(A24,import!A:J,10,0) -> 0.67 | K24: Yunus Emre Pamukçu | L24: 5527521733 | M24: Akdeniz | N24: Çankaya | O24: Çankaya Mah.Atatürk 1 Cad.No/26 Akdeniz,Mersin | P24: =VLOOKUP(A24,import!A:P,16,0) -> Geleneksel | R24: TRUE | S24: FALSE | T24: Randevu Alındı | U24: Betül Demir | V24: Hikmet Avcı | W24: çekim sağlanmış | X24: 44526 | Y24: 44529 | AA24: Görüşüldü | AB24: 44526 | AK24: Betül Demir | AP24: Serkan Kutlutürk
A25: 6036aa1b05dd29c17cfede64 | B25: Adıyaman Çiğ Köftecisi Servet Usta, Toroslar (Kurdali Mah.) | C25: =VLOOKUP(A25,import!A:C,3,0) -> DOĞRU | D25: Çiğ Köfte | E25: =VLOOKUP(A25,import!A:J,5,0) -> 564 | F25: =VLOOKUP(A25,import!A:J,6,0) -> 14 | G25: =VLOOKUP(A25,import!A:J,7,0) -> 12 | H25: =VLOOKUP(A25,import!A:J,8,0) -> 2 | I25: =VLOOKUP(A25,import!A:J,9,0) -> 14 | J25: =VLOOKUP(A25,import!A:J,10,0) -> 0.86 | K25: Tarık Han Düşünüklü | L25: 5339134933 | M25: Toroslar | N25: Kurdali | O25: Kurdali Mah.100125 Sokak No/21 Toroslar,Mersin | P25: =VLOOKUP(A25,import!A:P,16,0) -> Geleneksel | Q25: 0-15 | R25: TRUE | S25: FALSE | T25: Randevu Alındı | U25: Zeliha Özer | V25: Burçin Sezer | W25: eksik yok | X25: 44281 | Y25: 44285 | AP25: Serkan Kutlutürk
A26: 61f5274f704da279242021af | B26: Adıyaman Çiğ Köftesi, Tarsus (Şehitler Tepesi Mah.) | C26: =VLOOKUP(A26,import!A:C,3,0) -> DOĞRU | D26: Çiğ Köfte | E26: =VLOOKUP(A26,import!A:J,5,0) -> 174 | F26: =VLOOKUP(A26,import!A:J,6,0) -> 38 | G26: =VLOOKUP(A26,import!A:J,7,0) -> 0 | H26: =VLOOKUP(A26,import!A:J,8,0) -> 16 | I26: =VLOOKUP(A26,import!A:J,9,0) -> 16 | J26: =VLOOKUP(A26,import!A:J,10,0) -> 0 | K26: Ömer Faruk Koyuncu | L26: 5302309957 | M26: Tarsus | N26: Şehitler Tepesi | O26: Şehitler Tepesi Mah.Kasım Ekenler Bulvarı No:207-B Tarsus,Mersin | P26: =VLOOKUP(A26,import!A:P,16,0) -> Geleneksel | R26: FALSE | S26: FALSE
A27: 616daadb1b2b12101fbc719c | B27: Adıyaman Çiğköfte Evi, Toroslar (Zeki Ayan Mah.) | C27: =VLOOKUP(A27,import!A:C,3,0) -> YANLIŞ | D27: Çiğ Köfte | E27: =VLOOKUP(A27,import!A:J,5,0) -> 73 | F27: =VLOOKUP(A27,import!A:J,6,0) | G27: =VLOOKUP(A27,import!A:J,7,0) -> 7 | H27: =VLOOKUP(A27,import!A:J,8,0) -> 0 | I27: =VLOOKUP(A27,import!A:J,9,0) -> 7 | J27: =VLOOKUP(A27,import!A:J,10,0) -> 1 | K27: Muhammet Gazali Arslan | L27: 5526039802 | M27: Toroslar | N27: Zeki Ayan | O27: Zeki Ayan Mah.Kuvayi Milliye Bulvarı No/261-C Toroslar,Mersin | P27: =VLOOKUP(A27,import!A:P,16,0) -> Geleneksel | R27: TRUE | S27: FALSE | T27: Randevu Alındı | U27: Selcan Topçu | V27: Burçin Sezer | W27: 5378779213 mesgul | X27: 44495 | Y27: 44496 | AA27: Yetkili Yok | AB27: 44495 | AC27: Görüşüldü | AD27: 44495 | AK27: Selcan Topçu | AL27: Selcan Topçu | AP27: Serkan Kutlutürk
A28: 609a744d9dabfad14f81496a | B28: Adıyaman Çiğköfte Salih Usta, Tarsus (Gazipaşa Mah.) | C28: =VLOOKUP(A28,import!A:C,3,0) -> DOĞRU | D28: Çiğ Köfte | E28: =VLOOKUP(A28,import!A:J,5,0) -> 81 | F28: =VLOOKUP(A28,import!A:J,6,0) | G28: =VLOOKUP(A28,import!A:J,7,0) -> 0 | H28: =VLOOKUP(A28,import!A:J,8,0) -> 23 | I28: =VLOOKUP(A28,import!A:J,9,0) -> 23 | J28: =VLOOKUP(A28,import!A:J,10,0) -> 0 | K28: Halime Altay | L28: 5316163321 | M28: Tarsus | N28: Gazipaşa | O28: Gazipaşa Mah.M.Akif Ersoy Cad.No/107-F Tarsus,Mersin | P28: =VLOOKUP(A28,import!A:P,16,0) -> Geleneksel | R28: TRUE | S28: FALSE | T28: İleride Randevu Alınacak | U28: Hatem Soyaslan | V28: Hikmet Avcı | X28: 44540 | Y28: 44543 | AA28: Görüşüldü | AB28: 44540 | AK28: Hatem Soyaslan | AP28: Serkan Kutlutürk
A29: 61c4b19704cd9dcf2ac81453 | B29: Adıyamanlı Çiğ Köfte, Toroslar (Osmaniye Mah.) | C29: =VLOOKUP(A29,import!A:C,3,0) -> DOĞRU | D29: Çiğ Köfte | E29: =VLOOKUP(A29,import!A:J,5,0) -> 44 | F29: =VLOOKUP(A29,import!A:J,6,0) -> 12 | G29: =VLOOKUP(A29,import!A:J,7,0) -> 0 | H29: =VLOOKUP(A29,import!A:J,8,0) -> 12 | I29: =VLOOKUP(A29,import!A:J,9,0) -> 12 | J29: =VLOOKUP(A29,import!A:J,10,0) -> 0 | K29: Nuran Kamer | L29: 5372770233 | M29: Toroslar | N29: Osmaniye | O29: OSMANİYE MAH. AV. AHMET BOZ CAD. NO:8 K:1 D:4 TOROSLAR / MERSİN | P29: =VLOOKUP(A29,import!A:P,16,0) -> Geleneksel | R29: TRUE | S29: FALSE | T29: Ulaşılamadı | AA29: Ulaşılamadı | AB29: 44559 | AC29: Ulaşılamadı | AD29: 44656 | AK29: Zeliha Özer | AL29: Sude Alkan
A30: 602ad0999710c010c1d1dfc5 | B30: Adıyamanlı Çiğ Köfteci Hasan Aybak, Akdeniz (Çankaya Mah.) | C30: =VLOOKUP(A30,import!A:C,3,0) -> DOĞRU | D30: Çiğ Köfte | E30: =VLOOKUP(A30,import!A:J,5,0) -> 348 | F30: =VLOOKUP(A30,import!A:J,6,0) -> 36 | G30: =VLOOKUP(A30,import!A:J,7,0) -> 6 | H30: =VLOOKUP(A30,import!A:J,8,0) -> 1 | I30: =VLOOKUP(A30,import!A:J,9,0) -> 7 | J30: =VLOOKUP(A30,import!A:J,10,0) -> 0.86 | K30: Şükrü Erdoğan | L30: 3242338202 | M30: Akdeniz | N30: Çankaya | O30: Çankaya Mah.İstiklal Cad.No/63-C Akdeniz,Mersin | P30: =VLOOKUP(A30,import!A:P,16,0) -> Geleneksel | Q30: 0-15 | R30: TRUE | S30: FALSE | T30: Randevu Alındı | U30: Hatem Soyaslan | V30: Burçin Sezer | X30: 44343 | Y30: 44344 | AA30: Görüşüldü | AB30: 44580 | AK30: Betül Demir | AP30: Serkan Kutlutürk
A31: 602acb366a39b523b96ae197 | B31: Adıyamanlı Çiğ Köfteci Hasan Aybak, Mezitli (Merkez Mah.) | C31: =VLOOKUP(A31,import!A:C,3,0) -> DOĞRU | D31: Çiğ Köfte | E31: =VLOOKUP(A31,import!A:J,5,0) -> 1350 | F31: =VLOOKUP(A31,import!A:J,6,0) -> 62 | G31: =VLOOKUP(A31,import!A:J,7,0) -> 8 | H31: =VLOOKUP(A31,import!A:J,8,0) -> 9 | I31: =VLOOKUP(A31,import!A:J,9,0) -> 17 | J31: =VLOOKUP(A31,import!A:J,10,0) -> 0.47 | K31: Şükrü Erdoğan | L31: 3243590233 | M31: Mezitli | N31: Merkez | O31: Merkez Mah.G.M.K Bulvarı No/800-G Mezitli,Mersin | P31: =VLOOKUP(A31,import!A:P,16,0) -> Geleneksel | Q31: 0-15 | R31: FALSE | S31: FALSE | T31: Franchise | AP31: Serkan Kutlutürk
A32: 60466fa40a4ea4073fb2b2b0 | B32: Adıyamanlı Çiğ Köfteci Hasan Aybak, Tarsus (Öğretmenler Mah.) | C32: =VLOOKUP(A32,import!A:C,3,0) -> DOĞRU | D32: Çiğ Köfte | E32: =VLOOKUP(A32,import!A:J,5,0) -> 858 | F32: =VLOOKUP(A32,import!A:J,6,0) -> 58 | G32: =VLOOKUP(A32,import!A:J,7,0) -> 9 | H32: =VLOOKUP(A32,import!A:J,8,0) -> 4 | I32: =VLOOKUP(A32,import!A:J,9,0) -> 13 | J32: =VLOOKUP(A32,import!A:J,10,0) -> 0.69 | K32: Rukiye Bağcı | L32: 5317615261 | M32: Tarsus | N32: Öğretmenler | O32: Öğretmenler Mah.Dumlupınar Bulvarı No/5-D Tarsus,Mersin | P32: =VLOOKUP(A32,import!A:P,16,0) -> Geleneksel | Q32: 0-15 | R32: FALSE | S32: FALSE | AP32: Serkan Kutlutürk
A33: 60089558f9bae48434535aa8 | B33: Adıyamanlı Çiğ Köftecim, Akdeniz (Mahmudiye Mah.-Çarşı Şube) | C33: =VLOOKUP(A33,import!A:C,3,0) -> DOĞRU | D33: Çiğ Köfte | E33: =VLOOKUP(A33,import!A:J,5,0) -> 671 | F33: =VLOOKUP(A33,import!A:J,6,0) -> 40 | G33: =VLOOKUP(A33,import!A:J,7,0) -> 10 | H33: =VLOOKUP(A33,import!A:J,8,0) -> 2 | I33: =VLOOKUP(A33,import!A:J,9,0) -> 12 | J33: =VLOOKUP(A33,import!A:J,10,0) -> 0.83 | K33: Emre Kaya | L33: 3243370037 | M33: Akdeniz | N33: Mahmudiye | O33: Mahmudiye Mah.Zeytinli Bahçe Cad.No/103-B Akdeniz,Mersin | P33: =VLOOKUP(A33,import!A:P,16,0) -> Geleneksel | Q33: 0-15 | R33: TRUE | S33: FALSE | T33: Randevu Alındı | U33: Funda Ünlü | V33: Burçin Sezer | W33: kendi fotoğrafları var yollayacaklarmış | X33: 44285 | Y33: 44287 | AP33: Serkan Kutlutürk
A34: 6183c05d8b3c8cc7d7acff21 | B34: Adıyamanlı Çiğ Köftecim, Toroslar (Sağlık Mah.) | C34: =VLOOKUP(A34,import!A:C,3,0) -> YANLIŞ | D34: Çiğ Köfte | E34: =VLOOKUP(A34,import!A:J,5,0) | F34: =VLOOKUP(A34,import!A:J,6,0) | G34: =VLOOKUP(A34,import!A:J,7,0) -> 0 | H34: =VLOOKUP(A34,import!A:J,8,0) -> 8 | I34: =VLOOKUP(A34,import!A:J,9,0) -> 8 | J34: =VLOOKUP(A34,import!A:J,10,0) -> 0 | K34: Hacer Demir | L34: 3243207037 | M34: Toroslar | N34: Sağlık | O34: Sağlık Mah.Kuvayi Milliye Bulvarı No/178-A Toroslar,Mersin | P34: =VLOOKUP(A34,import!A:P,16,0) -> Geleneksel | R34: TRUE | S34: FALSE | T34: Dönüş Yapacak | W34: kendileri dönüş yapacaklar henüz paneli açmamışlar | AA34: Ulaşılamadı | AB34: 44508 | AC34: Görüşüldü | AD34: 44511 | AK34: Zeliha Özer | AL34: Ayşegül Kır | AP34: Serkan Kutlutürk
A35: 616e8ff56c1a4d2de2c771db | B35: Adıyamanlı Çiğ Köftecim, Yenişehir (Aydınlıkevler Mah.) | C35: =VLOOKUP(A35,import!A:C,3,0) -> DOĞRU | D35: Çiğ Köfte | E35: =VLOOKUP(A35,import!A:J,5,0) -> 391 | F35: =VLOOKUP(A35,import!A:J,6,0) -> 51 | G35: =VLOOKUP(A35,import!A:J,7,0) -> 8 | H35: =VLOOKUP(A35,import!A:J,8,0) -> 14 | I35: =VLOOKUP(A35,import!A:J,9,0) -> 22 | J35: =VLOOKUP(A35,import!A:J,10,0) -> 0.36 | K35: Elburuz Çözel | L35: 5366813996 | M35: Yenişehir | N35: Aydınlıkevler | O35: Aydınlıkevler Mah.2009 sokak No/11-B Yenişehir,Mersin | P35: =VLOOKUP(A35,import!A:P,16,0) -> Geleneksel | R35: TRUE | S35: FALSE | T35: Randevu İptal | U35: Zeliha Özer | V35: Hikmet Avcı | W35: devam çekimi | X35: 44572 | Y35: 44574 | AA35: Görüşüldü | AB35: 44494 | AC35: Görüşüldü | AD35: 44572 | AK35: Hatem Soyaslan | AL35: Zeliha Özer | AP35: Serkan Kutlutürk
A36: 60139c0fbb98bb5216377bb6 | B36: Adıyamanlı Çiğ Köftecim, Yenişehir (Güvenevler Mah.-Pozcu.) | C36: =VLOOKUP(A36,import!A:C,3,0) -> DOĞRU | D36: Çiğ Köfte | E36: =VLOOKUP(A36,import!A:J,5,0) -> 609 | F36: =VLOOKUP(A36,import!A:J,6,0) -> 14 | G36: =VLOOKUP(A36,import!A:J,7,0) -> 7 | H36: =VLOOKUP(A36,import!A:J,8,0) -> 4 | I36: =VLOOKUP(A36,import!A:J,9,0) -> 11 | J36: =VLOOKUP(A36,import!A:J,10,0) -> 0.64 | K36: Şevket Çetin | L36: 5337266702 | M36: Yenişehir | N36: Güvenevler | O36: İnönü Mah.Gazi Mustafa Kemal Bulvarı No/369-B Yenişehir,Mersin | P36: =VLOOKUP(A36,import!A:P,16,0) -> Geleneksel | Q36: 0-15 | R36: TRUE | S36: FALSE | T36: Randevu Alındı | U36: Hatem Soyaslan | V36: Aykut Gülaslan | W36: panelde tüm fotoğrafları var | X36: 44280 | Y36: 44280 | AP36: Serkan Kutlutürk
A37: 6034127beeb805b0274dfb4e | B37: Adıyamanlı Çiğköfteci Ahmet Usta, (Altaylılar Mah.-Ülküköy) | C37: =VLOOKUP(A37,import!A:C,3,0) -> DOĞRU | D37: Çiğ Köfte | E37: =VLOOKUP(A37,import!A:J,5,0) -> 335 | F37: =VLOOKUP(A37,import!A:J,6,0) | G37: =VLOOKUP(A37,import!A:J,7,0) -> 5 | H37: =VLOOKUP(A37,import!A:J,8,0) -> 6 | I37: =VLOOKUP(A37,import!A:J,9,0) -> 11 | J37: =VLOOKUP(A37,import!A:J,10,0) -> 0.45 | K37: Pakize Aslan | L37: 3246266626 | M37: Tarsus | N37: Altaylılar | O37: Gaziler Mah.Gazi Paşa Bulvarı No/68-B Tarsus, Mersin | P37: =VLOOKUP(A37,import!A:P,16,0) -> Geleneksel | Q37: 0-15 | R37: FALSE | S37: FALSE | AP37: Serkan Kutlutürk
A38: 6155b7955833eea31f13d649 | B38: Adıyamanlı Çiğköfteci Ali Baba, Toroslar (Halkkent Mah.) | C38: =VLOOKUP(A38,import!A:C,3,0) -> DOĞRU | D38: Çiğ Köfte | E38: =VLOOKUP(A38,import!A:J,5,0) -> 1367 | F38: =VLOOKUP(A38,import!A:J,6,0) -> 135 | G38: =VLOOKUP(A38,import!A:J,7,0) -> 9 | H38: =VLOOKUP(A38,import!A:J,8,0) -> 19 | I38: =VLOOKUP(A38,import!A:J,9,0) -> 28 | J38: =VLOOKUP(A38,import!A:J,10,0) -> 0.32 | K38: Ömer Utku Armut | L38: 5510561079 | M38: Toroslar | N38: Halkkent | O38: Halkkent Mah.Köroğlu Cad.No/7 HE Toroslar,Mersin | P38: =VLOOKUP(A38,import!A:P,16,0) -> Geleneksel | R38: TRUE | S38: FALSE | T38: Randevu Alındı | U38: Sude Alkan | V38: Burçin Sezer | W38: açmadı | X38: 44483 | Y38: 44484 | AA38: Görüşüldü | AB38: 44483 | AC38: Ulaşılamadı | AD38: 44559 | AK38: Sude Alkan | AL38: Zeliha Özer | AP38: Serkan Kutlutürk
A39: 6046680319345fcddd41a395 | B39: Adıyamanlı Çiğköfteci Hasan Aybak, (Altaylılar Mah.-Ülküköy) | C39: =VLOOKUP(A39,import!A:C,3,0) -> DOĞRU | D39: Çiğ Köfte | E39: =VLOOKUP(A39,import!A:J,5,0) -> 985 | F39: =VLOOKUP(A39,import!A:J,6,0) -> 63 | G39: =VLOOKUP(A39,import!A:J,7,0) -> 6 | H39: =VLOOKUP(A39,import!A:J,8,0) -> 9 | I39: =VLOOKUP(A39,import!A:J,9,0) -> 15 | J39: =VLOOKUP(A39,import!A:J,10,0) -> 0.4 | K39: Ahmet Bağcı | L39: 5530647233 | M39: Tarsus | N39: Altaylılar | O39: Ergenekon Mah.Fatih Sultan Mehmet Bulvarı No/7B Tarsus,Mersin | P39: =VLOOKUP(A39,import!A:P,16,0) -> Geleneksel | Q39: 0-15 | R39: FALSE | S39: FALSE | AP39: Serkan Kutlutürk
A40: 62433ecb55b5dbf7d4e0443e | B40: Adıyamanlı Çiğköfteci Hasan Aybak, Tarsus (İsmetpaşa Mah.) | C40: =VLOOKUP(A40,import!A:C,3,0) -> DOĞRU | D40: Çiğ Köfte | E40: =VLOOKUP(A40,import!A:J,5,0) -> 79 | F40: =VLOOKUP(A40,import!A:J,6,0) -> 76 | G40: =VLOOKUP(A40,import!A:J,7,0) -> 0 | H40: =VLOOKUP(A40,import!A:J,8,0) -> 10 | I40: =VLOOKUP(A40,import!A:J,9,0) -> 10 | J40: =VLOOKUP(A40,import!A:J,10,0) -> 0 | K40: HATİCE DAL | L40: 3246134373 | M40: Tarsus | N40: Öğretmenler | O40: İsmetpaşa Mah. Rasim Dokur Blv. No:39D Tarsus/Mersin | P40: =VLOOKUP(A40,import!A:P,16,0) -> Geleneksel | R40: FALSE | S40: FALSE
A41: 6255beed4cc11c0ca3ca9b8e | B41: Adıyamanlı Çiğköfteci Hasan Aybak, Tarsus (Mithatpaşa Mah.) | C41: =VLOOKUP(A41,import!A:C,3,0) -> DOĞRU | D41: Çiğ Köfte | E41: =VLOOKUP(A41,import!A:J,5,0) -> 71 | F41: =VLOOKUP(A41,import!A:J,6,0) -> 71 | G41: =VLOOKUP(A41,import!A:J,7,0) -> 0 | H41: =VLOOKUP(A41,import!A:J,8,0) -> 11 | I41: =VLOOKUP(A41,import!A:J,9,0) -> 11 | J41: =VLOOKUP(A41,import!A:J,10,0) -> 0 | K41: Onur Samancı | L41: 3246250747 | M41: Tarsus | N41: Anıt | O41: Mithatpaşa Mah.Mehmet Akif Ersoy Cad.No:26-E Tarsus,Mersin | P41: =VLOOKUP(A41,import!A:P,16,0) -> Geleneksel | R41: FALSE | S41: FALSE
A42: 61fab4a70ef815418f4aafa2 | B42: Adıyamanlı Çiğköfteci Hasan Aybak, Tarsus (Şehitishak Mah.) | C42: =VLOOKUP(A42,import!A:C,3,0) -> DOĞRU | D42: Çiğ Köfte | E42: =VLOOKUP(A42,import!A:J,5,0) -> 169 | F42: =VLOOKUP(A42,import!A:J,6,0) -> 47 | G42: =VLOOKUP(A42,import!A:J,7,0) -> 0 | H42: =VLOOKUP(A42,import!A:J,8,0) -> 19 | I42: =VLOOKUP(A42,import!A:J,9,0) -> 19 | J42: =VLOOKUP(A42,import!A:J,10,0) -> 0 | K42: Fevziye Çimen | L42: 5511773355 | M42: Tarsus | N42: Şehitishak | O42: Şehitishak Mah.Nene Hatun Cad.Mo:8-A Tarsus, Mersin | P42: =VLOOKUP(A42,import!A:P,16,0) -> Geleneksel | R42: FALSE | S42: FALSE
A43: 616713e2ab37a839c410d79e | B43: Adıyamanlı İkram Çiğköfteci, Akdeniz (Kiremithane Mah.) | C43: =VLOOKUP(A43,import!A:C,3,0) -> YANLIŞ | D43: Çiğ Köfte | E43: =VLOOKUP(A43,import!A:J,5,0) -> 663 | F43: =VLOOKUP(A43,import!A:J,6,0) | G43: =VLOOKUP(A43,import!A:J,7,0) -> 0 | H43: =VLOOKUP(A43,import!A:J,8,0) -> 7 | I43: =VLOOKUP(A43,import!A:J,9,0) -> 7 | J43: =VLOOKUP(A43,import!A:J,10,0) -> 0 | K43: Mustafa Çelik | L43: 5528688433 | M43: Akdeniz | N43: Barış | O43: Barış Mah.İstiklal Cad.No/123-A Akdeniz,Mersin | P43: =VLOOKUP(A43,import!A:P,16,0) -> Geleneksel | R43: TRUE | S43: FALSE | T43: Dönüş Yapacak | U43: Hatem Soyaslan | V43: Burçin Sezer | W43: panelde ürünleri var / yetkili daha sonra dönüş yapacaklar/ 15 dk sonra ara yetkili yok. | X43: 44494 | Y43: 44495 | AA43: Ulaşılamadı | AB43: 44489 | AC43: Görüşüldü | AD43: 44494 | AE43: Yetkili Yok | AF43: 44519 | AG43: Dönüş Yapacak | AH43: 44536 | AI43: Yetkili Yok | AJ43: 44550 | AK43: Sude Alkan | AL43: Hatem Soyaslan | AM43: Ayşegül Kır | AN43: Hatem Soyaslan | AO43: Kübra Toprak | AP43: Serkan Kutlutürk
A44: 61aba68e0d214a838b25358e | B44: Adıyamanlı İkram Çiğköfteci, Akdeniz (Yeni Mah.) | C44: =VLOOKUP(A44,import!A:C,3,0) -> YANLIŞ | D44: Çiğ Köfte | E44: =VLOOKUP(A44,import!A:J,5,0) -> 7 | F44: =VLOOKUP(A44,import!A:J,6,0) | G44: =VLOOKUP(A44,import!A:J,7,0) -> 0 | H44: =VLOOKUP(A44,import!A:J,8,0) -> 8 | I44: =VLOOKUP(A44,import!A:J,9,0) -> 8 | J44: =VLOOKUP(A44,import!A:J,10,0) -> 0 | K44: Beyza Ercan | L44: 5438833360 | M44: Akdeniz | N44: Yeni | O44: Yeni Mah.5351 Sokak Atatürk Lisesi ,Akdeniz,Mersin | P44: =VLOOKUP(A44,import!A:P,16,0) -> Geleneksel | R44: TRUE | S44: FALSE | W44: 5 gibi gelir yt | AA44: Ulaşılamadı | AB44: 44547 | AC44: Yetkili Yok | AD44: 44550 | AE44: Ulaşılamadı | AF44: 44557 | AK44: Sude Alkan | AL44: Sude Alkan | AM44: Yurdagül Kulaksız | AP44: Serkan Kutlutürk
A45: 6172520b26a37d0def0b6348 | B45: Adıyamanlı İkram Çiğköfteci, Toroslar (Demirtaş Mah.) | C45: =VLOOKUP(A45,import!A:C,3,0) -> DOĞRU | D45: Çiğ Köfte | E45: =VLOOKUP(A45,import!A:J,5,0) -> 188 | F45: =VLOOKUP(A45,import!A:J,6,0) | G45: =VLOOKUP(A45,import!A:J,7,0) -> 0 | H45: =VLOOKUP(A45,import!A:J,8,0) -> 8 | I45: =VLOOKUP(A45,import!A:J,9,0) -> 8 | J45: =VLOOKUP(A45,import!A:J,10,0) -> 0 | K45: Merve Babacan | L45: 5531584000 | M45: Toroslar | N45: Demirtaş | O45: Demirtaş Mah.77043 sokak No/1-A Toroslar,Mersin | P45: =VLOOKUP(A45,import!A:P,16,0) -> Geleneksel | R45: TRUE | S45: FALSE | T45: Sistemden Çıkmak İstiyor | W45: istemedi | AA45: Görüşüldü | AB45: 44508 | AC45: Görüşüldü | AD45: 44657 | AK45: Zeliha Özer | AL45: Serap Apaydın | AP45: Serkan Kutlutürk
A46: 621cfec626ef38339ed2f935 | B46: Adıyamanlı İkram Çiğköfteci, Yenişehir (Gazi Mah.) | C46: =VLOOKUP(A46,import!A:C,3,0) -> DOĞRU | D46: Çiğ Köfte | E46: =VLOOKUP(A46,import!A:J,5,0) -> 27 | F46: =VLOOKUP(A46,import!A:J,6,0) -> 18 | G46: =VLOOKUP(A46,import!A:J,7,0) -> 0 | H46: =VLOOKUP(A46,import!A:J,8,0) -> 13 | I46: =VLOOKUP(A46,import!A:J,9,0) -> 13 | J46: =VLOOKUP(A46,import!A:J,10,0) -> 0 | K46: Ümmügülsüm Nur | L46: 5332258709 | M46: Yenişehir | N46: Palmiye | O46: Gazi Mah.2.Cad Burhan Apt No:35-C Yenişehir,Mersin | P46: =VLOOKUP(A46,import!A:P,16,0) -> Geleneksel | R46: TRUE | S46: FALSE | T46: Franchise
A47: 61e942892f86de6bc2ddc537 | B47: Adıyörem Çiğ Köfte, Tarsus (Yeni Ömerli Mah.) | C47: =VLOOKUP(A47,import!A:C,3,0) -> DOĞRU | D47: Çiğ Köfte | E47: =VLOOKUP(A47,import!A:J,5,0) -> 52 | F47: =VLOOKUP(A47,import!A:J,6,0) -> 20 | G47: =VLOOKUP(A47,import!A:J,7,0) -> 6 | H47: =VLOOKUP(A47,import!A:J,8,0) -> 7 | I47: =VLOOKUP(A47,import!A:J,9,0) -> 13 | J47: =VLOOKUP(A47,import!A:J,10,0) -> 0.46 | K47: Songül Erdoğdu | L47: 3246143902 | M47: Tarsus | N47: Yeni Ömerli | O47: Yeni Ömerli Mah.Kardeş Langen Bulvarı No:4-C Tarsus,Mersin | P47: =VLOOKUP(A47,import!A:P,16,0) -> Geleneksel | R47: FALSE | S47: FALSE
A48: 624863415636241ece994a5d | B48: Adoss Restaurant & Cafe, Yenişehir (Güvenevler Mah.) | C48: =VLOOKUP(A48,import!A:C,3,0) -> DOĞRU | D48: Burger | E48: =VLOOKUP(A48,import!A:J,5,0) -> 2 | F48: =VLOOKUP(A48,import!A:J,6,0) -> 2 | G48: =VLOOKUP(A48,import!A:J,7,0) -> 0 | H48: =VLOOKUP(A48,import!A:J,8,0) -> 16 | I48: =VLOOKUP(A48,import!A:J,9,0) -> 16 | J48: =VLOOKUP(A48,import!A:J,10,0) -> 0 | K48: Adem Kırtıl | L48: 3243282830 | M48: Yenişehir | N48: İnönü | O48: Güvenevler Mah.G.M.K Bulvarı No:370-B Yenişehir,Mersin | P48: =VLOOKUP(A48,import!A:P,16,0) -> Geleneksel | R48: FALSE | S48: FALSE
A49: 601c42000339e65ea8bcd14f | B49: Afiyet Döner & Fast Food, Yenişehir (İnönü Mah.) | C49: =VLOOKUP(A49,import!A:C,3,0) -> DOĞRU | D49: Döner | E49: =VLOOKUP(A49,import!A:J,5,0) -> 24 | F49: =VLOOKUP(A49,import!A:J,6,0) -> 1 | G49: =VLOOKUP(A49,import!A:J,7,0) -> 0 | H49: =VLOOKUP(A49,import!A:J,8,0) -> 12 | I49: =VLOOKUP(A49,import!A:J,9,0) -> 12 | J49: =VLOOKUP(A49,import!A:J,10,0) -> 0 | K49: AHMET ÖZBEY | L49: 3243285252 | M49: Yenişehir | N49: İnönü | O49: İnönü Mahallesi . 1406 sokak . No 15/B YENİŞEHİR /Mersin | P49: =VLOOKUP(A49,import!A:P,16,0) -> Geleneksel | Q49: 16-25 | R49: TRUE | S49: FALSE | T49: Çekim İstemiyor | W49: en fazla 3-4 ürün çıkarırım dedi \\şu an düşünmüyorum dedi.\\yetkilinizden şikayetçiyim o yüzden düşünmüyorum önce onları halledeyim dedi.//5418811249 /getirden kurye talep etmiş dönüş olmamış | AP49: Serkan Kutlutürk
A50: 619e5e58266cf46d98fdcbc6 | B50: Ahmet Usta Börekçilik, Yenişehir (Batıkent Mah.) | C50: =VLOOKUP(A50,import!A:C,3,0) -> DOĞRU | D50: Börek | E50: =VLOOKUP(A50,import!A:J,5,0) -> 139 | F50: =VLOOKUP(A50,import!A:J,6,0) -> 10 | G50: =VLOOKUP(A50,import!A:J,7,0) -> 5 | H50: =VLOOKUP(A50,import!A:J,8,0) -> 3 | I50: =VLOOKUP(A50,import!A:J,9,0) -> 8 | J50: =VLOOKUP(A50,import!A:J,10,0) -> 0.63 | K50: Gökay Yentür | L50: 5359598033 | M50: Yenişehir | N50: Batıkent | O50: Batıkent Mah.İstemihan Talay Cad.No/169-AC Yenişehir,Mersin | P50: =VLOOKUP(A50,import!A:P,16,0) -> Geleneksel | R50: TRUE | S50: FALSE | T50: Randevu Alındı | U50: Betül Demir | V50: Burçin Sezer | X50: 44536 | Y50: 44537 | AA50: Dönüş Yapacak | AB50: 44536 | AC50: Görüşüldü | AD50: 44536 | AK50: Betül Demir | AL50: Betül Demir | AP50: Serkan Kutlutürk
A51: 6027d8996c06ceef08791d93 | B51: Ailem Ev Yemekleri, Yenişehir (Çiftlikköy Mah.) | C51: =VLOOKUP(A51,import!A:C,3,0) -> DOĞRU | D51: Ev Yemekleri | E51: =VLOOKUP(A51,import!A:J,5,0) -> 1805 | F51: =VLOOKUP(A51,import!A:J,6,0) -> 114 | G51: =VLOOKUP(A51,import!A:J,7,0) -> 7 | H51: =VLOOKUP(A51,import!A:J,8,0) -> 23 | I51: =VLOOKUP(A51,import!A:J,9,0) -> 30 | J51: =VLOOKUP(A51,import!A:J,10,0) -> 0.23 | K51: Aynur Fatma Gür | L51: 5323018257 | M51: Yenişehir | N51: Çiftlikköy | O51: Çiflikköy Mah.Üniversite Cad.No/51-A Yenişehir,Mersin | P51: =VLOOKUP(A51,import!A:P,16,0) -> Geleneksel | Q51: 16-25 | R51: TRUE | S51: FALSE | T51: Randevu İptal | U51: Tuğba Buyur | V51: Hikmet Avcı | W51: ergün bey ile devam çekimi oluşturuldu / devam çekimi iptal olmuş tekrar istemiyor | X51: 44516 | Y51: 44517 | AA51: Ulaşılamadı | AB51: 44354 | AC51: Görüşüldü | AD51: 44358 | AE51: Görüşüldü | AF51: 44384 | AG51: Görüşüldü | AH51: 44491 | AI51: Görüşüldü | AJ51: 44580 | AK51: Derya Tatlı | AL51: Nazmiye Yuka | AM51: Eylem Ünal | AO51: Betül Demir | AP51: Serkan Kutlutürk
A52: 61ebcab437511f6340c21c01 | B52: Akdo Dondurmahane, Erdemli (Akdeniz Mah.) | C52: =VLOOKUP(A52,import!A:C,3,0) -> DOĞRU | D52: Pasta & Tatlı | E52: =VLOOKUP(A52,import!A:J,5,0) -> 58 | F52: =VLOOKUP(A52,import!A:J,6,0) -> 34 | G52: =VLOOKUP(A52,import!A:J,7,0) -> 0 | H52: =VLOOKUP(A52,import!A:J,8,0) -> 26 | I52: =VLOOKUP(A52,import!A:J,9,0) -> 26 | J52: =VLOOKUP(A52,import!A:J,10,0) -> 0 | K52: Gülşen Karayılan | L52: 5439471607 | M52: Erdemli | N52: Akdeniz 2. Bölge | O52: Akdeniz Mah.Alparslan Türkeş Bulvarı No:124-C Erdemli,Mersin | P52: =VLOOKUP(A52,import!A:P,16,0) -> Geleneksel | R52: TRUE | S52: FALSE | T52: Randevu Alındı | U52: Ferhat Köksal | V52: Mücahit Topçu | W52: opetin karşısı | X52: 44694 | Y52: 44695 | AA52: Görüşüldü | AB52: 44694 | AK52: Ferhat Köksal
A53: 6023cf711ac2f5625125969f | B53: Akmanlar 3 Lahmacun & Pizza & Pide, Akdeniz (Mesudiye Mah.) | C53: =VLOOKUP(A53,import!A:C,3,0) -> YANLIŞ | D53: Pizza | E53: =VLOOKUP(A53,import!A:J,5,0) -> 439 | F53: =VLOOKUP(A53,import!A:J,6,0) | G53: =VLOOKUP(A53,import!A:J,7,0) -> 11 | H53: =VLOOKUP(A53,import!A:J,8,0) -> 11 | I53: =VLOOKUP(A53,import!A:J,9,0) -> 22 | J53: =VLOOKUP(A53,import!A:J,10,0) -> 0.5 | K53: deniz yeğin | L53: 5384111733 | M53: Akdeniz | N53: Mesudiye | O53: Mesudiye Mahallesi 5111 Sokak Maliye Binası Alt Sokağı | P53: =VLOOKUP(A53,import!A:P,16,0) -> Geleneksel | Q53: 16-25 | R53: TRUE | S53: FALSE | T53: Randevu Alındı | U53: Şura Özcan | V53: Burçin Sezer | W53: hepsi çekildi dedi//yoğunuz 1 saat sonra ara | X53: 44295 | Y53: 44300 | AA53: Görüşüldü | AB53: 44356 | AK53: Hatem Soyaslan | AP53: Serkan Kutlutürk
A54: 61dc5644252ae4a7ac60e479 | B54: Aksay Baklavaları, Tarsus (Kırklarsırtı Mah.) | C54: =VLOOKUP(A54,import!A:C,3,0) -> DOĞRU | D54: Pasta & Tatlı | E54: =VLOOKUP(A54,import!A:J,5,0) -> 436 | F54: =VLOOKUP(A54,import!A:J,6,0) -> 67 | G54: =VLOOKUP(A54,import!A:J,7,0) -> 0 | H54: =VLOOKUP(A54,import!A:J,8,0) -> 19 | I54: =VLOOKUP(A54,import!A:J,9,0) -> 19 | J54: =VLOOKUP(A54,import!A:J,10,0) -> 0 | K54: Hatice Aksay | L54: 3245026666 | M54: Tarsus | N54: Akşemsettin | O54: Kırklarsırtı Mah.Yüzbaşı Yaşar Cad.No:7-1 Tarsus,Mersin | P54: =VLOOKUP(A54,import!A:P,16,0) -> Geleneksel | R54: FALSE | S54: FALSE
A55: 6143497b378b9969ec6ee047 | B55: Ala Restaurant, Yenişehir (İnönü Mah.) | C55: =VLOOKUP(A55,import!A:C,3,0) -> DOĞRU | D55: Kebap | E55: =VLOOKUP(A55,import!A:J,5,0) -> 65 | F55: =VLOOKUP(A55,import!A:J,6,0) -> 15 | G55: =VLOOKUP(A55,import!A:J,7,0) -> 18 | H55: =VLOOKUP(A55,import!A:J,8,0) -> 22 | I55: =VLOOKUP(A55,import!A:J,9,0) -> 40 | J55: =VLOOKUP(A55,import!A:J,10,0) -> 0.45 | K55: Ali Ceylan | L55: 3243310069 | M55: Yenişehir | N55: İnönü | O55: İnönü Mah.6.Cadde No/8-A Yenişehir,Mersin | P55: =VLOOKUP(A55,import!A:P,16,0) -> Geleneksel | R55: TRUE | S55: FALSE | T55: Randevu Alındı | U55: Kübra Toprak | V55: Hikmet Avcı | W55: 5423237833// açmadı yetkili | X55: 44517 | Y55: 44518 | AA55: Görüşüldü | AB55: 44476 | AC55: Dönüş Yapacak | AD55: 44482 | AE55: Ulaşılamadı | AF55: 44506 | AG55: Görüşüldü | AH55: 44516 | AI55: Görüşüldü | AJ55: 44572 | AK55: Gül Değirmenci | AL55: Hatem Soyaslan | AM55: Betül Demir | AN55: Tuğba Buyur | AO55: Zeliha Özer | AP55: Serkan Kutlutürk
A56: 5fdf5fcc0345d26b727f465a | B56: Ala Tantuni, Yenişehir (Çiftlikköy Mah.) | C56: =VLOOKUP(A56,import!A:C,3,0) -> DOĞRU | D56: Sokak Lezzetleri | E56: =VLOOKUP(A56,import!A:J,5,0) -> 1878 | F56: =VLOOKUP(A56,import!A:J,6,0) -> 93 | G56: =VLOOKUP(A56,import!A:J,7,0) -> 8 | H56: =VLOOKUP(A56,import!A:J,8,0) -> 11 | I56: =VLOOKUP(A56,import!A:J,9,0) -> 19 | J56: =VLOOKUP(A56,import!A:J,10,0) -> 0.42 | K56: Kadriye Yılmaz | L56: 5374255442 | M56: Yenişehir | N56: Çiftlikköy | O56: çiftlikkıöy mahallesi universite caddesi univercity park 47/A, 33140 yenişehir/Mersin | P56: =VLOOKUP(A56,import!A:P,16,0) -> Geleneksel | Q56: 16-25 | R56: TRUE | S56: FALSE | T56: Randevu Alındı | U56: Zeliha Özer | V56: Burçin Sezer | W56: engellemiş /çekimler yapıldı yeterli diyor d.ç. istemiyor | X56: 44266 | Y56: 44272 | AA56: Görüşüldü | AB56: 44551 | AK56: Ayşegül Kır | AP56: Serkan Kutlutürk
A57: 5fe6b71c3458672d21458cea | B57: Alaaddin Gurme Antakya Döner, Yenişehir (Çiftlikköy Mah.) | C57: =VLOOKUP(A57,import!A:C,3,0) -> DOĞRU | D57: Döner | E57: =VLOOKUP(A57,import!A:J,5,0) -> 1773 | F57: =VLOOKUP(A57,import!A:J,6,0) -> 96 | G57: =VLOOKUP(A57,import!A:J,7,0) -> 0 | H57: =VLOOKUP(A57,import!A:J,8,0) -> 30 | I57: =VLOOKUP(A57,import!A:J,9,0) -> 30 | J57: =VLOOKUP(A57,import!A:J,10,0) -> 0 | K57: Mehmet Yücel | L57: 3249994248 | M57: Yenişehir | N57: Çiftlikköy | O57: Çiftlikköy Mah.Üniversite Cad.Akademi Plaza 41 AC Yenişehir Mersin | P57: =VLOOKUP(A57,import!A:P,16,0) -> Geleneksel | Q57: 35+ | R57: TRUE | S57: TRUE | U57: İpek Aytaç | V57: Burçin Sezer | W57: 5388823148- elimizde fotograflarımız var dedi ben size dönüş yaparım | X57: 44358 | Y57: 44362 | AA57: Görüşüldü | AB57: 44358 | AC57: Görüşüldü | AD57: 44384 | AE57: Görüşüldü | AF57: 44442 | AG57: Görüşüldü | AH57: 44491 | AK57: İpek Aytaç | AL57: Eylem Ünal | AM57: Ferhat Köksal | AN57: Betül Demir | AP57: Serkan Kutlutürk
A58: 615efa9543b5a3c401b72f80 | B58: Alaçatı Muhallebicisi, Mezitli (Fatih Mah.) | C58: =VLOOKUP(A58,import!A:C,3,0) -> DOĞRU | D58: Pasta & Tatlı | E58: =VLOOKUP(A58,import!A:J,5,0) -> 1779 | F58: =VLOOKUP(A58,import!A:J,6,0) -> 143 | G58: =VLOOKUP(A58,import!A:J,7,0) -> 41 | H58: =VLOOKUP(A58,import!A:J,8,0) -> 112 | I58: =VLOOKUP(A58,import!A:J,9,0) -> 153 | J58: =VLOOKUP(A58,import!A:J,10,0) -> 0.27 | K58: Levent Dağlı | L58: 5304774233 | M58: Mezitli | N58: Fatih | O58: Fatih Mah.Adnan Menderes Bulvarı No/234-D Mezitli,Mersin | P58: =VLOOKUP(A58,import!A:P,16,0) -> Geleneksel | R58: TRUE | S58: FALSE | T58: Randevu Alındı | U58: Betül Demir | V58: Hikmet Avcı | W58: dönecek / devam çekimi alındı | X58: 44573 | Y58: 44580 | AA58: Görüşüldü | AB58: 44484 | AC58: Görüşüldü | AD58: 44559 | AE58: Görüşüldü | AF58: 44571 | AG58: Görüşüldü | AH58: 44573 | AK58: Ferhat Köksal | AL58: Zeliha Özer | AM58: Betül Demir | AN58: Betül Demir | AP58: Serkan Kutlutürk
A59: 60897755588eb081814b89a0 | B59: Alanya Unlu Mamülleri, Mezitli (Merkez Mah.) | C59: =VLOOKUP(A59,import!A:C,3,0) -> DOĞRU | D59: Pasta & Tatlı | E59: =VLOOKUP(A59,import!A:J,5,0) -> 126 | F59: =VLOOKUP(A59,import!A:J,6,0) -> 6 | G59: =VLOOKUP(A59,import!A:J,7,0) -> 9 | H59: =VLOOKUP(A59,import!A:J,8,0) -> 3 | I59: =VLOOKUP(A59,import!A:J,9,0) -> 12 | J59: =VLOOKUP(A59,import!A:J,10,0) -> 0.75 | K59: Azat Kenli | L59: 3243580583 | M59: Mezitli | N59: Merkez | O59: Merkez Mah.Zeytinli Cad.No/34-E Mezitli,Mersin | P59: =VLOOKUP(A59,import!A:P,16,0) -> Geleneksel | R59: TRUE | S59: FALSE | T59: Başka Şubeden Çekilecek | W59: 5342322121 / viranşehirdeki işletmede çekım saglanmıs | AA59: Ulaşılamadı | AB59: 44417 | AC59: Ulaşılamadı | AD59: 44418 | AE59: Ulaşılamadı | AF59: 44450 | AG59: Yetkili Yok | AH59: 44497 | AI59: Görüşüldü | AJ59: 44504 | AK59: Deneme | AL59: Ravza Eğilmez | AM59: Tuğba Buyur | AN59: Ayşegül Kır | AO59: Tuğba Buyur | AP59: Serkan Kutlutürk
A60: 60897c64d69d45bbd352ff1b | B60: Alanya Unlu Mamülleri, Mezitli (Viranşehir Mah.) | C60: =VLOOKUP(A60,import!A:C,3,0) -> DOĞRU | D60: Pasta & Tatlı | E60: =VLOOKUP(A60,import!A:J,5,0) -> 406 | F60: =VLOOKUP(A60,import!A:J,6,0) -> 31 | G60: =VLOOKUP(A60,import!A:J,7,0) -> 24 | H60: =VLOOKUP(A60,import!A:J,8,0) -> 8 | I60: =VLOOKUP(A60,import!A:J,9,0) -> 32 | J60: =VLOOKUP(A60,import!A:J,10,0) -> 0.75 | K60: Azat Kenli | L60: 3243580583 | M60: Mezitli | N60: Viranşehir | O60: Viranşehir Mah.34336 Sokak Mezitli,Mersin | P60: =VLOOKUP(A60,import!A:P,16,0) -> Geleneksel | R60: TRUE | S60: FALSE | T60: Randevu Alındı | U60: Hatem Soyaslan | V60: Burçin Sezer | W60: ürünlerimin hepsi çekildi dedi | X60: 44431 | Y60: 44433 | AA60: Görüşüldü | AB60: 44431 | AC60: Görüşüldü | AD60: 44580 | AK60: Hatem Soyaslan | AL60: Betül Demir | AP60: Serkan Kutlutürk
A61: 60675a246d836b7e4da482e8 | B61: Aldo Özkaymak, Yenişehir (Menteş Mah.) | C61: =VLOOKUP(A61,import!A:C,3,0) -> DOĞRU | D61: Pasta & Tatlı | E61: =VLOOKUP(A61,import!A:J,5,0) -> 4703 | F61: =VLOOKUP(A61,import!A:J,6,0) -> 102 | G61: =VLOOKUP(A61,import!A:J,7,0) -> 44 | H61: =VLOOKUP(A61,import!A:J,8,0) -> 12 | I61: =VLOOKUP(A61,import!A:J,9,0) -> 56 | J61: =VLOOKUP(A61,import!A:J,10,0) -> 0.79 | K61: Süleyman Yiğit | L61: 3243288463 | M61: Yenişehir | N61: Menteş | O61: Menteş Mah.Barboros Bulvarı No/89-A Yenişehir,Mersin | P61: =VLOOKUP(A61,import!A:P,16,0) -> Geleneksel | R61: TRUE | S61: FALSE | T61: Randevu Alındı | U61: Funda Ünlü | V61: Hikmet Avcı | W61: 5325439730 yetkili no// açmadı | X61: 44298 | Y61: 44299 | AA61: Ulaşılamadı | AB61: 44572 | AK61: Zeliha Özer | AP61: Serkan Kutlutürk
A62: 6161e99e5bfa2b85384268da | B62: Ali Amca Ankara Kokoreç & Sıcak Midye, Yenişehir/Çiftlikköy Mah. | C62: =VLOOKUP(A62,import!A:C,3,0) -> YANLIŞ | D62: Sokak Lezzetleri | E62: =VLOOKUP(A62,import!A:J,5,0) -> 626 | F62: =VLOOKUP(A62,import!A:J,6,0) | G62: =VLOOKUP(A62,import!A:J,7,0) -> 0 | H62: =VLOOKUP(A62,import!A:J,8,0) -> 6 | I62: =VLOOKUP(A62,import!A:J,9,0) -> 6 | J62: =VLOOKUP(A62,import!A:J,10,0) -> 0 | K62: Hasan Ali Börçek | L62: 5348133332 | M62: Yenişehir | N62: Çiftlikköy | O62: Çiftlikköy Mah.İstemihan Talay Cad.No/229 BC Yenişehir,Mersin | P62: =VLOOKUP(A62,import!A:P,16,0) -> Geleneksel | R62: TRUE | S62: TRUE | W62: paneli kapalı | AA62: Ulaşılamadı | AB62: 44488 | AC62: Ulaşılamadı | AD62: 44490 | AE62: Ulaşılamadı | AF62: 44491 | AG62: Ulaşılamadı | AH62: 44491 | AK62: Tuğba Buyur | AL62: Sude Alkan | AM62: Gül Değirmenci | AN62: Hatem Soyaslan | AP62: Serkan Kutlutürk
A63: 624031d073980c853acdd9fd | B63: Alice Tantuni & Kebap Salonu, Akdeniz (Nusratiye Mah.) | C63: =VLOOKUP(A63,import!A:C,3,0) -> DOĞRU | D63: Döner | E63: =VLOOKUP(A63,import!A:J,5,0) -> 12 | F63: =VLOOKUP(A63,import!A:J,6,0) -> 10 | G63: =VLOOKUP(A63,import!A:J,7,0) -> 0 | H63: =VLOOKUP(A63,import!A:J,8,0) -> 19 | I63: =VLOOKUP(A63,import!A:J,9,0) -> 19 | J63: =VLOOKUP(A63,import!A:J,10,0) -> 0 | K63: NİLAY GEZİCİ | L63: 5335015663 | M63: Akdeniz | N63: Nusratiye | O63: Nusratiye Mah. Mehmet Akif Ersoy Cad. No:57/C Akdeniz/Mersin | P63: =VLOOKUP(A63,import!A:P,16,0) -> Geleneksel | R63: FALSE | S63: FALSE
A64: 612102f163c2dc9257725973 | B64: Alpi Közde Piliç, Mezitli (Yeni Mah.) | C64: =VLOOKUP(A64,import!A:C,3,0) -> DOĞRU | D64: Tavuk | E64: =VLOOKUP(A64,import!A:J,5,0) -> 1891 | F64: =VLOOKUP(A64,import!A:J,6,0) | G64: =VLOOKUP(A64,import!A:J,7,0) -> 3 | H64: =VLOOKUP(A64,import!A:J,8,0) -> 10 | I64: =VLOOKUP(A64,import!A:J,9,0) -> 13 | J64: =VLOOKUP(A64,import!A:J,10,0) -> 0.23 | K64: Serhat Alkaya | L64: 3243575747 | M64: Mezitli | N64: Yeni | O64: Yeni Mah.Babil Cad.No/16-A Mezitli,Mersin | P64: =VLOOKUP(A64,import!A:P,16,0) -> Geleneksel | R64: TRUE | S64: FALSE | T64: Randevu Alındı | U64: Gül Değirmenci | V64: Hikmet Avcı | W64: dç istiyor ama musaıt degıl ılerde/yarım saat sonra arnılcak | X64: 44482 | Y64: 44482 | AA64: Ulaşılamadı | AB64: 44446 | AC64: Ulaşılamadı | AD64: 44450 | AE64: Görüşüldü | AF64: 44482 | AG64: Görüşüldü | AH64: 44504 | AI64: Yetkili Yok | AJ64: 44558 | AK64: Ferhat Köksal | AL64: Tuğba Buyur | AM64: Gül Değirmenci | AN64: Tuğba Buyur | AO64: Selcan Topçu | AP64: Serkan Kutlutürk
A65: 6001f937fd3d0e7752030f37 | B65: Alsancak Izgara, Tarsus (Şehitler Tepesi Mah.) | C65: =VLOOKUP(A65,import!A:C,3,0) -> DOĞRU | D65: Kebap | E65: =VLOOKUP(A65,import!A:J,5,0) -> 1395 | F65: =VLOOKUP(A65,import!A:J,6,0) -> 59 | G65: =VLOOKUP(A65,import!A:J,7,0) -> 0 | H65: =VLOOKUP(A65,import!A:J,8,0) -> 32 | I65: =VLOOKUP(A65,import!A:J,9,0) -> 32 | J65: =VLOOKUP(A65,import!A:J,10,0) -> 0 | K65: İsmail Çopur | L65: 3245033303 | M65: Tarsus | N65: Şehitler Tepesi | O65: Şehitler Tepesi Mah.Kasım Ekenler Bulvarı No/227-B Tarsus,Mersin | P65: =VLOOKUP(A65,import!A:P,16,0) -> Geleneksel | Q65: 16-25 | R65: TRUE | S65: FALSE | T65: İleride Randevu Alınacak | U65: Kadriye Polat | V65: Hikmet Avcı | W65: Ürünlerin hepsini çıkaramam ramazandan dolayı o yüzden ramazan bitince arayın duruma göre bakalım der. | X65: 44302 | Y65: 44305 | AP65: Serkan Kutlutürk
A66: 610d42351cebd11d73f7cd17 | B66: Altı Kardeşler Kebap & Tantuni, Toroslar (Yalınayak Mah.) | C66: =VLOOKUP(A66,import!A:C,3,0) -> DOĞRU | D66: Sokak Lezzetleri | E66: =VLOOKUP(A66,import!A:J,5,0) -> 886 | F66: =VLOOKUP(A66,import!A:J,6,0) -> 66 | G66: =VLOOKUP(A66,import!A:J,7,0) -> 14 | H66: =VLOOKUP(A66,import!A:J,8,0) -> 1 | I66: =VLOOKUP(A66,import!A:J,9,0) -> 15 | J66: =VLOOKUP(A66,import!A:J,10,0) -> 0.93 | K66: Bülent Uzun | L66: 5357711059 | M66: Toroslar | N66: Yalınayak | O66: Yalınayak Mah.Çiftçiler Cad.No/165-B Toroslar,Mersin | P66: =VLOOKUP(A66,import!A:P,16,0) -> Geleneksel | R66: TRUE | S66: FALSE | T66: Randevu Alındı | U66: Selcan Topçu | V66: Burçin Sezer | X66: 44480 | Y66: 44481 | AA66: Görüşüldü | AB66: 44480 | AK66: Selcan Topçu | AP66: Serkan Kutlutürk
A67: 60d45e4719768b65af61c29b | B67: Amanos Dürüm Center, Tarsus (Şehitmustafa Mah. Merkez) | C67: =VLOOKUP(A67,import!A:C,3,0) -> DOĞRU | D67: Döner | E67: =VLOOKUP(A67,import!A:J,5,0) -> 1690 | F67: =VLOOKUP(A67,import!A:J,6,0) -> 125 | G67: =VLOOKUP(A67,import!A:J,7,0) -> 0 | H67: =VLOOKUP(A67,import!A:J,8,0) -> 11 | I67: =VLOOKUP(A67,import!A:J,9,0) -> 11 | J67: =VLOOKUP(A67,import!A:J,10,0) -> 0 | K67: Fatma Bahçacı | L67: 3246132121 | M67: Tarsus | N67: Şehitkerim | O67: Şehitkerim Mah.3427 Sokak No/8 Tarsus,Mersin | P67: =VLOOKUP(A67,import!A:P,16,0) -> Geleneksel | R67: FALSE | S67: FALSE | AP67: Serkan Kutlutürk
A68: 619fbe8750f740d4ab2a8dec | B68: Anadolu Kebap & Lahmacun & Pide, Yenişehir (Çiftlikköy Mah.) | C68: =VLOOKUP(A68,import!A:C,3,0) -> DOĞRU | D68: Pide | E68: =VLOOKUP(A68,import!A:J,5,0) -> 7815 | F68: =VLOOKUP(A68,import!A:J,6,0) -> 658 | G68: =VLOOKUP(A68,import!A:J,7,0) -> 40 | H68: =VLOOKUP(A68,import!A:J,8,0) -> 11 | I68: =VLOOKUP(A68,import!A:J,9,0) -> 51 | J68: =VLOOKUP(A68,import!A:J,10,0) -> 0.78 | K68: Ali Çiftlik | L68: 5462334534 | M68: Yenişehir | N68: Çiftlikköy | O68: Çiftlikköy Mah.3209 Sokak Hayal Apt.13 nolu Bağımsız No/14 A Yenişehir, Mersin | P68: =VLOOKUP(A68,import!A:P,16,0) -> Geleneksel | R68: TRUE | S68: FALSE | T68: Franchise | W68: önceden çekim yapılmış bireyselmiş sonra kurumsal olmuş şimdi tekrar fotoğraflarının yüklenmesini istiyor | AA68: Görüşüldü | AB68: 44536 | AK68: Betül Demir | AP68: Serkan Kutlutürk
A69: 602109d56d12e9fd884907e1 | B69: Anatolia Pizza, Mezitli (Merkez Mah.) | C69: =VLOOKUP(A69,import!A:C,3,0) -> DOĞRU | D69: Pizza | E69: =VLOOKUP(A69,import!A:J,5,0) -> 27394 | F69: =VLOOKUP(A69,import!A:J,6,0) -> 1176 | G69: =VLOOKUP(A69,import!A:J,7,0) -> 47 | H69: =VLOOKUP(A69,import!A:J,8,0) -> 48 | I69: =VLOOKUP(A69,import!A:J,9,0) -> 95 | J69: =VLOOKUP(A69,import!A:J,10,0) -> 0.49 | K69: İSA GÖNEN | L69: 5354218217 | M69: Mezitli | N69: Merkez | O69: mezitli merkez mahallesi 52060 sokak no9/A MEZİTLİ/MERSİN | P69: =VLOOKUP(A69,import!A:P,16,0) -> Geleneksel | Q69: 35+ | R69: TRUE | S69: FALSE | T69: Randevu Alındı | U69: Hatem Soyaslan | V69: Burçin Sezer | W69: bütün çekimleri yapıldı. / devir olmuş devrettiği kişinin numarası yok | X69: 44298 | Y69: 44299 | AA69: Görüşüldü | AB69: 44573 | AK69: Betül Demir | AP69: Serkan Kutlutürk
A70: 61ddbbe6c988c9b2f73c24ba | B70: Andoy Piliçistan, Akdeniz (Müfide İlhan Mah.) | C70: =VLOOKUP(A70,import!A:C,3,0) -> DOĞRU | D70: Kebap | E70: =VLOOKUP(A70,import!A:J,5,0) | F70: =VLOOKUP(A70,import!A:J,6,0) | G70: =VLOOKUP(A70,import!A:J,7,0) -> 0 | H70: =VLOOKUP(A70,import!A:J,8,0) -> 19 | I70: =VLOOKUP(A70,import!A:J,9,0) -> 19 | J70: =VLOOKUP(A70,import!A:J,10,0) -> 0 | K70: Nejla Güreşci Özalp | L70: 5067190992 | M70: Akdeniz | N70: Müfide İlhan | O70: Müfide İlhan Mah.6102 sokak No:37-A Akdeniz,Mersin | P70: =VLOOKUP(A70,import!A:P,16,0) -> Geleneksel | R70: TRUE | S70: FALSE | T70: İleride Randevu Alınacak | U70: Betül Demir | V70: Hikmet Avcı | W70: yarım saat sonra ara der (14:25 gibi) | X70: 44649 | Y70: 44651 | AA70: Tekrar Aranacak | AB70: 44579 | AC70: Görüşüldü | AD70: 44649 | AK70: Hatem Soyaslan | AL70: Betül Demir
A71: 61ebf9cfe66f62a559e1c0ea | B71: Annemin Mutfağı, Yenişehir (Güvenevler Mah.-Pozcu) | C71: =VLOOKUP(A71,import!A:C,3,0) -> DOĞRU | D71: Ev Yemekleri | E71: =VLOOKUP(A71,import!A:J,5,0) -> 94 | F71: =VLOOKUP(A71,import!A:J,6,0) -> 7 | G71: =VLOOKUP(A71,import!A:J,7,0) -> 0 | H71: =VLOOKUP(A71,import!A:J,8,0) -> 38 | I71: =VLOOKUP(A71,import!A:J,9,0) -> 38 | J71: =VLOOKUP(A71,import!A:J,10,0) -> 0 | K71: Deniz Doğan | L71: 5525296565 | M71: Yenişehir | N71: Güvenevler | O71: Güvenevler Mah. 1914. Sk. Boss Point İş Merkezi A Blok zemin kat No:17, 33140 Yenişehir/Mersin | P71: =VLOOKUP(A71,import!A:P,16,0) -> Geleneksel | R71: TRUE | S71: TRUE | W71: mail göndericek\ | AA71: Görüşüldü | AB71: 44262 | AC71: Görüşüldü | AD71: 44629 | AK71: Hatem Soyaslan | AL71: Zeliha Özer
A72: 5fe25653a8ae935542baa9be | B72: Antakya Döner, Yenişehir (Güvenevler Mah.) | C72: =VLOOKUP(A72,import!A:C,3,0) -> DOĞRU | D72: Tavuk | E72: =VLOOKUP(A72,import!A:J,5,0) -> 55667 | F72: =VLOOKUP(A72,import!A:J,6,0) -> 2031 | G72: =VLOOKUP(A72,import!A:J,7,0) -> 2 | H72: =VLOOKUP(A72,import!A:J,8,0) -> 5 | I72: =VLOOKUP(A72,import!A:J,9,0) -> 7 | J72: =VLOOKUP(A72,import!A:J,10,0) -> 0.29 | K72: Suphi Süt | L72: 3243267318 | M72: Yenişehir | N72: Güvenevler | O72: Güvenevler, Güvenevler Mahallesi, Dumlupınar Cd. Dogan yıldız iş merkezi c blokNo:14, D:C, 33140 Yenişehir/Mersin | P72: =VLOOKUP(A72,import!A:P,16,0) -> Geleneksel | Q72: 0-15 | R72: TRUE | S72: FALSE | T72: Randevu Alındı | U72: Ayşegül Kır | V72: Nilay Kaplan | W72: dönecek | X72: 44656 | Y72: 44662 | AA72: Görüşüldü | AB72: 44551 | AC72: Görüşüldü | AD72: 44651 | AE72: Görüşüldü | AF72: 44656 | AK72: Zeliha Özer | AL72: Betül Demir | AM72: Betül Demir | AP72: Serkan Kutlutürk
A73: 619bbcce4020edf8c8c7e447 | B73: Antakya Express Döner & Kebap, Erdemli (Akdeniz Mah.) | C73: =VLOOKUP(A73,import!A:C,3,0) -> DOĞRU | D73: Döner | E73: =VLOOKUP(A73,import!A:J,5,0) -> 712 | F73: =VLOOKUP(A73,import!A:J,6,0) -> 30 | G73: =VLOOKUP(A73,import!A:J,7,0) -> 9 | H73: =VLOOKUP(A73,import!A:J,8,0) -> 26 | I73: =VLOOKUP(A73,import!A:J,9,0) -> 35 | J73: =VLOOKUP(A73,import!A:J,10,0) -> 0.26 | K73: Burak Turhan | L73: 5394236637 | M73: Erdemli | N73: Akdeniz 1. Bölge | O73: Akdeniz Mah.Alparslan Türkeş Bulvarı No/186-B Erdemli,Mersin | P73: =VLOOKUP(A73,import!A:P,16,0) -> Geleneksel | R73: TRUE | S73: FALSE | T73: Randevu Alındı | U73: Hatem Soyaslan | V73: Hikmet Avcı | X73: 44531 | Y73: 44533 | AA73: Görüşüldü | AB73: 44531 | AK73: Hatem Soyaslan | AP73: Serkan Kutlutürk
A74: 61b2031470bb7f4a8c34ebb3 | B74: Antakya Şef Döner, Erdemli (Akdeniz Mah.) | C74: =VLOOKUP(A74,import!A:C,3,0) -> DOĞRU | D74: Sokak Lezzetleri | E74: =VLOOKUP(A74,import!A:J,5,0) -> 1766 | F74: =VLOOKUP(A74,import!A:J,6,0) -> 187 | G74: =VLOOKUP(A74,import!A:J,7,0) -> 0 | H74: =VLOOKUP(A74,import!A:J,8,0) -> 7 | I74: =VLOOKUP(A74,import!A:J,9,0) -> 7 | J74: =VLOOKUP(A74,import!A:J,10,0) -> 0 | K74: Hakan Mansuroğlu | L74: 3245151130 | M74: Erdemli | N74: Akdeniz 1. Bölge | O74: Akdeniz Mah.Yunus Emre Cad.No:95 Erdemli,Mersin | P74: =VLOOKUP(A74,import!A:P,16,0) -> Geleneksel | R74: FALSE | S74: FALSE | T74: Lokasyon Uzak | AP74: Serkan Kutlutürk
A75: 6081a2ad22a2d62ed68d11db | B75: Antakyalı Kral Künefe, Erdemli (Merkez Mah.) | C75: =VLOOKUP(A75,import!A:C,3,0) -> DOĞRU | D75: Pasta & Tatlı | E75: =VLOOKUP(A75,import!A:J,5,0) -> 978 | F75: =VLOOKUP(A75,import!A:J,6,0) -> 70 | G75: =VLOOKUP(A75,import!A:J,7,0) -> 0 | H75: =VLOOKUP(A75,import!A:J,8,0) -> 15 | I75: =VLOOKUP(A75,import!A:J,9,0) -> 15 | J75: =VLOOKUP(A75,import!A:J,10,0) -> 0 | K75: Özgür Yıldızoğlu | L75: 3243571314 | M75: Erdemli | N75: Merkez 2. Bölge | O75: Merkez Mah.Sabahattin Çakmakoğlu Cad.No/24-C Erdemli,Mersin | P75: =VLOOKUP(A75,import!A:P,16,0) -> Geleneksel | R75: TRUE | S75: FALSE | W75: özgür bey yok annesi iletecek | AA75: Ulaşılamadı | AB75: 44499 | AC75: Dönüş Yapacak | AD75: 44538 | AK75: Betül Demir | AL75: Sude Alkan | AP75: Serkan Kutlutürk
A76: 60742ca418f85db3119c644b | B76: Arabica Coffee House, Yenişehir (İnönü Mah.) | C76: =VLOOKUP(A76,import!A:C,3,0) -> DOĞRU | D76: Pasta & Tatlı | E76: =VLOOKUP(A76,import!A:J,5,0) -> 128 | F76: =VLOOKUP(A76,import!A:J,6,0) -> 1 | G76: =VLOOKUP(A76,import!A:J,7,0) -> 34 | H76: =VLOOKUP(A76,import!A:J,8,0) -> 73 | I76: =VLOOKUP(A76,import!A:J,9,0) -> 107 | J76: =VLOOKUP(A76,import!A:J,10,0) -> 0.32 | K76: Berna Ersöz | L76: 5312595314 | M76: Yenişehir | N76: İnönü | O76: İnönü Mah.1401 Sokak No/32-B Yenişehir Mersin | P76: =VLOOKUP(A76,import!A:P,16,0) -> Geleneksel | R76: TRUE | S76: FALSE | T76: Franchise | AP76: Serkan Kutlutürk
A77: 60d9e0979aeceb46809f15b0 | B77: Arka Bahçe Kahvaltı, Silifke (Göksu Mah.) | C77: =VLOOKUP(A77,import!A:C,3,0) -> DOĞRU | D77: Kahvaltı | E77: =VLOOKUP(A77,import!A:J,5,0) -> 905 | F77: =VLOOKUP(A77,import!A:J,6,0) | G77: =VLOOKUP(A77,import!A:J,7,0) -> 0 | H77: =VLOOKUP(A77,import!A:J,8,0) -> 36 | I77: =VLOOKUP(A77,import!A:J,9,0) -> 36 | J77: =VLOOKUP(A77,import!A:J,10,0) -> 0 | K77: Cemre Pekel | L77: 3247140002 | M77: Silifke | N77: Göksu | O77: Göksu Mah.Ali Önder Sokak No/34-D Silifke,Mersin | P77: =VLOOKUP(A77,import!A:P,16,0) -> Geleneksel | R77: FALSE | S77: FALSE | T77: Lokasyon Uzak | AP77: Serkan Kutlutürk
A78: 624f1ac851392c6ec8db7497 | B78: Arpaç Tantuni & Kebap, Toroslar (Arpaçsakarlar Mah.) | C78: =VLOOKUP(A78,import!A:C,3,0) -> DOĞRU | D78: Sokak Lezzetleri | E78: =VLOOKUP(A78,import!A:J,5,0) -> 4 | F78: =VLOOKUP(A78,import!A:J,6,0) -> 4 | G78: =VLOOKUP(A78,import!A:J,7,0) -> 0 | H78: =VLOOKUP(A78,import!A:J,8,0) -> 18 | I78: =VLOOKUP(A78,import!A:J,9,0) -> 18 | J78: =VLOOKUP(A78,import!A:J,10,0) -> 0 | K78: Nazmi Kayacan | L78: 5074307786 | M78: Toroslar | N78: Merkez Köyü 2. Bölge | O78: arpaç sakallar mahallesi çiftçiler caddesi no:151/b toroslar/mersin | P78: =VLOOKUP(A78,import!A:P,16,0) -> Geleneksel | R78: TRUE | S78: FALSE | T78: Randevu Alındı | U78: Betül Demir | V78: Nilay Kaplan | X78: 44671 | Y78: 44672 | AA78: Görüşüldü | AB78: 44671 | AK78: Betül Demir
A79: 6033881baa09e0a37e2b409e | B79: Askar Künefe & Dondurma, Yenişehir (Fuat Morel Mah.) | C79: =VLOOKUP(A79,import!A:C,3,0) -> DOĞRU | D79: Pasta & Tatlı | E79: =VLOOKUP(A79,import!A:J,5,0) -> 8414 | F79: =VLOOKUP(A79,import!A:J,6,0) -> 153 | G79: =VLOOKUP(A79,import!A:J,7,0) -> 6 | H79: =VLOOKUP(A79,import!A:J,8,0) -> 31 | I79: =VLOOKUP(A79,import!A:J,9,0) -> 37 | J79: =VLOOKUP(A79,import!A:J,10,0) -> 0.16 | K79: SONGÜL AŞKAR | L79: 3244732011 | M79: Yenişehir | N79: Fuatmorel | O79: FUAT MOREL MAH. 28105 SOKAK NO:58/A YENİŞEHİR , MERSİN YAHYA GÜNSUR LİSESİ KARŞISI | P79: =VLOOKUP(A79,import!A:P,16,0) -> Geleneksel | Q79: 26-35 | R79: TRUE | S79: FALSE | T79: Randevu Alındı | U79: Sude Alkan | V79: Burçin Sezer | W79: mehmet 5394059503 dç alındı | X79: 44524 | Y79: 44530 | AA79: Görüşüldü | AB79: 44358 | AC79: Ulaşılamadı | AD79: 44524 | AE79: Görüşüldü | AF79: 44524 | AK79: Nazmiye Yuka | AL79: Sude Alkan | AM79: Sude Alkan | AP79: Serkan Kutlutürk
A80: 6048d1f38aa12145b8713ce1 | B80: Aslan Paça & Izgara, Erdemli (Alata Mah.) | C80: =VLOOKUP(A80,import!A:C,3,0) -> YANLIŞ | D80: Sokak Lezzetleri | E80: =VLOOKUP(A80,import!A:J,5,0) -> 239 | F80: =VLOOKUP(A80,import!A:J,6,0) | G80: =VLOOKUP(A80,import!A:J,7,0) -> 0 | H80: =VLOOKUP(A80,import!A:J,8,0) -> 7 | I80: =VLOOKUP(A80,import!A:J,9,0) -> 7 | J80: =VLOOKUP(A80,import!A:J,10,0) -> 0 | K80: İlkay Yavuklu | L80: 3245153438 | M80: Erdemli | N80: Alata 2. Bölge | O80: Alata Mah.Alparslan Türkeş Bulvarı No/298-B Erdemli,Mersin | P80: =VLOOKUP(A80,import!A:P,16,0) -> Geleneksel | R80: TRUE | S80: FALSE | T80: Ulaşılamadı | AA80: Ulaşılamadı | AB80: 44504 | AK80: Tuğba Buyur | AP80: Serkan Kutlutürk
A81: 5fe6cac797764a03545a7474 | B81: Aspava Kebap & Lahmacun, Yenişehir (Çiftlikköy Mah.) | C81: =VLOOKUP(A81,import!A:C,3,0) -> DOĞRU | D81: Kebap | E81: =VLOOKUP(A81,import!A:J,5,0) -> 4761 | F81: =VLOOKUP(A81,import!A:J,6,0) -> 244 | G81: =VLOOKUP(A81,import!A:J,7,0) -> 0 | H81: =VLOOKUP(A81,import!A:J,8,0) -> 34 | I81: =VLOOKUP(A81,import!A:J,9,0) -> 34 | J81: =VLOOKUP(A81,import!A:J,10,0) -> 0 | K81: Mehmet Durdu | L81: 5524594463 | M81: Yenişehir | N81: Çiftlikköy | O81: Çiftlikköy Mah.Üniversite Cad.No 34 A Yenişehir Mersin | P81: =VLOOKUP(A81,import!A:P,16,0) -> Geleneksel | Q81: 26-35 | R81: TRUE | S81: FALSE | T81: BlackList | U81: Betül Demir | V81: Hikmet Avcı | W81: mail gonderildi /fotoğraflar gönderilmemiş çünkü menümüz baya değişecek oyüzden okulaçıldıktan sonrası için göndeririz daha iyi olur dedi./ ortakları ile görüşüp dönüş sağlayacak | X81: 44530 | Y81: 44531 | AA81: Görüşüldü | AB81: 44358 | AC81: Görüşüldü | AD81: 44393 | AE81: Görüşüldü | AF81: 44418 | AG81: Dönüş Yapacak | AH81: 44491 | AI81: Görüşüldü | AJ81: 44530 | AK81: İpek Aytaç | AL81: Hatem Soyaslan | AM81: Deneme | AN81: Betül Demir | AO81: Betül Demir | AP81: Serkan Kutlutürk
A82: 61234bb614f75845be481295 | B82: Asrın Pide & Lahmacun Fırını, Akdeniz (İhsaniye Mah.) | C82: =VLOOKUP(A82,import!A:C,3,0) -> DOĞRU | D82: Pide | E82: =VLOOKUP(A82,import!A:J,5,0) -> 753 | F82: =VLOOKUP(A82,import!A:J,6,0) | G82: =VLOOKUP(A82,import!A:J,7,0) -> 0 | H82: =VLOOKUP(A82,import!A:J,8,0) -> 7 | I82: =VLOOKUP(A82,import!A:J,9,0) -> 7 | J82: =VLOOKUP(A82,import!A:J,10,0) -> 0 | K82: Mehmet Raşit Kaçar | L82: 5432401438 | M82: Akdeniz | N82: İhsaniye | O82: İhsaniye Mah.Havuzlar Cad.No/40-E Akdeniz, Mersin | P82: =VLOOKUP(A82,import!A:P,16,0) -> Geleneksel | R82: TRUE | S82: FALSE | T82: Devir | W82: telefonu açmadı/devretmiş | AA82: Ulaşılamadı | AB82: 44481 | AC82: Görüşüldü | AD82: 44489 | AK82: Hatem Soyaslan | AL82: Sude Alkan | AP82: Serkan Kutlutürk
A83: 5fe4fe8a4669ba622d463092 | B83: Asrın Tantunisi, Yenişehir (Menteş Mah.) | C83: =VLOOKUP(A83,import!A:C,3,0) -> DOĞRU | D83: Sokak Lezzetleri | E83: =VLOOKUP(A83,import!A:J,5,0) -> 3779 | F83: =VLOOKUP(A83,import!A:J,6,0) -> 207 | G83: =VLOOKUP(A83,import!A:J,7,0) -> 13 | H83: =VLOOKUP(A83,import!A:J,8,0) -> 9 | I83: =VLOOKUP(A83,import!A:J,9,0) -> 22 | J83: =VLOOKUP(A83,import!A:J,10,0) -> 0.59 | K83: Duygu İmamoğlu | L83: 3243415161 | M83: Yenişehir | N83: Menteş | O83: Menteş Mah.2535 sokak Argün Plaza A blok Altı No/14 C Yenişehir Mersin | P83: =VLOOKUP(A83,import!A:P,16,0) -> Geleneksel | Q83: 16-25 | R83: TRUE | S83: FALSE | T83: Randevu Alındı | U83: Hatem Soyaslan | V83: Aykut Gülaslan | W83: çekim yapılmış | X83: 44267 | Y83: 44272 | AP83: Serkan Kutlutürk
A84: 5ff62d9fa1e3212d5887542c | B84: Atakule Kumpir & Pizza, Yenişehir (Limonluk Mah.) | C84: =VLOOKUP(A84,import!A:C,3,0) -> DOĞRU | D84: Pizza | E84: =VLOOKUP(A84,import!A:J,5,0) -> 2009 | F84: =VLOOKUP(A84,import!A:J,6,0) -> 193 | G84: =VLOOKUP(A84,import!A:J,7,0) -> 7 | H84: =VLOOKUP(A84,import!A:J,8,0) -> 16 | I84: =VLOOKUP(A84,import!A:J,9,0) -> 23 | J84: =VLOOKUP(A84,import!A:J,10,0) -> 0.3 | K84: Teoman Çetindağ | L84: 5377830910 | M84: Yenişehir | N84: Limonluk | O84: Limonluk Mah.Vali Hüseyin Aksoy Cad.No/2-124 Yenişehir,Mersin | P84: =VLOOKUP(A84,import!A:P,16,0) -> Geleneksel | Q84: 16-25 | R84: TRUE | S84: FALSE | T84: Randevu Alındı | U84: Kübra Toprak | V84: Hikmet Avcı | W84: 5327945475 Akkent mahallesi Hüseyin okan merzeci bulvarı No:12 teoman bey bu adrese istedi.// devam çekimi istemedi | X84: 44518 | Y84: 44522 | AA84: Görüşüldü | AB84: 44358 | AC84: Ulaşılamadı | AD84: 44426 | AE84: Görüşüldü | AF84: 44481 | AG84: Görüşüldü | AH84: 44517 | AI84: Görüşüldü | AJ84: 44551 | AK84: İpek Aytaç | AL84: Deneme | AM84: Selcan Topçu | AN84: Kübra Toprak | AO84: Zeliha Özer | AP84: Serkan Kutlutürk
A85: 6001fee8f1067e07ff50ce2c | B85: Atakule Kumpir, Tarsus (Anıt Mah.) | C85: =VLOOKUP(A85,import!A:C,3,0) -> DOĞRU | D85: Burger | E85: =VLOOKUP(A85,import!A:J,5,0) -> 2339 | F85: =VLOOKUP(A85,import!A:J,6,0) -> 117 | G85: =VLOOKUP(A85,import!A:J,7,0) -> 0 | H85: =VLOOKUP(A85,import!A:J,8,0) -> 113 | I85: =VLOOKUP(A85,import!A:J,9,0) -> 113 | J85: =VLOOKUP(A85,import!A:J,10,0) -> 0 | K85: Hasan Günay | L85: 3246145400 | M85: Tarsus | N85: Anıt | O85: Anıt Mah.Kale Burcu Cad.No/2-2 Tarsus,Mersin | P85: =VLOOKUP(A85,import!A:P,16,0) -> Geleneksel | Q85: 35+ | R85: TRUE | S85: FALSE | T85: İleride Randevu Alınacak | U85: Senanur Çınar | V85: Hikmet Avcı | X85: 44300 | Y85: 44301 | AP85: Serkan Kutlutürk
A86: 5ff6332965ba5259742b37c3 | B86: Atakule Kumpir, Yenişehir (Akkent Mah.) | C86: =VLOOKUP(A86,import!A:C,3,0) -> YANLIŞ | D86: Pizza | E86: =VLOOKUP(A86,import!A:J,5,0) -> 562 | F86: =VLOOKUP(A86,import!A:J,6,0) | G86: =VLOOKUP(A86,import!A:J,7,0) -> 5 | H86: =VLOOKUP(A86,import!A:J,8,0) -> 16 | I86: =VLOOKUP(A86,import!A:J,9,0) -> 21 | J86: =VLOOKUP(A86,import!A:J,10,0) -> 0.24 | K86: Teoman Çetindağ | L86: 5377830910 | M86: Yenişehir | N86: Akkent | O86: Akkent Mah.H.Okan Merzeci Bulvarı No/206-207 (Sayapark Avm) Yenişehir,Mersin | P86: =VLOOKUP(A86,import!A:P,16,0) -> Geleneksel | Q86: 16-25 | R86: TRUE | S86: FALSE | T86: Randevu Alındı | U86: Zeliha Özer | V86: Burçin Sezer | W86: açmıyor\\açmıyor | X86: 44266 | Y86: 44270 | AA86: Ulaşılamadı | AB86: 44428 | AK86: Ravza Eğilmez | AP86: Serkan Kutlutürk
A87: 60632e123730cf1dd15397c3 | B87: AtaPlus Pizza & Kumpir & Döner, Akdeniz (İhsaniye Mah.-Merkez) | C87: =VLOOKUP(A87,import!A:C,3,0) -> DOĞRU | D87: Pizza | E87: =VLOOKUP(A87,import!A:J,5,0) -> 2879 | F87: =VLOOKUP(A87,import!A:J,6,0) -> 138 | G87: =VLOOKUP(A87,import!A:J,7,0) -> 16 | H87: =VLOOKUP(A87,import!A:J,8,0) -> 36 | I87: =VLOOKUP(A87,import!A:J,9,0) -> 52 | J87: =VLOOKUP(A87,import!A:J,10,0) -> 0.31 | K87: Selma Sarı | L87: 3243369237 | M87: Akdeniz | N87: Nusratiye | O87: Nusratiye Mah.5026 Sokak Yiğit Apt.No/48-B Akdeniz,Mersin | P87: =VLOOKUP(A87,import!A:P,16,0) -> Geleneksel | R87: TRUE | S87: FALSE | T87: Randevu Alındı | U87: Hatem Soyaslan | V87: Burçin Sezer | W87: devam çekimi alındı/kndım cekseydım daha duzgun olurdu dedı ,fotograflar konulunca daha bı musterım gıttı dedı | X87: 44349 | Y87: 44351 | AA87: Görüşüldü | AB87: 44349 | AC87: Görüşüldü | AD87: 44496 | AK87: Nazmiye Yuka | AL87: Selcan Topçu | AP87: Serkan Kutlutürk
A88: 6217cc9cba4c45ed61382603 | B88: Atlantik Coffee Roastery, Toroslar (Portakal Mah.) | C88: =VLOOKUP(A88,import!A:C,3,0) -> DOĞRU | D88: İçecek | E88: =VLOOKUP(A88,import!A:J,5,0) -> 5 | F88: =VLOOKUP(A88,import!A:J,6,0) -> 1 | G88: =VLOOKUP(A88,import!A:J,7,0) -> 33 | H88: =VLOOKUP(A88,import!A:J,8,0) -> 12 | I88: =VLOOKUP(A88,import!A:J,9,0) -> 45 | J88: =VLOOKUP(A88,import!A:J,10,0) -> 0.73 | K88: Muhammet Emnacar | L88: 5053366098 | M88: Toroslar | N88: Portakal | O88: Portakal Mah.203 sokak 1.Cad No:241-B Toroslar,Mersin | P88: =VLOOKUP(A88,import!A:P,16,0) -> Geleneksel | R88: TRUE | S88: FALSE | T88: Randevu Alındı | U88: Sude Alkan | V88: Nilay Kaplan | X88: 44656 | Y88: 44658 | AA88: Görüşüldü | AB88: 44634 | AC88: Görüşüldü | AD88: 44656 | AK88: Betül Demir | AL88: Sude Alkan
A89: 600d8c9b12a3f1000d264670 | B89: Atom Cafe, Mezitli (Menderes Mah.) | C89: =VLOOKUP(A89,import!A:C,3,0) -> DOĞRU | D89: Tost & Sandviç | E89: =VLOOKUP(A89,import!A:J,5,0) -> 4023 | F89: =VLOOKUP(A89,import!A:J,6,0) -> 143 | G89: =VLOOKUP(A89,import!A:J,7,0) -> 91 | H89: =VLOOKUP(A89,import!A:J,8,0) -> 16 | I89: =VLOOKUP(A89,import!A:J,9,0) -> 107 | J89: =VLOOKUP(A89,import!A:J,10,0) -> 0.85 | K89: Teybe Korkmaz | L89: 5523658202 | M89: Mezitli | N89: Menderes | O89: Menderes Mah.Bakanlık Cad.No/8 -B Mezitli,Mersin | P89: =VLOOKUP(A89,import!A:P,16,0) -> Geleneksel | Q89: 35+ | R89: TRUE | S89: FALSE | T89: Randevu Alındı | U89: Betül Demir | V89: Nilay Kaplan | W89: çok ygunuz bu aralar ocakta tekrar aranabılır/DONUS SAGLIYCAKLAR / müsait olduğu zaman haber verecekm,ş biz tarafından aranmasın / devam çekimi alındı | X89: 44638 | Y89: 44643 | AA89: Tekrar Aranacak | AB89: 44418 | AC89: Tekrar Aranacak | AD89: 44481 | AE89: Yetkili Yok | AF89: 44497 | AG89: Yetkili Yok | AH89: 44504 | AI89: Görüşüldü | AJ89: 44638 | AK89: Ravza Eğilmez | AL89: Selcan Topçu | AM89: Ayşegül Kır | AN89: Tuğba Buyur | AO89: Betül Demir | AP89: Serkan Kutlutürk
A90: 601f7aeaa3e4010051001bdc | B90: Atomcu Einstein, Mezitli (Akdeniz Mah.) | C90: =VLOOKUP(A90,import!A:C,3,0) -> DOĞRU | D90: Tost & Sandviç | E90: =VLOOKUP(A90,import!A:J,5,0) -> 1228 | F90: =VLOOKUP(A90,import!A:J,6,0) -> 42 | G90: =VLOOKUP(A90,import!A:J,7,0) -> 0 | H90: =VLOOKUP(A90,import!A:J,8,0) -> 36 | I90: =VLOOKUP(A90,import!A:J,9,0) -> 36 | J90: =VLOOKUP(A90,import!A:J,10,0) -> 0 | K90: Mehmet Sait Bozkuş | L90: 3245021430 | M90: Mezitli | N90: Akdeniz | O90: Akdeniz Mah.Zeytinli Cad.No/3-B Mezitli,Mersin | P90: =VLOOKUP(A90,import!A:P,16,0) -> Geleneksel | Q90: 26-35 | R90: TRUE | S90: FALSE | T90: Çekim İstemiyor | U90: Tuğba Buyur | V90: Burçin Sezer | W90: 5529383213 randevu oluşturulmustu fakat yetkılı restoranda bulunmayacagı ıcın ıptal ettıler./ osmanıyedekı subesı ıcın ıstedı- nmumara mesgul / OSMANİYEDEN İSTİYOR | X90: 44450 | Y90: 44452 | AA90: Ulaşılamadı | AB90: 44426 | AC90: Görüşüldü | AD90: 44446 | AE90: Görüşüldü | AF90: 44450 | AG90: Görüşüldü | AH90: 44460 | AI90: Görüşüldü | AJ90: 44495 | AK90: Deneme | AL90: Ferhat Köksal | AM90: Tuğba Buyur | AN90: Selcan Topçu | AO90: Betül Demir | AP90: Serkan Kutlutürk
A91: 620e98d1edcf8a5cb6eeafd9 | B91: Atomcu Sadık Usta, Mezitli (Atatürk Mah.) | C91: =VLOOKUP(A91,import!A:C,3,0) -> DOĞRU | D91: Tost & Sandviç | E91: =VLOOKUP(A91,import!A:J,5,0) -> 448 | F91: =VLOOKUP(A91,import!A:J,6,0) -> 216 | G91: =VLOOKUP(A91,import!A:J,7,0) -> 25 | H91: =VLOOKUP(A91,import!A:J,8,0) -> 8 | I91: =VLOOKUP(A91,import!A:J,9,0) -> 33 | J91: =VLOOKUP(A91,import!A:J,10,0) -> 0.76 | K91: Nurcan Sumer | L91: 5346801734 | M91: Mezitli | N91: Yeni | O91: Atatürk Mah.G.M.K Bulvarı No/684 Mezitli,Mersin | P91: =VLOOKUP(A91,import!A:P,16,0) -> Geleneksel | R91: TRUE | S91: FALSE | T91: Randevu Alındı | U91: Betül Demir | V91: Hikmet Avcı | X91: 44630 | Y91: 44631 | AA91: Görüşüldü | AB91: 44630 | AK91: Betül Demir
A92: 6202cfabdb3c2ab3674ada18 | B92: Atomcu Sadık Usta, Yenişehir (Barbaros Mah.) | C92: =VLOOKUP(A92,import!A:C,3,0) -> DOĞRU | D92: Tost & Sandviç | E92: =VLOOKUP(A92,import!A:J,5,0) -> 695 | F92: =VLOOKUP(A92,import!A:J,6,0) -> 299 | G92: =VLOOKUP(A92,import!A:J,7,0) -> 16 | H92: =VLOOKUP(A92,import!A:J,8,0) -> 8 | I92: =VLOOKUP(A92,import!A:J,9,0) -> 24 | J92: =VLOOKUP(A92,import!A:J,10,0) -> 0.67 | K92: Nurcan Sumer | L92: 5346801734 | M92: Yenişehir | N92: Barbaros | O92: Barbaros Mah.G.M.K Bulvarı No:484-A Yenişehir,Mersin | P92: =VLOOKUP(A92,import!A:P,16,0) -> Geleneksel | R92: TRUE | S92: FALSE | T92: Randevu Alındı | U92: Hatem Soyaslan | V92: Nilay Kaplan | W92: sadık bey yetkili | X92: 44624 | Y92: 44627 | AA92: Görüşüldü | AB92: 44624 | AK92: Hatem Soyaslan
A93: 601ed51398337b025a4d3318 | B93: ATS İstanbul Kafe & Restoran, Toroslar (Zeki Ayan Mah.) | C93: =VLOOKUP(A93,import!A:C,3,0) -> DOĞRU | D93: Döner | E93: =VLOOKUP(A93,import!A:J,5,0) -> 1618 | F93: =VLOOKUP(A93,import!A:J,6,0) -> 98 | G93: =VLOOKUP(A93,import!A:J,7,0) -> 0 | H93: =VLOOKUP(A93,import!A:J,8,0) -> 34 | I93: =VLOOKUP(A93,import!A:J,9,0) -> 34 | J93: =VLOOKUP(A93,import!A:J,10,0) -> 0 | K93: Ahmet Hilmi Göçer | L93: 5531263333 | M93: Toroslar | N93: Zeki Ayan | O93: Zeki Ayan Mah.82029 Sokak No/6-B Toroslar,Mersin | P93: =VLOOKUP(A93,import!A:P,16,0) -> Geleneksel | Q93: 16-25 | R93: TRUE | S93: FALSE | T93: Çekim İstemiyor | U93: Betül Demir | V93: Burçin Sezer | W93: şuan müsait değiller sonra ara\\onlar arayacakmış-NUMARAMIZ VARMIS ARAYACKLAR/müsait olunca ben arıycam dediler//defalarca söyledim ben geri dönüş sağlicam diye / randevu oluşturdu daha sonra aradı iptal etti hiçbir zaman istemiyoruz diye | X93: 44499 | Y93: 44501 | AA93: Görüşüldü | AB93: 44349 | AC93: Dönüş Yapacak | AD93: 44363 | AE93: Görüşüldü | AF93: 44426 | AG93: Yetkili Yok | AH93: 44491 | AI93: Görüşüldü | AJ93: 44499 | AK93: Nazmiye Yuka | AL93: Hatem Soyaslan | AM93: Deneme | AN93: Betül Demir | AO93: Betül Demir | AP93: Serkan Kutlutürk
A94: 61f2d37442b5faae58984d5b | B94: Aure Cafe, Yenişehir (İnönü Mah.) | C94: =VLOOKUP(A94,import!A:C,3,0) -> DOĞRU | D94: Burger | E94: =VLOOKUP(A94,import!A:J,5,0) | F94: =VLOOKUP(A94,import!A:J,6,0) | G94: =VLOOKUP(A94,import!A:J,7,0) -> 0 | H94: =VLOOKUP(A94,import!A:J,8,0) -> 47 | I94: =VLOOKUP(A94,import!A:J,9,0) -> 47 | J94: =VLOOKUP(A94,import!A:J,10,0) -> 0 | K94: Beritan Kızıl | L94: 5522491033 | M94: Yenişehir | N94: İnönü | O94: İnönü Mah.1405 Sokak No:14-1 Yenişehir,Mersin | P94: =VLOOKUP(A94,import!A:P,16,0) -> Geleneksel | R94: TRUE | S94: FALSE | T94: Restoran Silindi | W94: işletme kapandı | AA94: Ulaşılamadı | AB94: 44629 | AC94: Ulaşılamadı | AD94: 44636 | AE94: Görüşüldü | AF94: 44638 | AK94: Zeliha Özer | AL94: Zeliha Özer | AM94: Zeliha Özer
A95: 5fef569dcf33769320b53456 | B95: Ayak Üstü Burger, Tarsus (Şehitmustafa Mah.-Merkez.) | C95: =VLOOKUP(A95,import!A:C,3,0) -> DOĞRU | D95: Burger | E95: =VLOOKUP(A95,import!A:J,5,0) -> 2149 | F95: =VLOOKUP(A95,import!A:J,6,0) -> 291 | G95: =VLOOKUP(A95,import!A:J,7,0) -> 12 | H95: =VLOOKUP(A95,import!A:J,8,0) -> 10 | I95: =VLOOKUP(A95,import!A:J,9,0) -> 22 | J95: =VLOOKUP(A95,import!A:J,10,0) -> 0.55 | K95: Burçak Seyis | L95: 5304677333 | M95: Tarsus | N95: Şehitmustafa | O95: Şehit Mustafa Mah.Cengiz Topel Cad.Solmaz İşHanı No/4 Tarsus ,Mersin | P95: =VLOOKUP(A95,import!A:P,16,0) -> Geleneksel | Q95: 16-25 | R95: TRUE | S95: FALSE | T95: Başka Şubeden Çekilecek | AP95: Serkan Kutlutürk
A96: 5fef4789f351dc261c67ae8f | B96: Ayak Üstü Burger, Yenişehir (İnönü Mah.) | C96: =VLOOKUP(A96,import!A:C,3,0) -> DOĞRU | D96: Burger | E96: =VLOOKUP(A96,import!A:J,5,0) -> 2490 | F96: =VLOOKUP(A96,import!A:J,6,0) -> 199 | G96: =VLOOKUP(A96,import!A:J,7,0) -> 11 | H96: =VLOOKUP(A96,import!A:J,8,0) -> 11 | I96: =VLOOKUP(A96,import!A:J,9,0) -> 22 | J96: =VLOOKUP(A96,import!A:J,10,0) -> 0.5 | K96: Burçak Seyis | L96: 5313470333 | M96: Yenişehir | N96: İnönü | O96: İnönü Mah.1405 Sokak Nigar Mutlu Apt. | P96: =VLOOKUP(A96,import!A:P,16,0) -> Geleneksel | Q96: 16-25 | R96: TRUE | S96: FALSE | T96: Randevu Alındı | U96: Senanur Çınar | V96: Aykut Gülaslan | W96: eksik ürün yok aranmayacak. | X96: 44281 | Y96: 44284 | AP96: Serkan Kutlutürk
A97: 624fd6d41f0b1b4b21800a9e | B97: Ayak Üstü Burger, Yenişehir (İnönü Mah.) | C97: =VLOOKUP(A97,import!A:C,3,0) -> DOĞRU | D97: Burger | E97: =VLOOKUP(A97,import!A:J,5,0) -> 11 | F97: =VLOOKUP(A97,import!A:J,6,0) -> 11 | G97: =VLOOKUP(A97,import!A:J,7,0) -> 0 | H97: =VLOOKUP(A97,import!A:J,8,0) -> 19 | I97: =VLOOKUP(A97,import!A:J,9,0) -> 19 | J97: =VLOOKUP(A97,import!A:J,10,0) -> 0 | K97: EDA BAYRAM | L97: 5313470333 | M97: Yenişehir | N97: İnönü | O97: İnönü Mah. 1405 Sok. No:5B Yenişehir Mersin | P97: =VLOOKUP(A97,import!A:P,16,0) -> Geleneksel | R97: FALSE | S97: FALSE
A98: 6257297d41ce262fab220143 | B98: Aydın Pişirim Fırını, Erdemli (Tömük Mah.) | C98: =VLOOKUP(A98,import!A:C,3,0) -> DOĞRU | D98: Börek | E98: =VLOOKUP(A98,import!A:J,5,0) -> 2 | F98: =VLOOKUP(A98,import!A:J,6,0) -> 2 | G98: =VLOOKUP(A98,import!A:J,7,0) -> 0 | H98: =VLOOKUP(A98,import!A:J,8,0) -> 11 | I98: =VLOOKUP(A98,import!A:J,9,0) -> 11 | J98: =VLOOKUP(A98,import!A:J,10,0) -> 0 | K98: Resul Uygez | L98: 5434081128 | M98: Erdemli | N98: Kargıpınarı 2. Bölge | O98: Tömük Mah.Kale Cad.Akdeniz Şok Ziya Erden Sitesi 2 blok No:30 Erdemli,Mersin | P98: =VLOOKUP(A98,import!A:P,16,0) -> Geleneksel | R98: FALSE | S98: FALSE | T98: Lokasyon Uzak
A99: 60b4c528288ff74b1fb91ed3 | B99: Aysa Kebap, Toroslar (Mithat Toroğlu Mah.) | C99: =VLOOKUP(A99,import!A:C,3,0) -> DOĞRU | D99: Kebap | E99: =VLOOKUP(A99,import!A:J,5,0) -> 2809 | F99: =VLOOKUP(A99,import!A:J,6,0) -> 12 | G99: =VLOOKUP(A99,import!A:J,7,0) -> 5 | H99: =VLOOKUP(A99,import!A:J,8,0) -> 7 | I99: =VLOOKUP(A99,import!A:J,9,0) -> 12 | J99: =VLOOKUP(A99,import!A:J,10,0) -> 0.42 | K99: Tekin Büyükboğa | L99: 5423175410 | M99: Toroslar | N99: Mithat Toroğlu | O99: Mithat Toroğlu Mah.Hüseyin Okan Merzeci Bulvarı No/329-B Toroslar,Mersin | P99: =VLOOKUP(A99,import!A:P,16,0) -> Geleneksel | R99: TRUE | S99: FALSE | T99: Randevu Alındı | U99: Selcan Topçu | V99: Burçin Sezer | W99: vodafone kayıtlı böyle bir numara yoktur/0541 749 32 33/hakan bey / 0324) 321 03 03 | X99: 44480 | Y99: 44481 | Z99: Hemen Randevu İstiyorum | AA99: Ulaşılamadı | AB99: 44363 | AC99: Ulaşılamadı | AD99: 44363 | AE99: Ulaşılamadı | AF99: 44393 | AG99: Görüşüldü | AH99: 44480 | AK99: Eylem Ünal | AL99: Hatem Soyaslan | AM99: Hatem Soyaslan | AN99: Selcan Topçu | AP99: Serkan Kutlutürk
A100: 61e835e14c8d3be253130610 | B100: Ayvalık Tosthub, Yenişehir (Akkent Mah.) | C100: =VLOOKUP(A100,import!A:C,3,0) -> DOĞRU | D100: Tost & Sandviç | E100: =VLOOKUP(A100,import!A:J,5,0) -> 1634 | F100: =VLOOKUP(A100,import!A:J,6,0) -> 352 | G100: =VLOOKUP(A100,import!A:J,7,0) -> 29 | H100: =VLOOKUP(A100,import!A:J,8,0) -> 9 | I100: =VLOOKUP(A100,import!A:J,9,0) -> 38 | J100: =VLOOKUP(A100,import!A:J,10,0) -> 0.76 | K100: Hasan Basri Aslan | L100: 3243410033 | M100: Yenişehir | N100: Akkent | O100: Akkent Mah.2357 Sokak No:51-B Yenişehir,Mersin | P100: =VLOOKUP(A100,import!A:P,16,0) -> Geleneksel | R100: TRUE | S100: FALSE | T100: Randevu Alındı | U100: Hatem Soyaslan | V100: Nilay Kaplan | X100: 44624 | Y100: 44627 | AA100: Görüşüldü | AB100: 44624 | AK100: Hatem Soyaslan
...

Sheet takvim
A1: x | B1: Hedef İlçeler | C1: TARİH | D1: Randevu Alan | E1: ID | F1: RESTORAN | G1: SAAT | H1: İLÇE / MAHALLE | I1: YETKİLİ KİŞİ / TELEFON | J1: ADRES | K1: Notlar | L1: Fotoğraf Adeti | M1: Toplam Ürün | N1: Şubeli | O1: İptal | P1: @
C2: 44270
A3: =E3 -> 5ffc92665f0ab4b544e7da57 | B3: Mezitli Yenişehir Toroslar | C3: Hikmet Avcı | D3: Tuğba Buyur | E3: 5ffc92665f0ab4b544e7da57 | F3: Biber Tantuni, Mezitli (Menderes Mah.) | G3: 0.45833333 | H3: Mezitli / Menderes | I3: İbrahim Bey / 3243575714 | J3: Menderes Mah.Milli Egemenlik Cad.No/34-A Mezitli,Mersin | K3: Fotoğraf Çekimi Yapıldı. | L3: 13 | M3: =VLOOKUP(E3,'Hedef Liste'!A:I,9,false) -> 18 | N3: FALSE | O3: FALSE
A4: =E4 -> 6026d563ff60ad8f5fc077b9 | C4: Hikmet Avcı | D4: Tuğba Buyur | E4: 6026d563ff60ad8f5fc077b9 | F4: Gül 'ün Ev Lezzetleri, Mezitli (Menderes Mah.) | G4: 0.52083333 | H4: Mezitli / Menderes | I4: Hacer Hanım / 5326714792 | J4: Menderes Mah.35404 Sokak No/20-A Mezitli,Mersin | K4: Fotoğraf Çekimi Yapıldı. | L4: 27 | M4: =VLOOKUP(E4,'Hedef Liste'!A:I,9,false) -> 47 | N4: FALSE | O4: FALSE
A5: =E5 -> 601954628ecbe9f3ef5c861c | C5: Hikmet Avcı | D5: Tuğba Buyur | E5: 601954628ecbe9f3ef5c861c | F5: 33 Öz Mersin Tantuni, Mezitli (Viranşehir Mah.) | G5: 0.58333333 | H5: Mezitli / Viranşehir | I5: Mustafa Bey / 5323407091 | J5: Viranşehir mh.milli egemenlik caddesi no11/F - Eski Mezitli Belediye Binası Ve Teb Bankası Arasında 100 mtre aşagıda | K5: Fotoğraf Çekimi Yapıldı. | L5: 13 | M5: =VLOOKUP(E5,'Hedef Liste'!A:I,9,false) -> 10 | N5: FALSE | O5: FALSE
A6: =E6 -> 600d90d6104d8be4f7f2c1b6 | C6: Hikmet Avcı | D6: Tuğba Buyur | E6: 600d90d6104d8be4f7f2c1b6 | F6: Banvit Antakya Döner & Tantuni, Mezitli (Viranşehir Mah.) | G6: 0.66666667 | H6: Mezitli / Viranşehir | I6: Aydın Bey / 5306404320 | J6: Viranşehir Mah.Cengiz Topel Cad.34224 Sokak No/22 Viranşehir,Mezitli | K6: Fotoğraf Çekimi Yapıldı. IPTAL OLDU ÇÜNKÜ FOTO YOK | M6: =VLOOKUP(E6,'Hedef Liste'!A:I,9,false) -> 33 | N6: FALSE | O6: FALSE
A7: =E7 | C7: Hikmet Avcı | N7: FALSE | O7: FALSE
A8: =E8 | N8: FALSE | O8: FALSE
A9: =E9 -> 5ff6332965ba5259742b37c3 | B9: Yenişehir Toroslar Akdeniz | C9: Burçin Sezer | D9: Zeliha Özer | E9: 5ff6332965ba5259742b37c3 | F9: Atakule Kumpir, Yenişehir (Akkent Mah.) | G9: 0.52083333 | H9: Yenişehir /Akkent | I9: Teoman Çetindağ /5377830910 | J9: Akkent Mah.H.Okan Merzeci Bulvarı No/206-207 (Sayapark Avm) Yenişehir,Mersin | L9: 6 | M9: =VLOOKUP(E9,'Hedef Liste'!A:I,9,false) -> 21 | N9: FALSE | O9: FALSE
A10: =E10 -> 5fde3e352a802b2b35fc967c | C10: Burçin Sezer | D10: Zeliha Özer | E10: 5fde3e352a802b2b35fc967c | F10: Göksel Tantuni , Yenişehir (Akkent Mah.) | G10: 0.60416667 | H10: Yenişehir/ Akkent | I10: Begüm Özbey 3243410202 | J10: Akkent mah hüseyin okan merzeci bulvarı Akdeniz avm No: 759 iç kapı no: 220/A Yenişehir/ Mersin serapark avm | L10: 13 | M10: =VLOOKUP(E10,'Hedef Liste'!A:I,9,false) -> 20 | N10: FALSE | O10: FALSE
A11: =E11 -> 602577df9364ae38cbf178d1 | C11: Burçin Sezer | D11: Zeliha Özer | E11: 602577df9364ae38cbf178d1 | F11: Çiko Çiğ Köfte & Kokoreç, Yenişehir (Batıkent Mah.) | G11: 0.66666667 | H11: Yenişehir/ Batıkent | I11: Ercan Onur 5551015533 | J11: Batıkent Mah.Nevit Kodallı Cad.No/69-A Yenişehir,Mersin | L11: 7 | M11: =VLOOKUP(E11,'Hedef Liste'!A:I,9,false) -> #N/A | N11: FALSE | O11: FALSE
A12: =E12 -> 601aa4e6ef295e7d15faa710 | C12: Burçin Sezer | D12: Zeliha Özer | E12: 601aa4e6ef295e7d15faa710 | F12: Petek Pastanesi & Cafe, Yenişehir (Batıkent Mah.) | G12: 17:30 | H12: Yenişehir/ Batıkent | I12: Mehmet Veysel kaçan/3249331399 | J12: Batıkent Mah. İstemihan Talay Caddesi No:163/A Yenişehir/ MERSİN (mersin nefrolojı dıyaliz merkezi karşısı petek patiseri) | K12: Petek patiseri urunleri tamamlanmadi sabah kalanlar cekilecek urunleri sabah cikiyormus | L12: 12 | M12: =VLOOKUP(E12,'Hedef Liste'!A:I,9,false) -> 36 | N12: FALSE | O12: FALSE
A13: =E13 | N13: FALSE | O13: FALSE
A14: =E14 | N14: FALSE | O14: FALSE
A15: =E15 | B15: Yenişehir Mezitli Akdeniz | N15: FALSE | O15: FALSE
A16: =E16 -> 6026dd5755fa61c439fcfb44 | C16: Aykut Gülaslan | D16: Hatem Soyaslan | E16: 6026dd5755fa61c439fcfb44 | F16: Acı Tantuni, Akdeniz (Kiremithane Mah.) | G16: 11:00 | H16: Akdeniz / Kiremithane | I16: Süleyman Bey / 5394242480 | J16: Kiremithane Mah.Dr.Cemalettin Tanrıöver Sokak No/9-C Akdeniz,Mersin | K16: Fotoğraf Çekimi Yapıldı. | L16: 21 | M16: =VLOOKUP(E16,'Hedef Liste'!A:I,9,false) -> 23 | N16: FALSE | O16: FALSE
A17: =E17 -> 600b1ca4e94019dd5eeb32bc | C17: Aykut Gülaslan | D17: Hatem Soyaslan | E17: 600b1ca4e94019dd5eeb32bc | F17: Künefeci Emin Usta, Akdeniz (Kiremithane Mah.) | G17: 12:30 | H17: Akdeniz / Kiremithane | I17: Emin Bey / 5314260033 | J17: Kiremithane Mah.Silifke Cad.No/101 Akdeniz,Mersin | K17: Fotoğraf Çekimi Yapıldı. | L17: 16 | M17: =VLOOKUP(E17,'Hedef Liste'!A:I,9,false) -> 47 | N17: FALSE | O17: FALSE
A18: =E18 -> 602bf01417a37670303595b6 | C18: Aykut Gülaslan | D18: Hatem Soyaslan | E18: 602bf01417a37670303595b6 | F18: Ünlüoğlu Cici Baklava & Künefe, Akdeniz (Kiremithane Mah.) | G18: 14:00 | H18: Akdeniz / Kiremithane | I18: İhsan Bey / 3242371188 | J18: Kiremithane Mah.İstiklal Cad.No/99-A Akdeniz,Mersin | K18: Fotoğraf Çekimi Yapıldı. | L18: 10 | M18: =VLOOKUP(E18,'Hedef Liste'!A:I,9,false) -> 55 | N18: FALSE | O18: FALSE
A19: =E19 -> 5ff77f4a5f2349557873245c | C19: Aykut Gülaslan | D19: Hatem Soyaslan | E19: 5ff77f4a5f2349557873245c | F19: Murat Tantuni , Akdeniz (Hamidiye Mah.) | G19: 16:00 | H19: Akdeniz / Turgutreis | I19: Murat Bey / 5366765210 | J19: Hamidiye Mah.Silifke Cad.Atay Apt No/159 C Akdeniz,Mersin | K19: Fotoğraf Çekimi Yapıldı. | L19: 8 | M19: =VLOOKUP(E19,'Hedef Liste'!A:I,9,false) -> 25 | N19: FALSE | O19: FALSE
A20: =E20 | N20: FALSE | O20: FALSE
A21: =E21 | C21: 44271
A22: =E22 -> 6022ce49c8b9111f8d92a988 | B22: Mezitli Yenişehir Toroslar | C22: Hikmet Avcı | D22: Zeliha Özer | E22: 6022ce49c8b9111f8d92a988 | F22: Nevin Ablanın Mutfağı, Mezitli (Yeni Mah.) | G22: 0.5 | H22: Mezitli /Yeni | I22: Merve Akay /5527790133 | J22: Yeni Mah.Kelveli Cad.No/9-A Mezitli,Mersin | K22: Fotoğraf Çekimi Yapıldı. | L22: 24 | M22: =VLOOKUP(E22,'Hedef Liste'!A:I,9,false) -> #N/A | N22: FALSE | O22: FALSE
A23: =E23 -> 602568c90aeff91b79b89846 | C23: Hikmet Avcı | D23: Tuğba Buyur | E23: 602568c90aeff91b79b89846 | F23: Recep Usta Tantuni & Biftek, Mezitli (Merkez Mah.) | G23: 14:00 | H23: Mezitli / Menderes | I23: Mehmet Ali Bey / 5067513614 | J23: Menderes Mah.G.M.K B ulvarı No/723-B Mezitli,Mersin | K23: Fotoğraf Çekimi Yapıldı. | L23: 13 | M23: =VLOOKUP(E23,'Hedef Liste'!A:I,9,false) -> 17 | N23: FALSE | O23: FALSE
A24: =E24 -> 5ff761d3757a6c3dfa603768 | C24: Hikmet Avcı | D24: Zeliha Özer | E24: 5ff761d3757a6c3dfa603768 | F24: Zeliş Ev Yemekleri, Mezitli (Yeni Mah.) | G24: 0.66666667 | H24: Mezitli /Yeni | I24: Gizem Leman Ülkü /5413876343 | J24: Yeni Mah.33195 Sokak Alp Plaza No/2 A/B Altı Mezitli,Mersin | K24: şuan paket elemanım yok şimdilik iptal edelim vaktim yok | M24: =VLOOKUP(E24,'Hedef Liste'!A:I,9,false) -> 39 | N24: FALSE | O24: FALSE
A25: =E25 -> 6000b3213cc99f3452cdc395 | C25: Hikmet Avcı | D25: Zeliha Özer | E25: 6000b3213cc99f3452cdc395 | F25: Ares Ütü Tost, Mezitli (Yenimahalle Mah.) | G25: 17:30 | H25: mezitli/ yeni | I25: İbrahim Duman /5301203362 | J25: Yeni Mah.Kelveli Cad.Ziya Ünsal Sitesi A-B Blok Altı No/3-A Mezitli,Mersin | L25: 12 | M25: =VLOOKUP(E25,'Hedef Liste'!A:I,9,false) -> #N/A | N25: FALSE | O25: FALSE
A26: =E26 -> 5fdf8c76daff1648a66db3ab | C26: Hikmet Avcı | D26: Zeliha Özer | E26: 5fdf8c76daff1648a66db3ab | F26: Özhan Tantuni & Döner , Mezitli (Atatürk Mah.) | G26: 16:00 | H26: Mezitli /Atatürk | I26: Hasan Pamuk /3243581424 | J26: Atatürk, 31060. Sk., 33340 Mezitli/Mersin | K26: Fotoğraf Çekimi Yapıldı. | L26: 18 | N26: FALSE | O26: FALSE
A27: =E27 | N27: FALSE | O27: FALSE
A28: =E28 -> 5fdf41970654ee6da6e8a3b5 | B28: Yenişehir Toroslar Akdeniz | C28: Burçin Sezer | D28: Zeliha Özer | E28: 5fdf41970654ee6da6e8a3b5 | F28: Çapa Waffle , Yenişehir (Çiftlikköy Mah.) | G28: 0.54166667 | H28: Yenişehir /Çiftlikköy | I28: Mehmet Gazen/5539128499 | J28: Özlem Üniversite konutları 2 B Blok no:63, Üniversite Cd., 33110 Yenişehir | L28: 11 | M28: =VLOOKUP(E28,'Hedef Liste'!A:I,9,false) -> 38 | N28: FALSE | O28: FALSE
A29: =E29 | C29: Burçin Sezer | M29: =VLOOKUP(E29,'Hedef Liste'!A:I,9,false) -> #N/A | N29: FALSE | O29: FALSE
A30: =E30 -> 5fdfa7d0bc2d63483612b950 | C30: Burçin Sezer | D30: Zeliha Özer | E30: 5fdfa7d0bc2d63483612b950 | F30: Baraka Kokoreç & Tantuni , Yenişehir (Akkent Mah.) | G30: 0.66666667 | H30: Yenişehir/Çiftlikköy | I30: Ali Kaya /5384175465 | J30: Akkent Mah.34.Cadde Şimşekler Recidance No/68 BA Yenişehir Mersin | K30: devam çekimi alındı | L30: 13 | M30: =VLOOKUP(E30,'Hedef Liste'!A:I,9,false) -> #N/A | N30: FALSE | O30: FALSE
A31: =E31 -> 5ffcabd15757432cd8db3247 | C31: Burçin Sezer | D31: Emre Dalgıç | E31: 5ffcabd15757432cd8db3247 | F31: 12:15 Tantuni & Döner & Sakatat, Yenişehir (Güvenevler Mah.) | G31: 19.00 | H31: Yenişehir/Güvenevler | I31: Emirhan Ergül / 5525823245 | J31: Güvenevler Mah.1904 Sokak No/6-A Yenişehir,Mersin İşbankası yanı | L31: 18 | M31: =VLOOKUP(E31,'Hedef Liste'!A:I,9,false) -> 50 | N31: FALSE | O31: FALSE
A32: =E32 | N32: FALSE | O32: FALSE
A33: =E33 | N33: FALSE | O33: FALSE
A34: =E34 | B34: Yenişehir Mezitli Akdeniz | N34: FALSE | O34: FALSE
A35: =E35 | C35: Aykut Gülaslan | M35: =VLOOKUP(E35,'Hedef Liste'!A:I,9,false) -> #N/A | N35: FALSE | O35: FALSE
A36: =E36 -> 602589d85bb03e5adf4e33d1 | C36: Aykut Gülaslan | D36: Hatem Soyaslan | E36: 602589d85bb03e5adf4e33d1 | F36: Ciğerci Yakup, Yenişehir (Pirireis Mah.) | G36: 13:00 | H36: Yenişehir / Pirireis | I36: İsmet Bey / 3243289033 | J36: Pirireis Mah.İsmet İnönü Bulvarı No/222-A Yenişehir,Mersin | K36: ramazandan sonra düşünelim dedi | M36: =VLOOKUP(E36,'Hedef Liste'!A:I,9,false) -> 12 | N36: FALSE | O36: FALSE
A37: =E37 -> 60259059fc9e27288db6c1cc | C37: Aykut Gülaslan | D37: Hatem Soyaslan | E37: 60259059fc9e27288db6c1cc | F37: Kokoreçci Ahmet, Yenişehir (Pirireis Mah.) | G37: 15:00 | H37: Yenişehir / Pirireis | I37: Ahmet Bey / 5366473839 | J37: Pirireis Mah. 1115.Sok. No: 3 | K37: eşi rahatsızlanmış | M37: =VLOOKUP(E37,'Hedef Liste'!A:I,9,false) -> 4 | N37: FALSE | O37: FALSE
A38: =E38 -> 60422036133a2988eb41312b | C38: Aykut Gülaslan | D38: Hatem Soyaslan | E38: 60422036133a2988eb41312b | F38: Tutku Tantuni, Yenişehir (Pirireis Mah.) | G38: 15:30 | H38: Yenişehir / Pirireis | I38: Fırat Bey / 5392391864 | J38: Pirireis mahallesi 1116 sokak Hamit Özcan apartmanı altı 21/C Yenişehir Mersin | K38: Fotoğraf Çekimi Yapıldı. | L38: 9 | M38: =VLOOKUP(E38,'Hedef Liste'!A:I,9,false) -> 32 | N38: FALSE | O38: FALSE
A39: =E39 -> 60087a9637de625c30b3eb13 | C39: Aykut Gülaslan | D39: Enes | E39: 60087a9637de625c30b3eb13 | F39: Mersinli Hasan Usta Tantuni, Yenişehir (Hürriyet Mah.) | G39: 17:00 | H39: Yenişehir / Hürriyet | I39: Mustafa Bey / 5323103433 | J39: Hürriyet Mah.İsmet İnönü Bulvarı No/292-A Yenişehir,Mersin | K39: Fotoğraf Çekimi Yapıldı. | L39: 6 | N39: FALSE | O39: FALSE
A40: =E40 | C40: 44272
A41: =E41 -> 602e99fd43eb4c1cdebeb7b5 | B41: Mezitli Yenişehir Toroslar | C41: Hikmet Avcı | D41: Tuğba Buyur | E41: 602e99fd43eb4c1cdebeb7b5 | F41: Edip Usta, Mezitli (Viranşehir Mah.) | G41: 0.41666667 | H41: Mezitli / Viranşehir | I41: Edip Bey / 5325636719 | J41: Viranşehir Mah.34347 Sokak No/12 Mezitli,Mersin | K41: Fotoğraf Çekimi Yapıldı. | L41: 13 | M41: =VLOOKUP(E41,'Hedef Liste'!A:I,9,false) -> 9 | N41: FALSE | O41: FALSE
A42: =E42 -> 5fe0ec263e964be477e9b3f6 | C42: Hikmet Avcı | D42: Tuğba Buyur | E42: 5fe0ec263e964be477e9b3f6 | F42: Akdeniz Lavi Ta Gastro ,Mezitli (Merkez Mah.) | G42: 0.60416667 | H42: Mezitli / Merkez | I42: Benevşe Kayabaşı / 3249337213 | J42: Merkez, Vatan Cd. 23 I, 33330 Mezitli/Mersin | K42: Fotoğraf Çekimi Yapıldı. | L42: 47 | M42: =VLOOKUP(E42,'Hedef Liste'!A:I,9,false) -> #N/A | N42: FALSE | O42: FALSE
A43: =E43 -> 60210b9198337b48e94db3e3 | C43: Hikmet Avcı | D43: Tuğba Buyur | E43: 60210b9198337b48e94db3e3 | F43: Dönıs, Mezitli (Akdeniz Mah.) | G43: 0.66666667 | H43: Mezitli / Akdeniz | I43: Yusuf Bey / 3249994411 | J43: Akdeniz mahallesi Cumhuriyet caddesi Mersinapark 3 sitesi altı no 12/E Mezitli MERSİN | K43: Fotoğraf Çekimi Yapıldı. | L43: 6 | M43: =VLOOKUP(E43,'Hedef Liste'!A:I,9,false) -> 37 | N43: FALSE | O43: FALSE
A44: =E44 -> 60074dab99244e2cfd05cc1a | C44: Hikmet Avcı | D44: Enes | E44: 60074dab99244e2cfd05cc1a | F44: MTN Biber Tantuni, Mezitli (Merkez Mah.) | G44: 17.30 | H44: Mezitli/ Merkez | I44: Mehmet Dilek Çetin/ 3245021159 | J44: Merkez Mah.52070 Sokak N0/1-B/A Mezitli,Mersin | K44: Fotoğraf Çekimi Yapıldı. | L44: 14 | M44: =VLOOKUP(E44,'Hedef Liste'!A:I,9,false) -> #N/A | N44: FALSE | O44: FALSE
A45: =E45 | N45: FALSE | O45: FALSE
A46: =E46 | N46: FALSE | O46: FALSE
A47: =E47 -> 5fdf5fcc0345d26b727f465a | B47: Yenişehir Toroslar Akdeniz | C47: Burçin Sezer | D47: Zeliha Özer | E47: 5fdf5fcc0345d26b727f465a | F47: Ala Tantuni, Yenişehir (Çiftlikköy Mah.) | G47: 0.60416667 | H47: Yenişehir /Çiftlikköy | I47: Kadriye Yılmaz/5374255442 | J47: çiftlikköy mahallesi universite caddesi univercity park 47/A, 33140 yenişehir/Mersin | L47: 8 | M47: =VLOOKUP(E47,'Hedef Liste'!A:I,9,false) -> 19 | N47: FALSE | O47: FALSE
A48: =E48 -> 5fdf6349a8b06d89d7a484bc | C48: Burçin Sezer | D48: Zeliha Özer | E48: 5fdf6349a8b06d89d7a484bc | F48: Mersin Kerebiç & Cezerye & Lokum , Yenişehir (Çiftlikköy Mah.) | G48: 0.52083333 | H48: Yenişehir /Çiftlikköy | I48: Ozan Zeren /5309377333 | J48: çiftlik köy mahallesi Üniversite Cd.özgümüşkent sitesi no 82 A/E, 33110 Yenişehir/Mersin | L48: 55 | M48: =VLOOKUP(E48,'Hedef Liste'!A:I,9,false) -> #N/A | N48: FALSE | O48: FALSE
A49: =E49 -> 5fe4084ebd719f4e7bbdc1c3 | C49: Burçin Sezer | D49: Zeliha Özer | E49: 5fe4084ebd719f4e7bbdc1c3 | F49: Palmiras Tantuni & Döner, Yenişehir (Çiftlikköy Mah.) | G49: 0.66666667 | H49: Yenişehir /Çiftlikköy | I49: Büşra Avcı Korkmaz /5307933833 | J49: Çiftlikköy, İsmet İnönü Blv. No:690, 33110 Yenişehir/Mersin | L49: 8 | M49: =VLOOKUP(E49,'Hedef Liste'!A:I,9,false) -> 10 | N49: FALSE | O49: FALSE
A50: =E50 -> 6001dd8544f1b44ebcb9f058 | C50: Burçin Sezer | D50: Zeliha Özer | E50: 6001dd8544f1b44ebcb9f058 | F50: Lomani Cafe, Yenişehir (Çiftlikköy Mah.) | G50: 17:30 | H50: Yenişehir /Çiftlikköy | I50: Beşir Bayat /5437913547 | J50: Çiftlikköy Mah.3257 Sokak Deren Sitesi C Blok No/1 C A Yenişehir Mersin | L50: 7 | M50: =VLOOKUP(E50,'Hedef Liste'!A:I,9,false) -> 14 | N50: FALSE | O50: FALSE
A51: =E51 | N51: FALSE | O51: FALSE
A52: =E52 | N52: FALSE | O52: FALSE
A53: =E53 | B53: Yenişehir Mezitli Akdeniz | N53: FALSE | O53: FALSE
A54: =E54 -> 5fe4fe8a4669ba622d463092 | C54: Aykut Gülaslan | D54: Hatem Soyaslan | E54: 5fe4fe8a4669ba622d463092 | F54: Asrın Tantunisi, Yenişehir (Menteş Mah.) | G54: 11.00 | H54: Yenişehir / Menteş | I54: Duygu Hanım / 5536645108 | J54: Menteş Mah.2535 sokak Argün Plaza A blok Altı No/14 C Yenişehir Mersin | K54: Fotoğraf Çekimi Yapıldı. | L54: 12 | M54: =VLOOKUP(E54,'Hedef Liste'!A:I,9,false) -> 22 | N54: FALSE | O54: FALSE
A55: =E55 -> 601ecb5e71c5457b1a019232 | C55: Aykut Gülaslan | D55: Hatem Soyaslan | E55: 601ecb5e71c5457b1a019232 | F55: Chef Kokoreç, Yenişehir (Menteş Mah.) | G55: 13:00 | H55: Yenişehir / Menteş | I55: Evren Bey / 5306781683 | J55: Menteş Mah.İstemihan Talay Cad.No/84-A Yenişehir,Mersin | K55: RANDEVU İÇİN GİDİLDİĞİNDE KAPALIYDI TEYİT İÇİN ARADIĞIMDA AÇMADI// çekim yapıldı | M55: =VLOOKUP(E55,'Hedef Liste'!A:I,9,false) -> 12 | N55: FALSE | O55: FALSE
A56: =E56 -> 6011a6d7caa061bcd47eb809 | C56: Aykut Gülaslan | D56: Hatem Soyaslan | E56: 6011a6d7caa061bcd47eb809 | F56: Yeşil Biftek Et & Tavuk Tantuni, Yenişehir (Menteş Mah.) | G56: 15:00 | H56: Yenişehir / Menteş | I56: Emine Hanım / 5494777400 | J56: Menteş Mah.38.Cadde No/13-A Yenişehir,Mersin | K56: Fotoğraf Çekimi Yapıldı. | L56: 12 | M56: =VLOOKUP(E56,'Hedef Liste'!A:I,9,false) -> 15 | N56: FALSE | O56: FALSE
A57: =E57 -> 60041836485747389ce76572 | C57: Aykut Gülaslan | D57: Hatem Soyaslan | E57: 60041836485747389ce76572 | F57: D-Öner Mangal, Yenişehir (Barboros Mah.) | G57: 17:00 | H57: Yenişehir / Menteş | I57: Hacı Bey / 3243277473 | J57: Barboros Mah.Nevit Kodallı Cad.No/6 Yenişehir,Mersin | K57: Fotoğraf Çekimi Yapıldı. | L57: 17 | M57: =VLOOKUP(E57,'Hedef Liste'!A:I,9,false) -> #N/A | N57: FALSE | O57: FALSE
A58: =E58 | C58: Aykut Gülaslan | M58: =VLOOKUP(E106,'Hedef Liste'!A:I,9,false) -> #N/A | N58: FALSE | O58: FALSE
A59: =E59 | C59: 44273
A60: =E60 | B60: Mezitli Yenişehir Toroslar | M60: =VLOOKUP(E60,'Hedef Liste'!A:I,9,false) -> #N/A | N60: FALSE | O60: FALSE
A61: =E61 -> 5ffa0c5e5f0ab46841e792fb | C61: Hikmet Avcı | D61: Ece Bayındır | E61: 5ffa0c5e5f0ab46841e792fb | F61: Soli Kebap & Lahmacun, Mezitli (Merkez Mah.) | G61: 0.45833333 | H61: Mezitli/Merkez | I61: Süleyman Işık Kurtoğlu/5442168096 | J61: Merkez Mah.52146 Sokak Kardelen Apt.No/14-A Mezitli,Mersin | K61: Cenaze dolayısıyla şehir çıkıyormuş. İleri tarihte tekrar randevu alınacak. | M61: =VLOOKUP(E61,'Hedef Liste'!A:I,9,false) -> 47 | N61: FALSE | O61: FALSE
A62: =E62 -> 5ff35dbfee0f720340a8eec4 | C62: Hikmet Avcı | D62: Ece Bayındır | E62: 5ff35dbfee0f720340a8eec4 | F62: Eylül Dondurma & Baklava & Börek , Mezitli (Merkez Mah.) | G62: 13.00 | H62: Mezitli/ Merkez | I62: Burak Güldoğan/ 5462064633 | J62: Merkez Mah.Vatan Cad.Siyena21 Şehriyıldız Sitesi E blok 21 E , D Blok No/29 Mezitli, Mersin | K62: Fotoğraf Çekimi Yapıldı. | L62: 25 | M62: =VLOOKUP(E62,'Hedef Liste'!A:I,9,false) -> 17 | N62: FALSE | O62: FALSE
A63: =E63 -> 6022d6c68efa606e1a9f4455 | C63: Hikmet Avcı | D63: Ece Bayındır | E63: 6022d6c68efa606e1a9f4455 | F63: En Cici Tantuni, Mezitli (Kuyuluk Mah.) | G63: 15.00 | H63: Mezitli/ Kuyuluk Mah | I63: Veli bey / 5309429233 | J63: Kuyuluk Mah.Fındıkpınarı Cad.No/43-A Mezitli,Mersin | K63: Ramazanda konspet değişikliği yapacağından dolayı Nisan ayının sonuna doğru randevu talep ediyor | M63: =VLOOKUP(E63,'Hedef Liste'!A:I,9,false) -> 16 | N63: FALSE | O63: FALSE
A64: =E64 -> 602109d56d12e9fd884907e1 | C64: Hikmet Avcı | D64: Gül Değirmenci | E64: 602109d56d12e9fd884907e1 | F64: Anatolia Pizza, Mezitli (Merkez Mah.) | G64: 17:00 | H64: Mezitli/ Merkez | I64: İsa Bey / 5354218217 | J64: mezitli merkez mahallesi 52060 sokak no9/A MEZİTLİ/MERSİN | K64: Fotoğraf Çekimi Yapıldı. | L64: 84 | N64: FALSE | O64: FALSE
A65: =E65 -> 603b4f5f71783662f11465af | C65: Hikmet Avcı | D65: Ece Bayındır | E65: 603b4f5f71783662f11465af | F65: Özbay Közde Piliç & Et, Mezitli (Merkez Mah.) | G65: 18.30 | H65: Mezitli/ Merkez | I65: Adem özbay/5528811595 | J65: Merkez mahallesi zeytinlik caddesi 26/A mezitli/mersin | K65: Fotoğraf Çekimi Yapıldı. | L65: 8 | N65: FALSE | O65: FALSE
A66: =E66 -> 5fdf99bc0654ee5405e8a7fc | B66: Yenişehir Toroslar Akdeniz | C66: Burçin Sezer | D66: Tuğba Buyur | E66: 5fdf99bc0654ee5405e8a7fc | F66: Damga Lahmacun & Pide Sarayı, Yenişehir (Çiftlikköy Mah.) | G66: 0.5625 | H66: "Yenişehir Çiftlikköy" | I66: Mehmet Bey / 5525507333 | J66: Çiftlikköy Mah., Üniversite Cad., Deren Sitesi A7 | L66: 8 | M66: =VLOOKUP(E66,'Hedef Liste'!A:I,9,false) -> #N/A | N66: FALSE | O66: FALSE
A67: =E67 -> 602192f0450e7fc163dfe7d7 | C67: Burçin Sezer | D67: Zeliha Özer | E67: 602192f0450e7fc163dfe7d7 | F67: Memoş Tantuni, Yenişehir (Çiftlikköy Mah.) | G67: 0.625 | H67: "Yenişehir Çiftlikköy" | I67: SERPİL HANIM /5413303364 | J67: Çiftlikköy Mah.Üniversite Cad.No/42-C Yenişehir,Mersin | L67: 4 | M67: =VLOOKUP(E67,'Hedef Liste'!A:I,9,false) -> 13 | N67: FALSE | O67: FALSE
A68: =E68 -> 6019b00a669ec38ecb752630 | C68: Burçin Sezer | D68: Zeliha Özer | E68: 6019b00a669ec38ecb752630 | F68: Rhosus Döner, Yenişehir (Çiftlikköy Mah.) | G68: 0.45833333 | H68: "Yenişehir Çiftlikköy" | I68: Sezer uzun /5422505422 | J68: Çiflikköy mah. İstemihan talay cad. Özlem 1 üniversite konutları B blok no;229 BE YENİŞEHİR/MERSİN | M68: =VLOOKUP(E68,'Hedef Liste'!A:I,9,false) -> #N/A | N68: FALSE | O68: FALSE
A69: =E69 -> 5fdf6a0135987ab9bc5edb40 | C69: Burçin Sezer | D69: Ece Bayındır | E69: 5fdf6a0135987ab9bc5edb40 | F69: By Tacos, Yenişehir (Çiftlikköy Mah.) | G69: 17.30 | H69: Yenişehir /Çiftlikköy | I69: Hakan Esen /3245038199 | J69: Çiftlikköy, Akademi plaza 41/AB, 33110 Yenişehir/Mersin | L69: 29 | M69: =VLOOKUP(E69,'Hedef Liste'!A:I,9,false) -> 34 | N69: FALSE | O69: FALSE
A70: =E70 -> 601a70035ad05126c49863cd | D70: Zeliha Özer | E70: 601a70035ad05126c49863cd | F70: Kadir Usta Et & Mangal, Yenişehir (Çiftlikköy Mah.) | G70: 13:30 | H70: Yenişehir /Çiftlikköy | I70: Albayrak /5306125344 | J70: Çiftlikköy Mahallesi, Şakirson Caddesi 57/A Yenişehir, Mersin ( Çiftlikköy Mahalle Muhtarlığı Karşısı) | K70: çekim düşünmüyo | N70: FALSE | O70: FALSE
A71: =E71 | N71: FALSE | O71: FALSE
A72: =E72 | B72: Yenişehir Mezitli Akdeniz | N72: FALSE | O72: FALSE
A73: =E73 | C73: Aykut Gülaslan | F73: RANDEVU ALINMASIN Genel Akış İçin 16.03.2021 Tarafımdan Bilgi Verilecek Teşekkür Ederim. | M73: =VLOOKUP(E73,'Hedef Liste'!A:I,9,false) -> #N/A | N73: FALSE | O73: FALSE
A74: =E74 -> 5fe247d90654ee6397e8e94b | C74: Aykut Gülaslan | D74: Ece Bayındır | E74: 5fe247d90654ee6397e8e94b | F74: Fiori, Yenişehir (Güvenevler Mah.) | G74: 13.00 | H74: Yenişehir/Güvenevler | I74: Ezgi Özyıldırım/5389540213 Halil bey ile görüşülecek | J74: Güvenevler mah koray apt 1915 sk A2 Blok no: 10/B Yenişehir / Mersin | K74: Usta eksikliğinden dolayı erteleme istedi. Yeni gün için bilgi verilecek (Aykut ) | M74: =VLOOKUP(E74,'Hedef Liste'!A:I,9,false) -> 38 | N74: FALSE | O74: FALSE
A75: =E75 -> 5fdf6cb40345d20df07f472d | C75: Aykut Gülaslan | D75: Hatem Soyaslan | E75: 5fdf6cb40345d20df07f472d | F75: Eymen Et & Mangal , Yenişehir (Menteş Mah.) | G75: 15:00 | H75: Yenişehir / Menteş | I75: Tufan Bey / 5057669765 | J75: Menteş mahallesi Nevit kodallı caddesi, 2541. Sk., 33150 Yenişehir | K75: Fotoğraf Çekimi Yapıldı. | L75: 8 | M75: =VLOOKUP(E75,'Hedef Liste'!A:I,9,false) -> 14 | N75: FALSE | O75: FALSE
A76: =E76 -> 5fe23beed3f42b1acbaf1b12 | C76: Aykut Gülaslan | D76: Ece Bayındır | E76: 5fe23beed3f42b1acbaf1b12 | F76: Çifte Kumru, Yenişehir (Güvenevler Mah.) | G76: 17.00 | H76: Yenişehir Güvenevler | I76: Bencemin Uzun/3243285808 | J76: Güvenevler Mahallesi 1910 sokak no:7/B Yenişehir / Mersin | K76: Fotoğraf Çekimi Yapıldı. | L76: 3 | M76: =VLOOKUP(E76,'Hedef Liste'!A:I,9,false) -> 20 | N76: FALSE | O76: FALSE
A77: =E77 -> 5fe25653a8ae935542baa9be | D77: Emre Dalgıç | E77: 5fe25653a8ae935542baa9be | F77: Antakya Döner, Yenişehir (Güvenevler Mah.) | G77: 19.00 | H77: Yenişehir / Güvenevler | I77: Suphi Süt / 5343642985 | J77: Güvenevler, Güvenevler Mahallesi, Dumlupınar Cd. Dogan yıldız iş merkezi c blokNo:14, D:C, 33140 Yenişehir/Mersin | K77: ertelendi bi sonraki güne | N77: FALSE | O77: FALSE
A78: =E78 | C78: 44274
A79: =E79 -> 5fe6387097764ae0cb5a6ed9 | B79: Mezitli Yenişehir Toroslar | C79: Hikmet Avcı | D79: Ece Bayındır | E79: 5fe6387097764ae0cb5a6ed9 | F79: Tadım Tantuni & Döner, Mezitli (Merkez Mah.) | G79: 11.00 | H79: Mezitli/Merkez | I79: Bayram Ergin/5442384795 | J79: Merkez Mah.Fındıkpınarı Cad.Novada Apt Altı No/56/ D Mezitli Mersin | L79: 21 | M79: =VLOOKUP(E79,'Hedef Liste'!A:I,9,false) -> 13 | N79: FALSE | O79: FALSE
A80: =E80 -> 60072be6e13dbd68ec5c06e9 | C80: Hikmet Avcı | D80: Ece Bayındır | E80: 60072be6e13dbd68ec5c06e9 | F80: Tat Döner & İskender, Mezitli (Merkez Mah.) | G80: 13.30 | H80: Mezitli/Merkez | I80: Hayreddin Dağ/5436603419 | J80: Merkez Mah.Zeytinli Cad.No/22-A Mezitli,Mersin | L80: 21 | M80: =VLOOKUP(E80,'Hedef Liste'!A:I,9,false) -> 21 | N80: FALSE | O80: FALSE
A81: =E81 -> 6009c0009611de95e5cd123a | C81: Hikmet Avcı | D81: Tuğba Buyur | E81: 6009c0009611de95e5cd123a | F81: Eren Ocakbaşı & Meze, Mezitli (Çankaya Mah.) | G81: 0.66666667 | H81: Mezitli / Çankaya | I81: Eren Bey / 3243582838 | J81: .Fındıkpınarı Cad. No/252-B Mezitli,Mersin | K81: Cenazesi olduğu için dükkanı kapatmış. daha sonra tekrar aranıp alıncak. | M81: =VLOOKUP(E81,'Hedef Liste'!A:I,9,false) -> 11 | N81: FALSE | O81: FALSE
A82: =E82 -> 5ffc9750def5a0f0cd566089 | C82: Hikmet Avcı | D82: Ece Bayındır | E82: 5ffc9750def5a0f0cd566089 | F82: Suphi Döner & Fast, Mezitli (Merkez Mah.) | G82: 18.00 | H82: Mezitli/Merkez | I82: Ahmet Yanelli/5323904133 | J82: Menderes Mah.Fındıkpınarı Cad.Şahinoğlu Apt.No/53-C Mezitli,Mersin | L82: 26 | M82: =VLOOKUP(E82,'Hedef Liste'!A:I,9,false) -> 32 | N82: FALSE | O82: FALSE
A83: =E83 -> 6033946ae87c9207e0875e00 | C83: Hikmet Avcı | D83: Zeliha Özer | E83: 6033946ae87c9207e0875e00 | F83: İsmail Usta Tantuni & Biftek, Mezitli (Atatürk Mah.) | G83: 16:00 | H83: Mezitli /Atatürk | I83: İsmail Pelin /3243575045 | J83: atatürk mahallesi sanayi caddesi özzafer sitesi c blok altı İsmail Usta Tantuni ve Biftek salonu mezitli/mersin | L83: 16 | N83: FALSE | O83: FALSE
A84: =E84 | N84: FALSE | O84: FALSE
A85: =E85 -> 602177de252c448b691416a1 | B85: Yenişehir Toroslar Akdeniz | C85: Burçin Sezer | D85: Ece Bayındır | E85: 602177de252c448b691416a1 | F85: Sempi Tavukçuluk, Akdeniz (Turgutreis Mah.) | G85: 10.30 | H85: Akdeniz/Turgutreis | I85: Kemal Cemal/ Okuş 5394083931 | J85: Turgutreis Mah.İstiklal Cad.No/182-A Akdeniz,Mersin | K85: Çalışanı motor kazası geçirmiş hastanedeymiş o yüzdeniptal ettirmiş. Pazartesiye randevu aldım. | M85: =VLOOKUP(E85,'Hedef Liste'!A:I,9,false) -> 50 | N85: FALSE | O85: FALSE
A86: =E86 -> 602d54e425e3a672b9ec875f | C86: Burçin Sezer | D86: Ece Bayındır | E86: 602d54e425e3a672b9ec875f | F86: Şekeroğlu Gaziantep Sofrası, Akdeniz (Turgutreis Mah.) | G86: 13.00 | H86: Akdeniz/Turgutreis | I86: Mesut bey/ 5550000073 | J86: turgut reis mah silifke cad 4101 sk derya apartmanı altı 2:C | K86: Fotoğrafçılarla anlaşma yapıp 13:30 olarak ayarlanmış. Çarşambaya Ayarlandı. | M86: =VLOOKUP(E86,'Hedef Liste'!A:I,9,false) -> #N/A | N86: FALSE | O86: FALSE
A87: =E87 -> 602333f3215fd174b8daab7b | C87: Burçin Sezer | D87: Şükriye Demir | E87: 602333f3215fd174b8daab7b | F87: Mersin Tantuni, Akdeniz (Hamidiye Mah.) | G87: 15.00 | H87: Akdeniz/Hamidiye | I87: Abdullah Takdemir/05452385053 | J87: Hamidiye Mah.Silifke Cad. No/147 -A Akdeniz,Mersin | L87: 12 | M87: =VLOOKUP(E87,'Hedef Liste'!A:I,9,false) -> 22 | N87: FALSE | O87: FALSE
A88: =E88 -> 5ffc9f56f21cfb690a98eb5b | C88: Burçin Sezer | D88: Enes | E88: 5ffc9f56f21cfb690a98eb5b | F88: Atakule Kumpir & Pizza, Akdeniz (Çankaya Mah.) | G88: 17.30 | H88: Akdeniz/Çankaya | I88: Sadaka Çelik/3242334047 | J88: Çankaya Mah.4716 Sokak No/1-A Akdeniz, Mersin | L88: 16 | M88: =VLOOKUP(E88,'Hedef Liste'!A:I,9,false) -> #N/A | N88: FALSE | O88: FALSE
A89: =E89 -> 600b1918fb76e32d4a2e062d | C89: Burçin Sezer | D89: Hatem Soyaslan | E89: 600b1918fb76e32d4a2e062d | F89: Ramo Döner, Akdeniz (Camişerif Mah.) | G89: 18:30 | H89: Akdeniz Camişerif | I89: Mehmet Necat Bey/ 3243365002 | J89: Camişerif Mah.İstiklal Cad.No/35-B Akdeniz,Mersin | K89: ustası değişmiş ve çekim saatinin daha erken olmasını istiyor (10-11 gibi) 23.03.2021 tarine randevu olusturuldu | N89: FALSE | O89: FALSE
A90: =E90 -> 6037e8fa451e50807e797013 | C90: Burçin Sezer | D90: Enes | E90: 6037e8fa451e50807e797013 | F90: Kaya Tantuni & Döner Salonu, Akdeniz (İhsaniye Mah.) | G90: 0.66666667 | H90: Akdeniz / İhsaniye | I90: Samet Bey / 5523343346 | J90: İhsaniye Mah.Kuvayi Milliye Cad.No/127-B Akdeniz,Mersin | K90: tekrar randevu alındı 12.04 | N90: FALSE | O90: FALSE
A91: =E91 -> 5fe25653a8ae935542baa9be | B91: Yenişehir Mezitli Akdeniz | C91: Aykut Gülaslan | D91: Emre Dalgıç | E91: 5fe25653a8ae935542baa9be | F91: Antakya Döner, Yenişehir (Güvenevler Mah.) | G91: 09:30 | H91: Yenişehir / Güvenevler | I91: Suphi Süt / 5343642985 | J91: Güvenevler, Güvenevler Mahallesi, Dumlupınar Cd. Dogan yıldız iş merkezi c blokNo:14, D:C, 33140 Yenişehir/Mersin | K91: Fotoğraf Çekimi Yapıldı. | L91: 13 | N91: FALSE | O91: FALSE
A92: =E92 -> 601a590b5fde71120538f4ad | C92: Aykut Gülaslan | D92: Enes | E92: 601a590b5fde71120538f4ad | F92: Halil Cafe Restaurant, Yenişehir (Güvenevler Mah.) | G92: 11.00 | H92: Yenişehir/Güvenevler | I92: Tülün YÜCE/3243282830 | J92: Güvenevler Mahallesi GMK Bulvarı Aslan Apartmanı A-B Blok Dış Kapı:370/1 iç kapı no: B 8 Yenişehir/MERSİN | K92: Fotoğraf Çekimi Yapıldı. | L92: 13 | M92: =VLOOKUP(E93,'Hedef Liste'!A:I,9,false) -> 50 | N92: FALSE | O92: FALSE
A93: =E93 -> 5fdfb2c022f5bdcedcd6fa31 | C93: Aykut Gülaslan | D93: Enes | E93: 5fdfb2c022f5bdcedcd6fa31 | F93: Granosa Makarna & Pizza (Güvenevler Mah.) | G93: 13.00 | H93: Yenişehir/Güvenevler | I93: Fatma Gül/3243262010 | J93: Güvenevler, Dumlupınar Cd. No:18, 33140, 33140 Yenişehir/Mersin | K93: Fotoğraf Çekimi Yapıldı. | L93: 11 | M93: =VLOOKUP(E94,'Hedef Liste'!A:I,9,false) -> 48 | N93: FALSE | O93: FALSE
A94: =E94 -> 602bfe04f376832a689e5b36 | C94: Aykut Gülaslan | D94: Ece Bayındır | E94: 602bfe04f376832a689e5b36 | F94: Camuzlar Balık Evi, Yenişehir (Cumhuriyet Mah.) | G94: 15.00 | H94: "Yenişehir /Cumhuriyet" | I94: Mehmet Bey/ 5364295936 | J94: Cumhuriyet Mah.İsmet İnönü Bulvarı No/99-A Yenişehir,Mersin | K94: Fotoğraf Çekimi Yapıldı. | L94: 16 | M94: =VLOOKUP(E95,'Hedef Liste'!A:I,9,false) -> 27 | N94: FALSE | O94: FALSE
A95: =E95 -> 601ee57571c545633001941c | C95: Aykut Gülaslan | D95: Hatem Soyaslan | E95: 601ee57571c545633001941c | F95: Zührem Patisserie, Yenişehir (Pirireis Mah.) | G95: 17:00 | H95: Yenişehir / Pirireis | I95: Ufuk Bey / 5367957669 | J95: Pirireis Mah.Silifke Cad.No/177-A Yenişehir,Mersin | K95: Fotoğraf Çekimi Yapıldı. | L95: 16 | M95: =VLOOKUP(#REF!,'Hedef Liste'!A:I,9,false) -> #REF! | N95: FALSE | O95: FALSE
A96: =E96 | N96: FALSE | O96: FALSE
A97: =E97 | C97: 44277
A98: =E98 -> 5fe24dc923ff895f3ca771fb | B98: Mezitli Yenişehir Toroslar | C98: Hikmet Avcı | D98: Hatem Soyaslan | E98: 5fe24dc923ff895f3ca771fb | F98: Gurme Döner , Mezitli (Yeni Mah.) | G98: 0.45833333 | H98: Mezitli / Yeni | I98: Burak Bey / 3244000001 | J98: Sanayi Cd. No:4,Yeni Mahallesi Aras 19 Apartmanı altı, 33330, 33400 Mezitli | L98: 14 | M98: =VLOOKUP(E98,'Hedef Liste'!A:I,9,false) -> 10 | N98: FALSE | O98: FALSE
A99: =E99 -> 6032952929d1d392c28c4b70 | C99: Hikmet Avcı | D99: Hatem Soyaslan | E99: 6032952929d1d392c28c4b70 | F99: Mehmet Usta'nın Yeri, Mezitli (Atatürk Mah.) | G99: 0.54166667 | H99: Mezitli / Atatürk | I99: Burak Bey / 5464696008 | J99: Atatürk Mah.G.M.K Bulvarı No/650-B Mezitli,Mersin ( Wox butiği bitişiği) | K99: babası ürünlerin ziyan olmasını istememiş tekrardan bir randevu istemiyor | M99: =VLOOKUP(E111,'Hedef Liste'!A:I,9,false) -> 50 | N99: Kemal Cemal/ Okuş 5394083931 | O99: FALSE
A100: =E100 -> 5fe634c3ce622f9485cb3f9d | C100: Hikmet Avcı | D100: Enes | E100: 5fe634c3ce622f9485cb3f9d | F100: Tadım Tantuni & Döner, Mezitli (Yenimahalle Mah.) | G100: 0.625 | H100: Mezitli / Yeni | I100: Metin Bey / 5348129738 | J100: Yeni Mah.G.M.K Bulvarı (Mezitli Emniyet Karşısı )No/64/E Mezitli Mersin | L100: 7 | M100: =VLOOKUP(E100,'Hedef Liste'!A:I,9,false) -> 16 | N100: FALSE | O100: FALSE
...

Sheet import
A1: Restaurant ID | B1: Restoran Adı | C1: IsActive | D1: Mutfak | E1: TOPLAM SİPARİŞ | F1: SON 2 HAFTA | G1: RESİMLİ ÜRÜN | H1: RESİMSİZ ÜRÜN | I1: TOPLAM ÜRÜN | J1: Ratio | K1: Yetkili | L1: Telefon | M1: İLÇE | N1: MAHALLE | O1: ADRES | P1: Geleneksel Zincir | Q1: Eklendi mi
A2: 5fe251f6a8ae93f4cfbaa9a3 | B2: Marka Közde Piliç, Mezitli (Menderes Mah.) | C2: DOĞRU | D2: Sokak Lezzetleri | E2: 1958 | F2: 79 | G2: 0 | H2: 15 | I2: 15 | J2: 0 | K2: Cumali Arslan | L2: 3243580767 | M2: Mezitli | N2: Menderes | O2: Menderes, 35415. Sk., 33340 Mezitli/Mersin | P2: Geleneksel | Q2: =COUNTIF('Hedef Liste'!A:A,A2) -> 1
A3: 5fe241e222f5bd501ed7512e | B3: Fiori, Yenişehir (Eğriçam Mah.) | C3: DOĞRU | D3: Pasta & Tatlı | E3: 319 | G3: 6 | H3: 65 | I3: 71 | J3: 0.08 | K3: Ezgi Özyıldırım | L3: 5389540213 | M3: Yenişehir | N3: Eğriçam | O3: Eğriçam mah adnan menderes bulvarı Kıratlı apt no: 170/B Yenişehir/ Mersin | P3: Geleneksel | Q3: =COUNTIF('Hedef Liste'!A:A,A3) -> 1
A4: 5fe21886bbf1bd4c15fae921 | B4: Enjoy Burger House, Mezitli (Menderes Mah.) | C4: DOĞRU | D4: Burger | E4: 8638 | F4: 252 | G4: 29 | H4: 57 | I4: 86 | J4: 0.34 | K4: Halil Yıldızer | L4: 3249992787 | M4: Mezitli | N4: Menderes | O4: A, Menderes Mahallesi, Limon Caddesi No:3, 33340 Mezitli/Mersin | P4: Geleneksel | Q4: =COUNTIF('Hedef Liste'!A:A,A4) -> 1
A5: 5fe38ce222f5bd539ad77ad7 | B5: Hacıbaba ,Yenişehir (İnönü Mah.) | C5: DOĞRU | D5: Ev Yemekleri | E5: 12753 | F5: 224 | G5: 38 | H5: 21 | I5: 59 | J5: 0.64 | K5: Şehmus Ceylan | L5: 4446908 | M5: Yenişehir | N5: İnönü | O5: İnönü Mah. Gazi Mustafa Kemal Blv. M.Akarsu Apt. No:391 A Yenişehir /Mersin | P5: Geleneksel | Q5: =COUNTIF('Hedef Liste'!A:A,A5) -> 1
A6: 5fe39b7035987abb215f3a21 | B6: Köseoğlu Fırın & Mutfak & Patiseri , Yenişehir (Çiftlikköy Mah.) | C6: DOĞRU | D6: Pasta & Tatlı | E6: 630 | F6: 7 | G6: 9 | H6: 17 | I6: 26 | J6: 0.35 | K6: Muhammet Ali Kaya | L6: 5444218611 | M6: Yenişehir | N6: Çiftlikköy | O6: Çiftlikköy Mah. Üniversite Cad. Akademi Plaza 37 nolu bağımsız NO:41 Ak Yenişehir/Mersin | P6: Geleneksel | Q6: =COUNTIF('Hedef Liste'!A:A,A6) -> 1
A7: 5fe40e62879562f5a9cd02a2 | B7: S Katık Döner, Yenişehir (Çiftlikköy Mah.) | C7: DOĞRU | D7: Döner | E7: 12547 | F7: 233 | G7: 5 | H7: 22 | I7: 27 | J7: 0.19 | K7: Ferudun Taçyıldız | L7: 3243610166 | M7: Yenişehir | N7: Çiftlikköy | O7: Çiftlikköy, Üniversite Cd. No:31, 33110 Yenişehir/Mersin | P7: Geleneksel | Q7: =COUNTIF('Hedef Liste'!A:A,A7) -> 1
A8: 5fe79918ad8a3856f9251ffb | B8: Merkez Biftek Tantuni & Döner , Mezitli (Fatih Mah.) | C8: DOĞRU | D8: Döner | E8: 1949 | F8: 83 | G8: 13 | H8: 11 | I8: 24 | J8: 0.54 | K8: Ali Deniz | L8: 3243585088 | M8: Mezitli | N8: Fatih | O8: Fatih Mah.Gazi Mustafa Kemal Bulvarı Dikoğlu Apt.No/575 A Mezitli Mersin | P8: Geleneksel | Q8: =COUNTIF('Hedef Liste'!A:A,A8) -> 1
A9: 5fe885ffac60e870386ccc1c | B9: Lido Pizza, Mezitli (Merkez Mah.) | C9: DOĞRU | D9: Pizza | E9: 1190 | F9: 58 | G9: 73 | H9: 18 | I9: 91 | J9: 0.8 | K9: Deniz Çürük | L9: 3243278587 | M9: Mezitli | N9: Merkez | O9: Merkez Mah.G.M.K Bulvarı Üç Bal Sitesi Altı 882/F Mezitli Mersin | P9: Geleneksel | Q9: =COUNTIF('Hedef Liste'!A:A,A9) -> 1
A10: 5fdf715da8b06d2229a4860f | B10: Eyfel Pastanesi , Yenişehir (Bahçelievler Mah.) | C10: DOĞRU | D10: Dondurma | E10: 1905 | F10: 38 | G10: 67 | H10: 8 | I10: 75 | J10: 0.89 | K10: Burak Abakay | L10: 3243293683 | M10: Yenişehir | N10: Bahçelievler | O10: Bahçelievler mh., no:72, yenişehir | P10: Geleneksel | Q10: =COUNTIF('Hedef Liste'!A:A,A10) -> 1
A11: 5fec4f6737c1db852055a013 | B11: Komagene Etsiz Çiğ Köfte, Yenişehir (Çiftlikköy Mah.) | C11: DOĞRU | D11: Çiğ Köfte | E11: 6228 | F11: 217 | G11: 63 | H11: 3 | I11: 66 | J11: 0.95 | K11: Esra Gonca Parlar | L11: 5308235138 | M11: Yenişehir | N11: Çiftlikköy | O11: ÇİFTLİKKÖY MH. ÜNİVERSİTE CD. NO:31/C | P11: Key | Q11: =COUNTIF('Hedef Liste'!A:A,A11) -> 0
A12: 5fedc3ccf351dc771967517e | B12: McDonald's, İçel (Fevzi Çakmak Mah. Tarsu Avm) | C12: DOĞRU | D12: Burger | E12: 4552 | F12: 146 | G12: 94 | H12: 0 | I12: 94 | J12: 1 | K12: Ömer Tarık Güney | L12: 2123363575 | M12: Tarsus | N12: Fevzi Çakmak | O12: Fevzi Çakmak Mah. Tarsu Alışveriş Merkezi 1.Kat Mağaza No:1090 Tarsus/Mersin | P12: Key | Q12: =COUNTIF('Hedef Liste'!A:A,A12) -> 0
A13: 5feccaf2345867fe5946437a | B13: Ayyıldız Kebap, Tarsus (Altaylılar Mah.- Ülküköy) | C13: DOĞRU | D13: Kebap | E13: 3711 | F13: 118 | G13: 10 | H13: 21 | I13: 31 | J13: 0.32 | K13: Asım Turgut | L13: 5387494964 | M13: Tarsus | N13: Altaylılar | O13: Altaylılar Mah.Orhun Cad.No/67/1-A Tarsus,Mersin | P13: Geleneksel | Q13: =COUNTIF('Hedef Liste'!A:A,A13) -> 1
A14: 5ff4afc458f3ac23d7e7464d | B14: Ketchap Burger, Tarsus (Şehitler Tepesi Mah.) | C14: DOĞRU | D14: Burger | E14: 4383 | F14: 249 | G14: 0 | H14: 25 | I14: 25 | J14: 0 | K14: Alper Beray Günaştı | L14: 5331271200 | M14: Tarsus | N14: Şehitler Tepesi | O14: Kasım Ekenler Bulvarı No/180 A Mahmut Şentut Apt Altı Tarsus,Mersin | P14: Geleneksel | Q14: =COUNTIF('Hedef Liste'!A:A,A14) -> 1
A15: 5ff4ca3a333ef5625db0982c | B15: Cafe Meritalia, Akdeniz (Çankaya Mah.-Çarşı) | C15: DOĞRU | D15: Döner | E15: 1050 | F15: 27 | G15: 17 | H15: 38 | I15: 55 | J15: 0.31 | K15: Faruk Sarica | L15: 5354380909 | M15: Akdeniz | N15: Cami Şerif | O15: Çankaya Mah.4702 Sokak No/13 A Akdeniz, Mersin | P15: Geleneksel | Q15: =COUNTIF('Hedef Liste'!A:A,A15) -> 1
... A26: 5fe6b71c3458672d21458cea | B26: Antakya Döner Alaaddin Gurme, Yenişehir (Çiftlikköy Mah.) | C26: DOĞRU | D26: Döner | E26: 1773 | F26: 96 | G26: 0 | H26: 30 | I26: 30 | J26: 0 | K26: Mehmet Yücel | L26: 3249994248 | M26: Yenişehir | N26: Çiftlikköy | O26: Çiftlikköy Mah.Üniversite Cad.Akademi Plaza 41 AC Yenişehir Mersin | P26: Geleneksel | Q26: =COUNTIF('Hedef Liste'!A:A,A26) -> 1
A27: 5fde3e352a802b2b35fc967c | B27: Göksel Tantuni , Yenişehir (Akkent Mah.) | C27: DOĞRU | D27: Sokak Lezzetleri | E27: 1783 | G27: 12 | H27: 8 | I27: 20 | J27: 0.6 | K27: Beğüm Özbey | L27: 3243410202 | M27: Yenişehir | N27: Akkent | O27: Akkent mah hüseyin okan merzeci bulvarı Akdeniz avm No: 759 iç kapı no: 220/A Yenişehir/ Mersin | P27: Geleneksel | Q27: =COUNTIF('Hedef Liste'!A:A,A27) -> 1
A28: 5fe030d3798e59498934701f | B28: Çorbacım , Yenişehir (Çitflikköy Mah.) | C28: DOĞRU | D28: Sokak Lezzetleri | E28: 2843 | F28: 90 | G28: 0 | H28: 34 | I28: 34 | J28: 0 | K28: Zehra Belge | L28: 5315541881 | M28: Yenişehir | N28: Çiftlikköy | O28: Çiftlikköy, İsmet İnönü Blv. 688 B, 33110 Yenişehir/Mersin | P28: Geleneksel | Q28: =COUNTIF('Hedef Liste'!A:A,A28) -> 1
A29: 5fe65f4ccf33764b3fb351c7 | B29: Karataş Balıkçılık, Yenişehir (Çiftlikköy Mah.) | C29: DOĞRU | D29: Deniz Ürünleri | E29: 465 | F29: 22 | G29: 34 | H29: 34 | I29: 68 | J29: 0.5 | K29: Emel Kan | L29: 5511727320 | M29: Yenişehir | N29: Çiftlikköy | O29: Çiftlikköy Mah.Üniversite Cad.Akademi Plaza 41 AG Yenişehir Mersin | P29: Geleneksel | Q29: =COUNTIF('Hedef Liste'!A:A,A29) -> 1
A30: 5feb41ddf351dc41ab66faaf | B30: McDonald's, Mezitli (Merkez Mah.) | C30: DOĞRU | D30: Burger | E30: 25459 | F30: 731 | G30: 90 | H30: 0 | I30: 90 | J30: 1 | K30: Ömer Tarık Güney | L30: 2123363575 | M30: Mezitli | N30: 75.yıl | O30: Yeni Mahalle, Gazi Mustafa Kemal Bulvarı, Opet Yanı No:728/A Mezitli - Mersin | P30: Key | Q30: =COUNTIF('Hedef Liste'!A:A,A30) -> 0
A31: 5fec5484ad8a389b7825aa08 | B31: Komagene Etsiz Çiğ Köfte, Erdemli (Merkez Mah.) | C31: DOĞRU | D31: Çiğ Köfte | E31: 2676 | F31: 71 | G31: 60 | H31: 3 | I31: 63 | J31: 0.95 | K31: Esra Gonca Parlar | L31: 5305432536 | M31: Erdemli | N31: Merkez 2. Bölge | O31: MERKEZ MH. S. ÇAKMAKOĞLU CD. (1. PLAJ YOLU) NO:19/A | P31: Key | Q31: =COUNTIF('Hedef Liste'!A:A,A31) -> 0
A32: 5ff16664f351dc4322681a97 | B32: Red Buffalo Burger, Yenişehir (Çiftlikköy Mah.) | C32: DOĞRU | D32: Burger | E32: 16137 | F32: 338 | G32: 31 | H32: 15 | I32: 46 | J32: 0.67 | K32: Aytunç Güneş | L32: 5495295522 | M32: Yenişehir | N32: Çiftlikköy | O32: Üniversite Cad.Çiftlikköy Mah.Smart Point Sitesi B blok 48/B Yenişehir, Mersin | P32: Geleneksel | Q32: =COUNTIF('Hedef Liste'!A:A,A32) -> 1
A33: 5fe63c3571e89c393095c2fa | B33: Ada Et Döner, Yenişehir (Cumhuriyet Mah.) | C33: DOĞRU | D33: Döner | E33: 565 | F33: 34 | G33: 7 | H33: 6 | I33: 13 | J33: 0.54 | K33: Hikmet Hakan Başkan | L33: 3243250293 | M33: Yenişehir | N33: Cumhuriyet | O33: Cumhuriyet Mah.İsmet İnönü Bulvarı 254/B Yenişehir Mersin | P33: Geleneksel | Q33: =COUNTIF('Hedef Liste'!A:A,A33) -> 1
A34: 5fe23beed3f42b1acbaf1b12 | B34: Çifte Kumru, Yenişehir (Güvenevler Mah.) | C34: DOĞRU | D34: Burger | E34: 1866 | F34: 95 | G34: 2 | H34: 18 | I34: 20 | J34: 0.1 | K34: Bencemin Uzun | L34: 3243285808 | M34: Yenişehir | N34: Güvenevler | O34: Güvenevler Mahallesi 1910 sokak no:7/B Yenişehir / Mersin | P34: Geleneksel | Q34: =COUNTIF('Hedef Liste'!A:A,A34) -> 1
A35: 5fdf917fa8ae93e23eba0104 | B35: Salaş Ciğer & Kebap, Yenişehir(Akkent Mah.) | C35: YANLIŞ | D35: Kebap | E35: 22 | G35: 0 | H35: 12 | I35: 12 | J35: 0 | K35: Sadettin Arif Satar | L35: 3243414545 | M35: Yenişehir | N35: Akkent | O35: Akkent Mah., Hüseyin Okan Merzeci Blv., No:755E, Yenişehir, Mersin, Türkiye, | P35: Geleneksel | Q35: =COUNTIF('Hedef Liste'!A:A,A35) -> 1
A36: 5fdf3e8e24561e176695d04e | B36: Gül Kafe Plus , Mezitli (Fatih Mah.) | C36: DOĞRU | D36: Pasta & Tatlı | E36: 634 | F36: 23 | G36: 11 | H36: 65 | I36: 76 | J36: 0.14 | K36: Ercan Güzel | L36: 3243255339 | M36: Mezitli | N36: Fatih | O36: Fatih Mah., Adnan Menderes Blv., No:210/B, | P36: Geleneksel | Q36: =COUNTIF('Hedef Liste'!A:A,A36) -> 1
A37: 5fe6590c4f55ab4bbd9c73b5 | B37: Cadde Katık Döner , Yenişehir (İnönü Mah.) | C37: DOĞRU | D37: Döner | E37: 28180 | F37: 1846 | G37: 11 | H37: 40 | I37: 51 | J37: 0.22 | K37: Selman Kaya (Vekaletname Mehmet Karaca) | L37: 3243253131 | M37: Yenişehir | N37: İnönü | O37: İnönü Mah.1405 Sokak Yenişehir ,Mersin | P37: Geleneksel | Q37: =COUNTIF('Hedef Liste'!A:A,A37) -> 1
A38: 5fe112d8a8ae93b4a1ba616b | B38: Enjoy Burger House, Yenişehir (Güvenevler Mah.) | C38: DOĞRU | D38: Burger | E38: 6777 | F38: 127 | G38: 26 | H38: 57 | I38: 83 | J38: 0.31 | K38: Halil Yıldızer | L38: 3243252444 | M38: Yenişehir | N38: Güvenevler | O38: Güvenevler mahallesi 1914 sokak Boss Point İş Merkezi B blok no:5, 33110 Yenişehir/Mersin | P38: Geleneksel | Q38: =COUNTIF('Hedef Liste'!A:A,A38) -> 1
A39: 5fe4f6804743e1ced351b244 | B39: Bizim Kebap, Yenişehir (Güvenevler Mah.) | C39: DOĞRU | D39: Döner | E39: 48490 | F39: 2556 | G39: 19 | H39: 7 | I39: 26 | J39: 0.73 | K39: Hasan Kilisli | L39: 3243268589 | M39: Yenişehir | N39: Güvenevler | O39: Güvenevler mah. , Dumlupınar Cd. No:9, 33140 Yenişehir/Mersin | P39: Geleneksel | Q39: =COUNTIF('Hedef Liste'!A:A,A39) -> 1
A40: 5fe9691871e89c6c8b95fb8d | B40: Çiftlik Cızzgara Közde Piliç & Et Köfte (Çiftlikköy Mah.) | C40: DOĞRU | D40: Tavuk | E40: 6993 | F40: 485 | G40: 15 | H40: 23 | I40: 38 | J40: 0.39 | K40: Emre Akçiçek | L40: 5362426008 | M40: Yenişehir | N40: Çiftlikköy | O40: Çiftlikköy Mah.Üniversite Cad.Ziraat Bankası Karşısı 44 A Yenişehir Mersin | P40: Geleneksel | Q40: =COUNTIF('Hedef Liste'!A:A,A40) -> 1
A41: 5fe0f0fedaff16445f6e1cbc | B41: La Vita Akdeniz Patiseri, Mezitli (Merkez Mah.) | C41: DOĞRU | D41: Pasta & Tatlı | E41: 3089 | F41: 129 | G41: 0 | H41: 84 | I41: 84 | J41: 0 | K41: Benevşe Kayabaşı | L41: 3249337314 | M41: Mezitli | N41: Merkez | O41: Merkez, Vatan Cd. 23 I, 33330 Mezitli/Mersin | P41: Geleneksel | Q41: =COUNTIF('Hedef Liste'!A:A,A41) -> 1
A42: 5fe3af060654ee79e4e913a1 | B42: Göksel Tantuni, Yenişehir (Dumlupınar Mah.) | C42: DOĞRU | D42: Sokak Lezzetleri | E42: 185 | G42: 4 | H42: 7 | I42: 11 | J42: 0.36 | K42: Melike Oğuz | L42: 3243275651 | M42: Yenişehir | N42: Dumlupınar | O42: Dumlupınar, Adnan Menderes Blv. 122/A, 33130 Yenişehir/Mersin | P42: Geleneksel | Q42: =COUNTIF('Hedef Liste'!A:A,A42) -> 1
A43: 5fdf6cb40345d20df07f472d | B43: Eymen Et & Mangal , Yenişehir (Menteş Mah.) | C43: DOĞRU | D43: Kebap | E43: 703 | G43: 6 | H43: 8 | I43: 14 | J43: 0.43 | K43: Tufan Topaktaş | L43: 3243360408 | M43: Yenişehir | N43: Menteş | O43: Menteş mahallesi Nevit kodallı caddesi, 2541. Sk., 33150 Yenişehir | P43: Geleneksel | Q43: =COUNTIF('Hedef Liste'!A:A,A43) -> 1
A44: 5fec62b7f351dc4340671c59 | B44: Komagene Etsiz Çiğ Köfte, Mezitli (Fatih Mah.) | C44: DOĞRU | D44: Çiğ Köfte | E44: 2228 | F44: 108 | G44: 64 | H44: 3 | I44: 67 | J44: 0.96 | K44: Esra Gonca Parlar | L44: 5416362974 | M44: Mezitli | N44: Fatih | O44: FATİH MH. G. MUSTAFA KEMAL BLV. BATMAZ APT. NO:567/A | P44: Key | Q44: =COUNTIF('Hedef Liste'!A:A,A44) -> 0
A45: 5fdf9ee624561e482d95d566 | B45: Kastınmoni Kır Pidesi & Börek Evi, Yenişehir (Çiftlikköy Mah.) | C45: DOĞRU | D45: Pide | E45: 6021 | F45: 370 | G45: 15 | H45: 15 | I45: 30 | J45: 0.5 | K45: Hüseyin Oduncu | L45: 3245020666 | M45: Yenişehir | N45: Çiftlikköy | O45: Çiftlikköy Mh. Üni. Cad. No:41 Akademi Plaza A, 33090 Yenişehir/Mersin | P45: Geleneksel | Q45: =COUNTIF('Hedef Liste'!A:A,A45) -> 1
A46: 5ff358d8ce622f2f40cd2e9b | B46: Adım 46 Kebap, Mezitli (Merkez Mah.) | C46: DOĞRU | D46: Kebap | E46: 3419 | F46: 90 | G46: 0 | H46: 25 | I46: 25 | J46: 0 | K46: Yıldız Uzcüce | L46: 5442081300 | M46: Mezitli | N46: Merkez | O46: Merkez Mah.52060 Sokak Özkan Yılmaz Apt.NO/ 18 A Mezitli, Mersin | P46: Geleneksel | Q46: =COUNTIF('Hedef Liste'!A:A,A46) -> 1
A47: 5ff35dbfee0f720340a8eec4 | B47: Eylül Dondurma & Baklava & Börek, Mezitli (Yeni Mah.) | C47: YANLIŞ | D47: Pasta & Tatlı | E47: 1079 | G47: 5 | H47: 12 | I47: 17 | J47: 0.29 | K47: Burak Güldoğan | L47: 5462064633 | M47: Mezitli | N47: Yeni | O47: Yeni mahalle, 33166. sok, no:14/B, Mezitli, Mersin | P47: Geleneksel | Q47: =COUNTIF('Hedef Liste'!A:A,A47) -> 1
A48: 5ff4bf1ce5886ac1319637ec | B48: Caps Burger, Yenişehir (Çiftlikköy Mah.) | C48: DOĞRU | D48: Burger | E48: 3012 | F48: 159 | G48: 0 | H48: 44 | I48: 44 | J48: 0 | K48: Ali Dağlıoğlu | L48: 5330211305 | M48: Yenişehir | N48: Çiftlikköy | O48: Çiftlikköy Mah.İstemihan Talay Cad.Özlem 1 Üniversite Konutları B blok No/229 Yenişehir,Mersin | P48: Geleneksel | Q48: =COUNTIF('Hedef Liste'!A:A,A48) -> 1
A49: 5ff4c5e6f351dcb550689d91 | B49: Melek Tantuni, Mezitli (Menderes Mah.) | C49: DOĞRU | D49: Sokak Lezzetleri | E49: 2452 | F49: 76 | G49: 12 | H49: 4 | I49: 16 | J49: 0.75 | K49: Osman Özdemir | L49: 5367804567 | M49: Mezitli | N49: Menderes | O49: Menderes Mah.Doğaner Apt.Altı No/709 A blok Mezitli, Mersin | P49: Geleneksel | Q49: =COUNTIF('Hedef Liste'!A:A,A49) -> 1
A50: 5ff8ad273b0c6d0d6a0de500 | B50: Cafe Betül, Yenişehir (Fuat Morel Mah.) | C50: DOĞRU | D50: Burger | E50: 476 | F50: 5 | G50: 29 | H50: 35 | I50: 64 | J50: 0.45 | K50: Barış Baykul | L50: 5323047605 | M50: Yenişehir | N50: Fuatmorel | O50: Fuat Morel Mah.Kanal Yolu 2819 Sokak No/23 Yenişehir,Mersin | P50: Geleneksel | Q50: =COUNTIF('Hedef Liste'!A:A,A50) -> 1
A51: 5ff761d3757a6c3dfa603768 | B51: Zeliş Ev Yemekleri, Mezitli (Yeni Mah.) | C51: DOĞRU | D51: Ev Yemekleri | E51: 710 | F51: 22 | G51: 0 | H51: 39 | I51: 39 | J51: 0 | K51: Gizem Leman Ülkü | L51: 5413876343 | M51: Mezitli | N51: Yeni | O51: Yeni Mah.33195 Sokak Alp Plaza No/2 A/B Altı Mezitli,Mersin | P51: Geleneksel | Q51: =COUNTIF('Hedef Liste'!A:A,A51) -> 1
A52: 5ff8cc0cbd264d3a6652b3e1 | B52: Umut Patisserie, Yenişehir (İnönü Mah.) | C52: DOĞRU | D52: Pasta & Tatlı | E52: 2076 | F52: 71 | G52: 40 | H52: 26 | I52: 66 | J52: 0.61 | K52: Bahattin Tomak | L52: 3243266599 | M52: Yenişehir | N52: İnönü | O52: İnönü Mah.1403 Sokak 15/C Yenişehir,Mersin | P52: Geleneksel | Q52: =COUNTIF('Hedef Liste'!A:A,A52) -> 1
A53: 5ffa0c5e5f0ab46841e792fb | B53: Soli Kebap & Lahmacun, Mezitli (Merkez Mah.) | C53: DOĞRU | D53: Kebap | E53: 2800 | F53: 41 | G53: 0 | H53: 47 | I53: 47 | J53: 0 | K53: Süleyman Işık Kurtoğlu | L53: 5442168096 | M53: Mezitli | N53: Merkez | O53: Merkez Mah.52146 Sokak Kardelen Apt.No/14-A Mezitli,Mersin | P53: Geleneksel | Q53: =COUNTIF('Hedef Liste'!A:A,A53) -> 1
A54: 6000de21fa8f165c9e04bb99 | B54: Komagene Etsiz Çiğ Köfte, Akdeniz (İstiklal Cad.) | C54: DOĞRU | D54: Çiğ Köfte | E54: 1941 | F54: 119 | G54: 94 | H54: 6 | I54: 100 | J54: 0.94 | K54: Esra Gonca Parlar | L54: 3242338505 | M54: Akdeniz | N54: Cami Şerif | O54: CAMİŞERİF MH. İSTİKLAL CD. NO:48/C | P54: Key | Q54: =COUNTIF('Hedef Liste'!A:A,A54) -> 0
A55: 600175073c3b6e9d1762f5cd | B55: Komagene Etsiz Çiğ Köfte, Yenişehir (Eğriçam Mah.) | C55: DOĞRU | D55: Çiğ Köfte | E55: 1581 | F55: 62 | G55: 66 | H55: 6 | I55: 72 | J55: 0.92 | K55: Esra Gonca Parlar | L55: 5052319881 | M55: Yenişehir | N55: Barbaros | O55: EĞRİÇAM MH. NEVİT KODALLI CD. ÇAKIROĞLU APT. F BLOK NO: 17B | P55: Key | Q55: =COUNTIF('Hedef Liste'!A:A,A55) -> 0
A56: 5ffcb129bd264d8699532f94 | B56: Limon Ev Yemekleri, Mezitli (Menderes Mah.) | C56: DOĞRU | D56: Ev Yemekleri | E56: 1478 | F56: 80 | G56: 0 | H56: 84 | I56: 84 | J56: 0 | K56: Saime Passız | L56: 5308722276 | M56: Mezitli | N56: Menderes | O56: Menderes Mah.Limon Cad.No/33-A Mezitli,Mersin | P56: Geleneksel | Q56: =COUNTIF('Hedef Liste'!A:A,A56) -> 1
A57: 5ffddeb6e2d9e017b0038dcf | B57: Rocco's Chef Pizza, Mezitli (Viranşehir Mah.) | C57: DOĞRU | D57: Pizza | E57: 1619 | F57: 88 | G57: 0 | H57: 120 | I57: 120 | J57: 0 | K57: Çeşminaz Tosun | L57: 5495790133 | M57: Mezitli | N57: Viranşehir | O57: Viranşehir Mah.34359 Sokak No/1-1 Mezitli,Mersin | P57: Geleneksel | Q57: =COUNTIF('Hedef Liste'!A:A,A57) -> 1
A58: 5fff4d4a62a03e7e75a26212 | B58: Bir Tek 33 Tantuni, Akdeniz (İhsaniye Mah.-Merkez) | C58: DOĞRU | D58: Sokak Lezzetleri | E58: 2819 | F58: 232 | G58: 0 | H58: 16 | I58: 16 | J58: 0 | K58: Mustafa Taşcı | L58: 5331652033 | M58: Toroslar | N58: Demirtaş | O58: Barış Mah.Gazi Mustafa Kemal Bulvarı No/215-A ,Akdeniz, Mersin | P58: Geleneksel | Q58: =COUNTIF('Hedef Liste'!A:A,A58) -> 1
A59: 5fff5a19f73b332316d19748 | B59: Suphi Döner & Şalgam & Tantuni, Akdeniz (Kiremithane Mah.) | C59: DOĞRU | D59: Döner | E59: 1316 | F59: 93 | G59: 11 | H59: 7 | I59: 18 | J59: 0.61 | K59: Ahmet Yeşildağ | L59: 5343136153 | M59: Akdeniz | N59: Kültür | O59: Kiremithane Mah.Silifke Cad.No/102 Akdeniz,Mersin | P59: Geleneksel | Q59: =COUNTIF('Hedef Liste'!A:A,A59) -> 1
... A78: 5fef4789f351dc261c67ae8f | B78: Ayak Üstü Burger, Yenişehir (İnönü Mah.) | C78: DOĞRU | D78: Burger | E78: 2490 | F78: 199 | G78: 11 | H78: 11 | I78: 22 | J78: 0.5 | K78: Burçak Seyis | L78: 5313470333 | M78: Yenişehir | N78: İnönü | O78: İnönü Mah.1405 Sokak Nigar Mutlu Apt. | P78: Geleneksel | Q78: =COUNTIF('Hedef Liste'!A:A,A78) -> 1
A79: 5ff6332965ba5259742b37c3 | B79: Atakule Kumpir, Yenişehir (Akkent Mah.) | C79: YANLIŞ | D79: Pizza | E79: 562 | G79: 5 | H79: 16 | I79: 21 | J79: 0.24 | K79: Teoman Çetindağ | L79: 3243415981 | M79: Yenişehir | N79: Akkent | O79: Akkent Mah.H.Okan Merzeci Bulvarı No/206-207 (Sayapark Avm) Yenişehir,Mersin | P79: Geleneksel | Q79: =COUNTIF('Hedef Liste'!A:A,A79) -> 1
A80: 5ff7847ddef3887b26df142c | B80: Cıllı Tantuni & Döner, Mezitli (Menderes Mah.) | C80: YANLIŞ | D80: Döner | E80: 2058 | G80: 16 | H80: 11 | I80: 27 | J80: 0.59 | K80: Osman Darende | L80: 3243581312 | M80: Mezitli | N80: Menderes | O80: Menderes Mahallesi Şehit Fatih Soydan Cad. No.3A Mezitli/Mersin | P80: Geleneksel | Q80: =COUNTIF('Hedef Liste'!A:A,A80) -> 1
A81: 5ff75098e3751993c7da292c | B81: Has Develiler Künefe Dünyası,Yenişehir (Menteş Mah.) | C81: YANLIŞ | D81: Pasta & Tatlı | E81: 961 | G81: 0 | H81: 42 | I81: 42 | J81: 0 | K81: Bekir Topçu | L81: 3243410327 | M81: Yenişehir | N81: 50. Yıl | O81: Menteş Mah.38.Cadde No/59 A Yenişehir,Mersin | P81: Geleneksel | Q81: =COUNTIF('Hedef Liste'!A:A,A81) -> 1
A82: 5ffde4f165ba5209202caad8 | B82: Cheff'in Yeri, Yenişehir (Hürriyet Mah.) | C82: DOĞRU | D82: Döner | E82: 1814 | F82: 62 | G82: 23 | H82: 37 | I82: 60 | J82: 0.38 | K82: Peyrüze Dal | L82: 3243281898 | M82: Yenişehir | N82: Hürriyet | O82: Hürriyet Mah.İsmet İnönü Bulvarı N0/280-D Yenişehir,Mersin | P82: Geleneksel | Q82: =COUNTIF('Hedef Liste'!A:A,A82) -> 1
A83: 5ffdef8d35e580d24e4526d6 | B83: Has Cevheroğlu Tereyağlı Su Börekçisi, Yenişehir (Hürriyet Mah.) | C83: DOĞRU | D83: Börek | E83: 3804 | F83: 151 | G83: 7 | H83: 4 | I83: 11 | J83: 0.64 | K83: Murat Çetintaş | L83: 3249991995 | M83: Yenişehir | N83: Limonluk | O83: Hürriyet Mah.İsmet İnönü Bulvarı No/292-D Yenişehir,Mersin | P83: Geleneksel | Q83: =COUNTIF('Hedef Liste'!A:A,A83) -> 1
A84: 5fff34da35e5806889459549 | B84: Rocco's Chef Pizza,Yenişehir (Güvenevler Mah.) | C84: DOĞRU | D84: Pizza | E84: 2519 | F84: 90 | G84: 2 | H84: 54 | I84: 56 | J84: 0.04 | K84: Serkan Söylemezoğlu | L84: 5550510020 | M84: Yenişehir | N84: Güvenevler | O84: Güvenevler Mah.Hüseyin Okan Merzeci Bulvarı No/561-A Yenişehir,Mersin | P84: Geleneksel | Q84: =COUNTIF('Hedef Liste'!A:A,A84) -> 1
A85: 6000d20835e58018d145d19e | B85: Komagene Etsiz Çiğ Köfte, Yenişehir (İnönü Mah.) | C85: DOĞRU | D85: Çiğ Köfte | E85: 4651 | F85: 99 | G85: 60 | H85: 6 | I85: 66 | J85: 0.91 | K85: Esra Gonca Parlar | L85: 5443303060 | M85: Yenişehir | N85: İnönü | O85: BEZEK APT, İnönü Mahallesi 1405. Sokak No:30, 1406. Sk. 17/C, 33130 Yenişehir | P85: Key | Q85: =COUNTIF('Hedef Liste'!A:A,A85) -> 0
A86: 6000db8d35e580fed145d556 | B86: Komagene Etsiz Çiğ Köfte, Toroslar (Tozkoparan Mah.) | C86: YANLIŞ | D86: Çiğ Köfte | G86: 116 | H86: 4 | I86: 120 | J86: 0.97 | K86: Esra Gonca Parlar | L86: 5069016345 | M86: Toroslar | N86: Tozkoparan | O86: TOZKOPARAN MH. KUVAYİ MİLLİYE CD. BEKİR KURU AP. N:254/B | P86: Key | Q86: =COUNTIF('Hedef Liste'!A:A,A86) -> 0
A87: 6000e7af5f0ab4302be8b553 | B87: Komagene Etsiz Çiğ Köfte, Tarsus (Kavaklı Mah.) | C87: DOĞRU | D87: Çiğ Köfte | E87: 1103 | F87: 54 | G87: 100 | H87: 4 | I87: 104 | J87: 0.96 | K87: Esra Gonca Parlar | L87: 5456204249 | M87: Tarsus | N87: Kavaklı | O87: KAVAKLI MH. KASIM EKENLER BULVARI 52/1 | P87: Key | Q87: =COUNTIF('Hedef Liste'!A:A,A87) -> 0
A88: 60017dadf112350ac5b0ba6b | B88: Komagene Etsiz Çiğ Köfte, Akdeniz (Silifke Cad.) | C88: DOĞRU | D88: Çiğ Köfte | E88: 1445 | F88: 26 | G88: 51 | H88: 4 | I88: 55 | J88: 0.93 | K88: Esra Gonca Parlar | L88: 5313059560 | M88: Akdeniz | N88: Kültür | O88: KİREMİTHANE MAH. SİLİFKE CD. HANİ DUMLU APT.NO:80\E | P88: Key | Q88: =COUNTIF('Hedef Liste'!A:A,A88) -> 0
A89: 5fff6b4837b181f7af07eb2c | B89: Pizza Moena, Akdeniz (İhsaniye Mah.) | C89: DOĞRU | D89: Pizza | E89: 2753 | F89: 105 | G89: 33 | H89: 22 | I89: 55 | J89: 0.6 | K89: Muhammet İlker Kul | L89: 5060589688 | M89: Akdeniz | N89: İhsaniye | O89: İhsaniye Mah .4903 Sokak No/20 Akdeniz,Mersin | P89: Geleneksel | Q89: =COUNTIF('Hedef Liste'!A:A,A89) -> 1
A90: 600753c55918d614d8f31836 | B90: Mr.Salih Usta Tantuni & Biftek, Yenişehir (İnönü Mah.) | C90: DOĞRU | D90: Sokak Lezzetleri | E90: 2529 | F90: 48 | G90: 22 | H90: 1 | I90: 23 | J90: 0.96 | K90: Hakan Tanrıkulu | L90: 5459482953 | M90: Yenişehir | N90: İnönü | O90: İnönü Mah.Kushımato Sokak Kanarya Apt.No/15-A Yenişehir,Mersin | P90: Geleneksel | Q90: =COUNTIF('Hedef Liste'!A:A,A90) -> 1
A91: 60075c9fb4fcb4d14775c52e | B91: Mr.Salih Usta Tantuni & Biftek, Mezitli (Yenimahalle Mah.) | C91: DOĞRU | D91: Sokak Lezzetleri | E91: 556 | F91: 57 | G91: 15 | H91: 8 | I91: 23 | J91: 0.65 | K91: Hasan Deloğlu | L91: 3243575780 | M91: Mezitli | N91: Yeni | O91: Yenimahalle Mah.33153 Sokak Gökay Konutları No/4-A Mezitli,Mersin | P91: Geleneksel | Q91: =COUNTIF('Hedef Liste'!A:A,A91) -> 1
A92: 60073a4a0a01975968f2cbcd | B92: Romado Dondurma, Mezitli (Viranşehir Mah.) | C92: DOĞRU | D92: Dondurma | E92: 1265 | F92: 38 | G92: 0 | H92: 48 | I92: 48 | J92: 0 | K92: Tuğba Baykan | L92: 5063894794 | M92: Mezitli | N92: Viranşehir | O92: Viranşehir Mah.34301 Sokak Gültuğ Sitesi Altı No/38-A Mezitl,Mersin | P92: Geleneksel | Q92: =COUNTIF('Hedef Liste'!A:A,A92) -> 1
A93: 600d94530909cf3f715809e7 | B93: Mert Tantuni, Yenişehir (Güvenevler Mah.) | C93: DOĞRU | D93: Sokak Lezzetleri | E93: 487 | G93: 12 | H93: 12 | I93: 24 | J93: 0.5 | K93: Tarık Durmuş | L93: 3243286670 | M93: Yenişehir | N93: İnönü | O93: Güvenevler Mah.1902 Sokak No/3-C Yenişehir,Mersin | P93: Geleneksel | Q93: =COUNTIF('Hedef Liste'!A:A,A93) -> 1
A94: 600209a499ddd4b0c6f970d4 | B94: Pastawilla, Tarsus (Altaylılar Mah.) | C94: DOĞRU | D94: Pasta & Tatlı | E94: 1164 | F94: 60 | G94: 12 | H94: 18 | I94: 30 | J94: 0.4 | K94: Süleyman Şahin | L94: 3246266062 | M94: Tarsus | N94: Altaylılar | O94: Gaziler Mah.Gazi Paşa Bulvarı No/68 -C Tarsus,Mersin | P94: Geleneksel | Q94: =COUNTIF('Hedef Liste'!A:A,A94) -> 1
A95: 60154bc5bb98bb5fd337d108 | B95: Terra Pizza - Pizza Pizza, Mezitli (Viranşehir Mah.) | C95: DOĞRU | D95: Pizza | E95: 8196 | F95: 328 | G95: 111 | H95: 3 | I95: 114 | J95: 0.97 | K95: Muhammed Tozlu | L95: 3243574444 | M95: Mezitli | N95: Viranşehir | O95: Viranşehir Mahallesi Cengiz Topel Caddesi Akdeniz Plaza No:27 MEZİTLİ | P95: Key | Q95: =COUNTIF('Hedef Liste'!A:A,A95) -> 0
A96: 600d90d6104d8be4f7f2c1b6 | B96: Banvit Antakya Döner & Tantuni, Mezitli (Viranşehir Mah.) | C96: DOĞRU | D96: Döner | E96: 1995 | F96: 58 | G96: 0 | H96: 33 | I96: 33 | J96: 0 | K96: Aydın Özen | L96: 3243572321 | M96: Mezitli | N96: Viranşehir | O96: Viranşehir Mah.Cengiz Topel Cad.34224 Sokak No/22 Viranşehir,Mezitli | P96: Geleneksel | Q96: =COUNTIF('Hedef Liste'!A:A,A96) -> 1
A97: 600b26460909cf92cc57b33d | B97: Ciğerci Ramazan, Erdemli (Akdeniz Mah.) | C97: DOĞRU | D97: Sokak Lezzetleri | E97: 1491 | F97: 76 | G97: 11 | H97: 7 | I97: 18 | J97: 0.61 | K97: Keziban Kocakaplan | L97: 3245153038 | M97: Erdemli | N97: Akdeniz 2. Bölge | O97: Akdeniz Mah.Alparslan Türkeş Bulvarı No/148-C Erdemli,Mersin | P97: Geleneksel | Q97: =COUNTIF('Hedef Liste'!A:A,A97) -> 1
A98: 6011cd9f4e3bdf0f076671f6 | B98: Etobur Barbecue, Erdemli (Novacity AVM-Merkez Mah.) | C98: DOĞRU | D98: Kebap | E98: 1776 | F98: 17 | G98: 12 | H98: 35 | I98: 47 | J98: 0.26 | K98: Umut Güzeloğlu | L98: 5525022399 | M98: Erdemli | N98: Merkez 2. Bölge | O98: Merkez Mah.Alparslan Türkeş Bulvarı No/541 Erdemli ,Mersin | P98: Geleneksel | Q98: =COUNTIF('Hedef Liste'!A:A,A98) -> 1
A99: 600c40ce0354afe6aa848a83 | B99: Cihangir Antep, Yenişehir (Bahçelievler Mah.) | C99: YANLIŞ | D99: Kebap | E99: 969 | G99: 0 | H99: 19 | I99: 19 | J99: 0 | K99: Elif Baykara | L99: 3243250029 | M99: Yenişehir | N99: Bahçelievler | O99: Bahçelievler Mah.1804 Sokak No/17-A Yenişehir,Mersin | P99: Geleneksel | Q99: =COUNTIF('Hedef Liste'!A:A,A99) -> 1
A100: 602192f0450e7fc163dfe7d7 | B100: Memoş Tantuni, Yenişehir (Çiftlikköy Mah.) | C100: DOĞRU | D100: Sokak Lezzetleri | E100: 1058 | F100: 38 | G100: 4 | H100: 9 | I100: 13 | J100: 0.31 | K100: Merve Ceylan | L100: 3245021664 | M100: Yenişehir | N100: Çiftlikköy | O100: Çiftlikköy Mah.Üniversite Cad.No/42-C Yenişehir,Mersin | P100: Geleneksel | Q100: =COUNTIF('Hedef Liste'!A:A,A100) -> 1
A101: 60210b9198337b48e94db3e3 | B101: Dönıs, Mezitli (Akdeniz Mah.) | C101: DOĞRU | D101: Döner | E101: 3627 | F101: 190 | G101: 7 | H101: 30 | I101: 37 | J101: 0.19 | K101: Mehmet Fatih Bilginer | L101: 3249994411 | M101: Mezitli | N101: Akdeniz | O101: Akdeniz mahallesi Cumhuriyet caddesi Mersinapark 3 sitesi altı no 12/E Mezitli MERSİN | P101: Geleneksel | Q101: =COUNTIF('Hedef Liste'!A:A,A101) -> 1
A102: 6021716650118c0747ab87f0 | B102: Cadde Etiler, Yenişehir (Çiftlikköy Mah.) | C102: DOĞRU | D102: Tost & Sandviç | E102: 3772 | F102: 253 | G102: 18 | H102: 67 | I102: 85 | J102: 0.21 | K102: Yakup Karakulak | L102: 5388515200 | M102: Yenişehir | N102: Çiftlikköy | O102: Çiftlikköy Mah.Üniversite Cad.No/33-29 Yenişehir,Mersin | P102: Geleneksel | Q102: =COUNTIF('Hedef Liste'!A:A,A102) -> 1
A103: 601a9538587d0e0735b6aaca | B103: Derin Cafe, Mezitli (Merkez Mah.) | C103: DOĞRU | D103: Pasta & Tatlı | E103: 2121 | F103: 70 | G103: 0 | H103: 61 | I103: 61 | J103: 0 | K103: Mehmet ali Ruhcan | L103: 5511531713 | M103: Mezitli | N103: Merkez | O103: Merkez mah. Eskiköy cad. Tigris 4 apt. No:32/D Altı gelecek okulları karşısı. | P103: Geleneksel | Q103: =COUNTIF('Hedef Liste'!A:A,A103) -> 1
A104: 601aa4e6ef295e7d15faa710 | B104: Petek Kebap & Lahmacun, Yenişehir (Batıkent Mah.) | C104: DOĞRU | D104: Pasta & Tatlı | E104: 1070 | F104: 82 | G104: 1 | H104: 35 | I104: 36 | J104: 0.03 | K104: Mehmet Veysel kaçan | L104: 3249331399 | M104: Yenişehir | N104: Batıkent | O104: Batıkent Mah. İstemihan Talay Caddesi No:163/A Yenişehir/ MERSİN (mersin nefrolojı dıyaliz merkezi karşısı petek patiseri) | P104: Geleneksel | Q104: =COUNTIF('Hedef Liste'!A:A,A104) -> 1
A105: 6023b98d0737d69f9c110db0 | B105: Tayfun Et Kebap & Steakhouse, Yenişehir (Çiftlikköy Mah.) | C105: DOĞRU | D105: Kebap | E105: 520 | F105: 20 | G105: 0 | H105: 40 | I105: 40 | J105: 0 | K105: Tayfun İnce | L105: 3243361925 | M105: Yenişehir | N105: Akkent | O105: Tayfun Et Kebap&Steakhouse Çiftlikköy Mah. 34. Cadde No:49B Yenişehir Mersin | P105: Geleneksel | Q105: =COUNTIF('Hedef Liste'!A:A,A105) -> 1
A106: 6024286becc77369905acab3 | B106: Tekin Gurme, Silifke (Göksu Mah.) | C106: DOĞRU | D106: Kebap | E106: 20338 | F106: 1093 | G106: 0 | H106: 27 | I106: 27 | J106: 0 | K106: Mustafa Tekin | L106: 3247143370 | M106: Silifke | N106: Göksu | O106: Göksu Mh. Özcan Seyhan Cad. No : 10 | P106: Geleneksel | Q106: =COUNTIF('Hedef Liste'!A:A,A106) -> 1
A107: 602422366fcc5ca048832b87 | B107: Tunç Fındık Lahmacun, Yenişehir (Güvenevler Mah.) | C107: DOĞRU | D107: Dünya Mutfağı | E107: 720 | F107: 12 | G107: 8 | H107: 13 | I107: 21 | J107: 0.38 | K107: Tuncay Makal | L107: 5362955137 | M107: Yenişehir | N107: İnönü | O107: Güvenevler Mah.1901 Sokak No/15-C Yenişehir,Mersin | P107: Geleneksel | Q107: =COUNTIF('Hedef Liste'!A:A,A107) -> 1
A108: 602109d56d12e9fd884907e1 | B108: Anatolia Pizza, Mezitli (Merkez Mah.) | C108: DOĞRU | D108: Pizza | E108: 27394 | F108: 1176 | G108: 47 | H108: 48 | I108: 95 | J108: 0.49 | K108: Yiğithan Memiş | L108: 5360281831 | M108: Mezitli | N108: Merkez | O108: mezitli merkez mahallesi 52060 sokak no9/A MEZİTLİ/MERSİN | P108: Geleneksel | Q108: =COUNTIF('Hedef Liste'!A:A,A108) -> 1
A109: 602568c90aeff91b79b89846 | B109: Recep Usta Tantuni & Biftek, Mezitli (Merkez Mah.) | C109: DOĞRU | D109: Sokak Lezzetleri | E109: 270 | F109: 16 | G109: 8 | H109: 9 | I109: 17 | J109: 0.47 | K109: Mehmet Ali Okçu | L109: 3243581261 | M109: Mezitli | N109: Menderes | O109: Menderes Mah.G.M.K B ulvarı No/723-B Mezitli,Mersin | P109: Geleneksel | Q109: =COUNTIF('Hedef Liste'!A:A,A109) -> 1
A110: 6026d563ff60ad8f5fc077b9 | B110: Gül 'ün Ev Lezzetleri, Mezitli (Menderes Mah.) | C110: DOĞRU | D110: Pasta & Tatlı | E110: 837 | F110: 65 | G110: 32 | H110: 15 | I110: 47 | J110: 0.68 | K110: Hacer Dinçbay Cura | L110: 5326714792 | M110: Mezitli | N110: Menderes | O110: Menderes Mah.35404 Sokak No/20-A Mezitli,Mersin | P110: Geleneksel | Q110: =COUNTIF('Hedef Liste'!A:A,A110) -> 1
A111: 5ffa172edef5a061fe5617ef | B111: Sivas Köftecisi, Akdeniz (Camişerif Mah.) | C111: DOĞRU | D111: Çiğ Köfte | E111: 393 | F111: 6 | G111: 0 | H111: 14 | I111: 14 | J111: 0 | K111: Emrah Aydur | L111: 3242380458 | M111: Akdeniz | N111: Cami Şerif | O111: Camişerif Mah.Uray Cad.No/34-A Akdeniz,Mersin | P111: Geleneksel | Q111: =COUNTIF('Hedef Liste'!A:A,A111) -> 1
... A135: 60192aa9fa957273355b6a5b | B135: Sarıyer Börekçisi, Tarsus (İsmetpaşa Mah.-Yarenlik Alanı.) | C135: DOĞRU | D135: Börek | E135: 1314 | F135: 88 | G135: 6 | H135: 18 | I135: 24 | J135: 0.25 | K135: Gökhan Yaygan | L135: 3246222399 | M135: Tarsus | N135: İsmetpaşa | O135: Yarenlik alanı halk eğitim merkezi yanı | P135: Geleneksel | Q135: =COUNTIF('Hedef Liste'!A:A,A135) -> 1
A136: 6019a29984e0f93f11198ffd | B136: Mina Patisserie, Mezitli (Davultepe Mah.) | C136: YANLIŞ | D136: Pasta & Tatlı | E136: 66 | G136: 0 | H136: 43 | I136: 43 | J136: 0 | K136: Ebru Çakır | L136: 3244815169 | M136: Mezitli | N136: Davultepe | O136: G.M.K Bulvarı No/130-H Mezitli,Mersin | P136: Geleneksel | Q136: =COUNTIF('Hedef Liste'!A:A,A136) -> 1
A137: 6019d1af8ecbe91d2c5c98f8 | B137: Ekrem Çoşkun Döner, Akdeniz (İhsaniye Mah.) | C137: DOĞRU | D137: Döner | E137: 1065 | G137: 15 | H137: 12 | I137: 27 | J137: 0.56 | K137: Funda Çelik | L137: 3243362433 | M137: Akdeniz | N137: İhsaniye | O137: İhsaniye Mah.Kuvayi Milliye Cad.No/109-E Akdeniz,Mersin (Akarsu Plaza) | P137: Geleneksel | Q137: =COUNTIF('Hedef Liste'!A:A,A137) -> 1
A138: 6019948e669ec378e17523fa | B138: Lezzet Tantuni & Döner & Fast Food, Yenişehir (Hürriyet Mah.) | C138: DOĞRU | D138: Burger | E138: 586 | F138: 32 | G138: 8 | H138: 19 | I138: 27 | J138: 0.3 | K138: Ufuk Torun | L138: 3243276660 | M138: Yenişehir | N138: Bahçelievler | O138: Hürriyet Mah.16.Cadde No/54-C Yenişehir, Mersin | P138: Geleneksel | Q138: =COUNTIF('Hedef Liste'!A:A,A138) -> 1
A139: 6022d6c68efa606e1a9f4455 | B139: En Cici Tantuni, Mezitli (Kuyuluk Mah.) | C139: DOĞRU | D139: Sokak Lezzetleri | E139: 134 | F139: 8 | G139: 9 | H139: 7 | I139: 16 | J139: 0.56 | K139: Veli Can Çoşan | L139: 5305951733 | M139: Mezitli | N139: Kuyuluk | O139: Kuyuluk Mah.Fındıkpınarı Cad.No/43-A Mezitli,Mersin | P139: Geleneksel | Q139: =COUNTIF('Hedef Liste'!A:A,A139) -> 1
A140: 6023cf711ac2f5625125969f | B140: Akmanlar 3 Lahmacun & Pizza & Pide, Akdeniz (Mesudiye Mah.) | C140: YANLIŞ | D140: Pizza | E140: 439 | G140: 11 | H140: 11 | I140: 22 | J140: 0.5 | K140: deniz yeğin | L140: 5384111733 | M140: Akdeniz | N140: Mesudiye | O140: Mesudiye Mahallesi 5111 Sokak Maliye Binası Alt Sokağı | P140: Geleneksel | Q140: =COUNTIF('Hedef Liste'!A:A,A140) -> 1
A141: 602bf716965500ca550e1617 | B141: Buğday Cafe, Yenişehir (Barboros Mah.) | C141: DOĞRU | D141: Pasta & Tatlı | E141: 180 | F141: 1 | G141: 5 | H141: 26 | I141: 31 | J141: 0.16 | K141: Senem Karaöğen | L141: 3243275453 | M141: Yenişehir | N141: Barbaros | O141: Barboros Mah.2182 Sokak No/2-A Yenişehir,Mersin | P141: Geleneksel | Q141: =COUNTIF('Hedef Liste'!A:A,A141) -> 1
A142: 6032952929d1d392c28c4b70 | B142: Mehmet Usta'nın Yeri, Mezitli (Atatürk Mah.) | C142: DOĞRU | D142: Kebap | E142: 1290 | F142: 57 | G142: 0 | H142: 53 | I142: 53 | J142: 0 | K142: Hanım Yıldırım | L142: 3243588821 | M142: Mezitli | N142: Fatih | O142: Atatürk Mah.G.M.K Bulvarı No/650-B Mezitli,Mersin | P142: Geleneksel | Q142: =COUNTIF('Hedef Liste'!A:A,A142) -> 1
A143: 6033946ae87c9207e0875e00 | B143: İsmail Usta Tantuni & Biftek, Mezitli (Atatürk Mah.) | C143: DOĞRU | D143: Sokak Lezzetleri | E143: 1495 | F143: 46 | G143: 17 | H143: 1 | I143: 18 | J143: 0.94 | K143: İsmail Pelin | L143: 3243575045 | M143: Mezitli | N143: Atatürk | O143: atatürk mahallesi sanayi caddesi özzafer sitesi c blok altı İsmail Usta Tantuni ve Biftek salonu mezitli/mersin | P143: Geleneksel | Q143: =COUNTIF('Hedef Liste'!A:A,A143) -> 1
A144: 602ffcce6f409c9f51d0eadb | B144: Kemal Usta Kebap, Erdemli (Limonlu Mah.) | C144: YANLIŞ | D144: Kebap | E144: 67 | G144: 0 | H144: 13 | I144: 13 | J144: 0 | K144: Perihan siyahözengi | L144: 5070579370 | M144: Erdemli | N144: Limonlu 2. Bölge | O144: limonlu mahallesi Milli egemenlik caddesi no:76A Erdemli/mersin | P144: Geleneksel | Q144: =COUNTIF('Hedef Liste'!A:A,A144) -> 1
A145: 6035413a53d6fa715f7dcdcf | B145: Melek Tantuni, Yenişehir (Hürriyet Mah.) | C145: YANLIŞ | D145: Sokak Lezzetleri | E145: 2394 | G145: 11 | H145: 5 | I145: 16 | J145: 0.69 | K145: Ahmet Selçuk Özdemir | L145: 3243291011 | M145: Yenişehir | N145: Hürriyet | O145: Hürriyet Mah.1.Cad No/46-C Yenişehir, Mersin | P145: Geleneksel | Q145: =COUNTIF('Hedef Liste'!A:A,A145) -> 1
A146: 6028f0e755fa615f2bfd5238 | B146: Tarihi Antep Çiğ Köfte, Mezitli (Akdeniz Mah.) | C146: DOĞRU | D146: Çiğ Köfte | E146: 628 | F146: 31 | G146: 11 | H146: 44 | I146: 55 | J146: 0.2 | K146: Hacı Emin Özdemir | L146: 5551035125 | M146: Mezitli | N146: Akdeniz | O146: Akdeniz Mah.Cumhuriyet Cad.A blok No/9-B Mezitli,Mersin | P146: Geleneksel | Q146: =COUNTIF('Hedef Liste'!A:A,A146) -> 1
A147: 603a649e3bc290dd8d2c7297 | B147: Meşhur Adıyaman Çiğköftecisi Ahmet Aybak, (Menderes Mah.) | C147: DOĞRU | D147: Çiğ Köfte | E147: 1076 | F147: 65 | G147: 7 | H147: 24 | I147: 31 | J147: 0.23 | K147: Umut Erol | L147: 5527561211 | M147: Mezitli | N147: Menderes | O147: Menderes Mah.35417 Sokak Soylu Plaza Altı No/46-B Mezitli,Mersin | P147: Geleneksel | Q147: =COUNTIF('Hedef Liste'!A:A,A147) -> 1
A148: 603936e69ae2e8914a32fd7d | B148: Tekin Ali Usta,Silifke (Göksu Mah.) | C148: DOĞRU | D148: Kebap | E148: 5177 | F148: 177 | G148: 0 | H148: 48 | I148: 48 | J148: 0 | K148: Zeynep Gürbüz | L148: 5319718822 | M148: Silifke | N148: Göksu | O148: Göksu Mah.Özcan Seyhan Cad.N0/4 -A Silifke,Mersin | P148: Geleneksel | Q148: =COUNTIF('Hedef Liste'!A:A,A148) -> 1
A149: 603a1310982a6728600a9580 | B149: Ziver Usta Tantuni & Biftek Salonu (Hüseyin Okan Merzeci Mah.) | C149: YANLIŞ | D149: Sokak Lezzetleri | G149: 8 | H149: 3 | I149: 11 | J149: 0.73 | K149: Ziver demir | L149: 5377039429 | M149: Toroslar | N149: Hüseyin Okan Merzeci | O149: Hüseyin Okan Merzeci mahallesi 220. cadde no14 A | P149: Geleneksel | Q149: =COUNTIF('Hedef Liste'!A:A,A149) -> 1
A150: 60422036133a2988eb41312b | B150: Tutku Tantuni, Yenişehir (Pirireis Mah.) | C150: DOĞRU | D150: Sokak Lezzetleri | E150: 1279 | F150: 55 | G150: 7 | H150: 25 | I150: 32 | J150: 0.22 | K150: Fırat kaya | L150: 3243270028 | M150: Yenişehir | N150: Pirireis | O150: Pirireis mahallesi 1116 sokak Hamit Özcan apartmanı altı 21/C Yenişehir Mersin | P150: Geleneksel | Q150: =COUNTIF('Hedef Liste'!A:A,A150) -> 1
A151: 604353d1972cd01512c29f03 | B151: Soulmate Coffee, Yenişehir (Akkent Mah.) | C151: DOĞRU | D151: Kahve | E151: 456 | F151: 6 | G151: 61 | H151: 19 | I151: 80 | J151: 0.76 | K151: Yücel Baba | L151: 5424475403 | M151: Yenişehir | N151: Akkent | O151: Akkent Mah.Hüseyin Okan Merzeci Bulvarı Sayapark Avm No/759-A Yenişehir,Mersin | P151: Geleneksel | Q151: =COUNTIF('Hedef Liste'!A:A,A151) -> 1
...

Sheet Durum Parametreler
C2: Başka Şubeden Çekilecek | F2: Hikmet Avcı | H2: Mertcan
C3: BlackList | F3: Burçin Sezer | H3: Enes
A4: 44197 | C4: Çekim İstemiyor | F4: Aykut Gülaslan | H4: Ezgi Turan
A5: 44198 | C5: Devir | H5: Hatem Soyaslan
A6: 44199 | C6: Dönüş Yapacak | H6: Zeliha Özer
A7: 44200 | C7: Franchise | H7: Emre Dalgıç
A8: 44201 | C8: İleride Randevu Alınacak | H8: Gül Değirmenci
A9: 44202 | C9: Lokasyon Uzak | H9: Yurdagül Kulaksız
A10: 44203 | C10: Haziran'da Aranacak | F10: Ayşegül Kır | H10: Ayfer Altın
A11: 44204 | C11: Menü Güncellemesi Yapılacak | F11: Betül Demir | H11: Ayşegül Kır
A12: 44205 | C12: Personel Eksik | F12: Hatem Soyaslan | H12: Damla Kılcı
A13: 44206 | C13: Randevu Alındı | F13: Selcan Topçu | H13: Özlem arslan
A14: 44207 | C14: Randevu İptal | F14: Sude Alkan | H14: Beyza gülşah
A15: 44208 | C15: Restoran Silindi | F15: Yurdagül Kulaksız | H15: Özlem gümüş
A16: 44209 | C16: Sistemden Çıkmak İstiyor | F16: Zeliha Özer | H16: Tuğba Buyur
A17: 44210 | C17: Tadilat Var | F17: Ferhat Köksal | H17: Kadriye Polat
A18: 44211 | C18: Ulaşılamadı | F18: Enes Günal | H18: Şükriye Demir
A19: 44212 | C19: Yılbaşından Sonra Aranacak | F19: Serap Apaydın | H19: Ece Bayındır
A20: 44213 | H20: Senanur Çınar
A21: 44214 | H21: Şura Özcan
A22: 44215 | H22: Funda Ünlü
A23: 44216 | H23: Sıla Göksunaz Esen
A24: 44217 | C24: Dönüş Yapacak | H24: Emel Yılmaz
A25: 44218 | C25: Görüşüldü | H25: Ecem Ersöz
A26: 44219 | C26: Tekrar Aranacak | H26: Livanur Elibol
A27: 44220 | C27: Ulaşılamadı | H27: Eda Cıbır
A28: 44221 | C28: Yetkili Yok | H28: Meryem Yalabık
A29: 44222 | H29: Serenay Yalabık
A30: 44223 | C30: Hemen Randevu İstiyorum | H30: Livanur Elibol
A31: 44224 | C31: Fotoğraflarım Var | H31: Meryem Yalabık
A32: 44225 | C32: İleride Randevu İstiyorum | H32: Eda Cıbır
A33: 44226
A34: 44227
A35: 44228 | C35: Randevu Alınabilir
A36: 44229 | C36: Çekim İstemiyor
A37: 44230 | C37: Fotoğrafları Yok - Randevu Alınabilir
A38: 44231 | C38: Fotoğrafları Gönderecek
A39: 44232
A40: 44233
A41: 44234
A42: 44235
A43: 44236
A44: 44237
A45: 44238
A46: 44239
A47: 44240
A48: 44241
A49: 44242
A50: 44243
... A820: 45013

Sheet özet
G4: Tarih | H4: Başarılı Randevu | I4: İptal Randevu | J4: Top. Rest | K4: =COUNTIFS(import!$C:$C,"true",import!$P:$P,"Geleneksel") -> 0 | O4: İptal Randevu | P4: Fotoğraflandırılan Top. Ürün | Q4: Fotoğraflandırılan Ort. Ürün
B5: Başka Şubeden Çekilecek | C5: =COUNTIFS('Hedef Liste'!T:T,B5,'Hedef Liste'!C:C,"doğru",'Hedef Liste'!J:J,"=0%",'Hedef Liste'!P:P,"Geleneksel") -> 6 | D5: Toplam rest | E5: =COUNTIFS(import!C:C,"doğru",import!P:P,"Geleneksel") -> 952 | G5: 44250 | J5: Fotoğraflı | K5: =COUNTIFS(import!$C:$C,"true",import!$P:$P,"Geleneksel",import!$J:$J,">0%") -> 0 | M5: =$K$5/$K$4 -> #DIV/0!
B6: BlackList | C6: =COUNTIFS('Hedef Liste'!T:T,B6,'Hedef Liste'!C:C,"doğru",'Hedef Liste'!J:J,"=0%",'Hedef Liste'!P:P,"Geleneksel") -> 4 | D6: Fotoğraflı | E6: =COUNTIFS(import!C:C,"doğru",import!P:P,"Geleneksel",import!J:J,">0%") -> 547 | G6: 44251
B7: Çekim İstemiyor | C7: =COUNTIFS('Hedef Liste'!T:T,B7,'Hedef Liste'!C:C,"doğru",'Hedef Liste'!J:J,"=0%",'Hedef Liste'!P:P,"Geleneksel") -> 68 | D7: % | E7: =E6/E5 -> 0.57457983 | G7: 44252 | J7: Ürün Adet | K7: 0-25 | M7: 25+ | S7: İptal Oranı
B8: Devir | C8: =COUNTIFS('Hedef Liste'!T:T,B8,'Hedef Liste'!C:C,"doğru",'Hedef Liste'!J:J,"=0%",'Hedef Liste'!P:P,"Geleneksel") -> 1 | G8: 44253 | J8: Fotoğraflı | K8: =COUNTIFS(import!$C:$C,"true",import!$J:$J,">0%",import!$P:$P,"Geleneksel",import!$I:$I,"<=25") -> 0 | L8: =K8/K5 -> #DIV/0! | M8: =COUNTIFS(import!C:C,"true",import!J:J,">0%",import!P:P,"Geleneksel",import!I:I,">25") -> 0 | N8: =M8/K5 -> #DIV/0! | S8: =O14/N14 -> #DIV/0!
B9: Dönüş Yapacak | C9: =COUNTIFS('Hedef Liste'!T:T,B9,'Hedef Liste'!C:C,"doğru",'Hedef Liste'!J:J,"=0%",'Hedef Liste'!P:P,"Geleneksel") -> 14 | J9: 0-20% | K9: =COUNTIFS(import!C:C,"true",import!J:J,">0%",import!J:J,"<=20%",import!P:P,"Geleneksel",import!I:I,"<=25") -> 0 | L9: =K9/K8 -> #DIV/0! | M9: =COUNTIFS(import!C:C,"true",import!J:J,">0%",import!J:J,"<=20%",import!P:P,"Geleneksel",import!I:I,">25") -> 0 | N9: =M9/M8 -> #DIV/0!
B10: Franchise | C10: =COUNTIFS('Hedef Liste'!T:T,B10,'Hedef Liste'!C:C,"doğru",'Hedef Liste'!J:J,"=0%",'Hedef Liste'!P:P,"Geleneksel") -> 4 | J10: 21-50% | K10: =COUNTIFS(import!C:C,"true",import!J:J,">20%",import!J:J,"<=50%",import!P:P,"Geleneksel",import!I:I,"<=25") -> 0 | L10: =K10/K8 -> #DIV/0! | M10: =COUNTIFS(import!C:C,"true",import!J:J,">20%",import!J:J,"<=50%",import!P:P,"Geleneksel",import!I:I,">25") -> 0 | N10: =M10/M8 -> #DIV/0!
B11: İleride Randevu Alınacak | C11: =COUNTIFS('Hedef Liste'!T:T,B11,'Hedef Liste'!C:C,"doğru",'Hedef Liste'!J:J,"=0%",'Hedef Liste'!P:P,"Geleneksel") -> 28 | J11: 51-80% | K11: =COUNTIFS(import!C:C,"true",import!J:J,">50%",import!J:J,"<=80%",import!P:P,"Geleneksel",import!I:I,"<=25") -> 0 | L11: =K11/K8 -> #DIV/0! | M11: =COUNTIFS(import!C:C,"true",import!J:J,">50%",import!J:J,"<=80%",import!P:P,"Geleneksel",import!I:I,">25") -> 0 | N11: =M11/M8 -> #DIV/0!
B12: Lokasyon Uzak | C12: =COUNTIFS('Hedef Liste'!T:T,B12,'Hedef Liste'!C:C,"doğru",'Hedef Liste'!J:J,"=0%",'Hedef Liste'!P:P,"Geleneksel") -> 37 | J12: >80% | K12: =COUNTIFS(import!C:C,"true",import!J:J,">80%",import!P:P,"Geleneksel",import!I:I,"<=25") -> 0 | L12: =K12/K8 -> #DIV/0! | M12: =COUNTIFS(import!C:C,"true",import!J:J,">80%",import!P:P,"Geleneksel",import!I:I,">25") -> 0 | N12: =M12/M8 -> #DIV/0!
B13: Haziran'da Aranacak | C13: =COUNTIFS('Hedef Liste'!T:T,B13,'Hedef Liste'!C:C,"doğru",'Hedef Liste'!J:J,"=0%",'Hedef Liste'!P:P,"Geleneksel") -> 0
B14: Menü Güncellemesi Yapılacak | C14: =COUNTIFS('Hedef Liste'!T:T,B14,'Hedef Liste'!C:C,"doğru",'Hedef Liste'!J:J,"=0%",'Hedef Liste'!P:P,"Geleneksel") -> 1
B15: Personel Eksik | C15: =COUNTIFS('Hedef Liste'!T:T,B15,'Hedef Liste'!C:C,"doğru",'Hedef Liste'!J:J,"=0%",'Hedef Liste'!P:P,"Geleneksel") -> 0
B16: Randevu Alındı | C16: =COUNTIFS('Hedef Liste'!T:T,B16,'Hedef Liste'!C:C,"doğru",'Hedef Liste'!J:J,"=0%",'Hedef Liste'!P:P,"Geleneksel") -> 28
B17: Randevu İptal | C17: =COUNTIFS('Hedef Liste'!T:T,B17,'Hedef Liste'!C:C,"doğru",'Hedef Liste'!J:J,"=0%",'Hedef Liste'!P:P,"Geleneksel") -> 7
B18: Restoran Silindi | C18: =COUNTIFS('Hedef Liste'!T:T,B18,'Hedef Liste'!C:C,"doğru",'Hedef Liste'!J:J,"=0%",'Hedef Liste'!P:P,"Geleneksel") -> 3
B19: Sistemden Çıkmak İstiyor | C19: =COUNTIFS('Hedef Liste'!T:T,B19,'Hedef Liste'!C:C,"doğru",'Hedef Liste'!J:J,"=0%",'Hedef Liste'!P:P,"Geleneksel") -> 3
B20: Tadilat Var | C20: =COUNTIFS('Hedef Liste'!T:T,B20,'Hedef Liste'!C:C,"doğru",'Hedef Liste'!J:J,"=0%",'Hedef Liste'!P:P,"Geleneksel") -> 3
B21: Ulaşılamadı | C21: =COUNTIFS('Hedef Liste'!T:T,B21,'Hedef Liste'!C:C,"doğru",'Hedef Liste'!J:J,"=0%",'Hedef Liste'!P:P,"Geleneksel") -> 13
B22: Ramazandan Sonra Randevu Istiyor | C22: =COUNTIFS('Hedef Liste'!T:T,B22,'Hedef Liste'!C:C,"doğru",'Hedef Liste'!J:J,"=0%",'Hedef Liste'!P:P,"Geleneksel") -> 0
B23: Fotoğrafı Var | C23: =COUNTIFS('Hedef Liste'!C:C,"true",'Hedef Liste'!S:S,"doğru",'Hedef Liste'!P:P,"Geleneksel",'Hedef Liste'!J:J,"=0%",'Hedef Liste'!T:T,"") -> 0
B24: TOPLAM | C24: =SUM(C5:C23) -> 220 | D24: =COUNTIFS('Hedef Liste'!C:C,"true",'Hedef Liste'!P:P,"Geleneksel") -> 0
D25: =COUNTIFS('Hedef Liste'!C:C,"true",'Hedef Liste'!P:P,"Geleneksel",'Hedef Liste'!J:J,">0%") -> 0
B26: Randevu Başarı % | D26: =D25/D24 -> #DIV/0!
B27: =C16/COUNTIFS('Hedef Liste'!R:R,"true",'Hedef Liste'!C:C,"true") -> #DIV/0!
