Workbook

Sheet Takvim
B1: TARİH | C1: Randevu Alan | D1: ID | E1: RESTORAN | F1: SAAT | G1: İLÇE / MAHALLE | H1: YETKİLİ KİŞİ / TELEFON | I1: ADRES | J1: NOTLAR | K1: Fotoğraf Adeti | L1: Toplam ürün | M1: Şubeli | N1: İptal
B2: 44286
A3: Serdivan Erenler Arifiye | M3: FALSE | N3: FALSE
B4: Burak Kavakçı | C4: Tuğba Buyur | D4: 6007de51e4ab4e0f0b9219a5 | E4: Hey Tost'um (Kemalpaşa Mah) | F4: 0.45833333 | G4: Serdivan/Kemalpaşa | H4: yusuf bey / 5383161453 | I4: Kemalpaşa Mah., Medeniyet Cad., No:9, Serdivan, Sakarya, Türkiye, | L4: =VLOOKUP(D4,'Hedef Liste'!A:I,8,false) -> 25 | M4: FALSE | N4: FALSE
B5: Burak Kavakçı | C5: Beyza gülşah | D5: 601326186c164262e2908d1c | E5: Ada Zurna Mavi Durak (Kemalpaşa Mah.) | F5: 0.54166667 | G5: Serdivan/Kemalpaşa | H5: Behice Hanım/5312105658 | I5: Kemalpaşa Mah., Usta Sok., No:4, Serdivan, Sakarya, Türkiye, Kemalpaşa mah. | L5: =VLOOKUP(D5,'Hedef Liste'!A:I,8,false) -> #N/A | M5: FALSE | N5: FALSE
B6: Burak Kavakçı | C6: Senanur Çınar | D6: 600c2cc2bce91f4701a58c7c | E6: Nap Cafe Restaurant (Kemalpaşa Mah.) | F6: 15:00 | G6: Serdivan/Kemalpaşa | H6: Ali Gülle/5423614452 | I6: Kemalpaşa Mah., Döner Sok., No:24, Serdivan, Sakarya, Türkiye, | J6: RANDEVUSU ALINDI | L6: =VLOOKUP(D6,'Hedef Liste'!A:I,8,false) -> 33 | M6: FALSE | N6: FALSE
B7: Burak Kavakçı | C7: Beyza gülşah | D7: 601e3e8b98337b6e604cf966 | E7: Gece Pilavcısı, Serdivan (İstiklal Mah.) | F7: 17:00 | G7: Serdivan/Kemalpaşa | H7: Tahsin bey/5466116241 | I7: Kemalpaşa Mah., Karabaş Sok., No:12/a, Serdivan, Sakarya, Türkiye, | L7: =VLOOKUP(D7,'Hedef Liste'!A:I,8,false) -> 3 | M7: FALSE | N7: FALSE
M8: FALSE | N8: FALSE
B9: 44287
A10: Serdivan Erenler Arifiye | M10: FALSE | N10: FALSE
B11: Burak Kavakçı | C11: Tuğba Buyur | D11: 60238bc0e36a14486f688337 | E11: Kaşık, Serdivan (Kemalpaşa Mah.) | F11: 0.45833333 | G11: Serdivan/Kemalpaşa | H11: fecri / bey / 5428152528 | I11: Kemalpaşa Mah., Üniversite Cad., No:90, Serdivan, Sakarya, Türkiye, | L11: =VLOOKUP(D11,'Hedef Liste'!A:I,8,false) -> 38 | M11: FALSE | N11: FALSE
B12: Burak Kavakçı | C12: Tuğba Buyur | D12: 6018feb915c6598a5aa42283 | E12: Grill Burger, Serdivan (Kemalpaşa Mah.) | F12: 0.54166667 | G12: Serdivan/Kemalpaşa | H12: yakup bey / 5392575755 | I12: Kemalpaşa Mah., Üniversite Cad., No:31 A Blok Serdivan, Sakarya, Türkiye, | L12: =VLOOKUP(D12,'Hedef Liste'!A:I,8,false) -> #N/A | M12: FALSE | N12: FALSE
B13: Burak Kavakçı | C13: Beyza gülşah | D13: 6008a4ecf69aa44a794721da | E13: Tok Burger (Kemalpaşa Mah) | F13: 15:00 | G13: Serdivan/Kemalpaşa | H13: ertuğrul bey/2642110855 | I13: Kemalpaşa Mah., Dağköy Sok., No:31A, Serdivan, Sakarya, Türkiye, | L13: =VLOOKUP(D13,'Hedef Liste'!A:I,8,false) -> #N/A | M13: FALSE | N13: FALSE
B14: Burak Kavakçı | C14: Beyza gülşah | D14: 600c9d22276d0f3cf87a6431 | E14: Adı Civan Izgara (Kemalpaşa Mah.) | F14: 17:30 | G14: Serdivan/Kemalpaşa | H14: Harun Bey/5443291390 | I14: Kemalpaşa Mah., Atak Sok., No:1, Serdivan, Sakarya, Türkiye, | L14: =VLOOKUP(D14,'Hedef Liste'!A:I,8,false) -> #N/A | M14: FALSE | N14: FALSE
M15: FALSE | N15: FALSE
B16: 44288
A17: Serdivan Erenler Arifiye | M17: FALSE | N17: FALSE
B18: Burak Kavakçı | C18: Tuğba Buyur | D18: 601dcb046d12e94755486a92 | E18: Pizza & Kebap House (Bahçelievler Mah.) | F18: 0.45833333 | G18: serdivan / bahçelievler | H18: ömer bey / 5418157310 | I18: Kirişhane Cad., No:93/B, Serdivan, Sakarya, Türkiye, | L18: =VLOOKUP(D18,'Hedef Liste'!A:I,8,false) -> 135 | M18: FALSE | N18: FALSE
B19: Burak Kavakçı | C19: Tuğba Buyur | D19: 6043383fb8edc7e4780fdeb9 | E19: Yagoda, Serdivan (Kemalpaşa Mah.) | F19: 0.54166667 | G19: Serdivan/Kemalpaşa | H19: onur bey / 5535491624 | I19: Kemalpaşa Mah., 105 Sok., No:3, serdivan | L19: =VLOOKUP(D19,'Hedef Liste'!A:I,8,false) -> 26 | M19: FALSE | N19: FALSE
B20: Burak Kavakçı | C20: Tuğba Buyur | D20: 603dfbbcb3d2c3527538f8a3 | E20: Ada Yakamoz Tantuni, Serdivan (Kemalpaşa Mah.) | F20: 15:00 | G20: Serdivan/Kemalpaşa | H20: ömer faruk / 5395537433 | I20: Kemalpaşa Mah., Üniversite Cad., No:39, Serdivan, Sakarya, Türkiye, | L20: =VLOOKUP(D20,'Hedef Liste'!A:I,8,false) -> 25 | M20: FALSE | N20: FALSE
B21: Burak Kavakçı | C21: Tuğba Buyur | D21: 60080b4535cc59210bfdceb4 | E21: Sakarya Kahve Akademisi (Bahçelievler Mah.) | F21: 17:00 | G21: serdivan / bahçelievler | H21: enes bey / 5511608118 | I21: Bahçelievler Mah. Muhsin Yazıcıoğlu Blv. No:12/B Serdivan/Sakarya | L21: =VLOOKUP(D21,'Hedef Liste'!A:I,8,false) -> #N/A | M21: FALSE | N21: FALSE
M22: FALSE | N22: FALSE
B23: 44293
A24: Serdivan Erenler Arifiye | M24: FALSE | N24: FALSE
B25: Burak Kavakçı | L25: =VLOOKUP(D25,'Hedef Liste'!A:I,8,false) -> #N/A | M25: FALSE | N25: FALSE
B26: Burak Kavakçı | C26: Özlem arslan | D26: 604bdaf14df8547dc705cc8f | E26: Colombia Coffee, Serdivan (İstiklal Mah.) | F26: 0.47916667 | G26: Serdivan Kemalpaşa | H26: Gürkan Bukan 2642101351 | I26: Kemalpaşa Mah. Bağlar Cad., No:108, Serdivan, Sakarya, Türkiye, | L26: =VLOOKUP(D26,'Hedef Liste'!A:I,8,false) -> #N/A | M26: FALSE | N26: FALSE
B27: Burak Kavakçı | C27: Özlem arslan | D27: 604bdc1f6b5424e15d1b196d | E27: Coffee And Study, Serdivan (Kemalpaşa Mah.) | F27: 13:00 | G27: Serdivan İstiklal | H27: Gürkan Bukan 2642111910 | I27: İstiklal Bağlar Cad., No:81, , Sakarya, Türkiye, | L27: =VLOOKUP(D27,'Hedef Liste'!A:I,8,false) -> #N/A | M27: FALSE | N27: FALSE
B28: Burak Kavakçı | C28: Özlem arslan | D28: 600c2cc2bce91f4701a58c7c | E28: Nap Cafe Restaurant (Kemalpaşa Mah.) | F28: 14:00 | G28: Serdivan Kemalpaşa | H28: Ali Gülle 5423614452 | I28: Kemalpaşa Mah., Döner Sok., No:24, Serdivan, Sakarya, Türkiye, | L28: =VLOOKUP(D28,'Hedef Liste'!A:I,8,false) -> 33 | M28: FALSE | N28: FALSE
B29: Burak Kavakçı | C29: Özlem arslan | D29: 600fb7f98ee57e780c400d55 | E29: Serdivan Osmanoğulları Pide ve Börek (Kemalpaşa Mah.) | F29: 0.64583333 | G29: Serdivan Kemalpaşa | H29: Ramazan Arslan 2642114911 | I29: Kemalpaşa mah. Bağlar Cad., No:96, Serdivan, Sakarya, Türkiye, | M29: FALSE | N29: FALSE
B30: 44294
A31: Serdivan Erenler Arifiye | M31: FALSE | N31: FALSE
B32: Zeynep Yazıcı | C32: Nazlıcan Dinçer | D32: 6023a20a966d0a269bdba8d0 | E32: Pir Kebap Lahmacun & Pide, Erenler (Hacıoğlu Mah.) | F32: 11.00 | G32: Erenler/Dilmen | H32: Ali PİR 2642414190 | I32: Sakarbaba Cad., No:39, Erenler, Sakarya, Türkiye, | L32: =VLOOKUP(D32,'Hedef Liste'!A:I,8,false) -> 9 | M32: FALSE | N32: FALSE
B33: Zeynep Yazıcı | C33: Nazlıcan Dinçer | D33: 6047489cb997c40ee71bd0b4 | E33: Tezgeller Kebap & Pide, Erenler (Hacıoğlu Mah.) | F33: 13.00 | G33: Erenler Hacıoğlu | H33: RAMAZAN TEZGEL 5362504936 | I33: Mehmet Akif Ersoy Cad., No:5, Erenler, Sakarya, Türkiye, | L33: =VLOOKUP(D33,'Hedef Liste'!A:I,8,false) -> 6 | M33: FALSE | N33: FALSE
B34: Zeynep Yazıcı | C34: Mertcan | D34: 60409e4bdc8b325656c3c30d | E34: Ay Dons Döner, Erenler (Erenler Mah.) | F34: 15.00 | G34: erenler erenler | H34: yunus kara 5537510354 | I34: Erenler Mah., Erenler Cad., No:8, Erenler, Sakarya, Türkiye, | L34: =VLOOKUP(D34,'Hedef Liste'!A:I,8,false) -> 5 | M34: FALSE | N34: FALSE
B35: Zeynep Yazıcı | C35: Mertcan | D35: 6040a753703aca4cacfed352 | E35: Tarihi Roma Dondurması, Erenler (Hacıoğlu Mah.) | F35: 18:00 | G35: erenler hacıoğlu | H35: ali erdemir 5399342723 | I35: Erenler Mah., Evliya Çelebi Cad no :9 ., Erenler, Sakarya, Türkiye, | J35: randevu gununu yanlıs anlamıs 28.04 e randevu alındı | L35: =VLOOKUP(D35,'Hedef Liste'!A:I,8,false) -> 1 | M35: FALSE | N35: FALSE
M36: FALSE | N36: FALSE
B37: 44295
A38: Serdivan Erenler Arifiye | B38: Zeynep Yazıcı | C38: Nazlıcan Dinçer | D38: 60432d259cc87d5877132ab8 | E38: Şulenin Mutfağı, Serdivan (Arabacı Alanı Mah.) | F38: 11.00 | G38: Serdivan Arabacıalanı | H38: Şule Tufan 5373801343 | I38: Arabacıalanı Mah., Mert Sok., No:34, Serdivan, Sakarya, Türkiye, | M38: FALSE | N38: FALSE
B39: Zeynep Yazıcı | C39: Nazlıcan Dinçer | D39: 6018f7dbf8fb0bd076faac18 | E39: Urfaca Kebap, Serdivan (Arabacı Alanı Mah.) | F39: 12.00 | G39: Serdivan Arabacıalanı | H39: Kemal Keskinkılıç 5439206234 | I39: Çark Cad., No:306, Sakarya, Türkiye, | L39: =VLOOKUP(D39,'Hedef Liste'!A:I,8,false) -> 36 | M39: FALSE | N39: FALSE
B40: Zeynep Yazıcı | C40: Nazlıcan Dinçer | D40: 601004900354af7f0e855490 | E40: Hira Lezzet Dünyası (Arabacıalanı Mah.) | F40: 14.00 | G40: Serdivan Arabacıalanı | H40: Raziye Özcan 5376679654 | I40: Arabacıalanı Mah., Mert Sok., No:22, Serdivan, Sakarya, Türkiye, | L40: =VLOOKUP(D40,'Hedef Liste'!A:I,8,false) -> #N/A | M40: FALSE | N40: FALSE
B41: Zeynep Yazıcı | C41: Nazlıcan Dinçer | D41: 60474672902bc67111df25f7 | E41: Vosvos Vitamin Bar, Serdivan (Arabacı Alanı Mah. - Çark Cad.) | F41: 16.00 | G41: Serdivan Arabacıalanı | H41: MUSTAFA CAN DOĞAN 5312218647 | I41: ARABACIALANI MAH. MERT SK. NO: 25 İÇ KAPI NO: 74 SERDİVAN/ SAKARYA | L41: =VLOOKUP(D41,'Hedef Liste'!A:I,8,false) -> 42 | M41: FALSE | N41: FALSE
B42: Zeynep Yazıcı | L42: =VLOOKUP(D42,'Hedef Liste'!A:I,8,false) -> #N/A | M42: FALSE | N42: FALSE
M43: FALSE | N43: FALSE
B44: 44298
A45: Serdivan Erenler Arifiye | M45: FALSE | N45: FALSE
B46: Zeynep Yazıcı | C46: Emel Yılmaz | D46: 6023a033f31a703013a8f788 | E46: Orhan Usta Kebap Diyarı | F46: 0.45833333 | G46: Adapazarı/Cumhuriyet | H46: Orhan Demir/2642744454 | I46: Cumhuriyet mh.Şal sk.No:21 Sakarya | L46: =VLOOKUP(D46,'Hedef Liste'!A:I,8,false) -> 29 | M46: FALSE | N46: FALSE
B47: Zeynep Yazıcı | C47: Emel Yılmaz | D47: 6007d9661b307e7e2f267670 | E47: Bayındır Pide Lahmacun | F47: 0.54166667 | G47: Adapazarı/Cumhuriyet | H47: Enver bey/5321762554 | I47: Yeğenler cad.No:4 Sakarya | L47: =VLOOKUP(D47,'Hedef Liste'!A:I,8,false) -> 5 | M47: FALSE | N47: FALSE
B48: Zeynep Yazıcı | C48: Emel Yılmaz | D48: 60224d20627f6e54dcb4de0b | E48: Dy Çıtır Lahmacun Pide | F48: 15:00 | G48: Adapazarı/Cumhuriyet | H48: Bülent bey/5304312412 | I48: Soğanpazarı cad.No:21 Sakarya | L48: =VLOOKUP(D48,'Hedef Liste'!A:I,8,false) -> 10 | M48: FALSE | N48: FALSE
B49: Zeynep Yazıcı | C49: Emel Yılmaz | D49: 603df9bfb84783a4730fada6 | E49: King Cake, Adapazarı (Cumhuriyet Mah.) | F49: 17:00 | G49: Adapazarı/Cumhuriyet | H49: Serkan bey/5442733273 | I49: Sedat Kirtetepe cd no:10/2 A Sakarya | J49: ERTELEME // RAMAZANDAN DOLAYI BÜTÜN ÜRÜNLERİ ÇIKARTAMIYORMUŞ | L49: =VLOOKUP(D49,'Hedef Liste'!A:I,8,false) -> 6 | M49: FALSE | N49: FALSE
M50: FALSE | N50: FALSE
B51: 44299
A52: Serdivan Erenler Arifiye | M52: FALSE | N52: FALSE
B53: Zeynep Yazıcı | L53: =VLOOKUP(D57,'Hedef Liste'!A:I,8,false) -> 15 | M53: FALSE | N53: FALSE
B54: Zeynep Yazıcı | C54: Özlem arslan | D54: 601dc6d3a3e4013a47ffcd6b | E54: Big Cake (İstiklal Mah.) | F54: 0.54166667 | G54: Serdivan Arabacıalanı | H54: Yasin Göçmen 5300375639 | I54: Arabacı alanı mah. Çark cad no 298 | J54: İmaalat yeriymiş hedef listedeki adresle farklı burada çekim yapılması istendi | L54: =VLOOKUP(D54,'Hedef Liste'!A:I,8,false) -> #N/A | M54: FALSE | N54: FALSE
B55: Zeynep Yazıcı | C55: Özlem arslan | D55: 6045252e41a491a8ba970b15 | E55: Serdivan Kebap Evi, Serdivan (Arabacı Alanı Mah.) | F55: 15:00 | G55: Serdivan Arabacıalanı | H55: Ümit Aba 5415454587 | I55: Arabacıalanı Mah., Güler Sok., No:8, Serdivan, Sakarya, Türkiye, | K55: yetkili şehir dışına gitmiş tramazandan sonra | L55: =VLOOKUP(D55,'Hedef Liste'!A:I,8,false) -> 18 | M55: FALSE | N55: FALSE
B56: Zeynep Yazıcı | C56: Özlem arslan | D56: 6009f8eef5c83e64ff918545 | E56: Kardeşler Piliç & Aperatif (Arabacı Alanı Mah.) | F56: 0.70833333 | G56: Serdivan Arabacıalanı | H56: Rıdvan Başbenzer 5396592954 | I56: Arabacıalanı Mah, Eski Kazımpaşa Cad., No:203A | J56: Hastane işleri varmış | M56: FALSE | N56: FALSE
B57: Zeynep Yazıcı | C57: Özlem arslan | D57: 6066fb803d414aa808590a6c | E57: Karadeniz Pide, Kebap Lahmacun (Arabacıalanı Mah. ) | F57: 0.79166667 | G57: Serdivan Arabacıalanı | H57: ÖMER KAYA 5436069621 | I57: Arabacıalanı Mah.//İstiklal Mahallesi, Eski Kazımpaşa Cad., No:37, Serdivan, Sakarya, Türkiye, | L57: =VLOOKUP(#REF!,'Hedef Liste'!A:I,8,false) -> #REF! | M57: FALSE | N57: FALSE
C58: Özlem arslan | D58: 6009f51f9873d875848c9c3a | E58: Hope Coffee Bakery (İstiklal Mah.) | F58: 0.66666667 | G58: Serdivan İstiklal | H58: ÖMER ÖZCAN TAŞÖZ 5393120020 | I58: İstiklal Mah. Park Sok. No:9/A Serdivan Sakarya | M58: FALSE | N58: FALSE
C59: Özlem arslan | D59: 6009f012c795bd32d542c6b4 | E59: Jungle Coffee & Tea (İstiklal Mah.) | F59: 17:00-17:30 | G59: Serdivan İstiklal | H59: Akif Akyıldız 5075312331 | I59: İstiklal mah. Bağlar cad. Zembil sok. No: 2
B61: 44300
A62: Serdivan Erenler Arifiye | M62: FALSE | N62: FALSE
B63: Zeynep Yazıcı | L63: =VLOOKUP(D64,'Hedef Liste'!A:I,8,false) -> 33 | M63: FALSE | N63: FALSE
B64: Zeynep Yazıcı | C64: Ezgi Turan | D64: 60223ee55993bfa83b8fe61b | E64: Cuşka Pide & Lahmacun, Serdivan (Beşköprü Mah.) | F64: 14.00 | G64: Serdivan Beşköprü | H64: Elif Öz 5541794954 | I64: Beşköprü mah. 3168 sok. No 27c / Serdivan/Sakarya | L64: =VLOOKUP(#REF!,'Hedef Liste'!A:I,8,false) -> #REF! | M64: FALSE | N64: FALSE
B65: Zeynep Yazıcı | C65: Ezgi Turan | D65: 604333aee26cdb3dcb1e1c88 | E65: Bibercik Çiğ Köfte, Serdivan (Beşköprü Mah.) | F65: 16.00 | G65: Serdivan Beşköprü | H65: Nagihan Karagüzel 5326003283 | I65: Beşköprü Mah., Şimşek Sok., No:11, Serdivan, Sakarya, Türkiye, | J65: sadece tatlım var dedi ürün sunamazmış | L65: =VLOOKUP(D65,'Hedef Liste'!A:I,8,false) -> 17 | M65: FALSE | N65: FALSE
B66: Zeynep Yazıcı | C66: Ezgi Turan | D66: 604335abb04af5013a9b1b82 | E66: Köz Piliç, Serdivan (İstiklal Mah.) | F66: 17.00 | G66: Serdivan İstiklal | H66: Serdar Siyer 5423394334 | I66: İSTİKLAL MAH. BAĞLAR CAD. NO: 34 İÇ KAPI NO: A SERDİVAN/ SAKARYA | L66: =VLOOKUP(D66,'Hedef Liste'!A:I,8,false) -> #N/A | M66: FALSE | N66: FALSE
C67: Ezgi Turan | D67: 600bdf5fd6c5917679df8e5e | E67: 6Nova Aperatif (İstiklal Mah.) | F67: 18.00 | G67: Serdivan İstiklal | H67: SERAP AKAGÜNDÜZ 5436606666 | I67: Muhsin Yazıcıoğlu Blv., No:67, Serdivan, Sakarya, Türkiye, | M67: FALSE | N67: FALSE
B68: 44301
A69: Serdivan Erenler Arifiye | M69: FALSE | N69: FALSE
B70: Zeynep Yazıcı | C70: Ezgi Turan | D70: 604ba9d066d0141b9364d1ae | E70: Bakery Simit & Unlu Mamüller (A. Nejdet Güven Cad.) | F70: 0.54166667 | G70: Adapazarı Semerciler | H70: 5445149494/COSKUN | I70: Semerciler mah A. nejdet güven cad no :9 adapazarı /sakarya | L70: =VLOOKUP(D70,'Hedef Liste'!A:I,8,false) -> #N/A | M70: FALSE | N70: FALSE
B71: Zeynep Yazıcı | C71: Özlem arslan | D71: 601509e582ce1441f4583c83 | E71: Getir Burger, Erenler (Tabakhane Mah.) | F71: 12.00 | G71: Erenler Tabakhane | H71: Hızır Türkyılmaz 5549690254 | I71: Sakarya Cad., No:194B, Erenler, Sakarya, Türkiye, | J71: CENAZALERİ VARMIŞ. | L71: =VLOOKUP(D71,'Hedef Liste'!A:I,8,false) -> #N/A | M71: FALSE | N71: FALSE
B72: Zeynep Yazıcı | C72: Ezgi Turan | D72: 6011a5404337de79402b9476 | E72: Meraklı Izgara (Tabakhane Mah.) | F72: 13.30 | G72: Erenler Tabakhane | H72: Hızır Türkyılmaz 5549690254 | I72: Tabakhane mah. sakarya cad no:192 | J72: CENAZALERİ VARMIŞ. | L72: =VLOOKUP(D72,'Hedef Liste'!A:I,8,false) -> #N/A | M72: FALSE | N72: FALSE
B73: Zeynep Yazıcı | C73: Beyza gülşah | D73: 60475067b826f0491d319e6e | E73: Cadde Burger & Lunch (Rüstempaşa Mah.) | F73: 18:00-18:30 | G73: Sapanca/rüstempaşa | H73: Enes bey/5415121235 | I73: Rüstempaşa Mah., Karaoğlanoğlu Cad., No:13, Sapanca, Sakarya, Türkiye, | L73: =VLOOKUP(D73,'Hedef Liste'!A:I,8,false) -> 21 | M73: FALSE | N73: FALSE
B74: Zeynep Yazıcı | C74: Beyza gülşah | D74: 6047d1469756a061f9da3aad | E74: My Kebap Dünyası (Çayiçi Mah.) | F74: 17.30 | G74: Sapanca /çayiçi | H74: yasin bey/5428194161 | I74: Çayiçi Mah., İzmit Cad., No:32, Sapanca, Sakarya, Türkiye, | M74: FALSE | N74: FALSE
C75: Özlem arslan | D75: 601a6dc3587d0e5422b69724 | E75: Sapanca Pastanesi, Sapanca (Merkez) | F75: 17.00 | G75: Sapanca Rüstempaşa | H75: Kenan bey 5458412868 | I75: Atatürk Cad., No:44, Sapanca, Sakarya, Türkiye, | M75: FALSE | N75: FALSE
B76: 44302
A77: Serdivan Erenler Arifiye | M77: FALSE | N77: FALSE
B78: Zeynep Yazıcı | L78: =VLOOKUP(D78,'Hedef Liste'!A:I,8,false) -> #N/A | M78: FALSE | N78: FALSE
B79: Zeynep Yazıcı | L79: =VLOOKUP(D79,'Hedef Liste'!A:I,8,false) -> #N/A | M79: FALSE | N79: FALSE
B80: Zeynep Yazıcı | E80: RANDEVU ALINMAYACAK | L80: =VLOOKUP(D80,'Hedef Liste'!A:I,8,false) -> #N/A | M80: FALSE | N80: FALSE
B81: Zeynep Yazıcı | L81: =VLOOKUP(D81,'Hedef Liste'!A:I,8,false) -> #N/A | M81: FALSE | N81: FALSE
M82: FALSE | N82: FALSE
B83: 44305
A84: Serdivan Erenler Arifiye | C84: Ezgi Turan | D84: 60103af58ee57e1999402aa0 | E84: Ada Kabak(Orta Mah.) | F84: 0.45833333 | G84: Adapazarı Orta | H84: Süleyman Bey/ 5425839950 | I84: Orta Mah., Çeşme Meydanı Cad., No:66, Adapazarı, Sakarya, Türkiye, | L84: RAMAZANDAN SONRA İSTİYOR. | M84: FALSE | N84: FALSE
B85: Zeynep Yazıcı | C85: Ezgi Turan | D85: 601039ff523bc6cb8d3fc875 | E85: Şen Kardeşler Lokantası | F85: 11.00 | G85: Adapazarı Orta | H85: Süleyman Bey/ 5425839950 | I85: Orta Mah., Çeşme Meydanı Cad., No:66A, Adapazarı, Sakarya, Türkiye, | J85: tekrar randevu 29 una alndı | M85: FALSE | N85: FALSE
B86: Zeynep Yazıcı | C86: Ezgi Turan | D86: 606ef87f20d6a1581ae6fec0 | E86: Ahsen Pastaneleri (Semerciler Mah.) | F86: 0.58333333 | G86: Adapazarı Semerciler | H86: ONUR BEY /5315130658 | I86: Semerciler mah Atatürk blv. Pasaj 2000 NO :2 M ADAPAZARI /SAKARYA | L86: =VLOOKUP(D86,'Hedef Liste'!A:I,8,false) -> 11 | M86: FALSE | N86: FALSE
B87: Zeynep Yazıcı | C87: Gül Değirmenci | D87: 600be110b196914ac33cfc17 | E87: Bana 1 Izgara (Mithatpaşa mah.) | F87: 0.66666667 | G87: Adapazarı/Mithatpaşa | H87: Murat Bey/5424586391 | I87: Adnan Menderes Cad., No:152A, Adapazarı, Sakarya, Türkiye, | J87: fotografları oldugunu hatırlamış | L87: =VLOOKUP(D87,'Hedef Liste'!A:I,8,false) -> #N/A | M87: FALSE | N87: FALSE
B88: Zeynep Yazıcı | C88: Gül Değirmenci | D88: 606daaf671d0ce49a6d4c59e | E88: Çınarlı Börek Baklava (Cumhuriyet Mah.) | F88: 0.66666667 | G88: Adapazarı/Cumhuriyet | H88: Sercan Bey/5425965994 | I88: Cumhuriyet Mah., Uzun Çarşı Sok., No:21, Adapazarı, Sakarya, Türkiye, | L88: =VLOOKUP(D88,'Hedef Liste'!A:I,8,false) -> #N/A | M88: FALSE | N88: FALSE
C89: Gül Değirmenci | D89: 606dadc4e84f127c0da20f87 | E89: Kırmızı Elma Pastaneleri (Cumhuriyet Mah.) | F89: 0.66666667 | G89: Adapazarı/Cumhuriyet | H89: Sercan Bey/5425965994 | I89: Cumhuriyet Mah., Uzun Çarşı Sok., No:11, Adapazarı, Sakarya, Türkiye, | M89: FALSE | N89: FALSE
B90: 44306
A91: Serdivan Erenler Arifiye | M91: FALSE | N91: FALSE
B92: Zeynep Yazıcı | L92: =VLOOKUP(D92,'Hedef Liste'!A:I,8,false) -> #N/A | M92: FALSE | N92: FALSE
B93: Zeynep Yazıcı | F93: 0.5 | L93: =VLOOKUP(D93,'Hedef Liste'!A:I,8,false) -> #N/A | M93: FALSE | N93: FALSE
B94: Zeynep Yazıcı | C94: Gül Değirmenci | D94: 6013a3f4d1201b3120953953 | E94: Şirinkonak Ev Yemekleri (Şirinevler Mh.) | F94: 14:00 | G94: Adapazarı/Şirinevler | H94: Murat Bey/5444709254 | I94: Şirinevler Mah., Vagon Sok., No:11A, Adapazarı, Sakarya, Türkiye, | L94: =VLOOKUP(D94,'Hedef Liste'!A:I,8,false) -> 26 | M94: FALSE | N94: FALSE
B95: Zeynep Yazıcı | C95: Gül Değirmenci | D95: 601020aea51c1802db0e663d | E95: Meriç Islama Köfte | F95: 0.66666667 | G95: Adapazarı/Yenicami | H95: Nilüfer Hanım/5332176217 | I95: Yeni Cami, Sakarya Cd. D:No: 8/A Adapazarı, Sakarya | L95: =VLOOKUP(D95,'Hedef Liste'!A:I,8,false) -> #N/A | M95: FALSE | N95: FALSE
C96: Gül Değirmenci | D96: 6023a3f9c3e3762346477fba | E96: Yakut Aperatif, Erenler ( Dilmen Mah.) | F96: 0.72916667 | G96: Erenler/Dilmen | H96: İbrahim Bey/5394374343 | I96: Sakarbaba Cad., No:37, Erenler, Sakarya, Türkiye, | M96: FALSE | N96: FALSE
B97: 44307
A98: Serdivan Erenler Arifiye | M98: FALSE | N98: FALSE
B99: Zeynep Yazıcı | L99: =VLOOKUP(D103,'Hedef Liste'!A:I,8,false) -> #N/A | M99: FALSE | N99: FALSE
B100: Zeynep Yazıcı | C100: Gül Değirmenci | D100: 600de4070475c8011eabbf68 | E100: Ciğerci Bahattin (Kemalpaşa Mah.) | F100: 0.52083333 | G100: Serdivan / Kemalpaşa | H100: Emrullah Bey / 5340794102 | I100: Kemalpaşa Mah. Kenan Sofuoğlu Cad. no2 serdivan/Sakarya | L100: =VLOOKUP(D100,'Hedef Liste'!A:I,8,false) -> 10 | M100: FALSE | N100: FALSE
B101: Zeynep Yazıcı | C101: Ezgi Turan | D101: 600e5bd965caa75acc3f01f0 | E101: Double 7 Izgara (Kemalpaşa Mah.) | F101: 15.00 | G101: Serdivan / Kemalpaşa | H101: Halilcan Aygın 5417231070 | I101: Kemal paşa mah. Üniversite cad. No 51..aserdivan/sakarya | J101: ramazandan sonra | L101: =VLOOKUP(D101,'Hedef Liste'!A:I,8,false) -> 16 | M101: FALSE | N101: FALSE
...

Sheet Hedef Liste
A1: Restaurant ID | B1: Restoran Adı | C1: Satışa Açık Mı? | D1: Mutfak | E1: TOPLAM SİPARİŞ | F1: SON 2 HAFTA | G1: RESİMLİ ÜRÜN | H1: RESİMSİZ ÜRÜN | I1: TOPLAM ÜRÜN | J1: Ratio | K1: Yetkili | L1: Telefon | M1: İLÇE | N1: MAHALLE | O1: ADRES | P1: Geleneksel Zincir | Q1: FOTOĞRAF SEGMENT | R1: Aradık Mı? | S1: Kendi Fotosu Var | T1: Randevu Durumu | U1: Randevu Alan | V1: Fotoğrafçı | W1: Not | X1: Randevu Alma Tarihi | Y1: Randevu Tarihi | Z1: Anket Durum | AA1: 1. Arama | AB1: 1. Arama Tarihi | AC1: 2. Arama | AD1: 2. Arama Tarihi | AE1: 3. Arama | AF1: 3. Arama Tarihi | AG1: 4. Arama | AH1: 4. Arama Tarihi | AI1: 5. Arama | AJ1: 5. Arama Tarihi | AK1: 1. Arayan | AL1: 2. Arayan | AM1: 3. Arayan | AN1: 4. Arayan | AO1: 5. Arayan | AP1: SY | AQ1: SY - Durum
A2: 6092b55667cf30580ff7cc00 | B2: @'li Burger (Arabacıalanı Mah.) | C2: =VLOOKUP(A2,import!A:C,3,0) -> YANLIŞ | D2: Burger | E2: =VLOOKUP(A2,import!A:AA,5,0) | F2: =VLOOKUP(A2,import!A:AA,6,0) | G2: =VLOOKUP(A2,import!A:AA,7,0) -> 15 | H2: =VLOOKUP(A2,import!A:AA,8,0) -> 4 | I2: =VLOOKUP(A2,import!A:AA,9,0) -> 19 | J2: =VLOOKUP(A2,import!A:AA,10,0) -> 0.79 | K2: Tolga İkiz | L2: 5394067198 | M2: Serdivan | N2: Arabacıalanı | O2: Arabacıalanı Mah., Mert Sok., Serdivan, Sakarya, Türkiye, | P2: =VLOOKUP(A2,import!A:P,16,0) -> Geleneksel | R2: TRUE | S2: TRUE | W2: bu şube daha inşaatta dedi. / hala inşaattaymış daha sonra tekrara aransın. | AA2: Görüşüldü | AB2: 44379 | AK2: Gül Değirmenci | AP2: Simge Demiray
A3: 61de9e5080ca03e293095ca7 | B3: 54 Han Kebap | C3: =VLOOKUP(A3,import!A:C,3,0) -> DOĞRU | D3: Kebap | E3: =VLOOKUP(A3,import!A:AA,5,0) -> 120 | F3: =VLOOKUP(A3,import!A:AA,6,0) | G3: =VLOOKUP(A3,import!A:AA,7,0) -> 0 | H3: =VLOOKUP(A3,import!A:AA,8,0) -> 41 | I3: =VLOOKUP(A3,import!A:AA,9,0) -> 41 | J3: =VLOOKUP(A3,import!A:AA,10,0) -> 0 | K3: MEHMET EMİN KARAGÖZ | L3: 5380593677 | M3: Serdivan | N3: Esentepe | O3: Kemalpaşa Mah., Medeniyet Cad., No:21, Serdivan, Sakarya, Türkiye, | P3: =VLOOKUP(A3,import!A:P,16,0) -> Geleneksel | R3: TRUE | S3: FALSE | T3: Tadilat Var | W3: Tadilat varmış önümüzdeki hafta bitecekmiş tadilatı | AA3: Görüşüldü | AB3: 44606 | AK3: Enes Günal
A4: 600bdf5fd6c5917679df8e5e | B4: 6Nova Aperatif (İstiklal Mah.) | C4: =VLOOKUP(A4,import!A:C,3,0) -> DOĞRU | D4: Tost & Sandviç | E4: =VLOOKUP(A4,import!A:AA,5,0) -> 563 | F4: =VLOOKUP(A4,import!A:AA,6,0) | G4: =VLOOKUP(A4,import!A:AA,7,0) -> 12 | H4: =VLOOKUP(A4,import!A:AA,8,0) -> 15 | I4: =VLOOKUP(A4,import!A:AA,9,0) -> 27 | J4: =VLOOKUP(A4,import!A:AA,10,0) -> 0.44 | K4: SERAP AKAGÜNDÜZ | L4: 5436606666 | M4: Serdivan | N4: İstiklal | O4: Muhsin Yazıcıoğlu Blv., No:69, Serdivan, Sakarya, Türkiye, | P4: =VLOOKUP(A4,import!A:P,16,0) -> Geleneksel | R4: TRUE | S4: FALSE | T4: Randevu Alındı | U4: Ezgi Turan | V4: Zeynep Yazıcı | W4: no67 çekimler yapılmış tüm ürünlerin sadece gönderilen fotoğrafların düzenlenmesi gerekiyormuş | X4: 44299 | Y4: 44300 | AA4: Görüşüldü | AB4: 44363 | AK4: Tutku Erdoğan | AP4: Simge Demiray
A5: 621e1757fc019f60a9fc1be2 | B5: 7/24 Çorbacı (Şirinevler Mah.) | C5: =VLOOKUP(A5,import!A:C,3,0) -> DOĞRU | D5: Sokak Lezzetleri | E5: =VLOOKUP(A5,import!A:AA,5,0) -> 46 | F5: =VLOOKUP(A5,import!A:AA,6,0) -> 20 | G5: =VLOOKUP(A5,import!A:AA,7,0) -> 0 | H5: =VLOOKUP(A5,import!A:AA,8,0) -> 20 | I5: =VLOOKUP(A5,import!A:AA,9,0) -> 20 | J5: =VLOOKUP(A5,import!A:AA,10,0) -> 0 | K5: REŞAT ULUSİNAN | L5: 5493773444 | M5: Adapazarı | N5: Şirinevler | O5: Adnan Menderes Cad., No:194, Adapazarı, Sakarya, Türkiye, | P5: =VLOOKUP(A5,import!A:P,16,0) -> Geleneksel | R5: FALSE | S5: FALSE
A6: 606da86221d646e339348c59 | B6: Ada Börek & Çiğ Köfte, Erenler (Dilmen Mah. | C6: =VLOOKUP(A6,import!A:C,3,0) -> YANLIŞ | D6: Börek | E6: =VLOOKUP(A6,import!A:AA,5,0) -> 44 | F6: =VLOOKUP(A6,import!A:AA,6,0) | G6: =VLOOKUP(A6,import!A:AA,7,0) -> 7 | H6: =VLOOKUP(A6,import!A:AA,8,0) -> 11 | I6: =VLOOKUP(A6,import!A:AA,9,0) -> 18 | J6: =VLOOKUP(A6,import!A:AA,10,0) -> 0.39 | K6: Recep Rençber | L6: 5428330750 | M6: Erenler | N6: Dilmen | O6: Dilmen Mah Sakarbaba Cad., No:93, Erenler, Sakarya, Türkiye, | P6: =VLOOKUP(A6,import!A:P,16,0) -> Geleneksel | R6: TRUE | S6: FALSE | T6: Randevu Alındı | U6: Eda Cıbır | V6: Zeynep Yazıcı | W6: teyit için ulaşılamadı | X6: 44314 | Y6: 44315 | AP6: Simge Demiray
A7: 6258563e70d10b86e62acdff | B7: Ada Çiğ Köfte (Bağlar Mah.) | C7: =VLOOKUP(A7,import!A:C,3,0) -> DOĞRU | D7: Çiğ Köfte | E7: =VLOOKUP(A7,import!A:AA,5,0) | F7: =VLOOKUP(A7,import!A:AA,6,0) | G7: =VLOOKUP(A7,import!A:AA,7,0) -> 0 | H7: =VLOOKUP(A7,import!A:AA,8,0) -> 4 | I7: =VLOOKUP(A7,import!A:AA,9,0) -> 4 | J7: =VLOOKUP(A7,import!A:AA,10,0) -> 0 | K7: SEMA KAHRAMAN | L7: 5417338374 | M7: Erenler | N7: Bağlar | O7: Bağlar Mah., Yıldız Tepe Cad., Erenler, Sakarya, Türkiye, | P7: =VLOOKUP(A7,import!A:P,16,0) -> Geleneksel | R7: FALSE | S7: FALSE
A8: 6256bda8f82cc64423844ed8 | B8: Ada Döner (Cumhuriyet Mah.) | C8: =VLOOKUP(A8,import!A:C,3,0) -> DOĞRU | D8: Döner | E8: =VLOOKUP(A8,import!A:AA,5,0) | F8: =VLOOKUP(A8,import!A:AA,6,0) | G8: =VLOOKUP(A8,import!A:AA,7,0) -> 0 | H8: =VLOOKUP(A8,import!A:AA,8,0) -> 20 | I8: =VLOOKUP(A8,import!A:AA,9,0) -> 20 | J8: =VLOOKUP(A8,import!A:AA,10,0) -> 0 | K8: BAHADDİN YILDIZ | L8: 5354313106 | M8: Adapazarı | N8: Semerciler | O8: Semerciler Mah., Saraçlar Sok., No:52, Adapazarı, Sakarya, Türkiye, | P8: =VLOOKUP(A8,import!A:P,16,0) -> Geleneksel | R8: FALSE | S8: FALSE
A9: 6012d02582ce14688957e9aa | B9: Ada Dönercim | C9: =VLOOKUP(A9,import!A:C,3,0) -> DOĞRU | D9: Döner | E9: =VLOOKUP(A9,import!A:AA,5,0) -> 3106 | F9: =VLOOKUP(A9,import!A:AA,6,0) -> 104 | G9: =VLOOKUP(A9,import!A:AA,7,0) -> 12 | H9: =VLOOKUP(A9,import!A:AA,8,0) -> 9 | I9: =VLOOKUP(A9,import!A:AA,9,0) -> 21 | J9: =VLOOKUP(A9,import!A:AA,10,0) -> 0.57 | K9: Çetin Ayaz | L9: 5338174818 | M9: Adapazarı | N9: Yenidoğan | O9: Yenidoğan Mah. Saray Bosna Cad. No:50/B Adapazarı, Sakarya | P9: =VLOOKUP(A9,import!A:P,16,0) -> Geleneksel | R9: TRUE | S9: FALSE | T9: Randevu Alındı | U9: Ezgi Turan | V9: Zeynep Yazıcı | W9: Çekim gerçeklemiş eksik ürün yok. | X9: 44363 | Y9: 44368 | AP9: Simge Demiray
A10: 60103af58ee57e1999402aa0 | B10: Ada Kabak(Orta Mah.) | C10: =VLOOKUP(A10,import!A:C,3,0) -> DOĞRU | D10: Kebap | E10: =VLOOKUP(A10,import!A:AA,5,0) -> 30 | F10: =VLOOKUP(A10,import!A:AA,6,0) | G10: =VLOOKUP(A10,import!A:AA,7,0) -> 10 | H10: =VLOOKUP(A10,import!A:AA,8,0) -> 10 | I10: =VLOOKUP(A10,import!A:AA,9,0) -> 20 | J10: =VLOOKUP(A10,import!A:AA,10,0) -> 0.5 | K10: Süleyman Çubukçuoğlu | L10: 5425839950 | M10: Adapazarı | N10: Orta | O10: Orta Mah., Çeşme Meydanı Cad., No:66, Adapazarı, Sakarya, Türkiye, | P10: =VLOOKUP(A10,import!A:P,16,0) -> Geleneksel | R10: TRUE | S10: FALSE | T10: Randevu Alındı | U10: Ezgi Turan | V10: Zeynep Yazıcı | W10: DEVAM ÇEKİMİ | X10: 44340 | Y10: 44340 | AP10: Simge Demiray
A11: 601fabc09f03555ba9b64ec1 | B11: Ada Lezzet Kampüs Dürüm, Serdivan (Kemalpaşa Mah.) | C11: =VLOOKUP(A11,import!A:C,3,0) -> YANLIŞ | D11: Döner | E11: =VLOOKUP(A11,import!A:AA,5,0) -> 366 | F11: =VLOOKUP(A11,import!A:AA,6,0) | G11: =VLOOKUP(A11,import!A:AA,7,0) -> 0 | H11: =VLOOKUP(A11,import!A:AA,8,0) -> 24 | I11: =VLOOKUP(A11,import!A:AA,9,0) -> 24 | J11: =VLOOKUP(A11,import!A:AA,10,0) -> 0 | K11: Samir Allahverdiyev | L11: 5525305454 | M11: Serdivan | N11: Kemalpaşa | O11: Kemalpaşa Mah., Üniversite Cad., No:50, Serdivan, Sakarya, Türkiye, | P11: =VLOOKUP(A11,import!A:P,16,0) -> Geleneksel | R11: TRUE | S11: FALSE | T11: Ulaşılamadı | W11: Telefonu Kapalı. | AA11: Ulaşılamadı | AB11: 44350 | AC11: Ulaşılamadı | AD11: 44351 | AE11: Ulaşılamadı | AF11: 44358 | AG11: Ulaşılamadı | AH11: 44368 | AI11: Ulaşılamadı | AJ11: 44405 | AK11: Ecem Ünal | AL11: Gül Değirmenci | AM11: Tutku Erdoğan | AN11: Nazlıcan Dinçer | AO11: Nazlıcan Dinçer | AP11: Simge Demiray
A12: 607e8d16191de0cbdba20784 | B12: Ada Midye Gurme Lezzetleri & Çiğ Köfte (Arabacıalanı Mah.) | C12: =VLOOKUP(A12,import!A:C,3,0) -> YANLIŞ | D12: Sokak Lezzetleri | E12: =VLOOKUP(A12,import!A:AA,5,0) -> 21 | F12: =VLOOKUP(A12,import!A:AA,6,0) | G12: =VLOOKUP(A12,import!A:AA,7,0) -> 0 | H12: =VLOOKUP(A12,import!A:AA,8,0) -> 6 | I12: =VLOOKUP(A12,import!A:AA,9,0) -> 6 | J12: =VLOOKUP(A12,import!A:AA,10,0) -> 0 | K12: Emir Ali Çakıcı | L12: 5528283210 | M12: Serdivan | N12: Arabacıalanı | O12: Arabacıalanı Mah., Şehit Kemal Durak Sok., No:33, Serdivan, Sakarya, Türkiye, | P12: =VLOOKUP(A12,import!A:P,16,0) -> Geleneksel | R12: TRUE | S12: FALSE | T12: Sistemden Çıkmak İstiyor | AP12: Simge Demiray
A13: 607e8d23d415f0b185ad3f9e | B13: Ada Midye Gurme Lezzetleri & Çiğ Köfte (Yeni Mah.) | C13: =VLOOKUP(A13,import!A:C,3,0) -> DOĞRU | D13: Sokak Lezzetleri | E13: =VLOOKUP(A13,import!A:AA,5,0) -> 14 | F13: =VLOOKUP(A13,import!A:AA,6,0) | G13: =VLOOKUP(A13,import!A:AA,7,0) -> 0 | H13: =VLOOKUP(A13,import!A:AA,8,0) -> 5 | I13: =VLOOKUP(A13,import!A:AA,9,0) -> 5 | J13: =VLOOKUP(A13,import!A:AA,10,0) -> 0 | K13: Emir Ali Çakıcı | L13: 5528283210 | M13: Serdivan | N13: Arabacıalanı | O13: Arabacıalanı Mah., Eski Kazımpaşa Cad., No:203A , Serdivan, Sakarya, Türkiye, | P13: =VLOOKUP(A13,import!A:P,16,0) -> Geleneksel | R13: TRUE | S13: FALSE | T13: Sistemden Çıkmak İstiyor | W13: TEYİD İÇİN ARANDI AÇMADI | AP13: Simge Demiray
A14: 6242db2d195cc73670471f53 | B14: Ada Pizza Pide & Lahmacun (32 Evler Mah.) | C14: =VLOOKUP(A14,import!A:C,3,0) -> DOĞRU | D14: Pizza | E14: =VLOOKUP(A14,import!A:AA,5,0) | F14: =VLOOKUP(A14,import!A:AA,6,0) | G14: =VLOOKUP(A14,import!A:AA,7,0) -> 0 | H14: =VLOOKUP(A14,import!A:AA,8,0) -> 14 | I14: =VLOOKUP(A14,import!A:AA,9,0) -> 14 | J14: =VLOOKUP(A14,import!A:AA,10,0) -> 0 | K14: CELAL UÇAR | L14: 2642756060 | M14: Serdivan | N14: Otuziki Evler | O14: Otuziki Evler Mah., Genç Sok., No:1, Serdivan, Sakarya, Türkiye, | P14: =VLOOKUP(A14,import!A:P,16,0) -> Geleneksel | R14: FALSE | S14: FALSE
A15: 60be00983632e31216528579 | B15: Ada Roma Dondurmaları 2 (Sakarya Cad.) | C15: =VLOOKUP(A15,import!A:C,3,0) -> YANLIŞ | D15: Dondurma | E15: =VLOOKUP(A15,import!A:AA,5,0) -> 1 | F15: =VLOOKUP(A15,import!A:AA,6,0) | G15: =VLOOKUP(A15,import!A:AA,7,0) -> 8 | H15: =VLOOKUP(A15,import!A:AA,8,0) -> 10 | I15: =VLOOKUP(A15,import!A:AA,9,0) -> 18 | J15: =VLOOKUP(A15,import!A:AA,10,0) -> 0.44 | K15: Eşref YÜZKOLLAR | L15: 5543149053 | M15: Adapazarı | N15: Sakarya | O15: Sakarya Cad., No:15, Erenler, Sakarya, Türkiye, | P15: =VLOOKUP(A15,import!A:P,16,0) -> Geleneksel | R15: TRUE | S15: FALSE | T15: Randevu Alındı | U15: Ecem Ünal | V15: Zeynep Yazıcı | X15: 44362 | Y15: 44364 | AA15: Görüşüldü | AB15: 44362 | AK15: Ecem Ünal | AP15: Simge Demiray
A16: 604ba358f1352d123849b7ea | B16: Ada Şark Pide & Lahmacun, Adapazarı (Yenigün Mah.) | C16: =VLOOKUP(A16,import!A:C,3,0) -> YANLIŞ | D16: Pide | E16: =VLOOKUP(A16,import!A:AA,5,0) -> 6 | F16: =VLOOKUP(A16,import!A:AA,6,0) | G16: =VLOOKUP(A16,import!A:AA,7,0) -> 0 | H16: =VLOOKUP(A16,import!A:AA,8,0) -> 8 | I16: =VLOOKUP(A16,import!A:AA,9,0) -> 8 | J16: =VLOOKUP(A16,import!A:AA,10,0) -> 0 | K16: Abdurrahman Alptekin | L16: 5342256045 | M16: Adapazarı | N16: Yenigün | O16: Yenigün Mah. Yeğenler Cad., No:128, Adapazarı, Sakarya, Türkiye, | P16: =VLOOKUP(A16,import!A:P,16,0) -> Geleneksel | R16: TRUE | S16: FALSE | T16: Personel Eksik | W16: paket elemanı yokmuş o yuzden istememişler. ileride düşünürsem dönerim dedi ikna edilebilir faydalardan bahsedildi.-Aradık fakat telefonu kapalıydı. | AA16: Görüşüldü | AB16: 44356 | AC16: Görüşüldü | AD16: 44363 | AE16: Ulaşılamadı | AG16: Ulaşılamadı | AH16: 44405 | AK16: Nazlıcan Dinçer | AL16: Selcan Topçu | AM16: Ezgi Turan | AN16: Nazlıcan Dinçer | AP16: Simge Demiray
A17: 6120f882a03cfb2f8e335a64 | B17: Ada Şelale, Serdivan (Kemalpaşa Mah.) | C17: =VLOOKUP(A17,import!A:C,3,0) -> DOĞRU | D17: Tavuk | E17: =VLOOKUP(A17,import!A:AA,5,0) -> 10650 | F17: =VLOOKUP(A17,import!A:AA,6,0) -> 419 | G17: =VLOOKUP(A17,import!A:AA,7,0) -> 3 | H17: =VLOOKUP(A17,import!A:AA,8,0) -> 22 | I17: =VLOOKUP(A17,import!A:AA,9,0) -> 25 | J17: =VLOOKUP(A17,import!A:AA,10,0) -> 0.12 | K17: Adaer Ticaret Nakl. İnş. Hayv. Ltd. Şti | L17: 5388201124 | M17: Serdivan | N17: Kemalpaşa | O17: kemalpaşa mah üniversite cad no 82 | P17: =VLOOKUP(A17,import!A:P,16,0) -> Geleneksel | R17: TRUE | S17: FALSE | T17: Ulaşılamadı | W17: açmadı | AA17: Ulaşılamadı | AB17: 44606 | AK17: Enes Günal | AP17: Simge Demiray
A18: 6009e79e9873d870b68c9b84 | B18: Ada Tantuni (Yalı Mah.) | C18: =VLOOKUP(A18,import!A:C,3,0) -> DOĞRU | D18: Sokak Lezzetleri | E18: =VLOOKUP(A18,import!A:AA,5,0) -> 565 | F18: =VLOOKUP(A18,import!A:AA,6,0) | G18: =VLOOKUP(A18,import!A:AA,7,0) -> 1 | H18: =VLOOKUP(A18,import!A:AA,8,0) -> 18 | I18: =VLOOKUP(A18,import!A:AA,9,0) -> 19 | J18: =VLOOKUP(A18,import!A:AA,10,0) -> 0.05 | K18: Fatih Recep Parmaksız | L18: 5434705404 | M18: Karasu | N18: Yalı | O18: Yalı Mah Plaj Cad. No :119/B | P18: =VLOOKUP(A18,import!A:P,16,0) -> Geleneksel | R18: FALSE | S18: FALSE | AK18: Ezgi Turan | AP18: Simge Demiray
A19: 603dfbbcb3d2c3527538f8a3 | B19: Ada Yakamoz Tantuni, Serdivan (Kemalpaşa Mah.) | C19: =VLOOKUP(A19,import!A:C,3,0) -> DOĞRU | D19: Sokak Lezzetleri | E19: =VLOOKUP(A19,import!A:AA,5,0) -> 2916 | F19: =VLOOKUP(A19,import!A:AA,6,0) -> 315 | G19: =VLOOKUP(A19,import!A:AA,7,0) -> 14 | H19: =VLOOKUP(A19,import!A:AA,8,0) -> 25 | I19: =VLOOKUP(A19,import!A:AA,9,0) -> 39 | J19: =VLOOKUP(A19,import!A:AA,10,0) -> 0.36 | K19: Ömer Faruk Tağma | L19: 2645024549 | M19: Serdivan | N19: Kemalpaşa | O19: Kemalpaşa Mah., Üniversite Cad., No:39, Serdivan, Sakarya, Türkiye, | P19: =VLOOKUP(A19,import!A:P,16,0) -> Geleneksel | R19: TRUE | S19: FALSE | T19: Randevu Alındı | U19: Tuğba Buyur | V19: Burak Kavakçı | W19: 5395537433 devam çekimine gerek yok sadece içeçekler kaldı dedi | X19: 44285 | Y19: 44288 | AA19: Görüşüldü | AB19: 44351 | AK19: Gül Değirmenci | AP19: Simge Demiray
A20: 606c41fcab152dcb37346d42 | B20: Ada Zurna Hatay Usulü Dürüm, Serdivan (Kemalpaşa Mah.) | C20: =VLOOKUP(A20,import!A:C,3,0) -> DOĞRU | D20: Döner | E20: =VLOOKUP(A20,import!A:AA,5,0) -> 637 | F20: =VLOOKUP(A20,import!A:AA,6,0) -> 237 | G20: =VLOOKUP(A20,import!A:AA,7,0) -> 0 | H20: =VLOOKUP(A20,import!A:AA,8,0) -> 40 | I20: =VLOOKUP(A20,import!A:AA,9,0) -> 40 | J20: =VLOOKUP(A20,import!A:AA,10,0) -> 0 | K20: Behice DEMİRKOL | L20: 5312105658 | M20: Serdivan | N20: Kemalpaşa | O20: Kemalpaşa mah.universite cad.kartepe şok no 29 daire 1 | P20: =VLOOKUP(A20,import!A:P,16,0) -> Geleneksel | R20: TRUE | S20: FALSE | T20: Başka Şubeden Çekilecek | W20: sistem de sorun var fotoğraf çekimi istiyor.-10 Dakika sonra ulaşım sağlanabilirmiş./başka bi şubesi daha varmış oraya çekim yapılmış | AA20: Dönüş Yapacak | AB20: 44384 | AC20: Ulaşılamadı | AD20: 44389 | AE20: Ulaşılamadı | AF20: 44404 | AG20: Tekrar Aranacak | AH20: 44405 | AK20: Ezgi Turan | AL20: Ezgi Turan | AM20: Ayşegül Dulkadir | AN20: Nazlıcan Dinçer | AP20: Simge Demiray
A21: 6200ecd836d5485e3ab0fd69 | B21: Adabahçem Dondurma & Kahvaltı (Arabacıalanı Mah.) | C21: =VLOOKUP(A21,import!A:C,3,0) -> DOĞRU | D21: Kahvaltı | E21: =VLOOKUP(A21,import!A:AA,5,0) -> 383 | F21: =VLOOKUP(A21,import!A:AA,6,0) -> 132 | G21: =VLOOKUP(A21,import!A:AA,7,0) -> 52 | H21: =VLOOKUP(A21,import!A:AA,8,0) -> 18 | I21: =VLOOKUP(A21,import!A:AA,9,0) -> 70 | J21: =VLOOKUP(A21,import!A:AA,10,0) -> 0.74 | K21: FAHRİYE DURĞAN | L21: 5323403401 | M21: Serdivan | N21: Arabacıalanı | O21: Şehit Mehmet Karabaşoğlu Cad., No:76, Serdivan, Sakarya, Türkiye, | P21: =VLOOKUP(A21,import!A:P,16,0) -> Geleneksel | R21: TRUE | S21: FALSE | T21: Randevu Alındı | U21: Zeliha Özer | V21: Aleyna Küççük | X21: 44608 | Y21: 44609 | AA21: Görüşüldü | AB21: 44608 | AK21: Zeliha Özer
A22: 6018f365aa213ab3f0e42016 | B22: Adakule Restaurant, Adapazarı (Maltepe Mah.) | C22: =VLOOKUP(A22,import!A:C,3,0) -> DOĞRU | D22: Burger | E22: =VLOOKUP(A22,import!A:AA,5,0) -> 2504 | F22: =VLOOKUP(A22,import!A:AA,6,0) -> 29 | G22: =VLOOKUP(A22,import!A:AA,7,0) -> 4 | H22: =VLOOKUP(A22,import!A:AA,8,0) -> 25 | I22: =VLOOKUP(A22,import!A:AA,9,0) -> 29 | J22: =VLOOKUP(A22,import!A:AA,10,0) -> 0.14 | K22: Mesut Timar | L22: 5324095676 | M22: Adapazarı | N22: Maltepe | O22: Maltepe Mah., Maltepe Cad., No:67, Adapazarı, Sakarya, Türkiye, | P22: =VLOOKUP(A22,import!A:P,16,0) -> Geleneksel | R22: TRUE | S22: FALSE | T22: Dönüş Yapacak | W22: aramayın düşünmüyor/şuan düşünmüyormuş/bizim aramamızı istemedi düşünürse kendisi dönecek | AA22: Görüşüldü | AB22: 44356 | AC22: Görüşüldü | AD22: 44363 | AE22: Görüşüldü | AF22: 44371 | AG22: Görüşüldü | AH22: 44371 | AI22: Görüşüldü | AJ22: 44390 | AK22: Nazlıcan Dinçer | AL22: Tutku Erdoğan | AM22: Ecem Ünal | AN22: Ezgi Turan | AO22: Derya Tatlı | AP22: Simge Demiray
A23: 60966a31822d878c7c5a0630 | B23: Adana Kebapçısı Suphi Usta, Adapazarı (Korucuk Mah.) | C23: =VLOOKUP(A23,import!A:C,3,0) -> DOĞRU | D23: Kebap | E23: =VLOOKUP(A23,import!A:AA,5,0) -> 799 | F23: =VLOOKUP(A23,import!A:AA,6,0) | G23: =VLOOKUP(A23,import!A:AA,7,0) -> 0 | H23: =VLOOKUP(A23,import!A:AA,8,0) -> 35 | I23: =VLOOKUP(A23,import!A:AA,9,0) -> 35 | J23: =VLOOKUP(A23,import!A:AA,10,0) -> 0 | K23: Suphi Şahin | L23: 5464985001 | M23: Adapazarı | N23: Korucuk | O23: Korucuk Mah. Keremçoskun Cad. Tunahan Sitesi 2 No : 1 Korucuk / Sakarya | P23: =VLOOKUP(A23,import!A:P,16,0) -> Geleneksel | R23: TRUE | S23: TRUE | W23: Bayramdan sonra maile gönderecekler | AA23: Ulaşılamadı | AB23: 44379 | AC23: Ulaşılamadı | AD23: 44384 | AE23: Görüşüldü | AF23: 44390 | AK23: Gül Değirmenci | AL23: Ezgi Turan | AM23: Ayşegül Dulkadir | AP23: Simge Demiray
A24: 606b2e7b2b4d0ee5dd1bac90 | B24: Adanalı Halil Usta, Adapazarı (Korucuk Mah.) | C24: =VLOOKUP(A24,import!A:C,3,0) -> DOĞRU | D24: Pide | E24: =VLOOKUP(A24,import!A:AA,5,0) -> 2182 | F24: =VLOOKUP(A24,import!A:AA,6,0) -> 47 | G24: =VLOOKUP(A24,import!A:AA,7,0) -> 0 | H24: =VLOOKUP(A24,import!A:AA,8,0) -> 31 | I24: =VLOOKUP(A24,import!A:AA,9,0) -> 31 | J24: =VLOOKUP(A24,import!A:AA,10,0) -> 0 | K24: Ayten Kalay | L24: 5325100864 | M24: Adapazarı | N24: Korucuk | O24: Korucuk Mah., Vakıf Cad., No:14/1A, Adapazarı, Sakarya, Türkiye, | P24: =VLOOKUP(A24,import!A:P,16,0) -> Geleneksel | R24: TRUE | S24: FALSE | T24: Çekim İstemiyor | W24: halil bey ile görüşüldü problemleri çöcülünce aranacak . kızgındı ama biraz yumuşak konuşunca onay verıyor.-Problemle ilgilenildi saha temsilcisi dönüş sağlayacakmış çok sonra aranabilir./fotoğraftan önce başka sıkıntılarımız var çekim istmeiyorum dedi | AA24: Görüşüldü | AB24: 44365 | AC24: Yetkili Yok | AD24: 44371 | AE24: Tekrar Aranacak | AF24: 44389 | AG24: Görüşüldü | AH24: 44609 | AK24: Nurhayat Kabataş | AL24: Ezgi Turan | AM24: Ezgi Turan | AN24: Ayşegül Kır | AP24: Simge Demiray
A25: 60cdeaaf8d492c7994e5f54a | B25: Adanalı Mustafa’nın Yeri, Karasu (Yalı Mah.) | C25: =VLOOKUP(A25,import!A:C,3,0) -> DOĞRU | D25: Lahmacun | E25: =VLOOKUP(A25,import!A:AA,5,0) -> 308 | F25: =VLOOKUP(A25,import!A:AA,6,0) | G25: =VLOOKUP(A25,import!A:AA,7,0) -> 0 | H25: =VLOOKUP(A25,import!A:AA,8,0) -> 45 | I25: =VLOOKUP(A25,import!A:AA,9,0) -> 45 | J25: =VLOOKUP(A25,import!A:AA,10,0) -> 0 | K25: MUSTAFA KUYBULU | L25: 5344117719 | M25: Karasu | N25: İncilli | O25: YALI MAH. PLAJ CAD. NO: 132 İÇ KAPI NO: 3 KARASU/SAKARYA | P25: =VLOOKUP(A25,import!A:P,16,0) -> Geleneksel | R25: FALSE | S25: FALSE | AP25: Simge Demiray
A26: 609664778bff0b36506686aa | B26: Addmore, Serdivan (Arabacı Alanı Mah.) | C26: =VLOOKUP(A26,import!A:C,3,0) -> DOĞRU | D26: Pizza | E26: =VLOOKUP(A26,import!A:AA,5,0) -> 577 | F26: =VLOOKUP(A26,import!A:AA,6,0) -> 44 | G26: =VLOOKUP(A26,import!A:AA,7,0) -> 0 | H26: =VLOOKUP(A26,import!A:AA,8,0) -> 61 | I26: =VLOOKUP(A26,import!A:AA,9,0) -> 61 | J26: =VLOOKUP(A26,import!A:AA,10,0) -> 0 | K26: ÖZERLER SÜT ÜRÜNLERİVE MARKETÇİLİK A.Ş. | L26: 5428270692 | M26: Serdivan | N26: Arabacıalanı | O26: Arabacıalanı, Mehmet Akif Ersoy Cd. No:8/2, 54050 Serdivan/Sakarya | P26: =VLOOKUP(A26,import!A:P,16,0) -> Geleneksel | R26: TRUE | S26: FALSE | T26: İleride Randevu Alınacak | U26: Ezgi Turan | V26: Zeynep Yazıcı | W26: YETKİLİ İZİNLİ YARIN GÖRÜŞME SAĞLANABİLİR YETKİLİ KİŞİ EMRE BEY 09.00 DAN SONRA ARANABİLİR. | X26: 44348 | Y26: 44349 | AA26: Görüşüldü | AB26: 44349 | AC26: Görüşüldü | AD26: 44384 | AK26: Selcan Topçu | AL26: Ezgi Turan | AP26: Simge Demiray
A27: 6092a0af42ff6acb5dc7089f | B27: Addmore, Serdivan (Semerciler Mah.) | C27: =VLOOKUP(A27,import!A:C,3,0) -> DOĞRU | D27: Pizza | E27: =VLOOKUP(A27,import!A:AA,5,0) -> 168 | F27: =VLOOKUP(A27,import!A:AA,6,0) -> 10 | G27: =VLOOKUP(A27,import!A:AA,7,0) -> 18 | H27: =VLOOKUP(A27,import!A:AA,8,0) -> 44 | I27: =VLOOKUP(A27,import!A:AA,9,0) -> 62 | J27: =VLOOKUP(A27,import!A:AA,10,0) -> 0.29 | K27: ÖZERLER SÜT ÜRÜNLERİVE MARKETÇİLİK A.Ş. | L27: 5428270692 | M27: Adapazarı | N27: Semerciler | O27: semerciler mah çark cad. | P27: =VLOOKUP(A27,import!A:P,16,0) -> Geleneksel | R27: TRUE | S27: FALSE | T27: Randevu Alındı | U27: Ezgi Turan | V27: Zeynep Yazıcı | W27: getir yemekten çıkıtğını randevu alınıp gelinmediğini söyledi/ teyit için arandı ulaşılamadı | X27: 44344 | Y27: 44349 | AA27: Görüşüldü | AB27: 44384 | AC27: Görüşüldü | AD27: 44404 | AK27: Ezgi Turan | AL27: Ezgi Turan | AP27: Simge Demiray
A28: 62584721a7b30e48310d27aa | B28: Adıyaman Çiğ Köftecisi (Erenler Mah.) | C28: =VLOOKUP(A28,import!A:C,3,0) -> DOĞRU | D28: Çiğ Köfte | E28: =VLOOKUP(A28,import!A:AA,5,0) | F28: =VLOOKUP(A28,import!A:AA,6,0) | G28: =VLOOKUP(A28,import!A:AA,7,0) -> 0 | H28: =VLOOKUP(A28,import!A:AA,8,0) -> 31 | I28: =VLOOKUP(A28,import!A:AA,9,0) -> 31 | J28: =VLOOKUP(A28,import!A:AA,10,0) -> 0 | K28: ÇAĞLA KISA | L28: 5424601841 | M28: Erenler | N28: Erenler | O28: Erenler Mah., Erenler Cad., No:13, Erenler, Sakarya, Türkiye, | P28: =VLOOKUP(A28,import!A:P,16,0) -> Geleneksel | R28: FALSE | S28: FALSE
A29: 60caf19b2b6d293799cb3bdd | B29: Adıyamanlı Çiğ Köfteci Ali Baba (Tığçılar Mah.) | C29: =VLOOKUP(A29,import!A:C,3,0) -> DOĞRU | D29: Çiğ Köfte | E29: =VLOOKUP(A29,import!A:AA,5,0) | F29: =VLOOKUP(A29,import!A:AA,6,0) | G29: =VLOOKUP(A29,import!A:AA,7,0) -> 0 | H29: =VLOOKUP(A29,import!A:AA,8,0) -> 13 | I29: =VLOOKUP(A29,import!A:AA,9,0) -> 13 | J29: =VLOOKUP(A29,import!A:AA,10,0) -> 0 | K29: MEHMET DEMİREL | L29: 5322824382 | M29: Adapazarı | N29: Tığcılar | O29: Tığcılar Mah Kesci sok 93/a | P29: =VLOOKUP(A29,import!A:P,16,0) -> Geleneksel | R29: TRUE | S29: FALSE | T29: Ulaşılamadı | AA29: Ulaşılamadı | AB29: 44389 | AC29: Ulaşılamadı | AD29: 44404 | AK29: Nazlıcan Dinçer | AL29: Ezgi Turan | AP29: Simge Demiray
A30: 606ef87f20d6a1581ae6fec0 | B30: Ahsen Pastaneleri (Semerciler Mah.) | C30: =VLOOKUP(A30,import!A:C,3,0) -> DOĞRU | D30: Pasta & Tatlı | E30: =VLOOKUP(A30,import!A:AA,5,0) -> 565 | F30: =VLOOKUP(A30,import!A:AA,6,0) -> 12 | G30: =VLOOKUP(A30,import!A:AA,7,0) -> 27 | H30: =VLOOKUP(A30,import!A:AA,8,0) -> 11 | I30: =VLOOKUP(A30,import!A:AA,9,0) -> 38 | J30: =VLOOKUP(A30,import!A:AA,10,0) -> 0.71 | K30: Huriye Çakır | L30: 5315130658 | M30: Adapazarı | N30: Semerciler | O30: Semerciler mah Atatürk blv. Pasaj 2000 NO :2 M ADAPAZARI /SAKARYA | P30: =VLOOKUP(A30,import!A:P,16,0) -> Geleneksel | R30: TRUE | S30: FALSE | T30: Randevu Alındı | U30: Gül Değirmenci | V30: Zeynep Yazıcı | W30: devam çekimi randevusu alındı. | X30: 44368 | Y30: 44371 | AA30: Görüşüldü | AB30: 44368 | AK30: Gül Değirmenci | AP30: Simge Demiray
A31: 622afb1ded7bafd0212078c9 | B31: Akdeniz Tantuni (İstiklal Mah.) | C31: =VLOOKUP(A31,import!A:C,3,0) -> DOĞRU | D31: Sokak Lezzetleri | E31: =VLOOKUP(A31,import!A:AA,5,0) -> 49 | F31: =VLOOKUP(A31,import!A:AA,6,0) -> 32 | G31: =VLOOKUP(A31,import!A:AA,7,0) -> 0 | H31: =VLOOKUP(A31,import!A:AA,8,0) -> 11 | I31: =VLOOKUP(A31,import!A:AA,9,0) -> 11 | J31: =VLOOKUP(A31,import!A:AA,10,0) -> 0 | K31: ELİF OKAY | L31: 5302006954 | M31: Serdivan | N31: İstiklal | O31: Bağlar Cad., No:43, Serdivan, Sakarya, Türkiye, | P31: =VLOOKUP(A31,import!A:P,16,0) -> Geleneksel | R31: FALSE | S31: FALSE
A32: 60ce01f675a6b8c0c6b423bd | B32: Al Götür Express, Adapazarı (Semerciler Mah. - Çark Cad.) | C32: =VLOOKUP(A32,import!A:C,3,0) -> YANLIŞ | D32: Kahve | E32: =VLOOKUP(A32,import!A:AA,5,0) | F32: =VLOOKUP(A32,import!A:AA,6,0) | G32: =VLOOKUP(A32,import!A:AA,7,0) -> 0 | H32: =VLOOKUP(A32,import!A:AA,8,0) -> 27 | I32: =VLOOKUP(A32,import!A:AA,9,0) -> 27 | J32: =VLOOKUP(A32,import!A:AA,10,0) -> 0 | K32: OĞUZHAN KARAHAN | L32: 5061060077 | M32: Adapazarı | N32: Semerciler | O32: Semerciler Mah., Gökçe Sok., No:8, Adapazarı, Sakarya, Türkiye, | P32: =VLOOKUP(A32,import!A:P,16,0) -> Geleneksel | R32: TRUE | S32: TRUE | AA32: Görüşüldü | AB32: 44379 | AC32: Görüşüldü | AD32: 44392 | AE32: Tekrar Aranacak | AF32: 44405 | AK32: Derya Tatlı | AL32: Tutku Erdoğan | AM32: Ayşegül Dulkadir | AP32: Simge Demiray
A33: 620534d7fa2e86bbb73f1f8e | B33: Alâ Balık & Meze (Rüstempaşa Mah.) | C33: =VLOOKUP(A33,import!A:C,3,0) -> DOĞRU | D33: Deniz Ürünleri | E33: =VLOOKUP(A33,import!A:AA,5,0) -> 8 | F33: =VLOOKUP(A33,import!A:AA,6,0) | G33: =VLOOKUP(A33,import!A:AA,7,0) -> 0 | H33: =VLOOKUP(A33,import!A:AA,8,0) -> 11 | I33: =VLOOKUP(A33,import!A:AA,9,0) -> 11 | J33: =VLOOKUP(A33,import!A:AA,10,0) -> 0 | K33: ADNAN ALEM | L33: 5382918185 | M33: Sapanca | N33: Rüstempaşa | O33: Rüstempaşa Mah., Kuvayi Milliye Cad., Sapanca, Sakarya, Türkiye, | P33: =VLOOKUP(A33,import!A:P,16,0) -> Geleneksel | R33: FALSE | S33: FALSE
A34: 6204fe776c82f695a93d97c8 | B34: Alaçatı Kumru & Burger (Kırkpınar Hasanpaşa Mah.) | C34: =VLOOKUP(A34,import!A:C,3,0) -> DOĞRU | D34: Burger | E34: =VLOOKUP(A34,import!A:AA,5,0) | F34: =VLOOKUP(A34,import!A:AA,6,0) | G34: =VLOOKUP(A34,import!A:AA,7,0) -> 0 | H34: =VLOOKUP(A34,import!A:AA,8,0) -> 62 | I34: =VLOOKUP(A34,import!A:AA,9,0) -> 62 | J34: =VLOOKUP(A34,import!A:AA,10,0) -> 0 | K34: ZERRİN KIZILDEMİR | L34: 5491323535 | M34: Sapanca | N34: Kırkpınar Hasanpaşa | O34: Şehit Cevdet Koç Cad., Sapanca, Sakarya, Türkiye, | P34: =VLOOKUP(A34,import!A:P,16,0) -> Geleneksel | R34: FALSE | S34: FALSE
A35: 61211a91542a0d2769c0c5ef | B35: Alo Acıktııık, Adapazarı (Şeker Mah.) | C35: =VLOOKUP(A35,import!A:C,3,0) -> DOĞRU | D35: Sokak Lezzetleri | E35: =VLOOKUP(A35,import!A:AA,5,0) -> 7 | F35: =VLOOKUP(A35,import!A:AA,6,0) | G35: =VLOOKUP(A35,import!A:AA,7,0) -> 0 | H35: =VLOOKUP(A35,import!A:AA,8,0) -> 40 | I35: =VLOOKUP(A35,import!A:AA,9,0) -> 40 | J35: =VLOOKUP(A35,import!A:AA,10,0) -> 0 | K35: Yakup Kırca | L35: 5050346475 | M35: Adapazarı | N35: Kurtuluş | O35: Kurtuluş Mah., Bahçıvan Sok., No:46, Adapazarı, Sakarya, Türkiye, | P35: =VLOOKUP(A35,import!A:P,16,0) -> Geleneksel | R35: TRUE | S35: FALSE | T35: Ulaşılamadı | W35: Numara kullanılmıyor ve internette hep aynı numara var | AA35: Ulaşılamadı | AB35: 44607 | AK35: Enes Günal | AP35: Simge Demiray
A36: 6041eb9617e4246bab0c1602 | B36: Alo Balık (15 Temmuz Camili Mah.) | C36: =VLOOKUP(A36,import!A:C,3,0) -> DOĞRU | D36: Balık & Deniz Ürünleri | E36: =VLOOKUP(A36,import!A:AA,5,0) -> 201 | F36: =VLOOKUP(A36,import!A:AA,6,0) | G36: =VLOOKUP(A36,import!A:AA,7,0) -> 0 | H36: =VLOOKUP(A36,import!A:AA,8,0) -> 4 | I36: =VLOOKUP(A36,import!A:AA,9,0) -> 4 | J36: =VLOOKUP(A36,import!A:AA,10,0) -> 0 | K36: Erdinç Tekinoğlu | L36: 5326009910 | M36: Adapazarı | N36: 15 Temmuz Camili | O36: 15 temmuz camili mah 1634 küme evleri 338 nolu sarı iş merkezi No .z22 | P36: =VLOOKUP(A36,import!A:P,16,0) -> Geleneksel | R36: TRUE | S36: FALSE | T36: İleride Randevu Alınacak | W36: dükkan kapalı daha sonra arayın /şuan sezon bitmiş eylülde başlaaycak eğer devam edilirse aranacak eğer devam edilmezse kendi çekip göndericek | AA36: Görüşüldü | AC36: Görüşüldü | AD36: 44404 | AP36: Simge Demiray
A37: 6040aa583f01ac8eb783a324 | B37: Alo Sokak Başı, Serdivan (İstiklal Mah.) | C37: =VLOOKUP(A37,import!A:C,3,0) -> DOĞRU | D37: Ev Yemekleri | E37: =VLOOKUP(A37,import!A:AA,5,0) -> 34 | F37: =VLOOKUP(A37,import!A:AA,6,0) | G37: =VLOOKUP(A37,import!A:AA,7,0) -> 0 | H37: =VLOOKUP(A37,import!A:AA,8,0) -> 23 | I37: =VLOOKUP(A37,import!A:AA,9,0) -> 23 | J37: =VLOOKUP(A37,import!A:AA,10,0) -> 0 | K37: Havva KOTAN | L37: 5161669161 | M37: Serdivan | N37: İstiklal | O37: İstiklal Mah., Çelebi Sok., No:1, Serdivan, Sakarya, Türkiye, | P37: =VLOOKUP(A37,import!A:P,16,0) -> Geleneksel | R37: TRUE | S37: FALSE | T37: İleride Randevu Alınacak | W37: Eşim ve ben şeker hastasıyız herkesi alamıyoruz bu yüzden daha ileri tarihlerde ded/tadılatimız olucak baya ılerde olabılır ama sımdı olmaz dedı /şeker hastasıymış kendisini çokiyi koruyormuş yani riske gşrmek istemiyor pandemi süresincede istemez | AA37: Görüşüldü | AB37: 44358 | AC37: Görüşüldü | AD37: 44376 | AE37: Görüşüldü | AF37: 44405 | AK37: Tutku Erdoğan | AL37: Ezgi Turan | AM37: Derya Tatlı | AP37: Simge Demiray
A38: 60cde8b8acb711e901cc8436 | B38: Altınova Çiğ Köfte (İstiklal Mah.) | C38: =VLOOKUP(A38,import!A:C,3,0) -> DOĞRU | D38: Çiğ Köfte | E38: =VLOOKUP(A38,import!A:AA,5,0) -> 121 | F38: =VLOOKUP(A38,import!A:AA,6,0) | G38: =VLOOKUP(A38,import!A:AA,7,0) -> 5 | H38: =VLOOKUP(A38,import!A:AA,8,0) -> 2 | I38: =VLOOKUP(A38,import!A:AA,9,0) -> 7 | J38: =VLOOKUP(A38,import!A:AA,10,0) -> 0.71 | K38: Hasan BağcıatalHasan Bağcıatal | L38: 5424542934 | M38: Serdivan | N38: İstiklal | O38: istiklal mah muhsin yazıcıoğlu bulv no 55 | P38: =VLOOKUP(A38,import!A:P,16,0) -> Geleneksel | R38: TRUE | S38: FALSE | T38: Randevu Alındı | U38: Zeliha Özer | X38: 44608 | Y38: 44609 | AA38: Görüşüldü | AB38: 44608 | AK38: Zeliha Özer | AP38: Simge Demiray
A39: 62557e2ea7b76af6d41683af | B39: Alzide Kebap (Kemaliye Mah.) | C39: =VLOOKUP(A39,import!A:C,3,0) -> DOĞRU | D39: Kebap | E39: =VLOOKUP(A39,import!A:AA,5,0) | F39: =VLOOKUP(A39,import!A:AA,6,0) | G39: =VLOOKUP(A39,import!A:AA,7,0) -> 0 | H39: =VLOOKUP(A39,import!A:AA,8,0) -> 39 | I39: =VLOOKUP(A39,import!A:AA,9,0) -> 39 | J39: =VLOOKUP(A39,import!A:AA,10,0) -> 0 | K39: GÜLPERİ DEMİR | L39: 5317865383 | M39: Hendek | N39: Başpınar | O39: Başpınar Mah., Profesör Doktor Ayhan Kızıl Cad., No:36, Hendek, Sakarya, Türkiye, | P39: =VLOOKUP(A39,import!A:P,16,0) -> Geleneksel | R39: FALSE | S39: FALSE
A40: 617fb5fc4b1a05116240999d | B40: Antep Hacıoğlu Baklava | C40: =VLOOKUP(A40,import!A:C,3,0) -> DOĞRU | D40: Pasta & Tatlı | E40: =VLOOKUP(A40,import!A:AA,5,0) -> 932 | F40: =VLOOKUP(A40,import!A:AA,6,0) -> 68 | G40: =VLOOKUP(A40,import!A:AA,7,0) -> 4 | H40: =VLOOKUP(A40,import!A:AA,8,0) -> 6 | I40: =VLOOKUP(A40,import!A:AA,9,0) -> 10 | J40: =VLOOKUP(A40,import!A:AA,10,0) -> 0.4 | K40: ŞABAN ALIÇ | L40: 5075015557 | M40: Serdivan | N40: Köprübaşı | O40: Süleyman Binek Cad., No:49, Serdivan, Sakarya, Türkiye, | P40: =VLOOKUP(A40,import!A:P,16,0) -> Geleneksel | R40: TRUE | S40: FALSE | T40: Randevu Alındı | U40: Ferhat Köksal | V40: Aleyna Küççük | X40: 44610 | Y40: 44613 | AA40: Görüşüldü | AB40: 44610 | AK40: Ferhat Köksal | AP40: Simge Demiray
A41: 620f5178533cc839ec856ed3 | B41: Antepli Hünkar Künefe, Adapazarı (Yenicami Mah.) | C41: =VLOOKUP(A41,import!A:C,3,0) -> DOĞRU | D41: Pasta & Tatlı | E41: =VLOOKUP(A41,import!A:AA,5,0) -> 12 | F41: =VLOOKUP(A41,import!A:AA,6,0) -> 5 | G41: =VLOOKUP(A41,import!A:AA,7,0) -> 0 | H41: =VLOOKUP(A41,import!A:AA,8,0) -> 43 | I41: =VLOOKUP(A41,import!A:AA,9,0) -> 43 | J41: =VLOOKUP(A41,import!A:AA,10,0) -> 0 | K41: İBRAHİM HALİL SEVİLMİŞ | L41: 2642735859 | M41: Adapazarı | N41: Papuççular | O41: Adnan Menderes Cad., No:3, Adapazarı, Sakarya, Türkiye, | P41: =VLOOKUP(A41,import!A:P,16,0) -> Geleneksel | R41: TRUE | S41: FALSE | T41: Başka Şubeden Çekilecek | W41: Mustafa Bey/İstanbulda şubeleri var ordaki fotoğraflar yüklenecek. | AA41: Görüşüldü | AB41: 44621 | AK41: Ayşegül Kır
A42: 6241bd7a4502426ce060c4fe | B42: Ardiye (İstiklal Mah.) | C42: =VLOOKUP(A42,import!A:C,3,0) -> DOĞRU | D42: Tavuk | E42: =VLOOKUP(A42,import!A:AA,5,0) -> 4 | F42: =VLOOKUP(A42,import!A:AA,6,0) | G42: =VLOOKUP(A42,import!A:AA,7,0) -> 0 | H42: =VLOOKUP(A42,import!A:AA,8,0) -> 55 | I42: =VLOOKUP(A42,import!A:AA,9,0) -> 55 | J42: =VLOOKUP(A42,import!A:AA,10,0) -> 0 | K42: ESRA YETİM | L42: 2643331233 | M42: Serdivan | N42: Bahçelievler | O42: Muhsin Yazıcıoğlu Blv., No:41, Serdivan, Sakarya, Türkiye, | P42: =VLOOKUP(A42,import!A:P,16,0) -> Geleneksel | R42: FALSE | S42: FALSE
A43: 6072b7ee1514ab3dfb9a4f5e | B43: Arsamiea Çiğ Köfte, Karasu (Yalı Mah.) | C43: =VLOOKUP(A43,import!A:C,3,0) -> DOĞRU | D43: Çiğ Köfte | E43: =VLOOKUP(A43,import!A:AA,5,0) -> 621 | F43: =VLOOKUP(A43,import!A:AA,6,0) | G43: =VLOOKUP(A43,import!A:AA,7,0) -> 7 | H43: =VLOOKUP(A43,import!A:AA,8,0) -> 5 | I43: =VLOOKUP(A43,import!A:AA,9,0) -> 12 | J43: =VLOOKUP(A43,import!A:AA,10,0) -> 0.58 | K43: Eda Kavala | L43: 5326782084 | M43: Karasu | N43: Yalı | O43: Doğu Karadeniz Cad., No:120 A, Karasu, Sakarya, Türkiye, | P43: =VLOOKUP(A43,import!A:P,16,0) -> Geleneksel | R43: TRUE | S43: FALSE | T43: Ulaşılamadı | W43: kalan ürünleri için arandı açmadı | AA43: Ulaşılamadı | AB43: 44379 | AK43: Derya Tatlı | AP43: Simge Demiray
A44: 600bcb9416bdc85f89405c65 | B44: Arsemia Çiğ Köfte (Camicedit. Mah.) | C44: =VLOOKUP(A44,import!A:C,3,0) -> DOĞRU | D44: Çiğ Köfte | E44: =VLOOKUP(A44,import!A:AA,5,0) -> 249 | F44: =VLOOKUP(A44,import!A:AA,6,0) -> 5 | G44: =VLOOKUP(A44,import!A:AA,7,0) -> 6 | H44: =VLOOKUP(A44,import!A:AA,8,0) -> 7 | I44: =VLOOKUP(A44,import!A:AA,9,0) -> 13 | J44: =VLOOKUP(A44,import!A:AA,10,0) -> 0.46 | K44: YASEMİN ERSOY | L44: 5532943089 | M44: Sapanca | N44: Camicedit | O44: Camicedit mahallesi Paşa sok no.8 iç kapı no. B sapanca/Sakarya | P44: =VLOOKUP(A44,import!A:P,16,0) -> Geleneksel | R44: TRUE | S44: FALSE | T44: Franchise | AP44: Simge Demiray
A45: 6256bf8ba7b30e1662d178c6 | B45: Atak Közde Kokoreç (Kemalpaşa Mah.) | C45: =VLOOKUP(A45,import!A:C,3,0) -> DOĞRU | D45: Sokak Lezzetleri | E45: =VLOOKUP(A45,import!A:AA,5,0) | F45: =VLOOKUP(A45,import!A:AA,6,0) | G45: =VLOOKUP(A45,import!A:AA,7,0) -> 0 | H45: =VLOOKUP(A45,import!A:AA,8,0) -> 15 | I45: =VLOOKUP(A45,import!A:AA,9,0) -> 15 | J45: =VLOOKUP(A45,import!A:AA,10,0) -> 0 | K45: İBRAHİM KARADİRİM | L45: 5300230654 | M45: Serdivan | N45: Esentepe | O45: Kemalpaşa Mah., Dağköy Sok., Serdivan, Sakarya, Türkiye, | P45: =VLOOKUP(A45,import!A:P,16,0) -> Geleneksel | R45: FALSE | S45: FALSE
A46: 6019016ff55f40f8e2cac47e | B46: Atalay, Adapazarı (Cumhuriyet Mah.) | C46: =VLOOKUP(A46,import!A:C,3,0) -> DOĞRU | D46: Kebap | E46: =VLOOKUP(A46,import!A:AA,5,0) -> 260 | F46: =VLOOKUP(A46,import!A:AA,6,0) -> 7 | G46: =VLOOKUP(A46,import!A:AA,7,0) -> 16 | H46: =VLOOKUP(A46,import!A:AA,8,0) -> 23 | I46: =VLOOKUP(A46,import!A:AA,9,0) -> 39 | J46: =VLOOKUP(A46,import!A:AA,10,0) -> 0.41 | K46: Özkul Kutluata | L46: 5322454924 | M46: Adapazarı | N46: Cumhuriyet | O46: Cumhuriyet Mah., Adapazarı, Sakarya, Türkiye, | P46: =VLOOKUP(A46,import!A:P,16,0) -> Geleneksel | R46: TRUE | S46: FALSE | T46: Randevu Alındı | U46: Derya Tatlı | V46: Zeynep Yazıcı | W46: DEVAM ÇEKİMİ İSTİYOR.. | X46: 44379 | Y46: 44382 | AA46: Ulaşılamadı | AB46: 44350 | AC46: Ulaşılamadı | AD46: 44356 | AE46: Ulaşılamadı | AF46: 44358 | AG46: Ulaşılamadı | AH46: 44363 | AI46: Görüşüldü | AJ46: 44379 | AK46: Ecem Ünal | AL46: Nazlıcan Dinçer | AM46: Nazlıcan Dinçer | AN46: Tutku Erdoğan | AO46: Derya Tatlı | AP46: Simge Demiray
A47: 6220d0e4eed71f44b98547de | B47: Atlas Çorba Döner Izgara ( Kemalpaşa Mah.) | C47: =VLOOKUP(A47,import!A:C,3,0) -> DOĞRU | D47: Döner | E47: =VLOOKUP(A47,import!A:AA,5,0) -> 1 | F47: =VLOOKUP(A47,import!A:AA,6,0) | G47: =VLOOKUP(A47,import!A:AA,7,0) -> 0 | H47: =VLOOKUP(A47,import!A:AA,8,0) -> 14 | I47: =VLOOKUP(A47,import!A:AA,9,0) -> 14 | J47: =VLOOKUP(A47,import!A:AA,10,0) -> 0 | K47: KEREM YÜKSEL | L47: 5331378554 | M47: Serdivan | N47: Esentepe | O47: Kemalpaşa Mah., Belediye Cad., No:79, Serdivan, Sakarya, Türkiye, | P47: =VLOOKUP(A47,import!A:P,16,0) -> Geleneksel | R47: FALSE | S47: FALSE
A48: 600d2b9165caa79a1d3ee43b | B48: Atmaca Izgara (Tekeler Mah.) | C48: =VLOOKUP(A48,import!A:C,3,0) -> DOĞRU | D48: Tavuk | E48: =VLOOKUP(A48,import!A:AA,5,0) -> 258 | F48: =VLOOKUP(A48,import!A:AA,6,0) -> 4 | G48: =VLOOKUP(A48,import!A:AA,7,0) -> 6 | H48: =VLOOKUP(A48,import!A:AA,8,0) -> 12 | I48: =VLOOKUP(A48,import!A:AA,9,0) -> 18 | J48: =VLOOKUP(A48,import!A:AA,10,0) -> 0.33 | K48: Muhammet Tayyip Atmaca | L48: 2642784441 | M48: Adapazarı | N48: Tekeler | O48: Karasu Cad., No:144, Adapazarı, Sakarya, Türkiye, | P48: =VLOOKUP(A48,import!A:P,16,0) -> Geleneksel | R48: TRUE | S48: FALSE | T48: Randevu Alındı | U48: Nazlıcan Dinçer | V48: Zeynep Yazıcı | X48: 44379 | Y48: 44382 | AA48: Görüşüldü | AB48: 44379 | AK48: Nazlıcan Dinçer | AP48: Simge Demiray
A49: 621c7111c17685c92d65ff4b | B49: Aware Burger ( Kemalpaşa Mah.) | C49: =VLOOKUP(A49,import!A:C,3,0) -> DOĞRU | D49: Burger | E49: =VLOOKUP(A49,import!A:AA,5,0) | F49: =VLOOKUP(A49,import!A:AA,6,0) | G49: =VLOOKUP(A49,import!A:AA,7,0) -> 0 | H49: =VLOOKUP(A49,import!A:AA,8,0) -> 31 | I49: =VLOOKUP(A49,import!A:AA,9,0) -> 31 | J49: =VLOOKUP(A49,import!A:AA,10,0) -> 0 | K49: SAMET ŞENLEN | L49: 5451665454 | M49: Serdivan | N49: Esentepe | O49: Kemalpaşa Mah., Yavuz Sok., Serdivan, Sakarya, Türkiye, | P49: =VLOOKUP(A49,import!A:P,16,0) -> Geleneksel | R49: FALSE | S49: FALSE
A50: 60409e4bdc8b325656c3c30d | B50: Ay Dons Döner, Erenler (Erenler Mah.) | C50: =VLOOKUP(A50,import!A:C,3,0) -> DOĞRU | D50: Döner | E50: =VLOOKUP(A50,import!A:AA,5,0) -> 906 | F50: =VLOOKUP(A50,import!A:AA,6,0) | G50: =VLOOKUP(A50,import!A:AA,7,0) -> 8 | H50: =VLOOKUP(A50,import!A:AA,8,0) -> 5 | I50: =VLOOKUP(A50,import!A:AA,9,0) -> 13 | J50: =VLOOKUP(A50,import!A:AA,10,0) -> 0.62 | K50: Yunus Kara | L50: 5537510354 | M50: Erenler | N50: Erenler | O50: Erenler Mah., Erenler Cad., No:8, Erenler, Sakarya, Türkiye, | P50: =VLOOKUP(A50,import!A:P,16,0) -> Geleneksel | R50: TRUE | S50: FALSE | T50: Randevu Alındı | U50: Mertcan | V50: Zeynep Yazıcı | W50: çekim yapan kişiden hiç memnun değilmiş fotoğrafçımız değişirse dç düşünebilirmiş | X50: 44293 | Y50: 44294 | AP50: Simge Demiray
A51: 620b5fd231d0237ba5ca12f4 | B51: Ayaküstü Lezzet (Kemalpaşa Mah.) | C51: =VLOOKUP(A51,import!A:C,3,0) -> DOĞRU | D51: Tost & Sandviç | E51: =VLOOKUP(A51,import!A:AA,5,0) -> 249 | F51: =VLOOKUP(A51,import!A:AA,6,0) -> 2 | G51: =VLOOKUP(A51,import!A:AA,7,0) -> 0 | H51: =VLOOKUP(A51,import!A:AA,8,0) -> 6 | I51: =VLOOKUP(A51,import!A:AA,9,0) -> 6 | J51: =VLOOKUP(A51,import!A:AA,10,0) -> 0 | K51: SÜLEYMAN FIRAT | L51: 5387168726 | M51: Serdivan | N51: Esentepe | O51: Kemalpaşa Mah., Soğuksu Sok., No:8, Serdivan, Sakarya, Türkiye, | P51: =VLOOKUP(A51,import!A:P,16,0) -> Geleneksel | R51: TRUE | S51: FALSE | T51: İleride Randevu Alınacak | U51: Zeliha Özer | V51: Aleyna Küççük | X51: 44621 | Y51: 44622 | AA51: Görüşüldü | AB51: 44621 | AK51: Zeliha Özer
A52: 60210a96bd45894c82a12c0f | B52: Aydın Pide & Kebap, Karasu (Yalı Mah.) | C52: =VLOOKUP(A52,import!A:C,3,0) -> DOĞRU | D52: Kebap | E52: =VLOOKUP(A52,import!A:AA,5,0) -> 999 | F52: =VLOOKUP(A52,import!A:AA,6,0) -> 22 | G52: =VLOOKUP(A52,import!A:AA,7,0) -> 3 | H52: =VLOOKUP(A52,import!A:AA,8,0) -> 16 | I52: =VLOOKUP(A52,import!A:AA,9,0) -> 19 | J52: =VLOOKUP(A52,import!A:AA,10,0) -> 0.16 | K52: Mehmet Aydın | L52: 5418954334 | M52: Karasu | N52: Aziziye | O52: Doğu Karadeniz Cad., No:1 A, Karasu, Sakarya, Türkiye, | P52: =VLOOKUP(A52,import!A:P,16,0) -> Geleneksel | R52: FALSE | S52: FALSE | AP52: Simge Demiray
A53: 60a661ef82ef2a375134e870 | B53: Aydoğdu Aperatif, Adapazarı (Güllük Mah.) | C53: =VLOOKUP(A53,import!A:C,3,0) -> YANLIŞ | D53: Tost & Sandviç | E53: =VLOOKUP(A53,import!A:AA,5,0) -> 42 | F53: =VLOOKUP(A53,import!A:AA,6,0) | G53: =VLOOKUP(A53,import!A:AA,7,0) -> 8 | H53: =VLOOKUP(A53,import!A:AA,8,0) -> 16 | I53: =VLOOKUP(A53,import!A:AA,9,0) -> 24 | J53: =VLOOKUP(A53,import!A:AA,10,0) -> 0.33 | K53: SERDAR AYDOĞDUOĞLU | L53: 5309116493 | M53: Adapazarı | N53: Şirinevler | O53: ŞİRİNEVLER MAH. ADNAN MENDERES CAD. NO: 230 A | P53: =VLOOKUP(A53,import!A:P,16,0) -> Geleneksel | R53: TRUE | S53: FALSE | T53: Randevu Alındı | U53: Ezgi Turan | V53: Zeynep Yazıcı | W53: radyo pub alt katında orman bölge müd karşısı | X53: 44342 | Y53: 44343 | AP53: Simge Demiray
A54: 622b4f143f98e02883f45b07 | B54: Baba Oğul Izgara (Mithatpaşa Mah.) | C54: =VLOOKUP(A54,import!A:C,3,0) -> DOĞRU | D54: Sokak Lezzetleri | E54: =VLOOKUP(A54,import!A:AA,5,0) -> 121 | F54: =VLOOKUP(A54,import!A:AA,6,0) -> 2 | G54: =VLOOKUP(A54,import!A:AA,7,0) -> 0 | H54: =VLOOKUP(A54,import!A:AA,8,0) -> 97 | I54: =VLOOKUP(A54,import!A:AA,9,0) -> 97 | J54: =VLOOKUP(A54,import!A:AA,10,0) -> 0 | K54: SEZAİ YILDIZ | L54: 5445479454 | M54: Adapazarı | N54: Güllük | O54: Adnan Menderes Cad., No:148, Adapazarı, Sakarya, Türkiye, | P54: =VLOOKUP(A54,import!A:P,16,0) -> Geleneksel | R54: FALSE | S54: FALSE
A55: 621493d41f690c6fe2e6288a | B55: Babacan Çiğ Köfte ( Papuçcular Mah.) | C55: =VLOOKUP(A55,import!A:C,3,0) -> DOĞRU | D55: Çiğ Köfte | E55: =VLOOKUP(A55,import!A:AA,5,0) -> 1 | F55: =VLOOKUP(A55,import!A:AA,6,0) | G55: =VLOOKUP(A55,import!A:AA,7,0) -> 0 | H55: =VLOOKUP(A55,import!A:AA,8,0) -> 14 | I55: =VLOOKUP(A55,import!A:AA,9,0) -> 14 | J55: =VLOOKUP(A55,import!A:AA,10,0) -> 0 | K55: SEDA CAN | L55: 5395657582 | M55: Adapazarı | N55: Papuççular | O55: Papuççular Mah., Adapazarı, Sakarya, Türkiye, | P55: =VLOOKUP(A55,import!A:P,16,0) -> Geleneksel | R55: FALSE | S55: FALSE
A56: 606ae897c2388a88dcae657a | B56: Bahçem Cafee, Adapazarı (15 Temmuz Camili Mah.) | C56: =VLOOKUP(A56,import!A:C,3,0) -> DOĞRU | D56: Burger | E56: =VLOOKUP(A56,import!A:AA,5,0) -> 141 | F56: =VLOOKUP(A56,import!A:AA,6,0) | G56: =VLOOKUP(A56,import!A:AA,7,0) -> 12 | H56: =VLOOKUP(A56,import!A:AA,8,0) -> 16 | I56: =VLOOKUP(A56,import!A:AA,9,0) -> 28 | J56: =VLOOKUP(A56,import!A:AA,10,0) -> 0.43 | K56: İrfan Güler | L56: 5414401090 | M56: Adapazarı | N56: 15 Temmuz Camili | O56: 15 Temmuz Camili Mah. Üniversite cAD no :4 , Adapazarı, Sakarya, Türkiye, | P56: =VLOOKUP(A56,import!A:P,16,0) -> Geleneksel | R56: TRUE | S56: FALSE | T56: Randevu Alındı | U56: Nurhayat Kabataş | V56: Zeynep Yazıcı | W56: meşgul | X56: 44365 | Y56: 44370 | AA56: Ulaşılamadı | AB56: 44350 | AC56: Görüşüldü | AD56: 44365 | AK56: Ecem Ünal | AL56: Nurhayat Kabataş | AP56: Simge Demiray
A57: 608828b5ee9c1fa10ed041df | B57: Baklavacı Özcan Usta, Serdivan (İstiklal Mah.) | C57: =VLOOKUP(A57,import!A:C,3,0) -> DOĞRU | D57: Pasta & Tatlı | E57: =VLOOKUP(A57,import!A:AA,5,0) -> 217 | F57: =VLOOKUP(A57,import!A:AA,6,0) -> 56 | G57: =VLOOKUP(A57,import!A:AA,7,0) -> 0 | H57: =VLOOKUP(A57,import!A:AA,8,0) -> 34 | I57: =VLOOKUP(A57,import!A:AA,9,0) -> 34 | J57: =VLOOKUP(A57,import!A:AA,10,0) -> 0 | K57: Meryem Kocaman | L57: 5444985323 | M57: Serdivan | N57: İstiklal | O57: İstiklal mah Bağlar Cad., No:30, Serdivan, Sakarya, Türkiye, | P57: =VLOOKUP(A57,import!A:P,16,0) -> Geleneksel | R57: TRUE | S57: TRUE | W57: Özcan Bey ayın 5 inden sonra arayın fotom varsa gönderirim yoksa randevulaşırız dedi/TEYIT ICIN ARANDI PZRTESI YOLLUYCGINI SOYLEDI/ tadilata girecegiz işler biraz yogun daha sonra halledelim dediler. | AA57: Görüşüldü | AB57: 44351 | AC57: Görüşüldü | AD57: 44379 | AK57: Selcan Topçu | AL57: Gül Değirmenci | AP57: Simge Demiray
A58: 604522d789a2c538927cca91 | B58: Balkoon Cafe & Restaurant, Hendek (Kemaliye Mah.) | C58: =VLOOKUP(A58,import!A:C,3,0) -> DOĞRU | D58: Burger | E58: =VLOOKUP(A58,import!A:AA,5,0) -> 1084 | F58: =VLOOKUP(A58,import!A:AA,6,0) -> 39 | G58: =VLOOKUP(A58,import!A:AA,7,0) -> 4 | H58: =VLOOKUP(A58,import!A:AA,8,0) -> 54 | I58: =VLOOKUP(A58,import!A:AA,9,0) -> 58 | J58: =VLOOKUP(A58,import!A:AA,10,0) -> 0.07 | K58: Cüneyt Çalışkan | L58: 5550148961 | M58: Hendek | N58: Kemaliye | O58: Kemaliye., 1191. Sok., No:10/1, Hendek, Sakarya, Türkiye, | P58: =VLOOKUP(A58,import!A:P,16,0) -> Geleneksel | R58: TRUE | S58: FALSE | T58: Randevu Alındı | U58: Ferhat Köksal | V58: Aleyna Küççük | W58: elimde çekimler vardı ulaşamadık dediler ama yakın tarihte tekrar cekim yaptıracagım dediler. gönderirim dedi.-05535370047 | X58: 44615 | Y58: 44616 | AA58: Ulaşılamadı | AB58: 44354 | AC58: Ulaşılamadı | AD58: 44368 | AE58: Görüşüldü | AF58: 44379 | AG58: Ulaşılamadı | AH58: 44389 | AI58: Görüşüldü | AJ58: 44615 | AK58: Ezgi Turan | AL58: Nazlıcan Dinçer | AM58: Gül Değirmenci | AN58: Mavi Arslan | AO58: Ferhat Köksal | AP58: Simge Demiray
A59: 6218a9d9bfca551103d35b4c | B59: Başka Biyer ( Kemalpaşa Mah.) | C59: =VLOOKUP(A59,import!A:C,3,0) -> DOĞRU | D59: Sokak Lezzetleri | E59: =VLOOKUP(A59,import!A:AA,5,0) -> 133 | F59: =VLOOKUP(A59,import!A:AA,6,0) | G59: =VLOOKUP(A59,import!A:AA,7,0) -> 0 | H59: =VLOOKUP(A59,import!A:AA,8,0) -> 29 | I59: =VLOOKUP(A59,import!A:AA,9,0) -> 29 | J59: =VLOOKUP(A59,import!A:AA,10,0) -> 0 | K59: VATAN ERMAN | L59: 5417970100 | M59: Serdivan | N59: Kemalpaşa | O59: Kemalpaşa Mah., 162. Sok., Serdivan, Sakarya, Türkiye, | P59: =VLOOKUP(A59,import!A:P,16,0) -> Geleneksel | R59: FALSE | S59: FALSE
A60: 6007d9661b307e7e2f267670 | B60: Bayındır Pide & Lahmacun (Cumhuriyet Mah.) | C60: =VLOOKUP(A60,import!A:C,3,0) -> DOĞRU | D60: Pide | E60: =VLOOKUP(A60,import!A:AA,5,0) -> 1324 | F60: =VLOOKUP(A60,import!A:AA,6,0) -> 9 | G60: =VLOOKUP(A60,import!A:AA,7,0) -> 10 | H60: =VLOOKUP(A60,import!A:AA,8,0) -> 5 | I60: =VLOOKUP(A60,import!A:AA,9,0) -> 15 | J60: =VLOOKUP(A60,import!A:AA,10,0) -> 0.67 | K60: Enver Bayındır | L60: 5321762554 | M60: Adapazarı | N60: Cumhuriyet | O60: Yeğenler Cad., No:4, Adapazarı, Sakarya, Türkiye, | P60: =VLOOKUP(A60,import!A:P,16,0) -> Geleneksel | R60: TRUE | S60: FALSE | T60: Randevu Alındı | U60: Emel Yılmaz | X60: 44295 | Y60: 44298 | AP60: Simge Demiray
A61: 60b0a2396dfd604f2b4c578b | B61: Bey Döner (Orta Mah.) | C61: =VLOOKUP(A61,import!A:C,3,0) -> DOĞRU | D61: Döner | E61: =VLOOKUP(A61,import!A:AA,5,0) -> 128 | F61: =VLOOKUP(A61,import!A:AA,6,0) | G61: =VLOOKUP(A61,import!A:AA,7,0) -> 8 | H61: =VLOOKUP(A61,import!A:AA,8,0) -> 7 | I61: =VLOOKUP(A61,import!A:AA,9,0) -> 15 | J61: =VLOOKUP(A61,import!A:AA,10,0) -> 0.53 | K61: Osman mermer | L61: 5419192026 | M61: Adapazarı | N61: Orta | O61: Orta mAH Soğan Pazarı Cad., No:20, Adapazarı, Sakarya, Türkiye, | P61: =VLOOKUP(A61,import!A:P,16,0) -> Geleneksel | R61: TRUE | S61: FALSE | T61: Randevu Alındı | U61: Nazlıcan Dinçer | V61: Zeynep Yazıcı | X61: 44356 | Y61: 44362 | AA61: Görüşüldü | AB61: 44356 | AK61: Nazlıcan Dinçer | AP61: Simge Demiray
A62: 609674aaaa74f71935f7d745 | B62: Beyaz Işık Pastaneleri (Çukurahmediye Mah.) | C62: =VLOOKUP(A62,import!A:C,3,0) -> YANLIŞ | D62: Pasta & Tatlı | E62: =VLOOKUP(A62,import!A:AA,5,0) -> 1 | F62: =VLOOKUP(A62,import!A:AA,6,0) | G62: =VLOOKUP(A62,import!A:AA,7,0) -> 0 | H62: =VLOOKUP(A62,import!A:AA,8,0) -> 50 | I62: =VLOOKUP(A62,import!A:AA,9,0) -> 50 | J62: =VLOOKUP(A62,import!A:AA,10,0) -> 0 | K62: BEYAZ IŞIK ÇAKIRLAR GIDA VE UNLU MAMULLER SAN VE TİC. LTD. ŞTİ | L62: 5314555888 | M62: Adapazarı | N62: Çukurahmediye | O62: Çukurahmediye mah Sakarya Cad., No:80, Erenler, Sakarya, Türkiye, | P62: =VLOOKUP(A62,import!A:P,16,0) -> Geleneksel | R62: TRUE | S62: FALSE | T62: Başka Şubeden Çekilecek | W62: ulaşılmıyor | AA62: Ulaşılamadı | AB62: 44384 | AK62: Ezgi Turan | AP62: Simge Demiray
A63: 609674b48bff0b7410668749 | B63: Beyaz Işık Pastaneleri (Semerciler Mah. - Bosna Cad.) | C63: =VLOOKUP(A63,import!A:C,3,0) -> YANLIŞ | D63: Pasta & Tatlı | E63: =VLOOKUP(A63,import!A:AA,5,0) -> 2 | F63: =VLOOKUP(A63,import!A:AA,6,0) | G63: =VLOOKUP(A63,import!A:AA,7,0) -> 32 | H63: =VLOOKUP(A63,import!A:AA,8,0) -> 18 | I63: =VLOOKUP(A63,import!A:AA,9,0) -> 50 | J63: =VLOOKUP(A63,import!A:AA,10,0) -> 0.64 | K63: BEYAZ IŞIK ÇAKIRLAR GIDA VE UNLU MAMULLER SAN VE TİC. LTD. ŞTİ | L63: 5314555888 | M63: Adapazarı | N63: Semerciler | O63: Semerciler Saray Bosna Cad., No:26, Adapazarı, Sakarya, Türkiye, | P63: =VLOOKUP(A63,import!A:P,16,0) -> Geleneksel | R63: TRUE | S63: FALSE | T63: Randevu İptal | U63: Tutku Erdoğan | V63: Zeynep Yazıcı | W63: ilerleyen zamanlarde belki olur getir sistemini çok açmıyorum zaten dedi | X63: 44379 | Y63: 44382 | AA63: Görüşüldü | AB63: 44379 | AC63: Görüşüldü | AD63: 44379 | AK63: Derya Tatlı | AL63: Tutku Erdoğan | AM63: Ezgi Turan | AP63: Simge Demiray
A64: 60967429000dc12fefe9d3e0 | B64: Beyaz Işık Pastaneleri (Tığcılar Mah.) | C64: =VLOOKUP(A64,import!A:C,3,0) -> YANLIŞ | D64: Pasta & Tatlı | E64: =VLOOKUP(A64,import!A:AA,5,0) | F64: =VLOOKUP(A64,import!A:AA,6,0) | G64: =VLOOKUP(A64,import!A:AA,7,0) -> 0 | H64: =VLOOKUP(A64,import!A:AA,8,0) -> 50 | I64: =VLOOKUP(A64,import!A:AA,9,0) -> 50 | J64: =VLOOKUP(A64,import!A:AA,10,0) -> 0 | K64: BEYAZ IŞIK ÇAKIRLAR GIDA VE UNLU MAMULLER SAN VE TİC. LTD. ŞTİ | L64: 5314555888 | M64: Adapazarı | N64: Tığcılar | O64: Tığcılar Mah., Kara Osman Sok., No:43, Adapazarı, Sakarya, Türkiye, | P64: =VLOOKUP(A64,import!A:P,16,0) -> Geleneksel | R64: TRUE | S64: FALSE | T64: Başka Şubeden Çekilecek | W64: ulaşılmıyor | AA64: Ulaşılamadı | AB64: 44384 | AK64: Ezgi Turan | AP64: Simge Demiray
A65: 62260e2857fd441f1f19fbfa | B65: Beyti Burger (Arabacıalanı Mah.) | C65: =VLOOKUP(A65,import!A:C,3,0) -> DOĞRU | D65: Burger | E65: =VLOOKUP(A65,import!A:AA,5,0) | F65: =VLOOKUP(A65,import!A:AA,6,0) | G65: =VLOOKUP(A65,import!A:AA,7,0) -> 0 | H65: =VLOOKUP(A65,import!A:AA,8,0) -> 10 | I65: =VLOOKUP(A65,import!A:AA,9,0) -> 10 | J65: =VLOOKUP(A65,import!A:AA,10,0) -> 0 | K65: BURHAN TOKAT | L65: 5413355987 | M65: Serdivan | N65: İstiklal | O65: Arabacıalanı Mah., Şehit Ali Borinli Sok., Serdivan, Sakarya, Türkiye, | P65: =VLOOKUP(A65,import!A:P,16,0) -> Geleneksel | R65: FALSE | S65: FALSE
A66: 6015079067e562c4c8859236 | B66: Beytuş, Adapazarı (Cumhuriyet Mah.) | C66: =VLOOKUP(A66,import!A:C,3,0) -> DOĞRU | D66: Burger | E66: =VLOOKUP(A66,import!A:AA,5,0) -> 32 | F66: =VLOOKUP(A66,import!A:AA,6,0) | G66: =VLOOKUP(A66,import!A:AA,7,0) -> 6 | H66: =VLOOKUP(A66,import!A:AA,8,0) -> 23 | I66: =VLOOKUP(A66,import!A:AA,9,0) -> 29 | J66: =VLOOKUP(A66,import!A:AA,10,0) -> 0.21 | K66: Orçun İbrişim | L66: 5375141441 | M66: Adapazarı | N66: Cumhuriyet | O66: Cumhuriyet Mah., Tül Sok., No:9, Adapazarı, Sakarya, Türkiye, | P66: =VLOOKUP(A66,import!A:P,16,0) -> Geleneksel | R66: TRUE | S66: FALSE | T66: Randevu Alındı | U66: Nurhayat Kabataş | V66: Zeynep Yazıcı | W66: devam çekimi talep etmiyor getir çekim için bir sürü şart koşmuş dedi | X66: 44358 | Y66: 44363 | AA66: Görüşüldü | AB66: 44358 | AC66: Görüşüldü | AD66: 44379 | AK66: Nurhayat Kabataş | AL66: Tutku Erdoğan | AP66: Simge Demiray
A67: 6218b245395f2aa5f80a23dc | B67: Bi Pilav (Kemalpaşa Mah.) | C67: =VLOOKUP(A67,import!A:C,3,0) -> DOĞRU | D67: Sokak Lezzetleri | E67: =VLOOKUP(A67,import!A:AA,5,0) -> 72 | F67: =VLOOKUP(A67,import!A:AA,6,0) | G67: =VLOOKUP(A67,import!A:AA,7,0) -> 0 | H67: =VLOOKUP(A67,import!A:AA,8,0) -> 10 | I67: =VLOOKUP(A67,import!A:AA,9,0) -> 10 | J67: =VLOOKUP(A67,import!A:AA,10,0) -> 0 | K67: VATAN ERMAN | L67: 5417970100 | M67: Serdivan | N67: Kemalpaşa | O67: Kemalpaşa Mah., 162. Sok., Serdivan, Sakarya, Türkiye, | P67: =VLOOKUP(A67,import!A:P,16,0) -> Geleneksel | R67: FALSE | S67: FALSE
A68: 604c895a6b8a4e60df1f11c7 | B68: Bianca Shisha Lounge, Sapanca (Kırkpınar Hasanpaşa Mah.) | C68: =VLOOKUP(A68,import!A:C,3,0) -> YANLIŞ | D68: Tavuk | E68: =VLOOKUP(A68,import!A:AA,5,0) -> 151 | F68: =VLOOKUP(A68,import!A:AA,6,0) | G68: =VLOOKUP(A68,import!A:AA,7,0) -> 33 | H68: =VLOOKUP(A68,import!A:AA,8,0) -> 40 | I68: =VLOOKUP(A68,import!A:AA,9,0) -> 73 | J68: =VLOOKUP(A68,import!A:AA,10,0) -> 0.45 | K68: Kadir Adıyaman | L68: 5452490333 | M68: Sapanca | N68: Kırkpınar Hasanpaşa | O68: Kırkpınar Hasanpaşa Mah., İstasyon Cad., No:30, Sapanca, Sakarya, Türkiye, | P68: =VLOOKUP(A68,import!A:P,16,0) -> Geleneksel | R68: TRUE | S68: FALSE | T68: Randevu Alındı | U68: Eda Cıbır | V68: Zeynep Yazıcı | X68: 44326 | Y68: 44333 | AP68: Simge Demiray
A69: 604333aee26cdb3dcb1e1c88 | B69: Bibercik Çiğ Köfte, Serdivan (Beşköprü Mah.) | C69: =VLOOKUP(A69,import!A:C,3,0) -> DOĞRU | D69: Tost & Sandviç | E69: =VLOOKUP(A69,import!A:AA,5,0) -> 164 | F69: =VLOOKUP(A69,import!A:AA,6,0) -> 2 | G69: =VLOOKUP(A69,import!A:AA,7,0) -> 0 | H69: =VLOOKUP(A69,import!A:AA,8,0) -> 17 | I69: =VLOOKUP(A69,import!A:AA,9,0) -> 17 | J69: =VLOOKUP(A69,import!A:AA,10,0) -> 0 | K69: Nagihan Karagüzel | L69: 5326003283 | M69: Serdivan | N69: Beşköprü | O69: Beşköprü Mah., Şimşek Sok., No:11, Serdivan, Sakarya, Türkiye, | P69: =VLOOKUP(A69,import!A:P,16,0) -> Geleneksel | R69: TRUE | S69: FALSE | T69: İleride Randevu Alınacak | W69: 5 6 ürün çıkarabilirim yazın öğleden sonra olursa diyor | AA69: Ulaşılamadı | AB69: 44351 | AC69: Ulaşılamadı | AD69: 44354 | AE69: Ulaşılamadı | AF69: 44376 | AG69: Ulaşılamadı | AH69: 44391 | AI69: Görüşüldü | AJ69: 44392 | AK69: Gül Değirmenci | AL69: Ezgi Turan | AM69: Ezgi Turan | AN69: Tutku Erdoğan | AO69: Tutku Erdoğan | AP69: Simge Demiray
A70: 606c43c7fbec05d65a17c1ef | B70: Big Köfte, Serdivan (Arabacı Alanı Mah.) | C70: =VLOOKUP(A70,import!A:C,3,0) -> YANLIŞ | D70: Köfte | E70: =VLOOKUP(A70,import!A:AA,5,0) -> 531 | F70: =VLOOKUP(A70,import!A:AA,6,0) | G70: =VLOOKUP(A70,import!A:AA,7,0) -> 0 | H70: =VLOOKUP(A70,import!A:AA,8,0) -> 67 | I70: =VLOOKUP(A70,import!A:AA,9,0) -> 67 | J70: =VLOOKUP(A70,import!A:AA,10,0) -> 0 | K70: Aysun Taşkıngül | L70: 5462609661 | M70: Serdivan | N70: Arabacıalanı | O70: Arabacıalanı Mah. M, Mehmet Akif Ersoy Cd. No:3 | P70: =VLOOKUP(A70,import!A:P,16,0) -> Geleneksel | R70: TRUE | S70: TRUE | W70: göndermiş/MAİL ADRESİ VERİLDİ | Z70: Fotoğraflarım Var | AA70: Görüşüldü | AB70: 44351 | AC70: Tekrar Aranacak | AD70: 44379 | AE70: Görüşüldü | AF70: 44389 | AG70: Görüşüldü | AH70: 44405 | AK70: Selcan Topçu | AL70: Gül Değirmenci | AM70: Mavi Arslan | AN70: Ayşegül Dulkadir | AP70: Simge Demiray
A71: 601b19519b217f6c71b3b86f | B71: Bigg Pizza, Arifiye (Arif Bey Mah.) | C71: =VLOOKUP(A71,import!A:C,3,0) -> DOĞRU | D71: Pizza | E71: =VLOOKUP(A71,import!A:AA,5,0) -> 135 | F71: =VLOOKUP(A71,import!A:AA,6,0) | G71: =VLOOKUP(A71,import!A:AA,7,0) -> 0 | H71: =VLOOKUP(A71,import!A:AA,8,0) -> 43 | I71: =VLOOKUP(A71,import!A:AA,9,0) -> 43 | J71: =VLOOKUP(A71,import!A:AA,10,0) -> 0 | K71: Ömer Faruk VURAL | L71: 5442645484 | M71: Arifiye | N71: Arifbey | O71: Arifbey Mah Şehit gaffar okkan cad. no:7 | P71: =VLOOKUP(A71,import!A:P,16,0) -> Geleneksel | R71: TRUE | S71: FALSE | T71: Franchise | W71: açmadı | AA71: Ulaşılamadı | AB71: 44384 | AK71: Ezgi Turan | AP71: Simge Demiray
A72: 620f9160697228c4d78b665a | B72: Bigye Burger (Arabacıalanı Mah.) | C72: =VLOOKUP(A72,import!A:C,3,0) -> DOĞRU | D72: Burger | E72: =VLOOKUP(A72,import!A:AA,5,0) -> 25 | F72: =VLOOKUP(A72,import!A:AA,6,0) -> 13 | G72: =VLOOKUP(A72,import!A:AA,7,0) -> 0 | H72: =VLOOKUP(A72,import!A:AA,8,0) -> 20 | I72: =VLOOKUP(A72,import!A:AA,9,0) -> 20 | J72: =VLOOKUP(A72,import!A:AA,10,0) -> 0 | K72: HACI KUTU | L72: 5344271117 | M72: Serdivan | N72: Arabacıalanı | O72: Arabacıalanı Mah., Mert Sok., No:25, Serdivan, Sakarya, Türkiye, | P72: =VLOOKUP(A72,import!A:P,16,0) -> Geleneksel | R72: FALSE | S72: FALSE
A73: 600d3e0eb19c482330c2d1aa | B73: Bisiklet Kahvesi (15 Temmuz Camili Mah.) | C73: =VLOOKUP(A73,import!A:C,3,0) -> DOĞRU | D73: Kahve | E73: =VLOOKUP(A73,import!A:AA,5,0) -> 525 | F73: =VLOOKUP(A73,import!A:AA,6,0) -> 9 | G73: =VLOOKUP(A73,import!A:AA,7,0) -> 0 | H73: =VLOOKUP(A73,import!A:AA,8,0) -> 54 | I73: =VLOOKUP(A73,import!A:AA,9,0) -> 54 | J73: =VLOOKUP(A73,import!A:AA,10,0) -> 0 | K73: Fatih Ertuğrul Çolak | L73: 5394254154 | M73: Adapazarı | N73: 15 Temmuz Camili | O73: 15 Temmuz Camili Mah., 221 Nolu Cad., No:3C, Adapazarı, Sakarya, Türkiye, | P73: =VLOOKUP(A73,import!A:P,16,0) -> Geleneksel | R73: TRUE | S73: FALSE | T73: Çekim İstemiyor | W73: randevu iptaldi/eşim hamile her an herşey olabilir dedi ramazandan sonra aranacak//tadilattayyız dedi/ yok şuan hala müsait degilim dedi../ o kadar ürünü çıkarttığımda kim yiyecek dedi | AA73: Tekrar Aranacak | AB73: 44368 | AC73: Görüşüldü | AD73: 44391 | AE73: Ulaşılamadı | AF73: 44404 | AK73: Gül Değirmenci | AL73: Tutku Erdoğan | AM73: Ezgi Turan | AP73: Simge Demiray
A74: 60120c675778c4bfb4c03fcd | B74: Bol Kepçe Tabldot Aperatif (15 Temmuz Camili Mah.) | C74: =VLOOKUP(A74,import!A:C,3,0) -> DOĞRU | D74: Ev Yemekleri | E74: =VLOOKUP(A74,import!A:AA,5,0) -> 367 | F74: =VLOOKUP(A74,import!A:AA,6,0) | G74: =VLOOKUP(A74,import!A:AA,7,0) -> 10 | H74: =VLOOKUP(A74,import!A:AA,8,0) -> 3 | I74: =VLOOKUP(A74,import!A:AA,9,0) -> 13 | J74: =VLOOKUP(A74,import!A:AA,10,0) -> 0.77 | K74: NEDİM SEVİM | L74: 5382733854 | M74: Adapazarı | N74: 15 Temmuz Camili | O74: 15 TEMMUZ CAMİLİ MAH. 1634 KM. EVL. İŞ MERKEZİ 338 BLOK NO: 1 İÇ KAPI NO: Z05 ADAPAZARI/ SAKARYA | P74: =VLOOKUP(A74,import!A:P,16,0) -> Geleneksel | R74: TRUE | S74: FALSE | T74: Randevu Alındı | U74: Ezgi Turan | V74: Zeynep Yazıcı | W74: Mehmet akif ersoy lisesinin karşısındaki sarı iş merkezi/ teyit için arandı yetkili hafta içi olacak o zman arayın dedi | X74: 44308 | Y74: 44312 | AP74: Simge Demiray
A75: 601fb70e450e7fe4d2debab4 | B75: Bolu'lu Kemal Ustanın Yeri, Hendek (Kemaliye Mah.) | C75: =VLOOKUP(A75,import!A:C,3,0) -> DOĞRU | D75: Ev Yemekleri | E75: =VLOOKUP(A75,import!A:AA,5,0) -> 15 | F75: =VLOOKUP(A75,import!A:AA,6,0) | G75: =VLOOKUP(A75,import!A:AA,7,0) -> 0 | H75: =VLOOKUP(A75,import!A:AA,8,0) -> 53 | I75: =VLOOKUP(A75,import!A:AA,9,0) -> 53 | J75: =VLOOKUP(A75,import!A:AA,10,0) -> 0 | K75: Yavuz Coşkun | L75: 5417692345 | M75: Hendek | N75: Nuriye | O75: Atatürk Blv., No:417A, Hendek, Sakarya, Türkiye, | P75: =VLOOKUP(A75,import!A:P,16,0) -> Geleneksel | R75: TRUE | S75: FALSE | T75: Randevu Alındı | U75: Sude Alkan | V75: Aleyna Küççük | W75: diğerlerinin yüklenmesini istiyor | X75: 44603 | Y75: 44606 | AA75: Görüşüldü | AB75: 44354 | AC75: Görüşüldü | AD75: 44603 | AK75: Ezgi Turan | AL75: Sude Alkan | AP75: Simge Demiray
A76: 604bacc5f5f5cecd1aafad43 | B76: Boston Donuts, Sapanca (Kırkpınar Hasanpaşa Mah.) | C76: =VLOOKUP(A76,import!A:C,3,0) -> DOĞRU | D76: Pasta & Tatlı | E76: =VLOOKUP(A76,import!A:AA,5,0) -> 145 | F76: =VLOOKUP(A76,import!A:AA,6,0) -> 4 | G76: =VLOOKUP(A76,import!A:AA,7,0) -> 0 | H76: =VLOOKUP(A76,import!A:AA,8,0) -> 48 | I76: =VLOOKUP(A76,import!A:AA,9,0) -> 48 | J76: =VLOOKUP(A76,import!A:AA,10,0) -> 0 | K76: Zikri Bülbül | L76: 2645922486 | M76: Sapanca | N76: Kırkpınar Hasanpaşa | O76: Kırkpınar hasanpaşa mah. Şehit Cevdet Koç Cad., No:62/A, Sapanca, Sakarya, Türkiye, | P76: =VLOOKUP(A76,import!A:P,16,0) -> Geleneksel | R76: TRUE | S76: FALSE | T76: Franchise | W76: getir yemekle ilgili sorun yaşamışlar avukata vermiş | AA76: Görüşüldü | AB76: 44348 | AC76: Ulaşılamadı | AD76: 44379 | AE76: Görüşüldü | AF76: 44384 | AK76: Gül Değirmenci | AL76: Gül Değirmenci | AM76: Ezgi Turan | AP76: Simge Demiray
A77: 604bac17b01c99a53f116470 | B77: Boston Donuts, Serdivan (İstiklal Mah.) | C77: =VLOOKUP(A77,import!A:C,3,0) -> DOĞRU | D77: Pasta & Tatlı | E77: =VLOOKUP(A77,import!A:AA,5,0) -> 337 | F77: =VLOOKUP(A77,import!A:AA,6,0) -> 74 | G77: =VLOOKUP(A77,import!A:AA,7,0) -> 0 | H77: =VLOOKUP(A77,import!A:AA,8,0) -> 30 | I77: =VLOOKUP(A77,import!A:AA,9,0) -> 30 | J77: =VLOOKUP(A77,import!A:AA,10,0) -> 0 | K77: Zikri Bülbül | L77: 2642111376 | M77: Serdivan | N77: İstiklal | O77: İstiklal Mah. Bağlar Cad., No:42, Serdivan, Sakarya, Türkiye, | P77: =VLOOKUP(A77,import!A:P,16,0) -> Geleneksel | R77: TRUE | S77: FALSE | T77: Franchise | W77: getir yemekle ilgili sorun yaşamışlar avukata vermiş | AA77: Görüşüldü | AB77: 44384 | AK77: Ezgi Turan | AP77: Simge Demiray
A78: 608a5d6ad69d4536a9530dbb | B78: Brain Storm (Cumhuriyet Mah.) | C78: =VLOOKUP(A78,import!A:C,3,0) -> DOĞRU | D78: Sokak Lezzetleri | E78: =VLOOKUP(A78,import!A:AA,5,0) | F78: =VLOOKUP(A78,import!A:AA,6,0) | G78: =VLOOKUP(A78,import!A:AA,7,0) -> 0 | H78: =VLOOKUP(A78,import!A:AA,8,0) -> 9 | I78: =VLOOKUP(A78,import!A:AA,9,0) -> 9 | J78: =VLOOKUP(A78,import!A:AA,10,0) -> 0 | K78: Burak can Çakıroğlu | L78: 5327282826 | M78: Adapazarı | N78: Cumhuriyet | O78: cumhuriyet mah şal sok no 38 | P78: =VLOOKUP(A78,import!A:P,16,0) -> Geleneksel | R78: TRUE | S78: FALSE | T78: Sistemden Çıkmak İstiyor | W78: getiryemketen çıkmak istiyorum silin lütfen dedi | AA78: Tekrar Aranacak | AB78: 44368 | AC78: Ulaşılamadı | AD78: 44379 | AE78: Görüşüldü | AF78: 44389 | AK78: Gül Değirmenci | AL78: Gül Değirmenci | AM78: Mavi Arslan | AP78: Simge Demiray
A79: 622b24b6dc761d544b3b1ffe | B79: Breadli Serdivan (Kemalpaşa Mah.) | C79: =VLOOKUP(A79,import!A:C,3,0) -> DOĞRU | D79: Burger | E79: =VLOOKUP(A79,import!A:AA,5,0) -> 69 | F79: =VLOOKUP(A79,import!A:AA,6,0) -> 42 | G79: =VLOOKUP(A79,import!A:AA,7,0) -> 0 | H79: =VLOOKUP(A79,import!A:AA,8,0) -> 187 | I79: =VLOOKUP(A79,import!A:AA,9,0) -> 187 | J79: =VLOOKUP(A79,import!A:AA,10,0) -> 0 | K79: SELDA AY | L79: 2642732354 | M79: Serdivan | N79: Kemalpaşa | O79: Kemalpaşa Mah., Üniversite Cad., No:39, Serdivan, Sakarya, Türkiye, | P79: =VLOOKUP(A79,import!A:P,16,0) -> Geleneksel | R79: FALSE | S79: FALSE
A80: 600fbd32cf43c1885dbce17f | B80: Buhara İskender (Semerciler Mah.- Çark cad.) | C80: =VLOOKUP(A80,import!A:C,3,0) -> DOĞRU | D80: Döner | E80: =VLOOKUP(A80,import!A:AA,5,0) -> 3785 | F80: =VLOOKUP(A80,import!A:AA,6,0) -> 81 | G80: =VLOOKUP(A80,import!A:AA,7,0) -> 19 | H80: =VLOOKUP(A80,import!A:AA,8,0) -> 14 | I80: =VLOOKUP(A80,import!A:AA,9,0) -> 33 | J80: =VLOOKUP(A80,import!A:AA,10,0) -> 0.58 | K80: Recep Has | L80: 2642733141 | M80: Adapazarı | N80: Semerciler | O80: Çark Cad., No:9, Sakarya, Türkiye, | P80: =VLOOKUP(A80,import!A:P,16,0) -> Geleneksel | R80: TRUE | S80: FALSE | T80: Randevu Alındı | U80: Ecem Ünal | V80: Zeynep Yazıcı | W80: teyit için arandı fotoğraflar hakkında şu an net bilgim yok akşam arayın dedi | X80: 44350 | Y80: 44354 | AA80: Görüşüldü | AB80: 44350 | AK80: Ecem Ünal | AP80: Simge Demiray
A81: 60a65bae231db00e8698222b | B81: Bulvar Döner (Tığcılar Mah.) | C81: =VLOOKUP(A81,import!A:C,3,0) -> YANLIŞ | D81: Döner | E81: =VLOOKUP(A81,import!A:AA,5,0) -> 12 | F81: =VLOOKUP(A81,import!A:AA,6,0) | G81: =VLOOKUP(A81,import!A:AA,7,0) -> 5 | H81: =VLOOKUP(A81,import!A:AA,8,0) -> 5 | I81: =VLOOKUP(A81,import!A:AA,9,0) -> 10 | J81: =VLOOKUP(A81,import!A:AA,10,0) -> 0.5 | K81: FAHRİYE TANIŞ | L81: 5326663639 | M81: Adapazarı | N81: Tığcılar | O81: tığcılar mah atatürk bulv. tezemirler apt 99 b sakarya | P81: =VLOOKUP(A81,import!A:P,16,0) -> Geleneksel | R81: TRUE | S81: FALSE | T81: Randevu Alındı | U81: Ezgi Turan | V81: Zeynep Yazıcı | X81: 44344 | Y81: 44348 | AP81: Simge Demiray
A82: 601502054337de4f542c59de | B82: Burger Brothers Köfteci İsmail Serdivan (İstiklal Mah.) | C82: =VLOOKUP(A82,import!A:C,3,0) -> YANLIŞ | D82: Burger | E82: =VLOOKUP(A82,import!A:AA,5,0) -> 707 | F82: =VLOOKUP(A82,import!A:AA,6,0) | G82: =VLOOKUP(A82,import!A:AA,7,0) -> 0 | H82: =VLOOKUP(A82,import!A:AA,8,0) -> 29 | I82: =VLOOKUP(A82,import!A:AA,9,0) -> 29 | J82: =VLOOKUP(A82,import!A:AA,10,0) -> 0 | K82: Recep Özbek | L82: 2642755275 | M82: Serdivan | N82: İstiklal | O82: Çark Cad., No:169, Sakarya, Türkiye, | P82: =VLOOKUP(A82,import!A:P,16,0) -> Geleneksel | R82: TRUE | S82: FALSE | T82: Başka Şubeden Çekilecek | W82: 2743340 2 HAFTA ONCE RESIM CEKILDI DENDI | AP82: Simge Demiray
A83: 618d1f44dd060a3c3f3e5cc2 | B83: Burger Schön (54 AVM) | C83: =VLOOKUP(A83,import!A:C,3,0) -> DOĞRU | D83: Burger | E83: =VLOOKUP(A83,import!A:AA,5,0) -> 16 | F83: =VLOOKUP(A83,import!A:AA,6,0) -> 15 | G83: =VLOOKUP(A83,import!A:AA,7,0) -> 0 | H83: =VLOOKUP(A83,import!A:AA,8,0) -> 41 | I83: =VLOOKUP(A83,import!A:AA,9,0) -> 41 | J83: =VLOOKUP(A83,import!A:AA,10,0) -> 0 | K83: DERVİŞ YASİN İPŞİROĞLU | L83: 5324157666 | M83: Serdivan | N83: Arabacıalanı | O83: Arabacıalanı Mah., Cadde 54, Serdivan, Sakarya, Türkiye, | P83: =VLOOKUP(A83,import!A:P,16,0) -> Geleneksel | R83: TRUE | S83: FALSE | T83: Sistemden Çıkmak İstiyor | W83: paneli kullanmıyor | AA83: Görüşüldü | AB83: 44621 | AK83: Zeliha Özer | AP83: Simge Demiray
A84: 6012d122d22e22aa9cb5606e | B84: By Boşnak Börekçisi(Çarşı Şube.) | C84: =VLOOKUP(A84,import!A:C,3,0) -> DOĞRU | D84: Börek | E84: =VLOOKUP(A84,import!A:AA,5,0) -> 623 | F84: =VLOOKUP(A84,import!A:AA,6,0) -> 5 | G84: =VLOOKUP(A84,import!A:AA,7,0) -> 4 | H84: =VLOOKUP(A84,import!A:AA,8,0) -> 14 | I84: =VLOOKUP(A84,import!A:AA,9,0) -> 18 | J84: =VLOOKUP(A84,import!A:AA,10,0) -> 0.22 | K84: Hasan Aydınlı | L84: 2647773388 | M84: Adapazarı | N84: Cumhuriyet | O84: Soğan Pazarı Cad., No:24, Adapazarı, Sakarya, Türkiye, | P84: =VLOOKUP(A84,import!A:P,16,0) -> Geleneksel | R84: FALSE | S84: FALSE
A85: 60c085f28e22c412e544181d | B85: By Hamza Pide & Lahmacun, Karasu (İncilli Mah.) | C85: =VLOOKUP(A85,import!A:C,3,0) -> YANLIŞ | D85: Pide | E85: =VLOOKUP(A85,import!A:AA,5,0) -> 213 | F85: =VLOOKUP(A85,import!A:AA,6,0) | G85: =VLOOKUP(A85,import!A:AA,7,0) -> 0 | H85: =VLOOKUP(A85,import!A:AA,8,0) -> 63 | I85: =VLOOKUP(A85,import!A:AA,9,0) -> 63 | J85: =VLOOKUP(A85,import!A:AA,10,0) -> 0 | K85: Osman Kadı | L85: 5468595231 | M85: Karasu | N85: İncilli | O85: İncilli Mah., Stad Cad., No:12, Karasu, Sakarya, Türkiye, | P85: =VLOOKUP(A85,import!A:P,16,0) -> Geleneksel | R85: FALSE | S85: FALSE | AP85: Simge Demiray
A86: 601b16d05ad05159e798af05 | B86: By İlkay Chef Izgara, Serdivan (Kemalpaşa Mah.) | C86: =VLOOKUP(A86,import!A:C,3,0) -> DOĞRU | D86: Kebap | E86: =VLOOKUP(A86,import!A:AA,5,0) -> 1 | F86: =VLOOKUP(A86,import!A:AA,6,0) | G86: =VLOOKUP(A86,import!A:AA,7,0) -> 0 | H86: =VLOOKUP(A86,import!A:AA,8,0) -> 16 | I86: =VLOOKUP(A86,import!A:AA,9,0) -> 16 | J86: =VLOOKUP(A86,import!A:AA,10,0) -> 0 | K86: Gülseren Tokat | L86: 5365129033 | M86: Serdivan | N86: Kemalpaşa | O86: Kemalpaşa Mah., Necip Fazıl Kısakürek Cad., No:5, Serdivan, Sakarya, Türkiye, | P86: =VLOOKUP(A86,import!A:P,16,0) -> Geleneksel | R86: TRUE | S86: FALSE | T86: Çekim İstemiyor | W86: İlkay bey Şuan istemiyorum ama ilerde belki dedi olumsuz bence | AA86: Dönüş Yapacak | AB86: 44354 | AC86: Görüşüldü | AD86: 44376 | AE86: Tekrar Aranacak | AF86: 44391 | AK86: Ezgi Turan | AL86: Eylem Ünal | AM86: Tutku Erdoğan | AP86: Simge Demiray
A87: 6040b068d3409b1e590d529f | B87: By Patso's, Serdivan (Kemalpaşa Mah.) | C87: =VLOOKUP(A87,import!A:C,3,0) -> YANLIŞ | D87: Sokak Lezzetleri | E87: =VLOOKUP(A87,import!A:AA,5,0) -> 58 | F87: =VLOOKUP(A87,import!A:AA,6,0) | G87: =VLOOKUP(A87,import!A:AA,7,0) -> 0 | H87: =VLOOKUP(A87,import!A:AA,8,0) -> 32 | I87: =VLOOKUP(A87,import!A:AA,9,0) -> 32 | J87: =VLOOKUP(A87,import!A:AA,10,0) -> 0 | K87: Samet Yıldırım | L87: 5322302893 | M87: Serdivan | N87: Esentepe | O87: Sakarya Üniversitesi Kampüs Çarşısı No :8 serdivan sakarya | P87: =VLOOKUP(A87,import!A:P,16,0) -> Geleneksel | R87: TRUE | S87: FALSE | T87: Çekim İstemiyor | W87: sipariş üstüne geliyosa gelsin dedi. yoksa istemiyorum dedi// daha öncede aradınız istemiyoruz dedi | AA87: Görüşüldü | AB87: 44354 | AK87: Ezgi Turan | AP87: Simge Demiray
A88: 60475067b826f0491d319e6e | B88: Cadde Burger & Lunch (Rüstempaşa Mah.) | C88: =VLOOKUP(A88,import!A:C,3,0) -> DOĞRU | D88: Burger | E88: =VLOOKUP(A88,import!A:AA,5,0) -> 1539 | F88: =VLOOKUP(A88,import!A:AA,6,0) | G88: =VLOOKUP(A88,import!A:AA,7,0) -> 17 | H88: =VLOOKUP(A88,import!A:AA,8,0) -> 21 | I88: =VLOOKUP(A88,import!A:AA,9,0) -> 38 | J88: =VLOOKUP(A88,import!A:AA,10,0) -> 0.45 | K88: Enes Erçeltik | L88: 5415121235 | M88: Sapanca | N88: Rüstempaşa | O88: Rüstempaşa Mah., Karaoğlanoğlu Cad., No:13, Sapanca, Sakarya, Türkiye, | P88: =VLOOKUP(A88,import!A:P,16,0) -> Geleneksel | R88: TRUE | S88: FALSE | T88: Randevu Alındı | U88: Beyza gülşah | V88: Zeynep Yazıcı | W88: fotoğrafçıdan memnun kalmamış kendimiz çekip yollarız dedi mail verildi | X88: 44300 | Y88: 44300 | AP88: Simge Demiray
A89: 624dadea9f0b0d85e838c093 | B89: Cafe Muss (İstiklal Mah.) | C89: =VLOOKUP(A89,import!A:C,3,0) -> DOĞRU | D89: Sokak Lezzetleri | E89: =VLOOKUP(A89,import!A:AA,5,0) -> 1 | F89: =VLOOKUP(A89,import!A:AA,6,0) -> 1 | G89: =VLOOKUP(A89,import!A:AA,7,0) -> 0 | H89: =VLOOKUP(A89,import!A:AA,8,0) -> 17 | I89: =VLOOKUP(A89,import!A:AA,9,0) -> 17 | J89: =VLOOKUP(A89,import!A:AA,10,0) -> 0 | K89: FİLİZ KOZAK | L89: 5072402019 | M89: Serdivan | N89: İstiklal | O89: İstiklal Mah., 312. Sok., Serdivan, Sakarya, Türkiye, | P89: =VLOOKUP(A89,import!A:P,16,0) -> Geleneksel | R89: FALSE | S89: FALSE
A90: 603f4d9bdc8b32fd7bc321a9 | B90: Cafe'de Pizza, Sapanca (Kırkpınar Hasanpaşa Mah.) | C90: =VLOOKUP(A90,import!A:C,3,0) -> DOĞRU | D90: Pizza | E90: =VLOOKUP(A90,import!A:AA,5,0) -> 540 | F90: =VLOOKUP(A90,import!A:AA,6,0) | G90: =VLOOKUP(A90,import!A:AA,7,0) -> 0 | H90: =VLOOKUP(A90,import!A:AA,8,0) -> 143 | I90: =VLOOKUP(A90,import!A:AA,9,0) -> 143 | J90: =VLOOKUP(A90,import!A:AA,10,0) -> 0 | K90: İbrahim Üstünel | L90: 5549463381 | M90: Sapanca | N90: Kırkpınar Soğuksu | O90: Bağdat Cad., No:119, Sapanca, Sakarya, Türkiye, | P90: =VLOOKUP(A90,import!A:P,16,0) -> Geleneksel | R90: TRUE | S90: TRUE | W90: haftaya salı gönderirmiş | AA90: Ulaşılamadı | AB90: 44379 | AC90: Ulaşılamadı | AD90: 44389 | AE90: Görüşüldü | AF90: 44405 | AK90: Gül Değirmenci | AL90: Mavi Arslan | AM90: Ayşegül Dulkadir | AP90: Simge Demiray
A91: 623185c8426ed16333d3c5b7 | B91: Caner Usta Döner ( İncilli Mah.) | C91: =VLOOKUP(A91,import!A:C,3,0) -> DOĞRU | D91: Döner | E91: =VLOOKUP(A91,import!A:AA,5,0) -> 9 | F91: =VLOOKUP(A91,import!A:AA,6,0) -> 2 | G91: =VLOOKUP(A91,import!A:AA,7,0) -> 0 | H91: =VLOOKUP(A91,import!A:AA,8,0) -> 10 | I91: =VLOOKUP(A91,import!A:AA,9,0) -> 10 | J91: =VLOOKUP(A91,import!A:AA,10,0) -> 0 | K91: CANER GÖKER | L91: 2647181415 | M91: Karasu | N91: İncilli | O91: İncilli Mah., 619 Sok., No:3 A, Karasu, Sakarya, Türkiye, | P91: =VLOOKUP(A91,import!A:P,16,0) -> Geleneksel | R91: FALSE | S91: FALSE
A92: 60139a6ce3c69c17a482db12 | B92: Cennet Mekan (Semerciler Mah.) | C92: =VLOOKUP(A92,import!A:C,3,0) -> DOĞRU | D92: Döner | E92: =VLOOKUP(A92,import!A:AA,5,0) -> 16 | F92: =VLOOKUP(A92,import!A:AA,6,0) | G92: =VLOOKUP(A92,import!A:AA,7,0) -> 4 | H92: =VLOOKUP(A92,import!A:AA,8,0) -> 7 | I92: =VLOOKUP(A92,import!A:AA,9,0) -> 11 | J92: =VLOOKUP(A92,import!A:AA,10,0) -> 0.36 | K92: Zafer Kınalı | L92: 5077891251 | M92: Adapazarı | N92: Semerciler | O92: Semerciler Mah. K. Pazar Yeri no:394 Adapazarı/sakarya | P92: =VLOOKUP(A92,import!A:P,16,0) -> Geleneksel | R92: TRUE | S92: FALSE | T92: Randevu Alındı | U92: Nazlıcan Dinçer | V92: Zeynep Yazıcı | W92: Kadir Bey | X92: 44356 | Y92: 44362 | AK92: Nazlıcan Dinçer | AP92: Simge Demiray
A93: 602541f72f6cd8819d7d795b | B93: Centilmen Döner & Islama Köfte, Serdivan (İstiklal Mah.) | C93: =VLOOKUP(A93,import!A:C,3,0) -> YANLIŞ | D93: Köfte | E93: =VLOOKUP(A93,import!A:AA,5,0) | F93: =VLOOKUP(A93,import!A:AA,6,0) | G93: =VLOOKUP(A93,import!A:AA,7,0) -> 0 | H93: =VLOOKUP(A93,import!A:AA,8,0) -> 33 | I93: =VLOOKUP(A93,import!A:AA,9,0) -> 33 | J93: =VLOOKUP(A93,import!A:AA,10,0) -> 0 | K93: Erhan Çalışkan | L93: 5447786841 | M93: Serdivan | N93: Kemalpaşa | O93: Kemalpaşa Mah Bağlar Cad. No :92 Serdivan/Sakarya | P93: =VLOOKUP(A93,import!A:P,16,0) -> Geleneksel | R93: TRUE | S93: FALSE | T93: Çekim İstemiyor | W93: Sürekli bizi erteliyor..//açmadı//dükkanı kapalı 15 gün sonra aranmak istiyor | AA93: Ulaşılamadı | AB93: 44349 | AC93: Görüşüldü | AD93: 44349 | AE93: Ulaşılamadı | AF93: 44350 | AG93: Görüşüldü | AH93: 44351 | AI93: Ulaşılamadı | AJ93: 44404 | AK93: Selcan Topçu | AL93: Selcan Topçu | AM93: Ecem Ünal | AN93: Gül Değirmenci | AO93: Ayşegül Dulkadir | AP93: Simge Demiray
A94: 62173f41c8f00c88109dfbe5 | B94: Chickenlab (Kemalpaşa Mah.) | C94: =VLOOKUP(A94,import!A:C,3,0) -> DOĞRU | D94: Tavuk | E94: =VLOOKUP(A94,import!A:AA,5,0) | F94: =VLOOKUP(A94,import!A:AA,6,0) | G94: =VLOOKUP(A94,import!A:AA,7,0) -> 0 | H94: =VLOOKUP(A94,import!A:AA,8,0) -> 14 | I94: =VLOOKUP(A94,import!A:AA,9,0) -> 14 | J94: =VLOOKUP(A94,import!A:AA,10,0) -> 0 | K94: BATUHAN ALİBAŞİÇ | L94: 5536324854 | M94: Serdivan | N94: Esentepe | O94: Kemalpaşa Mah., Usta Sok., Serdivan, Sakarya, Türkiye, | P94: =VLOOKUP(A94,import!A:P,16,0) -> Geleneksel | R94: FALSE | S94: FALSE
A95: 6009fd56b4fcb46717762a9a | B95: ChickenLand (Arabacı Alanı Mah.) | C95: =VLOOKUP(A95,import!A:C,3,0) -> DOĞRU | D95: Tavuk | E95: =VLOOKUP(A95,import!A:AA,5,0) -> 223 | F95: =VLOOKUP(A95,import!A:AA,6,0) -> 2 | G95: =VLOOKUP(A95,import!A:AA,7,0) -> 0 | H95: =VLOOKUP(A95,import!A:AA,8,0) -> 29 | I95: =VLOOKUP(A95,import!A:AA,9,0) -> 29 | J95: =VLOOKUP(A95,import!A:AA,10,0) -> 0 | K95: Uğur Demir | L95: 5332115721 | M95: Serdivan | N95: Arabacıalanı | O95: Arabacıalanı Mah., Mert Sok., No:54, Serdivan, Sakarya, Türkiye, | P95: =VLOOKUP(A95,import!A:P,16,0) -> Geleneksel | R95: TRUE | S95: TRUE | W95: sistemi kullanmıyor/ŞUAN SİSTEMİ KULLANMADIĞI İÇİN GÖNDERMEMİŞ./SISTEMDEN SIKINTI YASADIGINI BELIRTTI KAGIT ISRAFININ OLDUGUNU SOYLEDI BU YUZDEN DAHA ATMADIGINI BILDIRDI.YAKIN ZAMANDA SIKINTIO COZULUNCE ATCAGINI SOYLEDI./önce problemlerin halledilmesi gerekliymiş. | AA95: Görüşüldü | AB95: 44351 | AC95: Görüşüldü | AD95: 44379 | AE95: Görüşüldü | AF95: 44405 | AK95: Selcan Topçu | AL95: Gül Değirmenci | AM95: Ayşegül Dulkadir | AP95: Simge Demiray
A96: 617fb1c5cf39016808dd99e1 | B96: Chicky & Dany | C96: =VLOOKUP(A96,import!A:C,3,0) -> DOĞRU | D96: Tavuk | E96: =VLOOKUP(A96,import!A:AA,5,0) -> 698 | F96: =VLOOKUP(A96,import!A:AA,6,0) -> 44 | G96: =VLOOKUP(A96,import!A:AA,7,0) -> 0 | H96: =VLOOKUP(A96,import!A:AA,8,0) -> 30 | I96: =VLOOKUP(A96,import!A:AA,9,0) -> 30 | J96: =VLOOKUP(A96,import!A:AA,10,0) -> 0 | K96: SEVCAN KADİROĞLU | L96: 5413592818 | M96: Adapazarı | N96: Yahyalar | O96: Yağcılar Mah., Ankara Cad., No:91A, Adapazarı, Sakarya, Türkiye, | P96: =VLOOKUP(A96,import!A:P,16,0) -> Geleneksel | R96: TRUE | S96: FALSE | T96: İleride Randevu Alınacak | U96: Enes Günal | V96: Aleyna Küççük | W96: Nurullah Bey/işleri çok yoğunmuş o yüzden öbür ay arayın dedi | X96: 44607 | Y96: 44608 | AA96: Görüşüldü | AB96: 44607 | AC96: Tekrar Aranacak | AD96: 44621 | AK96: Enes Günal | AL96: Ayşegül Kır | AP96: Simge Demiray
A97: 5f60b19c4686122644c97858 | B97: Chilek Waffle & Kumpir, Serdivan (Merkez) | C97: =VLOOKUP(A97,import!A:C,3,0) -> DOĞRU | D97: Pasta & Tatlı | E97: =VLOOKUP(A97,import!A:AA,5,0) -> 179 | F97: =VLOOKUP(A97,import!A:AA,6,0) | G97: =VLOOKUP(A97,import!A:AA,7,0) -> 1 | H97: =VLOOKUP(A97,import!A:AA,8,0) -> 5 | I97: =VLOOKUP(A97,import!A:AA,9,0) -> 6 | J97: =VLOOKUP(A97,import!A:AA,10,0) -> 0.17 | K97: Bülent Gezici | L97: 5325640364 | M97: Serdivan | N97: İstiklal | O97: İstiklal, Bağlar Cd. No:21, 54050 Serdivan/Sakarya | P97: =VLOOKUP(A97,import!A:P,16,0) -> Geleneksel | R97: TRUE | S97: FALSE | T97: Randevu Alındı | U97: Gül Değirmenci | V97: Zeynep Yazıcı | W97: 5325640364 fotoğrafların tamamı çekilmiş ama sistem de yok | X97: 44340 | Y97: 44343 | AA97: Ulaşılamadı | AB97: 44376 | AC97: Görüşüldü | AD97: 44383 | AK97: Tutku Erdoğan | AL97: Ezgi Turan | AP97: Simge Demiray
A98: 600de4070475c8011eabbf68 | B98: Ciğerci Bahattin (Kemalpaşa Mah.) | C98: =VLOOKUP(A98,import!A:C,3,0) -> DOĞRU | D98: Kebap | E98: =VLOOKUP(A98,import!A:AA,5,0) -> 906 | F98: =VLOOKUP(A98,import!A:AA,6,0) | G98: =VLOOKUP(A98,import!A:AA,7,0) -> 14 | H98: =VLOOKUP(A98,import!A:AA,8,0) -> 10 | I98: =VLOOKUP(A98,import!A:AA,9,0) -> 24 | J98: =VLOOKUP(A98,import!A:AA,10,0) -> 0.58 | K98: Emrullah Sakin | L98: 5340794102 | M98: Serdivan | N98: Kemalpaşa | O98: Kemalpaşa Mah. Kenan Sofuoğlu Cad. no2 serdivan/Sakarya | P98: =VLOOKUP(A98,import!A:P,16,0) -> Geleneksel | R98: TRUE | S98: FALSE | T98: Randevu Alındı | U98: Gül Değirmenci | V98: Zeynep Yazıcı | W98: teyit için aradık açmadı | X98: 44306 | Y98: 44307 | AP98: Simge Demiray
A99: 6079275310bf229459b5a183 | B99: Cook Time (Kemalpaşa Mah.) | C99: =VLOOKUP(A99,import!A:C,3,0) -> DOĞRU | D99: Burger | E99: =VLOOKUP(A99,import!A:AA,5,0) -> 5251 | F99: =VLOOKUP(A99,import!A:AA,6,0) -> 160 | G99: =VLOOKUP(A99,import!A:AA,7,0) -> 0 | H99: =VLOOKUP(A99,import!A:AA,8,0) -> 26 | I99: =VLOOKUP(A99,import!A:AA,9,0) -> 26 | J99: =VLOOKUP(A99,import!A:AA,10,0) -> 0 | K99: Emirhan Oral | L99: 5335030112 | M99: Serdivan | N99: Kemalpaşa | O99: Kemalpaşa Mah., Üniversite Cad., No:31, Serdivan, Sakarya, Türkiye, | P99: =VLOOKUP(A99,import!A:P,16,0) -> Geleneksel | R99: TRUE | S99: FALSE | T99: Çekim İstemiyor | W99: fotografları paylaşmadıgımız için istemiyor birdaha aranmasın söyleyecegini söyleyip suratımıza kapatıyor. | AP99: Simge Demiray
A100: 624aba5564eda925e2e93fff | B100: Crespo Burger (İstiklal Mah.) | C100: =VLOOKUP(A100,import!A:C,3,0) -> DOĞRU | D100: Burger | E100: =VLOOKUP(A100,import!A:AA,5,0) -> 6 | F100: =VLOOKUP(A100,import!A:AA,6,0) -> 6 | G100: =VLOOKUP(A100,import!A:AA,7,0) -> 1 | H100: =VLOOKUP(A100,import!A:AA,8,0) -> 72 | I100: =VLOOKUP(A100,import!A:AA,9,0) -> 73 | J100: =VLOOKUP(A100,import!A:AA,10,0) -> 0.01 | K100: BERK VUSLAT BOSTANCI | L100: 5323924197 | M100: Serdivan | N100: Bahçelievler | O100: Muhsin Yazıcıoğlu Blv., No:15, Serdivan, Sakarya, Türkiye, | P100: =VLOOKUP(A100,import!A:P,16,0) -> Geleneksel | R100: FALSE | S100: FALSE
...

Sheet import
A1: Restaurant ID | B1: Restoran Adı | C1: IsActive | D1: Mutfak | E1: TOPLAM SİPARİŞ | F1: SON 2 HAFTA | G1: RESİMLİ ÜRÜN | H1: RESİMSİZ ÜRÜN | I1: TOPLAM ÜRÜN | J1: Ratio | K1: Yetkili | L1: Telefon | M1: İLÇE | N1: MAHALLE | O1: ADRES | P1: Geleneksel Zincir | Q1: Eklendi mi
A2: 5f5b81ac69bc226d55bfe6ce | B2: Hakkı Usta’nın Adana Sofrası, Adapazarı (Merkez) | C2: YANLIŞ | D2: Kebap | E2: 205 | G2: 0 | H2: 44 | I2: 44 | J2: 0 | K2: Mehmet Hakkı Uçar | L2: 2642798872 | M2: Adapazarı | N2: Yenidoğan | O2: Yenidoğan, Yeni Bosna Cd. No:66, 54100 Adapazarı/Sakarya | P2: Geleneksel | Q2: =COUNTIF('Hedef Liste'!A:A,A2) -> 1
A3: 5f60b0aa37521c1f416c3f25 | B3: Sushikado, Serdivan (Merkez) | C3: DOĞRU | D3: Uzak Doğu | E3: 1206 | G3: 42 | H3: 49 | I3: 91 | J3: 0.46 | K3: Zeynep Rençber | L3: 5388121136 | M3: Serdivan | N3: İstiklal | O3: İstiklal, Bağlar Cd. No:43/A, 54050 Serdivan/Sakarya | P3: Geleneksel | Q3: =COUNTIF('Hedef Liste'!A:A,A3) -> 1
A4: 5f87fd0a1cfa9804022d7c80 | B4: Ekşi Fırın (İstiklal Mah.) | C4: YANLIŞ | D4: Pasta & Tatlı | E4: 73 | G4: 48 | H4: 10 | I4: 58 | J4: 0.83 | K4: Tufan Bahar | L4: 2642110800 | M4: Serdivan | N4: İstiklal | O4: İstiklal, 2. Cd. No:45, 54050 Serdivan/Sakarya | P4: Geleneksel | Q4: =COUNTIF('Hedef Liste'!A:A,A4) -> 1
A5: 6007de51e4ab4e0f0b9219a5 | B5: Hey Tost'um (Kemalpaşa Mah) | C5: DOĞRU | D5: Tost & Sandviç | E5: 2123 | F5: 124 | G5: 32 | H5: 25 | I5: 57 | J5: 0.56 | K5: NESLİHAN KABA | L5: 5462777754 | M5: Serdivan | N5: Kemalpaşa | O5: Kemalpaşa Mah., Medeniyet Cad., No:9, Serdivan, Sakarya, Türkiye, | P5: Geleneksel | Q5: =COUNTIF('Hedef Liste'!A:A,A5) -> 1
A6: 600bd5ac9dceb635b8081c40 | B6: Edman Kanat (İstiklal Mah.) | C6: DOĞRU | D6: Tavuk | E6: 266 | G6: 24 | H6: 17 | I6: 41 | J6: 0.59 | K6: Vedat Furkan Edman | L6: 5324709754 | M6: Serdivan | N6: İstiklal | O6: Muhsin Yazıcıoğlu Blv., No:69, Serdivan, Sakarya, Türkiye, | P6: Geleneksel | Q6: =COUNTIF('Hedef Liste'!A:A,A6) -> 1
A7: 600d32517e16da055beaa003 | B7: Roll Döner (15 Temmuz Camili Mah.) | C7: DOĞRU | D7: Döner | E7: 869 | F7: 35 | G7: 8 | H7: 3 | I7: 11 | J7: 0.73 | K7: Şevval Küçükoğlu | L7: 5425741454 | M7: Adapazarı | N7: 15 Temmuz Camili | O7: 15 Temmuz Camili mah. Şehit Kaymakam Muhammet Fatih Safitürk Cad. 339 nolu iş merkezi z02 | P7: Geleneksel | Q7: =COUNTIF('Hedef Liste'!A:A,A7) -> 1
A8: 600c2cc2bce91f4701a58c7c | B8: Nap Cafe Restaurant (Kemalpaşa Mah.) | C8: DOĞRU | D8: Tost & Sandviç | E8: 5615 | F8: 125 | G8: 7 | H8: 33 | I8: 40 | J8: 0.18 | K8: Ali Gülle | L8: 5423614452 | M8: Serdivan | N8: Esentepe | O8: Kemalpaşa Mah., Döner Sok., No:24, Serdivan, Sakarya, Türkiye, | P8: Geleneksel | Q8: =COUNTIF('Hedef Liste'!A:A,A8) -> 1
A9: 600de4070475c8011eabbf68 | B9: Ciğerci Bahattin (Kemalpaşa Mah.) | C9: DOĞRU | D9: Kebap | E9: 906 | G9: 14 | H9: 10 | I9: 24 | J9: 0.58 | K9: Emrullah Sakin | L9: 5340794102 | M9: Serdivan | N9: Kemalpaşa | O9: Kemalpaşa Mah. Kenan Sofuoğlu Cad. no2 serdivan/Sakarya | P9: Geleneksel | Q9: =COUNTIF('Hedef Liste'!A:A,A9) -> 1
A10: 600820c20a79b124d9e367fe | B10: Pilove House (Kemalpaşa Mah) | C10: DOĞRU | D10: Sokak Lezzetleri | E10: 2025 | F10: 199 | G10: 0 | H10: 23 | I10: 23 | J10: 0 | K10: Birtekin Omurca | L10: 5399224034 | M10: Serdivan | N10: İstiklal | O10: Kemalpaşa Mah., Belediye Cad. (Yeni Cad.), No:4B | P10: Geleneksel | Q10: =COUNTIF('Hedef Liste'!A:A,A10) -> 1
A11: 600fe50ad6c591990de050e9 | B11: Öz Urfa Sofrası (Hacıoğlu Mah.) | C11: DOĞRU | D11: Lahmacun | E11: 875 | F11: 56 | G11: 7 | H11: 29 | I11: 36 | J11: 0.19 | K11: Mehmet Keskinkılıç | L11: 5413238570 | M11: Erenler | N11: Tabakhane | O11: Mehmet Akif Ersoy Cad., No:41, Erenler, Sakarya, Türkiye, | P11: Geleneksel | Q11: =COUNTIF('Hedef Liste'!A:A,A11) -> 1
A12: 6007f9e899244e076f05f2c9 | B12: Pizza Lazza, Adapazarı (Orta Mah.) | C12: DOĞRU | D12: Pizza | E12: 8464 | F12: 290 | G12: 121 | H12: 3 | I12: 124 | J12: 0.98 | K12: Mustafa Gündoğdu | L12: 2642786810 | M12: Adapazarı | N12: Orta | O12: Karaağaç Cad. Orta Mah.No:14/1 | P12: Key | Q12: =COUNTIF('Hedef Liste'!A:A,A12) -> 0
A13: 60081099c795bdd8a142624d | B13: Pizza Lazza, Akyazı (Küçücek Cumhuriyet Mah.) | C13: DOĞRU | D13: Pizza | E13: 121 | F13: 17 | G13: 121 | H13: 3 | I13: 124 | J13: 0.98 | K13: Mustafa Gündoğdu | L13: 2644621592 | M13: Akyazı | N13: Küçücek İstiklal | O13: Alaağaç İÖO Cad. Küçücek Cumhuriyet Mah. Adapazarı/Sakarya | P13: Key | Q13: =COUNTIF('Hedef Liste'!A:A,A13) -> 0
A14: 60081be6c11c767fa8b9ee85 | B14: Pizza Lazza, Serdivan (İstiklal Mah.) | C14: DOĞRU | D14: Pizza | E14: 9990 | F14: 439 | G14: 121 | H14: 3 | I14: 124 | J14: 0.98 | K14: Mustafa Gündoğdu | L14: 2642282203 | M14: Serdivan | N14: İstiklal | O14: Bağlar Cad. İstiklal Mah. Nur Sitesi No:38 A/ | P14: Key | Q14: =COUNTIF('Hedef Liste'!A:A,A14) -> 0
A15: 60074c36c11c76b50bb9c4f4 | B15: Nana Cafe & Restaurant (Cumhuriyet Mah.) | C15: YANLIŞ | D15: Tost & Sandviç | E15: 98 | G15: 5 | H15: 34 | I15: 39 | J15: 0.13 | K15: Taner Demirel | L15: 5434311111 | M15: Adapazarı | N15: Cumhuriyet | O15: Cumhuriyet Mah., Hüseyin Rahmi Sok., No:5, Adapazarı, Sakarya, Türkiye | P15: Geleneksel | Q15: =COUNTIF('Hedef Liste'!A:A,A15) -> 1
A16: 6007e68de13dbd621a5c3b07 | B16: Panino Pizza (Dilmen Mah.) | C16: DOĞRU | D16: Pizza | E16: 1653 | F16: 33 | G16: 124 | H16: 3 | I16: 127 | J16: 0.98 | K16: Yunus Atay | L16: 2642412626 | M16: Erenler | N16: Dilmen | O16: Dilmen Mah. Sakarbaba Cad. No:107/8 Erenler/Sakarya | P16: Geleneksel | Q16: =COUNTIF('Hedef Liste'!A:A,A16) -> 1
A17: 6009df0ac795bd5b1b42c508 | B17: Lezizan (Kemalpaşa Mah.) | C17: DOĞRU | D17: Kebap | E17: 2585 | F17: 199 | G17: 31 | H17: 25 | I17: 56 | J17: 0.55 | K17: Ali Deribaş | L17: 2642722222 | M17: Serdivan | N17: İstiklal | O17: Kemalpaşa Mah. Mehtap Sok. No:1A/B | P17: Geleneksel | Q17: =COUNTIF('Hedef Liste'!A:A,A17) -> 1
A18: 6009fd9b35cc59b6dbfe29f2 | B18: La Pide (Arabacı Alanı Mah.) | C18: DOĞRU | D18: Pide | E18: 114 | G18: 0 | H18: 9 | I18: 9 | J18: 0 | K18: Uğur Demir | L18: 2642796136 | M18: Serdivan | N18: Arabacıalanı | O18: Arabacıalanı Mah., Mert Sok., No:54, Serdivan, Sakarya, Türkiye, | P18: Geleneksel | Q18: =COUNTIF('Hedef Liste'!A:A,A18) -> 1
A19: 600d3e0eb19c482330c2d1aa | B19: Bisiklet Kahvesi (15 Temmuz Camili Mah.) | C19: DOĞRU | D19: Kahve | E19: 525 | F19: 9 | G19: 0 | H19: 54 | I19: 54 | J19: 0 | K19: Fatih Ertuğrul Çolak | L19: 5441406154 | M19: Adapazarı | N19: 15 Temmuz Camili | O19: 15 Temmuz Camili Mah., 221 Nolu Cad., No:3C, Adapazarı, Sakarya, Türkiye, | P19: Geleneksel | Q19: =COUNTIF('Hedef Liste'!A:A,A19) -> 1
A20: 600e6434b19c483b93c2e6ea | B20: Saklı Köşk (Gazipaşa Mah.) | C20: DOĞRU | D20: Tavuk | E20: 784 | F20: 31 | G20: 13 | H20: 21 | I20: 34 | J20: 0.38 | K20: Selvinaz Savaş | L20: 5322140537 | M20: Sapanca | N20: Çayiçi | O20: Gazipaşa Mahallesi İzmit Caddesi No. 39 Sapanca/Sakarya | P20: Geleneksel | Q20: =COUNTIF('Hedef Liste'!A:A,A20) -> 1
A21: 600fbd32cf43c1885dbce17f | B21: Buhara İskender (Semerciler Mah.- Çark cad.) | C21: DOĞRU | D21: Döner | E21: 3785 | F21: 81 | G21: 19 | H21: 14 | I21: 33 | J21: 0.58 | K21: Has Döner Gıda Otomotiv İnş. San. ve Tic. Ltd. Şti. | L21: 2642733141 | M21: Adapazarı | N21: Semerciler | O21: Çark Cad., No:9, Sakarya, Türkiye, | P21: Geleneksel | Q21: =COUNTIF('Hedef Liste'!A:A,A21) -> 1
A22: 601502054337de4f542c59de | B22: Burger Brothers Köfteci İsmail Serdivan (İstiklal Mah.) | C22: YANLIŞ | D22: Burger | E22: 707 | G22: 0 | H22: 29 | I22: 29 | J22: 0 | K22: Recep Özbek | L22: 2642755275 | M22: Adapazarı | N22: Mithatpaşa | O22: Çark Cad., No:169, Sakarya, Türkiye, | P22: Geleneksel | Q22: =COUNTIF('Hedef Liste'!A:A,A22) -> 1
A23: 6018fc9ce3c69cd8cc83fed6 | B23: Sakız Dondurma & Waffle, Serdivan (Arabacı Alanı Mah.) | C23: DOĞRU | D23: Pasta & Tatlı | E23: 1025 | F23: 33 | G23: 21 | H23: 10 | I23: 31 | J23: 0.68 | K23: Çağrı Görür | L23: 5323942354 | M23: Serdivan | N23: Arabacıalanı | O23: Çark Cad., No:343, Sakarya, Türkiye, | P23: Geleneksel | Q23: =COUNTIF('Hedef Liste'!A:A,A23) -> 1
A24: 601a6b19587d0eb400b696ad | B24: Tel Dolap Pasta & Cafe, Sapanca (Merkez) | C24: DOĞRU | D24: Pasta & Tatlı | E24: 208 | F24: 5 | G24: 0 | H24: 63 | I24: 63 | J24: 0 | K24: Ahmet Efiloğlu | L24: 2645825452 | M24: Sapanca | N24: Rüstempaşa | O24: Ersin Cad., No:36, Sapanca, Sakarya, Türkiye, | P24: Geleneksel | Q24: =COUNTIF('Hedef Liste'!A:A,A24) -> 1
A25: 601dc1f409400e2d06ce3cbd | B25: Mengen Döner, Adapazarı (Cumhuriyet Mah.) | C25: DOĞRU | D25: Döner | E25: 6 | F25: 2 | G25: 0 | H25: 20 | I25: 20 | J25: 0 | K25: Vedat Korkmaz | L25: 5300271965 | M25: Adapazarı | N25: Semerciler | O25: Semerciler Mah., İtfaiye Cad., No:41, Adapazarı, Sakarya, Türkiye, | P25: Geleneksel | Q25: =COUNTIF('Hedef Liste'!A:A,A25) -> 1
A26: 601e335e8adaa12715e3d2dc | B26: Erzurum Cağ Kebabı, Erenler (Hacıoğlu Mah.) | C26: YANLIŞ | D26: Kebap | E26: 93 | G26: 22 | H26: 16 | I26: 38 | J26: 0.58 | K26: Ayşe Kılıç | L26: 2642411919 | M26: Erenler | N26: Erenler | O26: Sakarbaba Cad., No:6, Erenler, Sakarya, Türkiye, | P26: Geleneksel | Q26: =COUNTIF('Hedef Liste'!A:A,A26) -> 1
A27: 601d11d17167d41f9c67c865 | B27: Çiğ Köfteci Sait, Sapanca (Kırkpınar Hasanpaşa Mah.) | C27: DOĞRU | D27: Çiğ Köfte | E27: 621 | F27: 19 | G27: 8 | H27: 1 | I27: 9 | J27: 0.89 | K27: Sevgi Ceylan | L27: 5528375854 | M27: Sapanca | N27: Kırkpınar Hasanpaşa | O27: Kırkpınar Hasanpaşa Mah., İstasyon Cad., No:11, Sapanca, Sakarya, Türkiye, | P27: Geleneksel | Q27: =COUNTIF('Hedef Liste'!A:A,A27) -> 1
A28: 60210a96bd45894c82a12c0f | B28: Aydın Pide & Kebap, Karasu (Yalı Mah.) | C28: DOĞRU | D28: Kebap | E28: 999 | F28: 22 | G28: 3 | H28: 16 | I28: 19 | J28: 0.16 | K28: Mehmet Aydın | L28: 5418954334 | M28: Karasu | N28: Aziziye | O28: Doğu Karadeniz Cad., No:1 A, Karasu, Sakarya, Türkiye, | P28: Geleneksel | Q28: =COUNTIF('Hedef Liste'!A:A,A28) -> 1
A29: 602248ea6d12e9617149c634 | B29: Mabella, Serdivan (Arabacı Alanı Mah.) | C29: YANLIŞ | D29: Pasta & Tatlı | G29: 0 | H29: 36 | I29: 36 | J29: 0 | K29: Müyesser Kabadayı | L29: 5433299137 | M29: Serdivan | N29: Arabacıalanı | O29: Arabacıalanı mah 551. Sok. No:1 B | P29: Geleneksel | Q29: =COUNTIF('Hedef Liste'!A:A,A29) -> 1
A30: 601e35dd98337bc5cd4cf94f | B30: Kahveci Vahdettin (Cumhuriyet Mah.) | C30: YANLIŞ | D30: Kahve | E30: 1 | G30: 0 | H30: 37 | I30: 37 | J30: 0 | K30: EMRAH CELAL AYDIN | L30: 5062044065 | M30: Adapazarı | N30: Semerciler | O30: CUMHURİYET M. UZUNÇARŞI NO: 88 ADAPAZARI/ SAKARYA | P30: Geleneksel | Q30: =COUNTIF('Hedef Liste'!A:A,A30) -> 1
A31: 601fbcee252c44120f134bfa | B31: Pala Kebap Sarayı, Adapazarı (Mithatpaşa Mah.) | C31: YANLIŞ | D31: Kebap | E31: 2960 | G31: 34 | H31: 21 | I31: 55 | J31: 0.62 | K31: Ramazan Pala | L31: 5312105641 | M31: Adapazarı | N31: Güllük | O31: Adnan Menderes Cad., No:132, Adapazarı, Sakarya, Türkiye, | P31: Geleneksel | Q31: =COUNTIF('Hedef Liste'!A:A,A31) -> 1
A32: 60089ca5b4fcb4c6a375fcc1 | B32: Çağlar Dondurma Izgara (Arabacı Alanı Mah.) | C32: DOĞRU | D32: Dondurma | E32: 469 | F32: 9 | G32: 0 | H32: 37 | I32: 37 | J32: 0 | K32: Emre Akbaba | L32: 2642735240 | M32: Serdivan | N32: Arabacıalanı | O32: Arabacıalanı Mah., Eski Kazımpaşa Cad., No:203A , Serdivan, Sakarya, Türkiye, | P32: Geleneksel | Q32: =COUNTIF('Hedef Liste'!A:A,A32) -> 1
A33: 600a654d0a79b11ba3e3d9a2 | B33: Pizza Piece (İstiklal Mh.) | C33: YANLIŞ | D33: Pizza | E33: 1396 | G33: 0 | H33: 34 | I33: 34 | J33: 0 | K33: Hediye Apaydın | L33: 2642761001 | M33: Serdivan | N33: Bahçelievler | O33: BAHÇELİEVLER MAH. 9. CAD. NO: 5 A SERDİVAN/ SAKARYA | P33: Geleneksel | Q33: =COUNTIF('Hedef Liste'!A:A,A33) -> 1
A34: 600b6ae49dceb6349c080fd9 | B34: Tiki Taka Cafe (Kemalpaşa Mah.) | C34: DOĞRU | D34: Tost & Sandviç | E34: 410 | F34: 22 | G34: 15 | H34: 35 | I34: 50 | J34: 0.3 | K34: Mustafa Gürbüz | L34: 5396772462 | M34: Serdivan | N34: Kemalpaşa | O34: Kemalpaşa Mah. 128. Sok. No.1C Kapı No. 4 Serdivan/Sakarya | P34: Geleneksel | Q34: =COUNTIF('Hedef Liste'!A:A,A34) -> 1
A35: 600bdf5fd6c5917679df8e5e | B35: 6Nova Aperatif (İstiklal Mah.) | C35: DOĞRU | D35: Tost & Sandviç | E35: 563 | G35: 12 | H35: 15 | I35: 27 | J35: 0.44 | K35: SERAP AKAGÜNDÜZ | L35: 5436606666 | M35: Serdivan | N35: İstiklal | O35: Muhsin Yazıcıoğlu Blv., No:69, Serdivan, Sakarya, Türkiye, | P35: Geleneksel | Q35: =COUNTIF('Hedef Liste'!A:A,A35) -> 1
A36: 600eb200262a1803e866f06f | B36: Pera Cafe (Orta Mah.) | C36: DOĞRU | D36: Tost & Sandviç | E36: 561 | F36: 34 | G36: 0 | H36: 57 | I36: 57 | J36: 0 | K36: Emine YAMAN | L36: 2642793939 | M36: Adapazarı | N36: Orta | O36: Orta Mah., Kuzu Sok., No:24, Adapazarı, Sakarya, Türkiye, | P36: Geleneksel | Q36: =COUNTIF('Hedef Liste'!A:A,A36) -> 1
A37: 60101989bce91f700fa632c4 | B37: Ekrem Coşkun Döner, Serdivan (Kemalpaşa Mah) | C37: DOĞRU | D37: Döner | E37: 1588 | F37: 32 | G37: 3 | H37: 16 | I37: 19 | J37: 0.16 | K37: Aykut Aşan | L37: 5398644354 | M37: Serdivan | N37: Esentepe | O37: Bağlar Cad., No:94, Serdivan, Sakarya, Türkiye, | P37: Geleneksel | Q37: =COUNTIF('Hedef Liste'!A:A,A37) -> 1
A38: 6011a7f24337def3c02b94ec | B38: Muammer Usta Pizza (Kemalpaşa Mah.) | C38: DOĞRU | D38: Pizza | E38: 4928 | F38: 194 | G38: 0 | H38: 16 | I38: 16 | J38: 0 | K38: Muammer Akbulut | L38: 5538319554 | M38: Serdivan | N38: Kemalpaşa | O38: Kemalpaşa Mah., 103. Sok., No:9, Serdivan, Sakarya, Türkiye, | P38: Geleneksel | Q38: =COUNTIF('Hedef Liste'!A:A,A38) -> 1
A39: 6015079067e562c4c8859236 | B39: Beytuş, Adapazarı (Cumhuriyet Mah.) | C39: DOĞRU | D39: Burger | E39: 32 | G39: 6 | H39: 23 | I39: 29 | J39: 0.21 | K39: Orçun İbrişim | L39: 5375141441 | M39: Adapazarı | N39: Cumhuriyet | O39: Cumhuriyet Mah., Tül Sok., No:9, Adapazarı, Sakarya, Türkiye, | P39: Geleneksel | Q39: =COUNTIF('Hedef Liste'!A:A,A39) -> 1
A40: 6009f00a9611de6e18cd1ca8 | B40: E-Yemekhane (İstiklal Mah.) | C40: YANLIŞ | D40: Ev Yemekleri | E40: 115 | G40: 0 | H40: 20 | I40: 20 | J40: 0 | K40: Akif Akyıldız | L40: 5075312331 | M40: Adapazarı | N40: Çukurahmediye | O40: Çukurahmediye mah. 226 sok. No:1 Adapazarı / Sakarya | P40: Geleneksel | Q40: =COUNTIF('Hedef Liste'!A:A,A40) -> 1
A41: 601501fe1b5f9be52920bde4 | B41: Köfteci İsmail, Serdivan (Arabacı Alanı Mah. - Çark Cad.) | C41: YANLIŞ | D41: Köfte | E41: 82 | G41: 5 | H41: 11 | I41: 16 | J41: 0.31 | K41: Recep Özbek | L41: 5432120886 | M41: Adapazarı | N41: Mithatpaşa | O41: Çark Cad., No:169, Sakarya, Türkiye, | P41: Geleneksel | Q41: =COUNTIF('Hedef Liste'!A:A,A41) -> 1
A42: 601a4b43b8a19d87d1a7fc00 | B42: Ege Nosta Balık, Serdivan (İstiklal Mah.) | C42: DOĞRU | D42: Deniz Ürünleri | E42: 69 | G42: 5 | H42: 15 | I42: 20 | J42: 0.25 | K42: Sami Gökalp | L42: 5467437869 | M42: Serdivan | N42: İstiklal | O42: Muhsin Yazıcıoğlu Blv., No:69, Serdivan, Sakarya, Türkiye, | P42: Geleneksel | Q42: =COUNTIF('Hedef Liste'!A:A,A42) -> 1
A43: 601a711738711c4bb735441c | B43: Yiğit Köşem Pide Lahmacun (Yağcılar Mah.) | C43: YANLIŞ | D43: Pide | G43: 0 | H43: 17 | I43: 17 | J43: 0 | K43: Halit Yiğit | L43: 5452684941 | M43: Adapazarı | N43: Yağcılar | O43: Yağcılar Mah., 1306 Nolu Sok., No:2, Adapazarı, Sakarya, Türkiye, | P43: Geleneksel | Q43: =COUNTIF('Hedef Liste'!A:A,A43) -> 1
A44: 601b9a4b000a7776968a3703 | B44: Kervan Pide Kebap (Rüstempaşa Mah.) | C44: DOĞRU | D44: Pide | E44: 595 | F44: 8 | G44: 17 | H44: 25 | I44: 42 | J44: 0.4 | K44: Sezai Yılmaz | L44: 5439570054 | M44: Sapanca | N44: Rüstempaşa | O44: Rüstempaşa Mah., Karaoğlanoğlu Cad., No:13, Sapanca, Sakarya, Türkiye, | P44: Geleneksel | Q44: =COUNTIF('Hedef Liste'!A:A,A44) -> 1
A45: 601b16d05ad05159e798af05 | B45: By İlkay Chef Izgara, Serdivan (Arabacıalanı Mah.) | C45: DOĞRU | D45: Kebap | E45: 1 | G45: 0 | H45: 16 | I45: 16 | J45: 0 | K45: Gülseren Tokat | L45: 5365129033 | M45: Serdivan | N45: Arabacıalanı | O45: Arabacıalanı Mah. Şehitler Cad. No: 19A Serdivan Sakarya | P45: Geleneksel | Q45: =COUNTIF('Hedef Liste'!A:A,A45) -> 1
A46: 601faa18bd45895321a0e6ea | B46: Düner Aperatif, Akyazı (Ömercikler Mah.) | C46: DOĞRU | D46: Sokak Lezzetleri | E46: 567 | F46: 1 | G46: 13 | H46: 33 | I46: 46 | J46: 0.28 | K46: Murat Düner | L46: 5334373298 | M46: Akyazı | N46: Ömercikler | O46: Ömercikler Mah., 8003. Sok., No:4, Akyazı, Sakarya, Türkiye, | P46: Geleneksel | Q46: =COUNTIF('Hedef Liste'!A:A,A46) -> 1
A47: 601fabc09f03555ba9b64ec1 | B47: Ada Lezzet Kampüs Dürüm, Serdivan (Kemalpaşa Mah.) | C47: YANLIŞ | D47: Döner | E47: 366 | G47: 0 | H47: 24 | I47: 24 | J47: 0 | K47: Samir Allahverdiyev | L47: 5525305454 | M47: Serdivan | N47: Kemalpaşa | O47: Kemalpaşa Mah., Üniversite Cad., No:50, Serdivan, Sakarya, Türkiye, | P47: Geleneksel | Q47: =COUNTIF('Hedef Liste'!A:A,A47) -> 1
A48: 601fb70e450e7fe4d2debab4 | B48: Bolu'lu Kemal Ustanın Yeri, Hendek (Kemaliye Mah.) | C48: DOĞRU | D48: Ev Yemekleri | E48: 15 | G48: 0 | H48: 53 | I48: 53 | J48: 0 | K48: Yavuz Coşkun | L48: 5417692345 | M48: Hendek | N48: Nuriye | O48: Atatürk Blv., No:417A, Hendek, Sakarya, Türkiye, | P48: Geleneksel | Q48: =COUNTIF('Hedef Liste'!A:A,A48) -> 1
A49: 6023af87215fd14d58dac522 | B49: Öncü Döner, Adapazarı (Cumhuriyet Mah.) | C49: DOĞRU | D49: Döner | E49: 1649 | F49: 66 | G49: 0 | H49: 9 | I49: 9 | J49: 0 | K49: İBRAHİM ŞENGÜL | L49: 2642777700 | M49: Adapazarı | N49: Semerciler | O49: SEMERCİLER MAH ÇARK CAD NO:49 Sakarya | P49: Key | Q49: =COUNTIF('Hedef Liste'!A:A,A49) -> 1
A50: 6020df67d7f75eb65fdbfbe5 | B50: Kayalar Pide Lahmacun, Hendek (Yeni Mah.) | C50: YANLIŞ | D50: Pide | E50: 324 | G50: 5 | H50: 29 | I50: 34 | J50: 0.15 | K50: Zübeyde Kaya | L50: 5339450235 | M50: Hendek | N50: Yeni | O50: Yeni Mah., 2066. Sok., No:3, Hendek, Sakarya, Türkiye, | P50: Geleneksel | Q50: =COUNTIF('Hedef Liste'!A:A,A50) -> 1
A51: 60239da88881bd0582fa1c59 | B51: Tiesto, Adapazarı(Cumhuriyet Mah.) | C51: DOĞRU | D51: Pizza | E51: 1 | G51: 0 | H51: 71 | I51: 71 | J51: 0 | K51: Muhammet Ahmet Altan | L51: 5306152275 | M51: Adapazarı | N51: Cumhuriyet | O51: Cumhuriyet Mah., Menekşe Sok., No:6, Adapazarı, Sakarya, Türkiye, | P51: Geleneksel | Q51: =COUNTIF('Hedef Liste'!A:A,A51) -> 1
A52: 600d2b9165caa79a1d3ee43b | B52: Atmaca Izgara (Tekeler Mah.) | C52: DOĞRU | D52: Tavuk | E52: 258 | F52: 4 | G52: 6 | H52: 12 | I52: 18 | J52: 0.33 | K52: Muhammet Tayyip Atmaca | L52: 2642784441 | M52: Adapazarı | N52: Tekeler | O52: Karasu Cad., No:144, Adapazarı, Sakarya, Türkiye, | P52: Geleneksel | Q52: =COUNTIF('Hedef Liste'!A:A,A52) -> 1
A53: 600e821fd6c591cd0adff247 | B53: Kardeş Payı Pide (Kemalpaşa Mah.) | C53: YANLIŞ | D53: Pide | E53: 203 | G53: 0 | H53: 26 | I53: 26 | J53: 0 | K53: Enes Çolakoğlu | L53: 5362099354 | M53: Serdivan | N53: Kemalpaşa | O53: Kemalpaşa Mah. Üniversite Cad. G Blok No:64 G/4 Serdivan/Sakarya | P53: Geleneksel | Q53: =COUNTIF('Hedef Liste'!A:A,A53) -> 1
A54: 600de047bce91f6fefa5b341 | B54: Polat Pide (Karaman Mah.) | C54: YANLIŞ | D54: Pide | E54: 92 | G54: 0 | H54: 9 | I54: 9 | J54: 0 | K54: Neşe Şahin | L54: 5535480640 | M54: Adapazarı | N54: Karaman | O54: Karaman Mah., 1777 Küme Evler, No:1, Adapazarı, Sakarya, Türkiye, | P54: Geleneksel | Q54: =COUNTIF('Hedef Liste'!A:A,A54) -> 1
A55: 6012d122d22e22aa9cb5606e | B55: By Boşnak Börekçisi(Çarşı Şube.) | C55: DOĞRU | D55: Börek | E55: 623 | F55: 5 | G55: 4 | H55: 14 | I55: 18 | J55: 0.22 | K55: Hasan Aydınlı | L55: 2647773388 | M55: Adapazarı | N55: Cumhuriyet | O55: Soğan Pazarı Cad., No:24, Adapazarı, Sakarya, Türkiye, | P55: Geleneksel | Q55: =COUNTIF('Hedef Liste'!A:A,A55) -> 1
A56: 6013ac1661fea7179c1ed5be | B56: Osmanlı Pide & Lahmacun, Sapanca (Gazipaşa Mah.) | C56: DOĞRU | D56: Pide | E56: 1053 | F56: 4 | G56: 7 | H56: 7 | I56: 14 | J56: 0.5 | K56: Ayşe Piştofoğlu | L56: 5523836654 | M56: Sapanca | N56: Gazipaşa | O56: Kemalettin Sami Paşa Cad., No:4, Sapanca, Sakarya, Türkiye, | P56: Geleneksel | Q56: =COUNTIF('Hedef Liste'!A:A,A56) -> 1
A57: 6018f365aa213ab3f0e42016 | B57: Adakule Restaurant, Adapazarı (Maltepe Mah.) | C57: DOĞRU | D57: Burger | E57: 2504 | F57: 29 | G57: 4 | H57: 25 | I57: 29 | J57: 0.14 | K57: Mesut Timar | L57: 5324095676 | M57: Adapazarı | N57: Maltepe | O57: Maltepe Mah., Maltepe Cad., No:67, Adapazarı, Sakarya, Türkiye, | P57: Geleneksel | Q57: =COUNTIF('Hedef Liste'!A:A,A57) -> 1
A58: 6018f9c5b93a704591309fa4 | B58: Sapak Döner, Serdivan (Arabacı Alanı Mah.) | C58: DOĞRU | D58: Döner | E58: 226 | G58: 0 | H58: 12 | I58: 12 | J58: 0 | K58: Kadir Koç | L58: 5072870660 | M58: Serdivan | N58: Arabacıalanı | O58: Çark Cad., No:347, Sakarya, Türkiye | P58: Geleneksel | Q58: =COUNTIF('Hedef Liste'!A:A,A58) -> 1
A59: 601a5eb83740f14ec5a0b3e9 | B59: Mevlana Döner (15 Temmuz Camili Mah) | C59: DOĞRU | D59: Döner | E59: 1366 | F59: 13 | G59: 19 | H59: 12 | I59: 31 | J59: 0.61 | K59: Nagihan Hazır | L59: 5543486443 | M59: Adapazarı | N59: 15 Temmuz Camili | O59: CAMİLİ MAH 2. ETAP 339 NOLU İŞ MERKEZİ NO:5 CAMİLİ | P59: Geleneksel | Q59: =COUNTIF('Hedef Liste'!A:A,A59) -> 1
A60: 601a626aef295e5aa0fa7d15 | B60: Urfa Bey Konağı Ocakbaşı,(İstiklal Mah.) | C60: YANLIŞ | D60: Kebap | E60: 207 | G60: 0 | H60: 44 | I60: 44 | J60: 0 | K60: Zeynep Kaplan | L60: 5327117463 | M60: Serdivan | N60: Bahçelievler | O60: Muhsin Yazıcıoğlu Blv., No:3, Serdivan, Sakarya, Türkiye, | P60: Geleneksel | Q60: =COUNTIF('Hedef Liste'!A:A,A60) -> 1
A61: 601b1548000a7783268a04e9 | B61: Fix Döner, Arifiye (Arif Bey Mah.) | C61: YANLIŞ | D61: Döner | E61: 111 | G61: 7 | H61: 27 | I61: 34 | J61: 0.21 | K61: TOLGAY | L61: 2642290909 | M61: Arifiye | N61: Arifbey | O61: Atatürk Cad., No:76, Arifiye, Sakarya, Türkiye, | P61: Geleneksel | Q61: =COUNTIF('Hedef Liste'!A:A,A61) -> 1
A62: 601d11d6002c3033409240d8 | B62: Çardakaltı, Sapanca (Kırkpınar Hasanpaşa Mah.) | C62: DOĞRU | D62: Sokak Lezzetleri | E62: 784 | F62: 23 | G62: 0 | H62: 62 | I62: 62 | J62: 0 | K62: Sevgi Ceylan | L62: 5528375854 | M62: Sapanca | N62: Kırkpınar Hasanpaşa | O62: Kırkpınar Hasanpaşa Mah., İstasyon Cad., No:11, Sapanca, Sakarya, Türkiye, | P62: Geleneksel | Q62: =COUNTIF('Hedef Liste'!A:A,A62) -> 1
A63: 601b19519b217f6c71b3b86f | B63: Bigg Pizza, Arifiye (Arif Bey Mah.) | C63: DOĞRU | D63: Pizza | E63: 135 | G63: 0 | H63: 43 | I63: 43 | J63: 0 | K63: Ömer Faruk VURAL | L63: 5442645484 | M63: Arifiye | N63: Arifbey Boş Alan | O63: Arifbey Mah Şehit gaffar okkan cad. no:7 | P63: Geleneksel | Q63: =COUNTIF('Hedef Liste'!A:A,A63) -> 1
A64: 6019016ff55f40f8e2cac47e | B64: Atalay, Adapazarı (Cumhuriyet Mah.) | C64: DOĞRU | D64: Kebap | E64: 260 | F64: 7 | G64: 16 | H64: 23 | I64: 39 | J64: 0.41 | K64: Özkul Kutluata | L64: 2642784022 | M64: Adapazarı | N64: Cumhuriyet | O64: Cumhuriyet Mah., Adapazarı, Sakarya, Türkiye, | P64: Geleneksel | Q64: =COUNTIF('Hedef Liste'!A:A,A64) -> 1
A65: 601a72514e0a2ae8f714a0c4 | B65: Çeken Aperatif, Adapazarı (Cumhuriyet Mah.) | C65: DOĞRU | D65: Tost & Sandviç | E65: 2419 | F65: 12 | G65: 11 | H65: 27 | I65: 38 | J65: 0.29 | K65: Nurettin Çeken | L65: 5428111120 | M65: Adapazarı | N65: Cumhuriyet | O65: Kurtuluş Mah., Bahçıvan Sok., No:70, Adapazarı, Sakarya, Türkiye, | P65: Geleneksel | Q65: =COUNTIF('Hedef Liste'!A:A,A65) -> 1
A66: 601d04ec2b37cf0ee185ac8f | B66: Ensar Sofrası, Arifiye (Arif Bey Mah.) | C66: DOĞRU | D66: Ev Yemekleri | E66: 414 | F66: 25 | G66: 0 | H66: 28 | I66: 28 | J66: 0 | K66: Aleyna Altuntaş | L66: 2642295434 | M66: Arifiye | N66: Fatih | O66: Atatürk Cad., No:98, Arifiye, Sakarya, Türkiye, | P66: Geleneksel | Q66: =COUNTIF('Hedef Liste'!A:A,A66) -> 1
A67: 601e3e8b98337b6e604cf966 | B67: Gece Pilavcısı, Serdivan (İstiklal Mah.) | C67: YANLIŞ | D67: Sokak Lezzetleri | E67: 262 | G67: 16 | H67: 3 | I67: 19 | J67: 0.84 | K67: Tahsin Mahmutoğlu | L67: 5466116241 | M67: Serdivan | N67: Esentepe | O67: Kemalpaşa Mah., Karabaş Sok., No:12, Serdivan, Sakarya, Türkiye, | P67: Geleneksel | Q67: =COUNTIF('Hedef Liste'!A:A,A67) -> 1
A68: 60210e2e09400e669ecf0662 | B68: Tıkınak, Hendek (Kemaliye Mah.) | C68: DOĞRU | D68: Sokak Lezzetleri | E68: 1455 | F68: 29 | G68: 7 | H68: 37 | I68: 44 | J68: 0.16 | K68: Songül Küçük | L68: 5388987265 | M68: Hendek | N68: Kemaliye | O68: Cumhuriyet Meydanı, No:39A, Hendek, Sakarya, Türkiye, | P68: Geleneksel | Q68: =COUNTIF('Hedef Liste'!A:A,A68) -> 1
A69: 6021111871c5451797020bfb | B69: Lumoss Cafe & Restaurant, Karasu (Yalı Mah.) | C69: DOĞRU | D69: Sokak Lezzetleri | E69: 10 | G69: 0 | H69: 28 | I69: 28 | J69: 0 | K69: İlker Işık | L69: 5335601747 | M69: Karasu | N69: Aziziye | O69: Doğu Karadeniz Cad., No:148, Karasu, Sakarya, Türkiye, | P69: Geleneksel | Q69: =COUNTIF('Hedef Liste'!A:A,A69) -> 1
A70: 60223ee55993bfa83b8fe61b | B70: Cuşka Pide & Lahmacun, Serdivan (Beşköprü Mah.) | C70: DOĞRU | D70: Kebap | E70: 970 | F70: 22 | G70: 13 | H70: 33 | I70: 46 | J70: 0.28 | K70: Elif Öz | L70: 5541794954 | M70: Serdivan | N70: Beşköprü | O70: Beşköprü mah. 3168 sok. No 27c / Serdivan/Sakarya | P70: Geleneksel | Q70: =COUNTIF('Hedef Liste'!A:A,A70) -> 1
A71: 602116082b279fe3a5cecbbb | B71: Patron Döner, Hendek (Başpınar Mah.) | C71: DOĞRU | D71: Döner | E71: 4371 | F71: 2 | G71: 0 | H71: 13 | I71: 13 | J71: 0 | K71: Eren Çalışkan | L71: 5349442965 | M71: Hendek | N71: Başpınar | O71: Başpınar Mah., 1136. Sok., No:7, Hendek, Sakarya, Türkiye, | P71: Geleneksel | Q71: =COUNTIF('Hedef Liste'!A:A,A71) -> 1
A72: 601da276a0e11ace6df9d04d | B72: King Point Cafe & Restaurant (Semerciler Mah.) | C72: YANLIŞ | D72: Burger | E72: 135 | G72: 0 | H72: 104 | I72: 104 | J72: 0 | K72: Serkan Baydar | L72: 5451541154 | M72: Adapazarı | N72: Semerciler | O72: Semerciler Mah., Ambarlı Sokak., No:4, Adapazarı, Sakarya, Türkiye, | P72: Geleneksel | Q72: =COUNTIF('Hedef Liste'!A:A,A72) -> 1
A73: 6023a033f31a703013a8f788 | B73: Orhan Usta Kebap Diyarı, Adapazarı (Cumhuriyet Mah.) | C73: DOĞRU | D73: Kebap | E73: 5516 | F73: 83 | G73: 9 | H73: 29 | I73: 38 | J73: 0.24 | K73: Orhan Demir | L73: 2642744454 | M73: Adapazarı | N73: Cumhuriyet | O73: Cumhuriyet Mah., Şal Sok., No:21, Adapazarı, Sakarya, Türkiye, | P73: Geleneksel | Q73: =COUNTIF('Hedef Liste'!A:A,A73) -> 1
A74: 601dcb046d12e94755486a92 | B74: Pizza & Kebap House (Bahçelievler Mah.) | C74: DOĞRU | D74: Pizza | E74: 624 | G74: 32 | H74: 135 | I74: 167 | J74: 0.19 | K74: Ömer Naroğlu | L74: 5418157310 | M74: Adapazarı | N74: Mithatpaşa | O74: Kirişhane Cad., No:93/B, Serdivan, Sakarya, Türkiye, | P74: Geleneksel | Q74: =COUNTIF('Hedef Liste'!A:A,A74) -> 1
A75: 602546039d62093f42636010 | B75: Taşfırın Lahmacun, Adapazarı (Tığcılar Mah.) | C75: DOĞRU | D75: Pide | E75: 210 | F75: 4 | G75: 12 | H75: 6 | I75: 18 | J75: 0.67 | K75: Murat Gülez | L75: 5354054736 | M75: Adapazarı | N75: Orta | O75: Kavaklar Cad., No:28, Adapazarı, Sakarya, Türkiye, | P75: Geleneksel | Q75: =COUNTIF('Hedef Liste'!A:A,A75) -> 1
A76: 603f4d9bdc8b32fd7bc321a9 | B76: Cafe'de Pizza, Sapanca (Kırkpınar Hasanpaşa Mah.) | C76: DOĞRU | D76: Pizza | E76: 540 | G76: 0 | H76: 143 | I76: 143 | J76: 0 | K76: İbrahim Üstünel | L76: 5549463381 | M76: Sapanca | N76: Kırkpınar Hasanpaşa | O76: Bağdat Cad., No:119, Sapanca, Sakarya, Türkiye, | P76: Geleneksel | Q76: =COUNTIF('Hedef Liste'!A:A,A76) -> 1
A77: 604a63ca0a4ea480acb39aeb | B77: Komagene Etsiz Çiğ Köfte, Sedirvan (32 Evler Mah.) | C77: DOĞRU | D77: Çiğ Köfte | E77: 2009 | F77: 17 | G77: 76 | H77: 10 | I77: 86 | J77: 0.88 | K77: Esra Gonca Parlar | L77: 5432250054 | M77: Serdivan | N77: Otuziki Evler | O77: 32 EVLER MH. BEŞKÖPRÜ CD. NO:48 | P77: Key | Q77: =COUNTIF('Hedef Liste'!A:A,A77) -> 0
A78: 604a7093d1bc9eb294530cc0 | B78: Komagene Etsiz Çiğ Köfte, Adapazarı (Semerciler Mah.) | C78: DOĞRU | D78: Çiğ Köfte | E78: 635 | F78: 11 | G78: 46 | H78: 3 | I78: 49 | J78: 0.94 | K78: Esra Gonca Parlar | L78: 5066893638 | M78: Adapazarı | N78: Cumhuriyet | O78: SEMERCİLER MH. ÇARK CD. 137/E | P78: Key | Q78: =COUNTIF('Hedef Liste'!A:A,A78) -> 0
A79: 6040ae6991adfc1d8ca7875a | B79: Göktürk Baklava & Börek, Serdivan (Bahçelievler Mah.) | C79: YANLIŞ | D79: Pasta & Tatlı | E79: 44 | G79: 10 | H79: 57 | I79: 67 | J79: 0.15 | K79: Ömer Hakan Demir | L79: 5300530054 | M79: Serdivan | N79: Bahçelievler | O79: Bağlar Cad., No:134, Serdivan, Sakarya, Türkiye, | P79: Geleneksel | Q79: =COUNTIF('Hedef Liste'!A:A,A79) -> 1
A80: 603f4804b33aa74849d5c2e6 | B80: Yeni Cami Lokantası, Sapanca (Çayiçi Mah.) | C80: DOĞRU | D80: Ev Yemekleri | E80: 577 | G80: 0 | H80: 16 | I80: 16 | J80: 0 | K80: Melih Aydın | L80: 5317038600 | M80: Sapanca | N80: Çayiçi | O80: Çayiçi Mah., Çarşıiçi Cad., No:43, Sapanca, Sakarya, Türkiye, | P80: Geleneksel | Q80: =COUNTIF('Hedef Liste'!A:A,A80) -> 1
A81: 60451fb17f1ab820c9d931d9 | B81: Pideci Ayhan, Hendek (Başpınar Mah.) | C81: DOĞRU | D81: Pide | E81: 1400 | F81: 13 | G81: 21 | H81: 15 | I81: 36 | J81: 0.58 | K81: Ayhan Çakar | L81: 2646142040 | M81: Hendek | N81: Başpınar | O81: Başpınar Mah., Şehit Ali Gaffar Okkan Cad., No:34A, Hendek, Sakarya, Türkiye, | P81: Geleneksel | Q81: =COUNTIF('Hedef Liste'!A:A,A81) -> 1
A82: 604c85027b79054fd46952ec | B82: Mint Appetizer, Kırkpınar ( Hasanpaşa Mah.) | C82: YANLIŞ | D82: Ev Yemekleri | G82: 0 | H82: 19 | I82: 19 | J82: 0 | K82: Derya Türker | L82: 5327252450 | M82: Sapanca | N82: Kırkpınar Hasanpaşa | O82: Kırkpınar Hasanpaşa Mah., İstasyon Cad., No:46, Sapanca, Sakarya, Türkiye, | P82: Geleneksel | Q82: =COUNTIF('Hedef Liste'!A:A,A82) -> 1
A83: 605da8f51d92b2f2bf7327f7 | B83: Öncü Döner, Serdivan (İstiklal Mah.) | C83: DOĞRU | D83: Döner | E83: 11201 | F83: 244 | G83: 0 | H83: 14 | I83: 14 | J83: 0 | K83: Berat Akyol | L83: 2642736628 | M83: Serdivan | N83: İstiklal | O83: İstiklal Mah. Bağlar Cad. No:71 Serdivan/Sakarya | P83: Key | Q83: =COUNTIF('Hedef Liste'!A:A,A83) -> 1
A84: 601b9f6012aa733350662c36 | B84: Emmimoğlu Pide Lahmacun, Sapanca (Merkez) | C84: DOĞRU | D84: Pide | E84: 532 | F84: 11 | G84: 0 | H84: 33 | I84: 33 | J84: 0 | K84: Eray Aktaş | L84: 5320641254 | M84: Sapanca | N84: Rüstempaşa | O84: Rüstempaşa Mah., Karaoğlanoğlu Cad., No:19, Sapanca, Sakarya, Türkiye, | P84: Geleneksel | Q84: =COUNTIF('Hedef Liste'!A:A,A84) -> 1
A85: 602101ec1f27d5047d875cce | B85: Mia Mutfak & Izgara, Adapazarı (Cumhuriyet Mah.) | C85: YANLIŞ | D85: Tavuk | G85: 0 | H85: 48 | I85: 48 | J85: 0 | K85: Selim Aktaş | L85: 5512171709 | M85: Adapazarı | N85: Yağcılar | O85: Yağcılar Mah., Kanal Sok., No:26, Adapazarı, Sakarya, Türkiye, | P85: Geleneksel | Q85: =COUNTIF('Hedef Liste'!A:A,A85) -> 1
A86: 602101ef252c44af5313b3fb | B86: Mia Mutfak & Izgara, Serdivan (İstiklal Mah.) | C86: YANLIŞ | D86: Tavuk | E86: 2 | G86: 0 | H86: 55 | I86: 55 | J86: 0 | K86: Selim Aktaş | L86: 5512171709 | M86: Serdivan | N86: Bahçelievler | O86: Yağcılar Mah., Kanal Sok., No:26, Adapazarı, Sakarya, Türkiye, | P86: Geleneksel | Q86: =COUNTIF('Hedef Liste'!A:A,A86) -> 1
A87: 60211245bb8fd0271084ad66 | B87: Poyraz Burger, Karasu (İncilli Mah.) | C87: DOĞRU | D87: Burger | E87: 102 | G87: 0 | H87: 11 | I87: 11 | J87: 0 | K87: Murat Poyraz | L87: 5466962137 | M87: Karasu | N87: Aziziye | O87: Doğu Karadeniz Cad., No:226 A, Karasu, Sakarya, Türkiye, | P87: Geleneksel | Q87: =COUNTIF('Hedef Liste'!A:A,A87) -> 1
A88: 601ba37f16e9827d8c205fa6 | B88: Pizza Vegas, Serdivan (Kemalpaşa Mah.) | C88: DOĞRU | D88: Pizza | E88: 930 | F88: 22 | G88: 0 | H88: 31 | I88: 31 | J88: 0 | K88: Fatih özer | L88: 2645022777 | M88: Serdivan | N88: Kemalpaşa | O88: Kemalpaşa Mah., Üniversite Cad., No:33, Serdivan, Sakarya, Türkiye, | P88: Geleneksel | Q88: =COUNTIF('Hedef Liste'!A:A,A88) -> 1
A89: 60225107994d40239bfbe14c | B89: Sport Food, Adapazarı (Semerciler Mah. - Çark Cad.) | C89: YANLIŞ | D89: Tavuk | E89: 299 | G89: 0 | H89: 10 | I89: 10 | J89: 0 | K89: Aysel Ayhan | L89: 5057766644 | M89: Adapazarı | N89: Cumhuriyet | O89: Cumhuriyet Mah., Kanara Sok., No:15, Adapazarı, Sakarya, Türkiye, | P89: Geleneksel | Q89: =COUNTIF('Hedef Liste'!A:A,A89) -> 1
A90: 60238bc0e36a14486f688337 | B90: Kaşık, Serdivan (Kemalpaşa Mah.) | C90: DOĞRU | D90: Ev Yemekleri | E90: 3417 | F90: 151 | G90: 22 | H90: 38 | I90: 60 | J90: 0.37 | K90: MESUT YILDIRIM | L90: 5537705400 | M90: Serdivan | N90: Kemalpaşa | O90: Kemalpaşa Mah., Üniversite Cad., No:84, Serdivan, Sakarya, Türkiye, | P90: Geleneksel | Q90: =COUNTIF('Hedef Liste'!A:A,A90) -> 1
A91: 602541f72f6cd8819d7d795b | B91: Centilmen Döner & Islama Köfte, Serdivan (İstiklal Mah.) | C91: YANLIŞ | D91: Köfte | G91: 0 | H91: 33 | I91: 33 | J91: 0 | K91: Erhan Çalışkan | L91: 5447786841 | M91: Serdivan | N91: Kemalpaşa | O91: Kemalpaşa Mah Bağlar Cad. No :92 Serdivan/Sakarya | P91: Geleneksel | Q91: =COUNTIF('Hedef Liste'!A:A,A91) -> 1
A92: 602254f1bd458988a3a2707e | B92: Katık Döner (Kemalpaşa Mah.) | C92: DOĞRU | D92: Pizza | E92: 9691 | F92: 475 | G92: 0 | H92: 12 | I92: 12 | J92: 0 | K92: Yusuf Canayakın | L92: 5433460807 | M92: Serdivan | N92: Kemalpaşa | O92: Kemalpaşa Mah., Üniversite Cad., No:39, Serdivan, Sakarya, Türkiye, | P92: Geleneksel | Q92: =COUNTIF('Hedef Liste'!A:A,A92) -> 1
A93: 60224d20627f6e54dcb4de0b | B93: Dy Çıtır Lahmacun & Pide, Adapazarı (Cumhuriyet Mah.) | C93: DOĞRU | D93: Pide | E93: 610 | G93: 7 | H93: 10 | I93: 17 | J93: 0.41 | K93: Emel Tarancı | L93: 5304312412 | M93: Adapazarı | N93: Cumhuriyet | O93: Soğan Pazarı Cad., No:21, Adapazarı, Sakarya, Türkiye, | P93: Geleneksel | Q93: =COUNTIF('Hedef Liste'!A:A,A93) -> 1
A94: 603df9bfb84783a4730fada6 | B94: King Cake, Adapazarı (Cumhuriyet Mah.) | C94: DOĞRU | D94: Pasta & Tatlı | E94: 259 | F94: 2 | G94: 3 | H94: 6 | I94: 9 | J94: 0.33 | K94: Serkan Baydar | L94: 5442733273 | M94: Adapazarı | N94: Cumhuriyet | O94: Sedat Kirtetepe Cad., No:10/2A, Adapazarı, Sakarya, Türkiye, | P94: Geleneksel | Q94: =COUNTIF('Hedef Liste'!A:A,A94) -> 1
A95: 603dfbbcb3d2c3527538f8a3 | B95: Yakamoz Tantuni, Serdivan (Kemalpaşa Mah.) | C95: DOĞRU | D95: Sokak Lezzetleri | E95: 2916 | F95: 315 | G95: 14 | H95: 25 | I95: 39 | J95: 0.36 | K95: Ömer Faruk Tağma | L95: 2645024549 | M95: Serdivan | N95: Kemalpaşa | O95: Kemalpaşa Mah., Üniversite Cad., No:39, Serdivan, Sakarya, Türkiye, | P95: Geleneksel | Q95: =COUNTIF('Hedef Liste'!A:A,A95) -> 1
A96: 6040b068d3409b1e590d529f | B96: By Patso's, Serdivan (Kemalpaşa Mah.) | C96: YANLIŞ | D96: Sokak Lezzetleri | E96: 58 | G96: 0 | H96: 32 | I96: 32 | J96: 0 | K96: Samet Yıldırım | L96: 5322302893 | M96: Serdivan | N96: Sakarya Üniversitesi 1. Bölge | O96: Sakarya Üniversitesi Kampüs Çarşısı No :8 serdivan sakarya | P96: Geleneksel | Q96: =COUNTIF('Hedef Liste'!A:A,A96) -> 1
A97: 604a181e7f1ab85cf5db39fe | B97: Komagene Etsiz Çiğ Köfte, Adapazarı (Kurtuluş Mah.) | C97: DOĞRU | D97: Çiğ Köfte | E97: 933 | F97: 20 | G97: 110 | H97: 10 | I97: 120 | J97: 0.92 | K97: Esra Gonca Parlar | L97: 5423592732 | M97: Adapazarı | N97: Cumhuriyet | O97: KURTULUŞ MH.BAHÇIVAN SK. NO:100/A ADAPAZARI / SAKARYA | P97: Key | Q97: =COUNTIF('Hedef Liste'!A:A,A97) -> 0
A98: 604a2451763a42620e896128 | B98: Komagene Etsiz Çiğ Köfte, Adapazarı (Korucuk Mah.) | C98: DOĞRU | D98: Çiğ Köfte | E98: 916 | F98: 23 | G98: 41 | H98: 2 | I98: 43 | J98: 0.95 | K98: Esra Gonca Parlar | L98: 5351007565 | M98: Adapazarı | N98: Korucuk | O98: KORUCUK MH. KEREM COŞKUN CD. 17 D | P98: Key | Q98: =COUNTIF('Hedef Liste'!A:A,A98) -> 0
A99: 604a3abd0392aa0956238585 | B99: Komagene Etsiz Çiğ Köfte, Adapazarı (Orta Mah.) | C99: DOĞRU | D99: Çiğ Köfte | E99: 222 | F99: 3 | G99: 55 | H99: 2 | I99: 57 | J99: 0.96 | K99: Esra Gonca Parlar | L99: 5418868690 | M99: Adapazarı | N99: Karaosman | O99: ORTA MH. SOĞANPAZARI CD. ÇİFTÇİ APARTMANI 81/A | P99: Key | Q99: =COUNTIF('Hedef Liste'!A:A,A99) -> 0
A100: 600751b137de62284bb3bb0c | B100: Sevgili İskender (Çark Caddesi) | C100: DOĞRU | D100: Döner | E100: 4442 | G100: 13 | H100: 33 | I100: 46 | J100: 0.28 | K100: Veysel Sevgili | L100: 2642720115 | M100: Adapazarı | N100: Semerciler | O100: Çark Cad., No:74, Sakarya, Türkiye, | P100: Geleneksel | Q100: =COUNTIF('Hedef Liste'!A:A,A100) -> 1
...

Sheet Durum Parametreler
C2: Başka Şubeden Çekilecek | H2: Mertcan
C3: BlackList | F3: Burak Kavakçı | H3: Enes
A4: 44197 | C4: Çekim İstemiyor | F4: Zeynep Yazıcı | H4: Ezgi Turan
A5: 44198 | C5: Devir | H5: Hatem Soyaslan
A6: 44199 | C6: Dönüş Yapacak | H6: Zeliha Özer
A7: 44200 | C7: Franchise | H7: Emre Dalgıç
A8: 44201 | C8: İleride Randevu Alınacak | H8: Gül Değirmenci
A9: 44202 | C9: Lokasyon Uzak | H9: Yurdagül Kulaksız
A10: 44203 | C10: Haziran'da Aranacak | H10: Ayfer Altın
A11: 44204 | C11: Menü Güncellemesi Yapılacak | F11: Ayşegül Kır | H11: Ayşegül Kır
A12: 44205 | C12: Personel Eksik | F12: Betül Demir | H12: Damla Kılcı
A13: 44206 | C13: Randevu Alındı | F13: Hatem Soyaslan | H13: Özlem arslan
A14: 44207 | C14: Randevu İptal | F14: Selcan Topçu | H14: Beyza gülşah
A15: 44208 | C15: Restoran Silindi | F15: Sude Alkan | H15: Özlem gümüş
A16: 44209 | C16: Sistemden Çıkmak İstiyor | F16: Yurdagül Kulaksız | H16: Tuğba Buyur
A17: 44210 | C17: Tadilat Var | F17: Zeliha Özer | H17: Kadriye Polat
A18: 44211 | C18: Ulaşılamadı | F18: Ferhat Köksal | H18: Şükriye Demir
A19: 44212 | C19: Yılbaşından Sonra Aranacak | F19: Enes Günal | H19: Ece Bayındır
A20: 44213 | F20: Serap Apaydın | H20: Senanur Çınar
A21: 44214 | C21: Dönüş Yapacak | H21: Şura Özcan
A22: 44215 | C22: Görüşüldü | H22: Funda Ünlü
A23: 44216 | C23: Tekrar Aranacak | H23: Sıla Göksunaz Esen
A24: 44217 | C24: Ulaşılamadı | H24: Emel Yılmaz
A25: 44218 | C25: Yetkili Yok | H25: Ecem Ersöz
A26: 44219 | H26: Livanur Elibol
A27: 44220 | C27: Hemen Randevu İstiyorum | H27: Eda Cıbır
A28: 44221 | C28: Fotoğraflarım Var | H28: Meryem Yalabık
A29: 44222 | C29: İleride Randevu İstiyorum | H29: Serenay Yalabık
A30: 44223
A31: 44224
A32: 44225 | C32: Randevu Alınabilir
A33: 44226 | C33: Çekim İstemiyor
A34: 44227 | C34: Fotoğrafları Yok - Randevu Alınabilir
A35: 44228 | C35: Fotoğrafları Gönderecek
A36: 44229
A37: 44230
A38: 44231
A39: 44232
A40: 44233
A41: 44234
A42: 44235
A43: 44236
A44: 44237
A45: 44238
A46: 44239
A47: 44240
... A820: 45013

Sheet Sayfa12
A1: 6071ce22e66040e3b5ba79c7 | B1: =VLOOKUP(A1,'Hedef Liste'!A:T,20) -> İleride Randevu Alınacak | C1: =VLOOKUP(A1,'Hedef Liste'!A:Y,25)
A2: 607e94bf78e84cd044d98fbb | B2: =VLOOKUP(A2,'Hedef Liste'!A:T,20) -> Franchise | C2: =VLOOKUP(A2,'Hedef Liste'!A:Y,25)
A3: 606c43c7fbec05d65a17c1ef | B3: =VLOOKUP(A3,'Hedef Liste'!A:T,20) -> İleride Randevu Alınacak | C3: =VLOOKUP(A3,'Hedef Liste'!A:Y,25)
A4: 6007e68de13dbd621a5c3b07 | B4: =VLOOKUP(A4,'Hedef Liste'!A:T,20) -> #N/A | C4: =VLOOKUP(A4,'Hedef Liste'!A:Y,25) -> #N/A
A5: 60a64fa277346a34507a60a2 | B5: =VLOOKUP(A5,'Hedef Liste'!A:T,20) | C5: =VLOOKUP(A5,'Hedef Liste'!A:Y,25)
A6: 601b19519b217f6c71b3b86f | B6: =VLOOKUP(A6,'Hedef Liste'!A:T,20) -> Randevu Alındı | C6: =VLOOKUP(A6,'Hedef Liste'!A:Y,25) -> 44300
A7: 607a98ead384d4985ad2c708 | B7: =VLOOKUP(A7,'Hedef Liste'!A:T,20) -> Franchise | C7: =VLOOKUP(A7,'Hedef Liste'!A:Y,25)
A8: 608818cce7384949ae5fcc1c | B8: =VLOOKUP(A8,'Hedef Liste'!A:T,20) -> Franchise | C8: =VLOOKUP(A8,'Hedef Liste'!A:Y,25)

Sheet özet
G4: Tarih | H4: Başarılı Randevu | I4: İptal Randevu | J4: Top. Rest | K4: =COUNTIFS(import!$C:$C,"true",import!$P:$P,"Geleneksel") -> 0 | O4: İptal Randevu | P4: Fotoğraflandırılan Top. Ürün | Q4: Fotoğraflandırılan Ort. Ürün
B5: Başka Şubeden Çekilecek | C5: =COUNTIFS('Hedef Liste'!T:T,B5,'Hedef Liste'!C:C,"doğru",'Hedef Liste'!P:P,"Geleneksel",'Hedef Liste'!J:J,"=0%") -> 4 | D5: toplam rest | E5: =COUNTIFS(import!C:C,"doğru",import!P:P,"Geleneksel") -> 307 | J5: Fotoğraflı | K5: =COUNTIFS(import!$C:$C,"true",import!$P:$P,"Geleneksel",import!$J:$J,">0%") -> 0 | M5: =$K$5/$K$4 -> #DIV/0!
B6: BlackList | C6: =COUNTIFS('Hedef Liste'!T:T,B6,'Hedef Liste'!C:C,"doğru",'Hedef Liste'!P:P,"Geleneksel",'Hedef Liste'!J:J,"=0%") -> 1 | D6: fotoğraflı | E6: =COUNTIFS(import!C:C,"doğru",import!P:P,"Geleneksel",import!J:J,">0%") -> 143
B7: Çekim İstemiyor | C7: =COUNTIFS('Hedef Liste'!T:T,B7,'Hedef Liste'!C:C,"doğru",'Hedef Liste'!P:P,"Geleneksel",'Hedef Liste'!J:J,"=0%") -> 16 | D7: % | E7: =E6/E5 -> 0.46579805 | J7: Ürün Adet | K7: 0-25 | M7: 25+ | S7: İptal Oranı
B8: Devir | C8: =COUNTIFS('Hedef Liste'!T:T,B8,'Hedef Liste'!C:C,"doğru",'Hedef Liste'!P:P,"Geleneksel",'Hedef Liste'!J:J,"=0%") -> 0 | J8: Fotoğraflı | K8: =COUNTIFS(import!$C:$C,"true",import!$J:$J,">0%",import!$P:$P,"Geleneksel",import!$I:$I,"<=25") -> 0 | L8: =K8/K5 -> #DIV/0! | M8: =COUNTIFS(import!C:C,"true",import!J:J,">0%",import!P:P,"Geleneksel",import!I:I,">25") -> 0 | N8: =M8/K5 -> #DIV/0! | S8: =O13/N13 -> #DIV/0!
B9: Dönüş Yapacak | C9: =COUNTIFS('Hedef Liste'!T:T,B9,'Hedef Liste'!C:C,"doğru",'Hedef Liste'!P:P,"Geleneksel",'Hedef Liste'!J:J,"=0%") -> 1 | J9: 0-20% | K9: =COUNTIFS(import!C:C,"true",import!J:J,">0%",import!J:J,"<=20%",import!P:P,"Geleneksel",import!I:I,"<=25") -> 0 | L9: =K9/K8 -> #DIV/0! | M9: =COUNTIFS(import!C:C,"true",import!J:J,">0%",import!J:J,"<=20%",import!P:P,"Geleneksel",import!I:I,">25") -> 0 | N9: =M9/M8 -> #DIV/0!
B10: Franchise | C10: =COUNTIFS('Hedef Liste'!T:T,B10,'Hedef Liste'!C:C,"doğru",'Hedef Liste'!P:P,"Geleneksel",'Hedef Liste'!J:J,"=0%") -> 6 | J10: 21-50% | K10: =COUNTIFS(import!C:C,"true",import!J:J,">20%",import!J:J,"<=50%",import!P:P,"Geleneksel",import!I:I,"<=25") -> 0 | L10: =K10/K8 -> #DIV/0! | M10: =COUNTIFS(import!C:C,"true",import!J:J,">20%",import!J:J,"<=50%",import!P:P,"Geleneksel",import!I:I,">25") -> 0 | N10: =M10/M8 -> #DIV/0!
B11: İleride Randevu Alınacak | C11: =COUNTIFS('Hedef Liste'!T:T,B11,'Hedef Liste'!C:C,"doğru",'Hedef Liste'!P:P,"Geleneksel",'Hedef Liste'!J:J,"=0%") -> 16 | J11: 51-80% | K11: =COUNTIFS(import!C:C,"true",import!J:J,">50%",import!J:J,"<=80%",import!P:P,"Geleneksel",import!I:I,"<=25") -> 0 | L11: =K11/K8 -> #DIV/0! | M11: =COUNTIFS(import!C:C,"true",import!J:J,">50%",import!J:J,"<=80%",import!P:P,"Geleneksel",import!I:I,">25") -> 0 | N11: =M11/M8 -> #DIV/0!
B12: Lokasyon Uzak | C12: =COUNTIFS('Hedef Liste'!T:T,B12,'Hedef Liste'!C:C,"doğru",'Hedef Liste'!P:P,"Geleneksel",'Hedef Liste'!J:J,"=0%") -> 0 | J12: >80% | K12: =COUNTIFS(import!C:C,"true",import!J:J,">80%",import!P:P,"Geleneksel",import!I:I,"<=25") -> 0 | L12: =K12/K8 -> #DIV/0! | M12: =COUNTIFS(import!C:C,"true",import!J:J,">80%",import!P:P,"Geleneksel",import!I:I,">25") -> 0 | N12: =M12/M8 -> #DIV/0!
B13: Haziran'da Aranacak | C13: =COUNTIFS('Hedef Liste'!T:T,B13,'Hedef Liste'!C:C,"doğru",'Hedef Liste'!P:P,"Geleneksel",'Hedef Liste'!J:J,"=0%") -> 0
B14: Menü Güncellemesi Yapılacak | C14: =COUNTIFS('Hedef Liste'!T:T,B14,'Hedef Liste'!C:C,"doğru",'Hedef Liste'!P:P,"Geleneksel",'Hedef Liste'!J:J,"=0%") -> 0
B15: Personel Eksik | C15: =COUNTIFS('Hedef Liste'!T:T,B15,'Hedef Liste'!C:C,"doğru",'Hedef Liste'!P:P,"Geleneksel",'Hedef Liste'!J:J,"=0%") -> 0
B16: Randevu Alındı | C16: =COUNTIFS('Hedef Liste'!T:T,B16,'Hedef Liste'!C:C,"doğru",'Hedef Liste'!P:P,"Geleneksel",'Hedef Liste'!J:J,"=0%") -> 4
B17: Randevu İptal | C17: =COUNTIFS('Hedef Liste'!T:T,B17,'Hedef Liste'!C:C,"doğru",'Hedef Liste'!P:P,"Geleneksel",'Hedef Liste'!J:J,"=0%") -> 4
B18: Restoran Silindi | C18: =COUNTIFS('Hedef Liste'!T:T,B18,'Hedef Liste'!C:C,"doğru",'Hedef Liste'!P:P,"Geleneksel",'Hedef Liste'!J:J,"=0%") -> 2
B19: Sistemden Çıkmak İstiyor | C19: =COUNTIFS('Hedef Liste'!T:T,B19,'Hedef Liste'!C:C,"doğru",'Hedef Liste'!P:P,"Geleneksel",'Hedef Liste'!J:J,"=0%") -> 6
B20: Tadilat Var | C20: =COUNTIFS('Hedef Liste'!T:T,B20,'Hedef Liste'!C:C,"doğru",'Hedef Liste'!P:P,"Geleneksel",'Hedef Liste'!J:J,"=0%") -> 2
B21: Ulaşılamadı | C21: =COUNTIFS('Hedef Liste'!T:T,B21,'Hedef Liste'!C:C,"doğru",'Hedef Liste'!P:P,"Geleneksel",'Hedef Liste'!J:J,"=0%") -> 4
B22: Ramazandan Sonra Randevu Istiyor | C22: =COUNTIFS('Hedef Liste'!T:T,B22,'Hedef Liste'!C:C,"doğru",'Hedef Liste'!P:P,"Geleneksel",'Hedef Liste'!J:J,"=0%") -> 0
B23: Fotoğrafı Var | C23: =COUNTIFS('Hedef Liste'!S:S,"True",'Hedef Liste'!C:C,"doğru",'Hedef Liste'!P:P,"Geleneksel",'Hedef Liste'!J:J,"=0%",'Hedef Liste'!T:T,"") -> 22
B24: TOPLAM | C24: =SUM(C5:C23) -> 88 | D24: =COUNTIFS('Hedef Liste'!C:C,"true",'Hedef Liste'!P:P,"Geleneksel") -> 0
B27: Randevu Başarı %
B28: =C16/COUNTIFS('Hedef Liste'!R:R,"true",'Hedef Liste'!C:C,"true") -> #DIV/0!
