Workbook

Sheet Özet
C2: Adıyaman | D2: Afyon | E2: Amasya | F2: Bartın | G2: Bilecik | H2: Bolu | I2: Çankırı | J2: Diyarbakır | K2: Düzce | L2: Elazığ | M2: Erzurum | N2: Giresun | O2: Iğdır | P2: Karabük | Q2: Kastamonu | R2: Kırklareli | S2: Konya | T2: Malatya | U2: Ordu | V2: Osmaniye | W2: Sinop | X2: Tokat | Y2: Uşak | Z2: Yalova | AA2: Zonguldak | AB2: Karaman
B3: Başka Şubeden Çekilecek | C3: =COUNTIFS('Hedef Liste Adıyaman'!R:R,B3,'Hedef Liste Adıyaman'!C:C,"doğru",'Hedef Liste Adıyaman'!J:J,"=0%",'Hedef Liste Adıyaman'!P:P,"Geleneksel") -> 5 | D3: =COUNTIFS('Hedef Liste Afyon'!R:R,B3,'Hedef Liste Afyon'!C:C,"true",'Hedef Liste Afyon'!J:J,"=0%",'Hedef Liste Afyon'!P:P,"Geleneksel") -> 2 | E3: =COUNTIFS('Hedef Liste Amasya'!R:R,B3,'Hedef Liste Amasya'!C:C,"doğru",'Hedef Liste Amasya'!J:J,"=0%",'Hedef Liste Amasya'!P:P,"Geleneksel") -> 0 | F3: =COUNTIFS('Hedef Liste Bartın'!R:R,B3,'Hedef Liste Bartın'!C:C,"doğru",'Hedef Liste Bartın'!J:J,"=0%",'Hedef Liste Bartın'!P:P,"Geleneksel") -> 0 | G3: =COUNTIFS('Hedef Liste Bilecik'!R:R,B3,'Hedef Liste Bilecik'!C:C,"doğru",'Hedef Liste Bilecik'!J:J,"=0%",'Hedef Liste Bilecik'!P:P,"Geleneksel") -> 0 | H3: =COUNTIFS('Hedef Liste Bolu'!R:R,B3,'Hedef Liste Bolu'!C:C,"doğru",'Hedef Liste Bolu'!J:J,"=0%",'Hedef Liste Bolu'!P:P,"Geleneksel") -> 0 | I3: =COUNTIFS('Hedef Liste Çankırı'!R:R,B3,'Hedef Liste Çankırı'!C:C,"doğru",'Hedef Liste Çankırı'!J:J,"=0%",'Hedef Liste Çankırı'!P:P,"Geleneksel") -> 0 | J3: =COUNTIFS('Hedef Liste Diyarbakır'!R:R,B3,'Hedef Liste Diyarbakır'!C:C,"doğru",'Hedef Liste Diyarbakır'!J:J,"=0%",'Hedef Liste Diyarbakır'!P:P,"Geleneksel") -> 0 | K3: =COUNTIFS('Hedef Liste Düzce'!R:R,B3,'Hedef Liste Düzce'!C:C,"true",'Hedef Liste Düzce'!J:J,"=0%",'Hedef Liste Düzce'!P:P,"Geleneksel") -> 0 | L3: =COUNTIFS('Hedef Liste Elazığ'!R:R,B3,'Hedef Liste Elazığ'!C:C,"doğru",'Hedef Liste Elazığ'!J:J,"=0%",'Hedef Liste Elazığ'!P:P,"Geleneksel") -> 0 | M3: =COUNTIFS('Hedef Liste Erzurum'!R:R,B3,'Hedef Liste Erzurum'!C:C,"true",'Hedef Liste Erzurum'!J:J,"=0%",'Hedef Liste Erzurum'!P:P,"Geleneksel") -> 4 | N3: =COUNTIFS('Hedef Liste Giresun'!R:R,B3,'Hedef Liste Giresun'!C:C,"doğru",'Hedef Liste Giresun'!J:J,"=0%",'Hedef Liste Giresun'!P:P,"Geleneksel") -> 0 | O3: =COUNTIFS('Hedef Liste Iğdır'!R:R,B3,'Hedef Liste Iğdır'!C:C,"doğru",'Hedef Liste Iğdır'!J:J,"=0%",'Hedef Liste Iğdır'!P:P,"Geleneksel") -> 0 | P3: =COUNTIFS('Hedef Liste Karabük'!R:R,B3,'Hedef Liste Karabük'!C:C,"true",'Hedef Liste Karabük'!J:J,"=0%",'Hedef Liste Karabük'!P:P,"Geleneksel") -> 0 | Q3: =COUNTIFS('Hedef Liste Kastamonu'!R:R,B3,'Hedef Liste Kastamonu'!C:C,"true",'Hedef Liste Kastamonu'!J:J,"=0%",'Hedef Liste Kastamonu'!P:P,"Geleneksel") -> 0 | R3: =COUNTIFS('Hedef Liste Kırklareli'!R:R,B3,'Hedef Liste Kırklareli'!C:C,"doğru",'Hedef Liste Kırklareli'!J:J,"=0%",'Hedef Liste Kırklareli'!P:P,"Geleneksel") -> 0 | S3: =COUNTIFS('Hedef Liste Konya'!R:R,B3,'Hedef Liste Konya'!C:C,"doğru",'Hedef Liste Konya'!J:J,"=0%",'Hedef Liste Konya'!P:P,"Geleneksel") -> 11 | T3: =COUNTIFS('Hedef Liste Malatya'!R:R,B3,'Hedef Liste Malatya'!C:C,"doğru",'Hedef Liste Malatya'!J:J,"=0%",'Hedef Liste Malatya'!P:P,"Geleneksel") -> 6 | U3: =COUNTIFS('Hedef Liste Ordu'!R:R,B3,'Hedef Liste Ordu'!C:C,"true",'Hedef Liste Ordu'!J:J,"=0%",'Hedef Liste Ordu'!P:P,"Geleneksel") -> 6 | V3: =COUNTIFS('Hedef Liste Osmaniye'!R:R,B3,'Hedef Liste Osmaniye'!C:C,"doğru",'Hedef Liste Osmaniye'!J:J,"=0%",'Hedef Liste Osmaniye'!P:P,"Geleneksel") -> 0 | W3: =COUNTIFS('Hedef Liste Sinop'!T:T,B3,'Hedef Liste Sinop'!C:C,"doğru",'Hedef Liste Sinop'!J:J,"=0%",'Hedef Liste Sinop'!P:P,"Geleneksel") -> 0 | X3: =COUNTIFS('Hedef Liste Tokat'!R:R,B3,'Hedef Liste Tokat'!C:C,"doğru",'Hedef Liste Tokat'!J:J,"=0%",'Hedef Liste Tokat'!P:P,"Geleneksel") -> 3 | Y3: =COUNTIFS('Hedef Liste Uşak'!R:R,B3,'Hedef Liste Uşak'!C:C,"true",'Hedef Liste Uşak'!J:J,"=0%",'Hedef Liste Uşak'!P:P,"Geleneksel") -> 0 | Z3: =COUNTIFS('Hedef Liste Yalova'!R:R,B3,'Hedef Liste Yalova'!C:C,"true",'Hedef Liste Yalova'!J:J,"=0%",'Hedef Liste Yalova'!P:P,"Geleneksel") -> 0 | AA3: =COUNTIFS('Hedef Liste Zonguldak'!R:R,B3,'Hedef Liste Zonguldak'!C:C,"true",'Hedef Liste Zonguldak'!J:J,"=0%",'Hedef Liste Zonguldak'!P:P,"Geleneksel") -> 0 | AB3: =COUNTIFS('Hedef Liste Karaman'!R:R,B3,'Hedef Liste Karaman'!C:C,"doğru",'Hedef Liste Karaman'!J:J,"=0%",'Hedef Liste Karaman'!P:P,"Geleneksel") -> 0
B4: BlackList | C4: =COUNTIFS('Hedef Liste Adıyaman'!R:R,B4,'Hedef Liste Adıyaman'!C:C,"doğru",'Hedef Liste Adıyaman'!J:J,"=0%",'Hedef Liste Adıyaman'!P:P,"Geleneksel") -> 0 | D4: =COUNTIFS('Hedef Liste Afyon'!R:R,B4,'Hedef Liste Afyon'!C:C,"true",'Hedef Liste Afyon'!J:J,"=0%",'Hedef Liste Afyon'!P:P,"Geleneksel") -> 2 | E4: =COUNTIFS('Hedef Liste Amasya'!R:R,B4,'Hedef Liste Amasya'!C:C,"doğru",'Hedef Liste Amasya'!J:J,"=0%",'Hedef Liste Amasya'!P:P,"Geleneksel") -> 0 | F4: =COUNTIFS('Hedef Liste Bartın'!R:R,B4,'Hedef Liste Bartın'!C:C,"doğru",'Hedef Liste Bartın'!J:J,"=0%",'Hedef Liste Bartın'!P:P,"Geleneksel") -> 0 | G4: =COUNTIFS('Hedef Liste Bilecik'!R:R,B4,'Hedef Liste Bilecik'!C:C,"doğru",'Hedef Liste Bilecik'!J:J,"=0%",'Hedef Liste Bilecik'!P:P,"Geleneksel") -> 0 | H4: =COUNTIFS('Hedef Liste Bolu'!R:R,B4,'Hedef Liste Bolu'!C:C,"doğru",'Hedef Liste Bolu'!J:J,"=0%",'Hedef Liste Bolu'!P:P,"Geleneksel") -> 0 | I4: =COUNTIFS('Hedef Liste Çankırı'!R:R,B4,'Hedef Liste Çankırı'!C:C,"doğru",'Hedef Liste Çankırı'!J:J,"=0%",'Hedef Liste Çankırı'!P:P,"Geleneksel") -> 0 | J4: =COUNTIFS('Hedef Liste Diyarbakır'!R:R,B4,'Hedef Liste Diyarbakır'!C:C,"doğru",'Hedef Liste Diyarbakır'!J:J,"=0%",'Hedef Liste Diyarbakır'!P:P,"Geleneksel") -> 0 | K4: =COUNTIFS('Hedef Liste Düzce'!R:R,B4,'Hedef Liste Düzce'!C:C,"true",'Hedef Liste Düzce'!J:J,"=0%",'Hedef Liste Düzce'!P:P,"Geleneksel") -> 0 | L4: =COUNTIFS('Hedef Liste Elazığ'!R:R,B4,'Hedef Liste Elazığ'!C:C,"doğru",'Hedef Liste Elazığ'!J:J,"=0%",'Hedef Liste Elazığ'!P:P,"Geleneksel") -> 0 | M4: =COUNTIFS('Hedef Liste Erzurum'!R:R,B4,'Hedef Liste Erzurum'!C:C,"true",'Hedef Liste Erzurum'!J:J,"=0%",'Hedef Liste Erzurum'!P:P,"Geleneksel") -> 1 | N4: =COUNTIFS('Hedef Liste Giresun'!R:R,B4,'Hedef Liste Giresun'!C:C,"doğru",'Hedef Liste Giresun'!J:J,"=0%",'Hedef Liste Giresun'!P:P,"Geleneksel") -> 0 | O4: =COUNTIFS('Hedef Liste Iğdır'!R:R,B4,'Hedef Liste Iğdır'!C:C,"doğru",'Hedef Liste Iğdır'!J:J,"=0%",'Hedef Liste Iğdır'!P:P,"Geleneksel") -> 0 | P4: =COUNTIFS('Hedef Liste Karabük'!R:R,B4,'Hedef Liste Karabük'!C:C,"true",'Hedef Liste Karabük'!J:J,"=0%",'Hedef Liste Karabük'!P:P,"Geleneksel") -> 0 | Q4: =COUNTIFS('Hedef Liste Kastamonu'!R:R,B4,'Hedef Liste Kastamonu'!C:C,"true",'Hedef Liste Kastamonu'!J:J,"=0%",'Hedef Liste Kastamonu'!P:P,"Geleneksel") -> 0 | R4: =COUNTIFS('Hedef Liste Kırklareli'!R:R,B4,'Hedef Liste Kırklareli'!C:C,"doğru",'Hedef Liste Kırklareli'!J:J,"=0%",'Hedef Liste Kırklareli'!P:P,"Geleneksel") -> 0 | S4: =COUNTIFS('Hedef Liste Konya'!R:R,B4,'Hedef Liste Konya'!C:C,"doğru",'Hedef Liste Konya'!J:J,"=0%",'Hedef Liste Konya'!P:P,"Geleneksel") -> 6 | T4: =COUNTIFS('Hedef Liste Malatya'!R:R,B4,'Hedef Liste Malatya'!C:C,"doğru",'Hedef Liste Malatya'!J:J,"=0%",'Hedef Liste Malatya'!P:P,"Geleneksel") -> 0 | U4: =COUNTIFS('Hedef Liste Ordu'!R:R,B4,'Hedef Liste Ordu'!C:C,"true",'Hedef Liste Ordu'!J:J,"=0%",'Hedef Liste Ordu'!P:P,"Geleneksel") -> 0 | V4: =COUNTIFS('Hedef Liste Osmaniye'!R:R,B4,'Hedef Liste Osmaniye'!C:C,"doğru",'Hedef Liste Osmaniye'!J:J,"=0%",'Hedef Liste Osmaniye'!P:P,"Geleneksel") -> 0 | W4: =COUNTIFS('Hedef Liste Sinop'!T:T,B4,'Hedef Liste Sinop'!C:C,"doğru",'Hedef Liste Sinop'!J:J,"=0%",'Hedef Liste Sinop'!P:P,"Geleneksel") -> 0 | X4: =COUNTIFS('Hedef Liste Tokat'!R:R,B4,'Hedef Liste Tokat'!C:C,"doğru",'Hedef Liste Tokat'!J:J,"=0%",'Hedef Liste Tokat'!P:P,"Geleneksel") -> 1 | Y4: =COUNTIFS('Hedef Liste Uşak'!R:R,B4,'Hedef Liste Uşak'!C:C,"true",'Hedef Liste Uşak'!J:J,"=0%",'Hedef Liste Uşak'!P:P,"Geleneksel") -> 0 | Z4: =COUNTIFS('Hedef Liste Yalova'!R:R,B4,'Hedef Liste Yalova'!C:C,"true",'Hedef Liste Yalova'!J:J,"=0%",'Hedef Liste Yalova'!P:P,"Geleneksel") -> 0 | AA4: =COUNTIFS('Hedef Liste Zonguldak'!R:R,B4,'Hedef Liste Zonguldak'!C:C,"true",'Hedef Liste Zonguldak'!J:J,"=0%",'Hedef Liste Zonguldak'!P:P,"Geleneksel") -> 0 | AB4: =COUNTIFS('Hedef Liste Karaman'!R:R,B4,'Hedef Liste Karaman'!C:C,"doğru",'Hedef Liste Karaman'!J:J,"=0%",'Hedef Liste Karaman'!P:P,"Geleneksel") -> 0
B5: Çekim İstemiyor | C5: =COUNTIFS('Hedef Liste Adıyaman'!R:R,B5,'Hedef Liste Adıyaman'!C:C,"doğru",'Hedef Liste Adıyaman'!J:J,"=0%",'Hedef Liste Adıyaman'!P:P,"Geleneksel") -> 10 | D5: =COUNTIFS('Hedef Liste Afyon'!R:R,B5,'Hedef Liste Afyon'!C:C,"true",'Hedef Liste Afyon'!J:J,"=0%",'Hedef Liste Afyon'!P:P,"Geleneksel") -> 15 | E5: =COUNTIFS('Hedef Liste Amasya'!R:R,B5,'Hedef Liste Amasya'!C:C,"doğru",'Hedef Liste Amasya'!J:J,"=0%",'Hedef Liste Amasya'!P:P,"Geleneksel") -> 10 | F5: =COUNTIFS('Hedef Liste Bartın'!R:R,B5,'Hedef Liste Bartın'!C:C,"doğru",'Hedef Liste Bartın'!J:J,"=0%",'Hedef Liste Bartın'!P:P,"Geleneksel") -> 14 | G5: =COUNTIFS('Hedef Liste Bilecik'!R:R,B5,'Hedef Liste Bilecik'!C:C,"doğru",'Hedef Liste Bilecik'!J:J,"=0%",'Hedef Liste Bilecik'!P:P,"Geleneksel") -> 4 | H5: =COUNTIFS('Hedef Liste Bolu'!R:R,B5,'Hedef Liste Bolu'!C:C,"doğru",'Hedef Liste Bolu'!J:J,"=0%",'Hedef Liste Bolu'!P:P,"Geleneksel") -> 4 | I5: =COUNTIFS('Hedef Liste Çankırı'!R:R,B5,'Hedef Liste Çankırı'!C:C,"doğru",'Hedef Liste Çankırı'!J:J,"=0%",'Hedef Liste Çankırı'!P:P,"Geleneksel") -> 0 | J5: =COUNTIFS('Hedef Liste Diyarbakır'!R:R,B5,'Hedef Liste Diyarbakır'!C:C,"doğru",'Hedef Liste Diyarbakır'!J:J,"=0%",'Hedef Liste Diyarbakır'!P:P,"Geleneksel") -> 0 | K5: =COUNTIFS('Hedef Liste Düzce'!R:R,B5,'Hedef Liste Düzce'!C:C,"true",'Hedef Liste Düzce'!J:J,"=0%",'Hedef Liste Düzce'!P:P,"Geleneksel") -> 12 | L5: =COUNTIFS('Hedef Liste Elazığ'!R:R,B5,'Hedef Liste Elazığ'!C:C,"doğru",'Hedef Liste Elazığ'!J:J,"=0%",'Hedef Liste Elazığ'!P:P,"Geleneksel") -> 2 | M5: =COUNTIFS('Hedef Liste Erzurum'!R:R,B5,'Hedef Liste Erzurum'!C:C,"true",'Hedef Liste Erzurum'!J:J,"=0%",'Hedef Liste Erzurum'!P:P,"Geleneksel") -> 3 | N5: =COUNTIFS('Hedef Liste Giresun'!R:R,B5,'Hedef Liste Giresun'!C:C,"doğru",'Hedef Liste Giresun'!J:J,"=0%",'Hedef Liste Giresun'!P:P,"Geleneksel") -> 2 | O5: =COUNTIFS('Hedef Liste Iğdır'!R:R,B5,'Hedef Liste Iğdır'!C:C,"doğru",'Hedef Liste Iğdır'!J:J,"=0%",'Hedef Liste Iğdır'!P:P,"Geleneksel") -> 0 | P5: =COUNTIFS('Hedef Liste Karabük'!R:R,B5,'Hedef Liste Karabük'!C:C,"true",'Hedef Liste Karabük'!J:J,"=0%",'Hedef Liste Karabük'!P:P,"Geleneksel") -> 15 | Q5: =COUNTIFS('Hedef Liste Kastamonu'!R:R,B5,'Hedef Liste Kastamonu'!C:C,"true",'Hedef Liste Kastamonu'!J:J,"=0%",'Hedef Liste Kastamonu'!P:P,"Geleneksel") -> 0 | R5: =COUNTIFS('Hedef Liste Kırklareli'!R:R,B5,'Hedef Liste Kırklareli'!C:C,"doğru",'Hedef Liste Kırklareli'!J:J,"=0%",'Hedef Liste Kırklareli'!P:P,"Geleneksel") -> 13 | S5: =COUNTIFS('Hedef Liste Konya'!R:R,B5,'Hedef Liste Konya'!C:C,"doğru",'Hedef Liste Konya'!J:J,"=0%",'Hedef Liste Konya'!P:P,"Geleneksel") -> 57 | T5: =COUNTIFS('Hedef Liste Malatya'!R:R,B5,'Hedef Liste Malatya'!C:C,"doğru",'Hedef Liste Malatya'!J:J,"=0%",'Hedef Liste Malatya'!P:P,"Geleneksel") -> 14 | U5: =COUNTIFS('Hedef Liste Ordu'!R:R,B5,'Hedef Liste Ordu'!C:C,"true",'Hedef Liste Ordu'!J:J,"=0%",'Hedef Liste Ordu'!P:P,"Geleneksel") -> 7 | V5: =COUNTIFS('Hedef Liste Osmaniye'!R:R,B5,'Hedef Liste Osmaniye'!C:C,"doğru",'Hedef Liste Osmaniye'!J:J,"=0%",'Hedef Liste Osmaniye'!P:P,"Geleneksel") -> 6 | W5: =COUNTIFS('Hedef Liste Sinop'!T:T,B5,'Hedef Liste Sinop'!C:C,"doğru",'Hedef Liste Sinop'!J:J,"=0%",'Hedef Liste Sinop'!P:P,"Geleneksel") -> 3 | X5: =COUNTIFS('Hedef Liste Tokat'!R:R,B5,'Hedef Liste Tokat'!C:C,"doğru",'Hedef Liste Tokat'!J:J,"=0%",'Hedef Liste Tokat'!P:P,"Geleneksel") -> 6 | Y5: =COUNTIFS('Hedef Liste Uşak'!R:R,B5,'Hedef Liste Uşak'!C:C,"true",'Hedef Liste Uşak'!J:J,"=0%",'Hedef Liste Uşak'!P:P,"Geleneksel") -> 0 | Z5: =COUNTIFS('Hedef Liste Yalova'!R:R,B5,'Hedef Liste Yalova'!C:C,"true",'Hedef Liste Yalova'!J:J,"=0%",'Hedef Liste Yalova'!P:P,"Geleneksel") -> 8 | AA5: =COUNTIFS('Hedef Liste Zonguldak'!R:R,B5,'Hedef Liste Zonguldak'!C:C,"true",'Hedef Liste Zonguldak'!J:J,"=0%",'Hedef Liste Zonguldak'!P:P,"Geleneksel") -> 0 | AB5: =COUNTIFS('Hedef Liste Karaman'!R:R,B5,'Hedef Liste Karaman'!C:C,"doğru",'Hedef Liste Karaman'!J:J,"=0%",'Hedef Liste Karaman'!P:P,"Geleneksel") -> 8
B6: Devir | C6: =COUNTIFS('Hedef Liste Adıyaman'!R:R,B6,'Hedef Liste Adıyaman'!C:C,"doğru",'Hedef Liste Adıyaman'!J:J,"=0%",'Hedef Liste Adıyaman'!P:P,"Geleneksel") -> 0 | D6: =COUNTIFS('Hedef Liste Afyon'!R:R,B6,'Hedef Liste Afyon'!C:C,"true",'Hedef Liste Afyon'!J:J,"=0%",'Hedef Liste Afyon'!P:P,"Geleneksel") -> 0 | E6: =COUNTIFS('Hedef Liste Amasya'!R:R,B6,'Hedef Liste Amasya'!C:C,"doğru",'Hedef Liste Amasya'!J:J,"=0%",'Hedef Liste Amasya'!P:P,"Geleneksel") -> 0 | F6: =COUNTIFS('Hedef Liste Bartın'!R:R,B6,'Hedef Liste Bartın'!C:C,"doğru",'Hedef Liste Bartın'!J:J,"=0%",'Hedef Liste Bartın'!P:P,"Geleneksel") -> 0 | G6: =COUNTIFS('Hedef Liste Bilecik'!R:R,B6,'Hedef Liste Bilecik'!C:C,"doğru",'Hedef Liste Bilecik'!J:J,"=0%",'Hedef Liste Bilecik'!P:P,"Geleneksel") -> 2 | H6: =COUNTIFS('Hedef Liste Bolu'!R:R,B6,'Hedef Liste Bolu'!C:C,"doğru",'Hedef Liste Bolu'!J:J,"=0%",'Hedef Liste Bolu'!P:P,"Geleneksel") -> 1 | I6: =COUNTIFS('Hedef Liste Çankırı'!R:R,B6,'Hedef Liste Çankırı'!C:C,"doğru",'Hedef Liste Çankırı'!J:J,"=0%",'Hedef Liste Çankırı'!P:P,"Geleneksel") -> 0 | J6: =COUNTIFS('Hedef Liste Diyarbakır'!R:R,B6,'Hedef Liste Diyarbakır'!C:C,"doğru",'Hedef Liste Diyarbakır'!J:J,"=0%",'Hedef Liste Diyarbakır'!P:P,"Geleneksel") -> 0 | K6: =COUNTIFS('Hedef Liste Düzce'!R:R,B6,'Hedef Liste Düzce'!C:C,"true",'Hedef Liste Düzce'!J:J,"=0%",'Hedef Liste Düzce'!P:P,"Geleneksel") -> 1 | L6: =COUNTIFS('Hedef Liste Elazığ'!R:R,B6,'Hedef Liste Elazığ'!C:C,"doğru",'Hedef Liste Elazığ'!J:J,"=0%",'Hedef Liste Elazığ'!P:P,"Geleneksel") -> 0 | M6: =COUNTIFS('Hedef Liste Erzurum'!R:R,B6,'Hedef Liste Erzurum'!C:C,"true",'Hedef Liste Erzurum'!J:J,"=0%",'Hedef Liste Erzurum'!P:P,"Geleneksel") -> 0 | N6: =COUNTIFS('Hedef Liste Giresun'!R:R,B6,'Hedef Liste Giresun'!C:C,"doğru",'Hedef Liste Giresun'!J:J,"=0%",'Hedef Liste Giresun'!P:P,"Geleneksel") -> 2 | O6: =COUNTIFS('Hedef Liste Iğdır'!R:R,B6,'Hedef Liste Iğdır'!C:C,"doğru",'Hedef Liste Iğdır'!J:J,"=0%",'Hedef Liste Iğdır'!P:P,"Geleneksel") -> 0 | P6: =COUNTIFS('Hedef Liste Karabük'!R:R,B6,'Hedef Liste Karabük'!C:C,"true",'Hedef Liste Karabük'!J:J,"=0%",'Hedef Liste Karabük'!P:P,"Geleneksel") -> 1 | Q6: =COUNTIFS('Hedef Liste Kastamonu'!R:R,B6,'Hedef Liste Kastamonu'!C:C,"true",'Hedef Liste Kastamonu'!J:J,"=0%",'Hedef Liste Kastamonu'!P:P,"Geleneksel") -> 0 | R6: =COUNTIFS('Hedef Liste Kırklareli'!R:R,B6,'Hedef Liste Kırklareli'!C:C,"doğru",'Hedef Liste Kırklareli'!J:J,"=0%",'Hedef Liste Kırklareli'!P:P,"Geleneksel") -> 1 | S6: =COUNTIFS('Hedef Liste Konya'!R:R,B6,'Hedef Liste Konya'!C:C,"doğru",'Hedef Liste Konya'!J:J,"=0%",'Hedef Liste Konya'!P:P,"Geleneksel") -> 1 | T6: =COUNTIFS('Hedef Liste Malatya'!R:R,B6,'Hedef Liste Malatya'!C:C,"doğru",'Hedef Liste Malatya'!J:J,"=0%",'Hedef Liste Malatya'!P:P,"Geleneksel") -> 1 | U6: =COUNTIFS('Hedef Liste Ordu'!R:R,B6,'Hedef Liste Ordu'!C:C,"true",'Hedef Liste Ordu'!J:J,"=0%",'Hedef Liste Ordu'!P:P,"Geleneksel") -> 0 | V6: =COUNTIFS('Hedef Liste Osmaniye'!R:R,B6,'Hedef Liste Osmaniye'!C:C,"doğru",'Hedef Liste Osmaniye'!J:J,"=0%",'Hedef Liste Osmaniye'!P:P,"Geleneksel") -> 0 | W6: =COUNTIFS('Hedef Liste Sinop'!T:T,B6,'Hedef Liste Sinop'!C:C,"doğru",'Hedef Liste Sinop'!J:J,"=0%",'Hedef Liste Sinop'!P:P,"Geleneksel") -> 0 | X6: =COUNTIFS('Hedef Liste Tokat'!R:R,B6,'Hedef Liste Tokat'!C:C,"doğru",'Hedef Liste Tokat'!J:J,"=0%",'Hedef Liste Tokat'!P:P,"Geleneksel") -> 0 | Y6: =COUNTIFS('Hedef Liste Uşak'!R:R,B6,'Hedef Liste Uşak'!C:C,"true",'Hedef Liste Uşak'!J:J,"=0%",'Hedef Liste Uşak'!P:P,"Geleneksel") -> 0 | Z6: =COUNTIFS('Hedef Liste Yalova'!R:R,B6,'Hedef Liste Yalova'!C:C,"true",'Hedef Liste Yalova'!J:J,"=0%",'Hedef Liste Yalova'!P:P,"Geleneksel") -> 0 | AA6: =COUNTIFS('Hedef Liste Zonguldak'!R:R,B6,'Hedef Liste Zonguldak'!C:C,"true",'Hedef Liste Zonguldak'!J:J,"=0%",'Hedef Liste Zonguldak'!P:P,"Geleneksel") -> 0 | AB6: =COUNTIFS('Hedef Liste Karaman'!R:R,B6,'Hedef Liste Karaman'!C:C,"doğru",'Hedef Liste Karaman'!J:J,"=0%",'Hedef Liste Karaman'!P:P,"Geleneksel") -> 0
B7: Dönüş Yapacak | C7: =COUNTIFS('Hedef Liste Adıyaman'!R:R,B7,'Hedef Liste Adıyaman'!C:C,"doğru",'Hedef Liste Adıyaman'!J:J,"=0%",'Hedef Liste Adıyaman'!P:P,"Geleneksel") -> 2 | D7: =COUNTIFS('Hedef Liste Afyon'!R:R,B7,'Hedef Liste Afyon'!C:C,"true",'Hedef Liste Afyon'!J:J,"=0%",'Hedef Liste Afyon'!P:P,"Geleneksel") -> 2 | E7: =COUNTIFS('Hedef Liste Amasya'!R:R,B7,'Hedef Liste Amasya'!C:C,"doğru",'Hedef Liste Amasya'!J:J,"=0%",'Hedef Liste Amasya'!P:P,"Geleneksel") -> 2 | F7: =COUNTIFS('Hedef Liste Bartın'!R:R,B7,'Hedef Liste Bartın'!C:C,"doğru",'Hedef Liste Bartın'!J:J,"=0%",'Hedef Liste Bartın'!P:P,"Geleneksel") -> 4 | G7: =COUNTIFS('Hedef Liste Bilecik'!R:R,B7,'Hedef Liste Bilecik'!C:C,"doğru",'Hedef Liste Bilecik'!J:J,"=0%",'Hedef Liste Bilecik'!P:P,"Geleneksel") -> 2 | H7: =COUNTIFS('Hedef Liste Bolu'!R:R,B7,'Hedef Liste Bolu'!C:C,"doğru",'Hedef Liste Bolu'!J:J,"=0%",'Hedef Liste Bolu'!P:P,"Geleneksel") -> 2 | I7: =COUNTIFS('Hedef Liste Çankırı'!R:R,B7,'Hedef Liste Çankırı'!C:C,"doğru",'Hedef Liste Çankırı'!J:J,"=0%",'Hedef Liste Çankırı'!P:P,"Geleneksel") -> 0 | J7: =COUNTIFS('Hedef Liste Diyarbakır'!R:R,B7,'Hedef Liste Diyarbakır'!C:C,"doğru",'Hedef Liste Diyarbakır'!J:J,"=0%",'Hedef Liste Diyarbakır'!P:P,"Geleneksel") -> 0 | K7: =COUNTIFS('Hedef Liste Düzce'!R:R,B7,'Hedef Liste Düzce'!C:C,"true",'Hedef Liste Düzce'!J:J,"=0%",'Hedef Liste Düzce'!P:P,"Geleneksel") -> 8 | L7: =COUNTIFS('Hedef Liste Elazığ'!R:R,B7,'Hedef Liste Elazığ'!C:C,"doğru",'Hedef Liste Elazığ'!J:J,"=0%",'Hedef Liste Elazığ'!P:P,"Geleneksel") -> 3 | M7: =COUNTIFS('Hedef Liste Erzurum'!R:R,B7,'Hedef Liste Erzurum'!C:C,"true",'Hedef Liste Erzurum'!J:J,"=0%",'Hedef Liste Erzurum'!P:P,"Geleneksel") -> 3 | N7: =COUNTIFS('Hedef Liste Giresun'!R:R,B7,'Hedef Liste Giresun'!C:C,"doğru",'Hedef Liste Giresun'!J:J,"=0%",'Hedef Liste Giresun'!P:P,"Geleneksel") -> 2 | O7: =COUNTIFS('Hedef Liste Iğdır'!R:R,B7,'Hedef Liste Iğdır'!C:C,"doğru",'Hedef Liste Iğdır'!J:J,"=0%",'Hedef Liste Iğdır'!P:P,"Geleneksel") -> 3 | P7: =COUNTIFS('Hedef Liste Karabük'!R:R,B7,'Hedef Liste Karabük'!C:C,"true",'Hedef Liste Karabük'!J:J,"=0%",'Hedef Liste Karabük'!P:P,"Geleneksel") -> 3 | Q7: =COUNTIFS('Hedef Liste Kastamonu'!R:R,B7,'Hedef Liste Kastamonu'!C:C,"true",'Hedef Liste Kastamonu'!J:J,"=0%",'Hedef Liste Kastamonu'!P:P,"Geleneksel") -> 0 | R7: =COUNTIFS('Hedef Liste Kırklareli'!R:R,B7,'Hedef Liste Kırklareli'!C:C,"doğru",'Hedef Liste Kırklareli'!J:J,"=0%",'Hedef Liste Kırklareli'!P:P,"Geleneksel") -> 7 | S7: =COUNTIFS('Hedef Liste Konya'!R:R,B7,'Hedef Liste Konya'!C:C,"doğru",'Hedef Liste Konya'!J:J,"=0%",'Hedef Liste Konya'!P:P,"Geleneksel") -> 11 | T7: =COUNTIFS('Hedef Liste Malatya'!R:R,B7,'Hedef Liste Malatya'!C:C,"doğru",'Hedef Liste Malatya'!J:J,"=0%",'Hedef Liste Malatya'!P:P,"Geleneksel") -> 3 | U7: =COUNTIFS('Hedef Liste Ordu'!R:R,B7,'Hedef Liste Ordu'!C:C,"true",'Hedef Liste Ordu'!J:J,"=0%",'Hedef Liste Ordu'!P:P,"Geleneksel") -> 1 | V7: =COUNTIFS('Hedef Liste Osmaniye'!R:R,B7,'Hedef Liste Osmaniye'!C:C,"doğru",'Hedef Liste Osmaniye'!J:J,"=0%",'Hedef Liste Osmaniye'!P:P,"Geleneksel") -> 0 | W7: =COUNTIFS('Hedef Liste Sinop'!T:T,B7,'Hedef Liste Sinop'!C:C,"doğru",'Hedef Liste Sinop'!J:J,"=0%",'Hedef Liste Sinop'!P:P,"Geleneksel") -> 1 | X7: =COUNTIFS('Hedef Liste Tokat'!R:R,B7,'Hedef Liste Tokat'!C:C,"doğru",'Hedef Liste Tokat'!J:J,"=0%",'Hedef Liste Tokat'!P:P,"Geleneksel") -> 1 | Y7: =COUNTIFS('Hedef Liste Uşak'!R:R,B7,'Hedef Liste Uşak'!C:C,"true",'Hedef Liste Uşak'!J:J,"=0%",'Hedef Liste Uşak'!P:P,"Geleneksel") -> 0 | Z7: =COUNTIFS('Hedef Liste Yalova'!R:R,B7,'Hedef Liste Yalova'!C:C,"true",'Hedef Liste Yalova'!J:J,"=0%",'Hedef Liste Yalova'!P:P,"Geleneksel") -> 5 | AA7: =COUNTIFS('Hedef Liste Zonguldak'!R:R,B7,'Hedef Liste Zonguldak'!C:C,"true",'Hedef Liste Zonguldak'!J:J,"=0%",'Hedef Liste Zonguldak'!P:P,"Geleneksel") -> 0 | AB7: =COUNTIFS('Hedef Liste Karaman'!R:R,B7,'Hedef Liste Karaman'!C:C,"doğru",'Hedef Liste Karaman'!J:J,"=0%",'Hedef Liste Karaman'!P:P,"Geleneksel") -> 1
B8: Franchise | C8: =COUNTIFS('Hedef Liste Adıyaman'!R:R,B8,'Hedef Liste Adıyaman'!C:C,"doğru",'Hedef Liste Adıyaman'!J:J,"=0%",'Hedef Liste Adıyaman'!P:P,"Geleneksel") -> 0 | D8: =COUNTIFS('Hedef Liste Afyon'!R:R,B8,'Hedef Liste Afyon'!C:C,"true",'Hedef Liste Afyon'!J:J,"=0%",'Hedef Liste Afyon'!P:P,"Geleneksel") -> 2 | E8: =COUNTIFS('Hedef Liste Amasya'!R:R,B8,'Hedef Liste Amasya'!C:C,"doğru",'Hedef Liste Amasya'!J:J,"=0%",'Hedef Liste Amasya'!P:P,"Geleneksel") -> 1 | F8: =COUNTIFS('Hedef Liste Bartın'!R:R,B8,'Hedef Liste Bartın'!C:C,"doğru",'Hedef Liste Bartın'!J:J,"=0%",'Hedef Liste Bartın'!P:P,"Geleneksel") -> 1 | G8: =COUNTIFS('Hedef Liste Bilecik'!R:R,B8,'Hedef Liste Bilecik'!C:C,"doğru",'Hedef Liste Bilecik'!J:J,"=0%",'Hedef Liste Bilecik'!P:P,"Geleneksel") -> 1 | H8: =COUNTIFS('Hedef Liste Bolu'!R:R,B8,'Hedef Liste Bolu'!C:C,"doğru",'Hedef Liste Bolu'!J:J,"=0%",'Hedef Liste Bolu'!P:P,"Geleneksel") -> 0 | I8: =COUNTIFS('Hedef Liste Çankırı'!R:R,B8,'Hedef Liste Çankırı'!C:C,"doğru",'Hedef Liste Çankırı'!J:J,"=0%",'Hedef Liste Çankırı'!P:P,"Geleneksel") -> 0 | J8: =COUNTIFS('Hedef Liste Diyarbakır'!R:R,B8,'Hedef Liste Diyarbakır'!C:C,"doğru",'Hedef Liste Diyarbakır'!J:J,"=0%",'Hedef Liste Diyarbakır'!P:P,"Geleneksel") -> 0 | K8: =COUNTIFS('Hedef Liste Düzce'!R:R,B8,'Hedef Liste Düzce'!C:C,"true",'Hedef Liste Düzce'!J:J,"=0%",'Hedef Liste Düzce'!P:P,"Geleneksel") -> 0 | L8: =COUNTIFS('Hedef Liste Elazığ'!R:R,B8,'Hedef Liste Elazığ'!C:C,"doğru",'Hedef Liste Elazığ'!J:J,"=0%",'Hedef Liste Elazığ'!P:P,"Geleneksel") -> 0 | M8: =COUNTIFS('Hedef Liste Erzurum'!R:R,B8,'Hedef Liste Erzurum'!C:C,"true",'Hedef Liste Erzurum'!J:J,"=0%",'Hedef Liste Erzurum'!P:P,"Geleneksel") -> 0 | N8: =COUNTIFS('Hedef Liste Giresun'!R:R,B8,'Hedef Liste Giresun'!C:C,"doğru",'Hedef Liste Giresun'!J:J,"=0%",'Hedef Liste Giresun'!P:P,"Geleneksel") -> 0 | O8: =COUNTIFS('Hedef Liste Iğdır'!R:R,B8,'Hedef Liste Iğdır'!C:C,"doğru",'Hedef Liste Iğdır'!J:J,"=0%",'Hedef Liste Iğdır'!P:P,"Geleneksel") -> 1 | P8: =COUNTIFS('Hedef Liste Karabük'!R:R,B8,'Hedef Liste Karabük'!C:C,"true",'Hedef Liste Karabük'!J:J,"=0%",'Hedef Liste Karabük'!P:P,"Geleneksel") -> 0 | Q8: =COUNTIFS('Hedef Liste Kastamonu'!R:R,B8,'Hedef Liste Kastamonu'!C:C,"true",'Hedef Liste Kastamonu'!J:J,"=0%",'Hedef Liste Kastamonu'!P:P,"Geleneksel") -> 0 | R8: =COUNTIFS('Hedef Liste Kırklareli'!R:R,B8,'Hedef Liste Kırklareli'!C:C,"doğru",'Hedef Liste Kırklareli'!J:J,"=0%",'Hedef Liste Kırklareli'!P:P,"Geleneksel") -> 2 | S8: =COUNTIFS('Hedef Liste Konya'!R:R,B8,'Hedef Liste Konya'!C:C,"doğru",'Hedef Liste Konya'!J:J,"=0%",'Hedef Liste Konya'!P:P,"Geleneksel") -> 10 | T8: =COUNTIFS('Hedef Liste Malatya'!R:R,B8,'Hedef Liste Malatya'!C:C,"doğru",'Hedef Liste Malatya'!J:J,"=0%",'Hedef Liste Malatya'!P:P,"Geleneksel") -> 4 | U8: =COUNTIFS('Hedef Liste Ordu'!R:R,B8,'Hedef Liste Ordu'!C:C,"true",'Hedef Liste Ordu'!J:J,"=0%",'Hedef Liste Ordu'!P:P,"Geleneksel") -> 2 | V8: =COUNTIFS('Hedef Liste Osmaniye'!R:R,B8,'Hedef Liste Osmaniye'!C:C,"doğru",'Hedef Liste Osmaniye'!J:J,"=0%",'Hedef Liste Osmaniye'!P:P,"Geleneksel") -> 1 | W8: =COUNTIFS('Hedef Liste Sinop'!T:T,B8,'Hedef Liste Sinop'!C:C,"doğru",'Hedef Liste Sinop'!J:J,"=0%",'Hedef Liste Sinop'!P:P,"Geleneksel") -> 0 | X8: =COUNTIFS('Hedef Liste Tokat'!R:R,B8,'Hedef Liste Tokat'!C:C,"doğru",'Hedef Liste Tokat'!J:J,"=0%",'Hedef Liste Tokat'!P:P,"Geleneksel") -> 4 | Y8: =COUNTIFS('Hedef Liste Uşak'!R:R,B8,'Hedef Liste Uşak'!C:C,"true",'Hedef Liste Uşak'!J:J,"=0%",'Hedef Liste Uşak'!P:P,"Geleneksel") -> 0 | Z8: =COUNTIFS('Hedef Liste Yalova'!R:R,B8,'Hedef Liste Yalova'!C:C,"true",'Hedef Liste Yalova'!J:J,"=0%",'Hedef Liste Yalova'!P:P,"Geleneksel") -> 0 | AA8: =COUNTIFS('Hedef Liste Zonguldak'!R:R,B8,'Hedef Liste Zonguldak'!C:C,"true",'Hedef Liste Zonguldak'!J:J,"=0%",'Hedef Liste Zonguldak'!P:P,"Geleneksel") -> 0 | AB8: =COUNTIFS('Hedef Liste Karaman'!R:R,B8,'Hedef Liste Karaman'!C:C,"doğru",'Hedef Liste Karaman'!J:J,"=0%",'Hedef Liste Karaman'!P:P,"Geleneksel") -> 1
B9: İleride Randevu Alınacak | C9: =COUNTIFS('Hedef Liste Adıyaman'!R:R,B9,'Hedef Liste Adıyaman'!C:C,"doğru",'Hedef Liste Adıyaman'!J:J,"=0%",'Hedef Liste Adıyaman'!P:P,"Geleneksel") -> 5 | D9: =COUNTIFS('Hedef Liste Afyon'!R:R,B9,'Hedef Liste Afyon'!C:C,"true",'Hedef Liste Afyon'!J:J,"=0%",'Hedef Liste Afyon'!P:P,"Geleneksel") -> 5 | E9: =COUNTIFS('Hedef Liste Amasya'!R:R,B9,'Hedef Liste Amasya'!C:C,"doğru",'Hedef Liste Amasya'!J:J,"=0%",'Hedef Liste Amasya'!P:P,"Geleneksel") -> 2 | F9: =COUNTIFS('Hedef Liste Bartın'!R:R,B9,'Hedef Liste Bartın'!C:C,"doğru",'Hedef Liste Bartın'!J:J,"=0%",'Hedef Liste Bartın'!P:P,"Geleneksel") -> 0 | G9: =COUNTIFS('Hedef Liste Bilecik'!R:R,B9,'Hedef Liste Bilecik'!C:C,"doğru",'Hedef Liste Bilecik'!J:J,"=0%",'Hedef Liste Bilecik'!P:P,"Geleneksel") -> 3 | H9: =COUNTIFS('Hedef Liste Bolu'!R:R,B9,'Hedef Liste Bolu'!C:C,"doğru",'Hedef Liste Bolu'!J:J,"=0%",'Hedef Liste Bolu'!P:P,"Geleneksel") -> 1 | I9: =COUNTIFS('Hedef Liste Çankırı'!R:R,B9,'Hedef Liste Çankırı'!C:C,"doğru",'Hedef Liste Çankırı'!J:J,"=0%",'Hedef Liste Çankırı'!P:P,"Geleneksel") -> 0 | J9: =COUNTIFS('Hedef Liste Diyarbakır'!R:R,B9,'Hedef Liste Diyarbakır'!C:C,"doğru",'Hedef Liste Diyarbakır'!J:J,"=0%",'Hedef Liste Diyarbakır'!P:P,"Geleneksel") -> 0 | K9: =COUNTIFS('Hedef Liste Düzce'!R:R,B9,'Hedef Liste Düzce'!C:C,"true",'Hedef Liste Düzce'!J:J,"=0%",'Hedef Liste Düzce'!P:P,"Geleneksel") -> 4 | L9: =COUNTIFS('Hedef Liste Elazığ'!R:R,B9,'Hedef Liste Elazığ'!C:C,"doğru",'Hedef Liste Elazığ'!J:J,"=0%",'Hedef Liste Elazığ'!P:P,"Geleneksel") -> 2 | M9: =COUNTIFS('Hedef Liste Erzurum'!R:R,B9,'Hedef Liste Erzurum'!C:C,"true",'Hedef Liste Erzurum'!J:J,"=0%",'Hedef Liste Erzurum'!P:P,"Geleneksel") -> 2 | N9: =COUNTIFS('Hedef Liste Giresun'!R:R,B9,'Hedef Liste Giresun'!C:C,"doğru",'Hedef Liste Giresun'!J:J,"=0%",'Hedef Liste Giresun'!P:P,"Geleneksel") -> 10 | O9: =COUNTIFS('Hedef Liste Iğdır'!R:R,B9,'Hedef Liste Iğdır'!C:C,"doğru",'Hedef Liste Iğdır'!J:J,"=0%",'Hedef Liste Iğdır'!P:P,"Geleneksel") -> 6 | P9: =COUNTIFS('Hedef Liste Karabük'!R:R,B9,'Hedef Liste Karabük'!C:C,"true",'Hedef Liste Karabük'!J:J,"=0%",'Hedef Liste Karabük'!P:P,"Geleneksel") -> 5 | Q9: =COUNTIFS('Hedef Liste Kastamonu'!R:R,B9,'Hedef Liste Kastamonu'!C:C,"true",'Hedef Liste Kastamonu'!J:J,"=0%",'Hedef Liste Kastamonu'!P:P,"Geleneksel") -> 0 | R9: =COUNTIFS('Hedef Liste Kırklareli'!R:R,B9,'Hedef Liste Kırklareli'!C:C,"doğru",'Hedef Liste Kırklareli'!J:J,"=0%",'Hedef Liste Kırklareli'!P:P,"Geleneksel") -> 11 | S9: =COUNTIFS('Hedef Liste Konya'!R:R,B9,'Hedef Liste Konya'!C:C,"doğru",'Hedef Liste Konya'!J:J,"=0%",'Hedef Liste Konya'!P:P,"Geleneksel") -> 34 | T9: =COUNTIFS('Hedef Liste Malatya'!R:R,B9,'Hedef Liste Malatya'!C:C,"doğru",'Hedef Liste Malatya'!J:J,"=0%",'Hedef Liste Malatya'!P:P,"Geleneksel") -> 5 | U9: =COUNTIFS('Hedef Liste Ordu'!R:R,B9,'Hedef Liste Ordu'!C:C,"true",'Hedef Liste Ordu'!J:J,"=0%",'Hedef Liste Ordu'!P:P,"Geleneksel") -> 1 | V9: =COUNTIFS('Hedef Liste Osmaniye'!R:R,B9,'Hedef Liste Osmaniye'!C:C,"doğru",'Hedef Liste Osmaniye'!J:J,"=0%",'Hedef Liste Osmaniye'!P:P,"Geleneksel") -> 3 | W9: =COUNTIFS('Hedef Liste Sinop'!T:T,B9,'Hedef Liste Sinop'!C:C,"doğru",'Hedef Liste Sinop'!J:J,"=0%",'Hedef Liste Sinop'!P:P,"Geleneksel") -> 0 | X9: =COUNTIFS('Hedef Liste Tokat'!R:R,B9,'Hedef Liste Tokat'!C:C,"doğru",'Hedef Liste Tokat'!J:J,"=0%",'Hedef Liste Tokat'!P:P,"Geleneksel") -> 3 | Y9: =COUNTIFS('Hedef Liste Uşak'!R:R,B9,'Hedef Liste Uşak'!C:C,"true",'Hedef Liste Uşak'!J:J,"=0%",'Hedef Liste Uşak'!P:P,"Geleneksel") -> 0 | Z9: =COUNTIFS('Hedef Liste Yalova'!R:R,B9,'Hedef Liste Yalova'!C:C,"true",'Hedef Liste Yalova'!J:J,"=0%",'Hedef Liste Yalova'!P:P,"Geleneksel") -> 3 | AA9: =COUNTIFS('Hedef Liste Zonguldak'!R:R,B9,'Hedef Liste Zonguldak'!C:C,"true",'Hedef Liste Zonguldak'!J:J,"=0%",'Hedef Liste Zonguldak'!P:P,"Geleneksel") -> 0 | AB9: =COUNTIFS('Hedef Liste Karaman'!R:R,B9,'Hedef Liste Karaman'!C:C,"doğru",'Hedef Liste Karaman'!J:J,"=0%",'Hedef Liste Karaman'!P:P,"Geleneksel") -> 2
B10: Lokasyon Uzak | C10: =COUNTIFS('Hedef Liste Adıyaman'!R:R,B10,'Hedef Liste Adıyaman'!C:C,"doğru",'Hedef Liste Adıyaman'!J:J,"=0%",'Hedef Liste Adıyaman'!P:P,"Geleneksel") -> 0 | D10: =COUNTIFS('Hedef Liste Afyon'!R:R,B10,'Hedef Liste Afyon'!C:C,"true",'Hedef Liste Afyon'!J:J,"=0%",'Hedef Liste Afyon'!P:P,"Geleneksel") -> 9 | E10: =COUNTIFS('Hedef Liste Amasya'!R:R,B10,'Hedef Liste Amasya'!C:C,"doğru",'Hedef Liste Amasya'!J:J,"=0%",'Hedef Liste Amasya'!P:P,"Geleneksel") -> 0 | F10: =COUNTIFS('Hedef Liste Bartın'!R:R,B10,'Hedef Liste Bartın'!C:C,"doğru",'Hedef Liste Bartın'!J:J,"=0%",'Hedef Liste Bartın'!P:P,"Geleneksel") -> 0 | G10: =COUNTIFS('Hedef Liste Bilecik'!R:R,B10,'Hedef Liste Bilecik'!C:C,"doğru",'Hedef Liste Bilecik'!J:J,"=0%",'Hedef Liste Bilecik'!P:P,"Geleneksel") -> 0 | H10: =COUNTIFS('Hedef Liste Bolu'!R:R,B10,'Hedef Liste Bolu'!C:C,"doğru",'Hedef Liste Bolu'!J:J,"=0%",'Hedef Liste Bolu'!P:P,"Geleneksel") -> 0 | I10: =COUNTIFS('Hedef Liste Çankırı'!R:R,B10,'Hedef Liste Çankırı'!C:C,"doğru",'Hedef Liste Çankırı'!J:J,"=0%",'Hedef Liste Çankırı'!P:P,"Geleneksel") -> 0 | J10: =COUNTIFS('Hedef Liste Diyarbakır'!R:R,B10,'Hedef Liste Diyarbakır'!C:C,"doğru",'Hedef Liste Diyarbakır'!J:J,"=0%",'Hedef Liste Diyarbakır'!P:P,"Geleneksel") -> 0 | K10: =COUNTIFS('Hedef Liste Düzce'!R:R,B10,'Hedef Liste Düzce'!C:C,"true",'Hedef Liste Düzce'!J:J,"=0%",'Hedef Liste Düzce'!P:P,"Geleneksel") -> 2 | L10: =COUNTIFS('Hedef Liste Elazığ'!R:R,B10,'Hedef Liste Elazığ'!C:C,"doğru",'Hedef Liste Elazığ'!J:J,"=0%",'Hedef Liste Elazığ'!P:P,"Geleneksel") -> 0 | M10: =COUNTIFS('Hedef Liste Erzurum'!R:R,B10,'Hedef Liste Erzurum'!C:C,"true",'Hedef Liste Erzurum'!J:J,"=0%",'Hedef Liste Erzurum'!P:P,"Geleneksel") -> 0 | N10: =COUNTIFS('Hedef Liste Giresun'!R:R,B10,'Hedef Liste Giresun'!C:C,"doğru",'Hedef Liste Giresun'!J:J,"=0%",'Hedef Liste Giresun'!P:P,"Geleneksel") -> 0 | O10: =COUNTIFS('Hedef Liste Iğdır'!R:R,B10,'Hedef Liste Iğdır'!C:C,"doğru",'Hedef Liste Iğdır'!J:J,"=0%",'Hedef Liste Iğdır'!P:P,"Geleneksel") -> 0 | P10: =COUNTIFS('Hedef Liste Karabük'!R:R,B10,'Hedef Liste Karabük'!C:C,"true",'Hedef Liste Karabük'!J:J,"=0%",'Hedef Liste Karabük'!P:P,"Geleneksel") -> 0 | Q10: =COUNTIFS('Hedef Liste Kastamonu'!R:R,B10,'Hedef Liste Kastamonu'!C:C,"true",'Hedef Liste Kastamonu'!J:J,"=0%",'Hedef Liste Kastamonu'!P:P,"Geleneksel") -> 0 | R10: =COUNTIFS('Hedef Liste Kırklareli'!R:R,B10,'Hedef Liste Kırklareli'!C:C,"doğru",'Hedef Liste Kırklareli'!J:J,"=0%",'Hedef Liste Kırklareli'!P:P,"Geleneksel") -> 0 | S10: =COUNTIFS('Hedef Liste Konya'!R:R,B10,'Hedef Liste Konya'!C:C,"doğru",'Hedef Liste Konya'!J:J,"=0%",'Hedef Liste Konya'!P:P,"Geleneksel") -> 0 | T10: =COUNTIFS('Hedef Liste Malatya'!R:R,B10,'Hedef Liste Malatya'!C:C,"doğru",'Hedef Liste Malatya'!J:J,"=0%",'Hedef Liste Malatya'!P:P,"Geleneksel") -> 1 | U10: =COUNTIFS('Hedef Liste Ordu'!R:R,B10,'Hedef Liste Ordu'!C:C,"true",'Hedef Liste Ordu'!J:J,"=0%",'Hedef Liste Ordu'!P:P,"Geleneksel") -> 4 | V10: =COUNTIFS('Hedef Liste Osmaniye'!R:R,B10,'Hedef Liste Osmaniye'!C:C,"doğru",'Hedef Liste Osmaniye'!J:J,"=0%",'Hedef Liste Osmaniye'!P:P,"Geleneksel") -> 0 | W10: =COUNTIFS('Hedef Liste Sinop'!T:T,B10,'Hedef Liste Sinop'!C:C,"doğru",'Hedef Liste Sinop'!J:J,"=0%",'Hedef Liste Sinop'!P:P,"Geleneksel") -> 0 | X10: =COUNTIFS('Hedef Liste Tokat'!R:R,B10,'Hedef Liste Tokat'!C:C,"doğru",'Hedef Liste Tokat'!J:J,"=0%",'Hedef Liste Tokat'!P:P,"Geleneksel") -> 0 | Y10: =COUNTIFS('Hedef Liste Uşak'!R:R,B10,'Hedef Liste Uşak'!C:C,"true",'Hedef Liste Uşak'!J:J,"=0%",'Hedef Liste Uşak'!P:P,"Geleneksel") -> 0 | Z10: =COUNTIFS('Hedef Liste Yalova'!R:R,B10,'Hedef Liste Yalova'!C:C,"true",'Hedef Liste Yalova'!J:J,"=0%",'Hedef Liste Yalova'!P:P,"Geleneksel") -> 0 | AA10: =COUNTIFS('Hedef Liste Zonguldak'!R:R,B10,'Hedef Liste Zonguldak'!C:C,"true",'Hedef Liste Zonguldak'!J:J,"=0%",'Hedef Liste Zonguldak'!P:P,"Geleneksel") -> 0 | AB10: =COUNTIFS('Hedef Liste Karaman'!R:R,B10,'Hedef Liste Karaman'!C:C,"doğru",'Hedef Liste Karaman'!J:J,"=0%",'Hedef Liste Karaman'!P:P,"Geleneksel") -> 1
B11: Haziran'da Aranacak | C11: =COUNTIFS('Hedef Liste Adıyaman'!R:R,B11,'Hedef Liste Adıyaman'!C:C,"doğru",'Hedef Liste Adıyaman'!J:J,"=0%",'Hedef Liste Adıyaman'!P:P,"Geleneksel") -> 0 | D11: =COUNTIFS('Hedef Liste Afyon'!R:R,B11,'Hedef Liste Afyon'!C:C,"true",'Hedef Liste Afyon'!J:J,"=0%",'Hedef Liste Afyon'!P:P,"Geleneksel") -> 0 | E11: =COUNTIFS('Hedef Liste Amasya'!R:R,B11,'Hedef Liste Amasya'!C:C,"doğru",'Hedef Liste Amasya'!J:J,"=0%",'Hedef Liste Amasya'!P:P,"Geleneksel") -> 0 | F11: =COUNTIFS('Hedef Liste Bartın'!R:R,B11,'Hedef Liste Bartın'!C:C,"doğru",'Hedef Liste Bartın'!J:J,"=0%",'Hedef Liste Bartın'!P:P,"Geleneksel") -> 0 | G11: =COUNTIFS('Hedef Liste Bilecik'!R:R,B11,'Hedef Liste Bilecik'!C:C,"doğru",'Hedef Liste Bilecik'!J:J,"=0%",'Hedef Liste Bilecik'!P:P,"Geleneksel") -> 0 | H11: =COUNTIFS('Hedef Liste Bolu'!R:R,B11,'Hedef Liste Bolu'!C:C,"doğru",'Hedef Liste Bolu'!J:J,"=0%",'Hedef Liste Bolu'!P:P,"Geleneksel") -> 0 | I11: =COUNTIFS('Hedef Liste Çankırı'!R:R,B11,'Hedef Liste Çankırı'!C:C,"doğru",'Hedef Liste Çankırı'!J:J,"=0%",'Hedef Liste Çankırı'!P:P,"Geleneksel") -> 0 | J11: =COUNTIFS('Hedef Liste Diyarbakır'!R:R,B11,'Hedef Liste Diyarbakır'!C:C,"doğru",'Hedef Liste Diyarbakır'!J:J,"=0%",'Hedef Liste Diyarbakır'!P:P,"Geleneksel") -> 0 | K11: =COUNTIFS('Hedef Liste Düzce'!R:R,B11,'Hedef Liste Düzce'!C:C,"true",'Hedef Liste Düzce'!J:J,"=0%",'Hedef Liste Düzce'!P:P,"Geleneksel") -> 0 | L11: =COUNTIFS('Hedef Liste Elazığ'!R:R,B11,'Hedef Liste Elazığ'!C:C,"doğru",'Hedef Liste Elazığ'!J:J,"=0%",'Hedef Liste Elazığ'!P:P,"Geleneksel") -> 0 | M11: =COUNTIFS('Hedef Liste Erzurum'!R:R,B11,'Hedef Liste Erzurum'!C:C,"true",'Hedef Liste Erzurum'!J:J,"=0%",'Hedef Liste Erzurum'!P:P,"Geleneksel") -> 0 | N11: =COUNTIFS('Hedef Liste Giresun'!R:R,B11,'Hedef Liste Giresun'!C:C,"doğru",'Hedef Liste Giresun'!J:J,"=0%",'Hedef Liste Giresun'!P:P,"Geleneksel") -> 0 | O11: =COUNTIFS('Hedef Liste Iğdır'!R:R,B11,'Hedef Liste Iğdır'!C:C,"doğru",'Hedef Liste Iğdır'!J:J,"=0%",'Hedef Liste Iğdır'!P:P,"Geleneksel") -> 0 | P11: =COUNTIFS('Hedef Liste Karabük'!R:R,B11,'Hedef Liste Karabük'!C:C,"true",'Hedef Liste Karabük'!J:J,"=0%",'Hedef Liste Karabük'!P:P,"Geleneksel") -> 0 | Q11: =COUNTIFS('Hedef Liste Kastamonu'!R:R,B11,'Hedef Liste Kastamonu'!C:C,"true",'Hedef Liste Kastamonu'!J:J,"=0%",'Hedef Liste Kastamonu'!P:P,"Geleneksel") -> 0 | R11: =COUNTIFS('Hedef Liste Kırklareli'!R:R,B11,'Hedef Liste Kırklareli'!C:C,"doğru",'Hedef Liste Kırklareli'!J:J,"=0%",'Hedef Liste Kırklareli'!P:P,"Geleneksel") -> 0 | S11: =COUNTIFS('Hedef Liste Konya'!R:R,B11,'Hedef Liste Konya'!C:C,"doğru",'Hedef Liste Konya'!J:J,"=0%",'Hedef Liste Konya'!P:P,"Geleneksel") -> 0 | T11: =COUNTIFS('Hedef Liste Malatya'!R:R,B11,'Hedef Liste Malatya'!C:C,"doğru",'Hedef Liste Malatya'!J:J,"=0%",'Hedef Liste Malatya'!P:P,"Geleneksel") -> 0 | U11: =COUNTIFS('Hedef Liste Ordu'!R:R,B11,'Hedef Liste Ordu'!C:C,"true",'Hedef Liste Ordu'!J:J,"=0%",'Hedef Liste Ordu'!P:P,"Geleneksel") -> 0 | V11: =COUNTIFS('Hedef Liste Osmaniye'!R:R,B11,'Hedef Liste Osmaniye'!C:C,"doğru",'Hedef Liste Osmaniye'!J:J,"=0%",'Hedef Liste Osmaniye'!P:P,"Geleneksel") -> 0 | W11: =COUNTIFS('Hedef Liste Sinop'!T:T,B11,'Hedef Liste Sinop'!C:C,"doğru",'Hedef Liste Sinop'!J:J,"=0%",'Hedef Liste Sinop'!P:P,"Geleneksel") -> 0 | X11: =COUNTIFS('Hedef Liste Tokat'!R:R,B11,'Hedef Liste Tokat'!C:C,"doğru",'Hedef Liste Tokat'!J:J,"=0%",'Hedef Liste Tokat'!P:P,"Geleneksel") -> 0 | Y11: =COUNTIFS('Hedef Liste Uşak'!R:R,B11,'Hedef Liste Uşak'!C:C,"true",'Hedef Liste Uşak'!J:J,"=0%",'Hedef Liste Uşak'!P:P,"Geleneksel") -> 0 | Z11: =COUNTIFS('Hedef Liste Yalova'!R:R,B11,'Hedef Liste Yalova'!C:C,"true",'Hedef Liste Yalova'!J:J,"=0%",'Hedef Liste Yalova'!P:P,"Geleneksel") -> 0 | AA11: =COUNTIFS('Hedef Liste Zonguldak'!R:R,B11,'Hedef Liste Zonguldak'!C:C,"true",'Hedef Liste Zonguldak'!J:J,"=0%",'Hedef Liste Zonguldak'!P:P,"Geleneksel") -> 0 | AB11: =COUNTIFS('Hedef Liste Karaman'!R:R,B11,'Hedef Liste Karaman'!C:C,"doğru",'Hedef Liste Karaman'!J:J,"=0%",'Hedef Liste Karaman'!P:P,"Geleneksel") -> 0
B12: Menü Güncellemesi Yapılacak | C12: =COUNTIFS('Hedef Liste Adıyaman'!R:R,B12,'Hedef Liste Adıyaman'!C:C,"doğru",'Hedef Liste Adıyaman'!J:J,"=0%",'Hedef Liste Adıyaman'!P:P,"Geleneksel") -> 0 | D12: =COUNTIFS('Hedef Liste Afyon'!R:R,B12,'Hedef Liste Afyon'!C:C,"true",'Hedef Liste Afyon'!J:J,"=0%",'Hedef Liste Afyon'!P:P,"Geleneksel") -> 1 | E12: =COUNTIFS('Hedef Liste Amasya'!R:R,B12,'Hedef Liste Amasya'!C:C,"doğru",'Hedef Liste Amasya'!J:J,"=0%",'Hedef Liste Amasya'!P:P,"Geleneksel") -> 0 | F12: =COUNTIFS('Hedef Liste Bartın'!R:R,B12,'Hedef Liste Bartın'!C:C,"doğru",'Hedef Liste Bartın'!J:J,"=0%",'Hedef Liste Bartın'!P:P,"Geleneksel") -> 0 | G12: =COUNTIFS('Hedef Liste Bilecik'!R:R,B12,'Hedef Liste Bilecik'!C:C,"doğru",'Hedef Liste Bilecik'!J:J,"=0%",'Hedef Liste Bilecik'!P:P,"Geleneksel") -> 0 | H12: =COUNTIFS('Hedef Liste Bolu'!R:R,B12,'Hedef Liste Bolu'!C:C,"doğru",'Hedef Liste Bolu'!J:J,"=0%",'Hedef Liste Bolu'!P:P,"Geleneksel") -> 0 | I12: =COUNTIFS('Hedef Liste Çankırı'!R:R,B12,'Hedef Liste Çankırı'!C:C,"doğru",'Hedef Liste Çankırı'!J:J,"=0%",'Hedef Liste Çankırı'!P:P,"Geleneksel") -> 0 | J12: =COUNTIFS('Hedef Liste Diyarbakır'!R:R,B12,'Hedef Liste Diyarbakır'!C:C,"doğru",'Hedef Liste Diyarbakır'!J:J,"=0%",'Hedef Liste Diyarbakır'!P:P,"Geleneksel") -> 0 | K12: =COUNTIFS('Hedef Liste Düzce'!R:R,B12,'Hedef Liste Düzce'!C:C,"true",'Hedef Liste Düzce'!J:J,"=0%",'Hedef Liste Düzce'!P:P,"Geleneksel") -> 0 | L12: =COUNTIFS('Hedef Liste Elazığ'!R:R,B12,'Hedef Liste Elazığ'!C:C,"doğru",'Hedef Liste Elazığ'!J:J,"=0%",'Hedef Liste Elazığ'!P:P,"Geleneksel") -> 0 | M12: =COUNTIFS('Hedef Liste Erzurum'!R:R,B12,'Hedef Liste Erzurum'!C:C,"true",'Hedef Liste Erzurum'!J:J,"=0%",'Hedef Liste Erzurum'!P:P,"Geleneksel") -> 1 | N12: =COUNTIFS('Hedef Liste Giresun'!R:R,B12,'Hedef Liste Giresun'!C:C,"doğru",'Hedef Liste Giresun'!J:J,"=0%",'Hedef Liste Giresun'!P:P,"Geleneksel") -> 0 | O12: =COUNTIFS('Hedef Liste Iğdır'!R:R,B12,'Hedef Liste Iğdır'!C:C,"doğru",'Hedef Liste Iğdır'!J:J,"=0%",'Hedef Liste Iğdır'!P:P,"Geleneksel") -> 0 | P12: =COUNTIFS('Hedef Liste Karabük'!R:R,B12,'Hedef Liste Karabük'!C:C,"true",'Hedef Liste Karabük'!J:J,"=0%",'Hedef Liste Karabük'!P:P,"Geleneksel") -> 1 | Q12: =COUNTIFS('Hedef Liste Kastamonu'!R:R,B12,'Hedef Liste Kastamonu'!C:C,"true",'Hedef Liste Kastamonu'!J:J,"=0%",'Hedef Liste Kastamonu'!P:P,"Geleneksel") -> 0 | R12: =COUNTIFS('Hedef Liste Kırklareli'!R:R,B12,'Hedef Liste Kırklareli'!C:C,"doğru",'Hedef Liste Kırklareli'!J:J,"=0%",'Hedef Liste Kırklareli'!P:P,"Geleneksel") -> 1 | S12: =COUNTIFS('Hedef Liste Konya'!R:R,B12,'Hedef Liste Konya'!C:C,"doğru",'Hedef Liste Konya'!J:J,"=0%",'Hedef Liste Konya'!P:P,"Geleneksel") -> 1 | T12: =COUNTIFS('Hedef Liste Malatya'!R:R,B12,'Hedef Liste Malatya'!C:C,"doğru",'Hedef Liste Malatya'!J:J,"=0%",'Hedef Liste Malatya'!P:P,"Geleneksel") -> 0 | U12: =COUNTIFS('Hedef Liste Ordu'!R:R,B12,'Hedef Liste Ordu'!C:C,"true",'Hedef Liste Ordu'!J:J,"=0%",'Hedef Liste Ordu'!P:P,"Geleneksel") -> 0 | V12: =COUNTIFS('Hedef Liste Osmaniye'!R:R,B12,'Hedef Liste Osmaniye'!C:C,"doğru",'Hedef Liste Osmaniye'!J:J,"=0%",'Hedef Liste Osmaniye'!P:P,"Geleneksel") -> 0 | W12: =COUNTIFS('Hedef Liste Sinop'!T:T,B12,'Hedef Liste Sinop'!C:C,"doğru",'Hedef Liste Sinop'!J:J,"=0%",'Hedef Liste Sinop'!P:P,"Geleneksel") -> 0 | X12: =COUNTIFS('Hedef Liste Tokat'!R:R,B12,'Hedef Liste Tokat'!C:C,"doğru",'Hedef Liste Tokat'!J:J,"=0%",'Hedef Liste Tokat'!P:P,"Geleneksel") -> 0 | Y12: =COUNTIFS('Hedef Liste Uşak'!R:R,B12,'Hedef Liste Uşak'!C:C,"true",'Hedef Liste Uşak'!J:J,"=0%",'Hedef Liste Uşak'!P:P,"Geleneksel") -> 0 | Z12: =COUNTIFS('Hedef Liste Yalova'!R:R,B12,'Hedef Liste Yalova'!C:C,"true",'Hedef Liste Yalova'!J:J,"=0%",'Hedef Liste Yalova'!P:P,"Geleneksel") -> 0 | AA12: =COUNTIFS('Hedef Liste Zonguldak'!R:R,B12,'Hedef Liste Zonguldak'!C:C,"true",'Hedef Liste Zonguldak'!J:J,"=0%",'Hedef Liste Zonguldak'!P:P,"Geleneksel") -> 0 | AB12: =COUNTIFS('Hedef Liste Karaman'!R:R,B12,'Hedef Liste Karaman'!C:C,"doğru",'Hedef Liste Karaman'!J:J,"=0%",'Hedef Liste Karaman'!P:P,"Geleneksel") -> 0
B13: Personel Eksik | C13: =COUNTIFS('Hedef Liste Adıyaman'!R:R,B13,'Hedef Liste Adıyaman'!C:C,"doğru",'Hedef Liste Adıyaman'!J:J,"=0%",'Hedef Liste Adıyaman'!P:P,"Geleneksel") -> 0 | D13: =COUNTIFS('Hedef Liste Afyon'!R:R,B13,'Hedef Liste Afyon'!C:C,"true",'Hedef Liste Afyon'!J:J,"=0%",'Hedef Liste Afyon'!P:P,"Geleneksel") -> 0 | E13: =COUNTIFS('Hedef Liste Amasya'!R:R,B13,'Hedef Liste Amasya'!C:C,"doğru",'Hedef Liste Amasya'!J:J,"=0%",'Hedef Liste Amasya'!P:P,"Geleneksel") -> 0 | F13: =COUNTIFS('Hedef Liste Bartın'!R:R,B13,'Hedef Liste Bartın'!C:C,"doğru",'Hedef Liste Bartın'!J:J,"=0%",'Hedef Liste Bartın'!P:P,"Geleneksel") -> 0 | G13: =COUNTIFS('Hedef Liste Bilecik'!R:R,B13,'Hedef Liste Bilecik'!C:C,"doğru",'Hedef Liste Bilecik'!J:J,"=0%",'Hedef Liste Bilecik'!P:P,"Geleneksel") -> 0 | H13: =COUNTIFS('Hedef Liste Bolu'!R:R,B13,'Hedef Liste Bolu'!C:C,"doğru",'Hedef Liste Bolu'!J:J,"=0%",'Hedef Liste Bolu'!P:P,"Geleneksel") -> 0 | I13: =COUNTIFS('Hedef Liste Çankırı'!R:R,B13,'Hedef Liste Çankırı'!C:C,"doğru",'Hedef Liste Çankırı'!J:J,"=0%",'Hedef Liste Çankırı'!P:P,"Geleneksel") -> 0 | J13: =COUNTIFS('Hedef Liste Diyarbakır'!R:R,B13,'Hedef Liste Diyarbakır'!C:C,"doğru",'Hedef Liste Diyarbakır'!J:J,"=0%",'Hedef Liste Diyarbakır'!P:P,"Geleneksel") -> 0 | K13: =COUNTIFS('Hedef Liste Düzce'!R:R,B13,'Hedef Liste Düzce'!C:C,"true",'Hedef Liste Düzce'!J:J,"=0%",'Hedef Liste Düzce'!P:P,"Geleneksel") -> 0 | L13: =COUNTIFS('Hedef Liste Elazığ'!R:R,B13,'Hedef Liste Elazığ'!C:C,"doğru",'Hedef Liste Elazığ'!J:J,"=0%",'Hedef Liste Elazığ'!P:P,"Geleneksel") -> 0 | M13: =COUNTIFS('Hedef Liste Erzurum'!R:R,B13,'Hedef Liste Erzurum'!C:C,"true",'Hedef Liste Erzurum'!J:J,"=0%",'Hedef Liste Erzurum'!P:P,"Geleneksel") -> 0 | N13: =COUNTIFS('Hedef Liste Giresun'!R:R,B13,'Hedef Liste Giresun'!C:C,"doğru",'Hedef Liste Giresun'!J:J,"=0%",'Hedef Liste Giresun'!P:P,"Geleneksel") -> 0 | O13: =COUNTIFS('Hedef Liste Iğdır'!R:R,B13,'Hedef Liste Iğdır'!C:C,"doğru",'Hedef Liste Iğdır'!J:J,"=0%",'Hedef Liste Iğdır'!P:P,"Geleneksel") -> 0 | P13: =COUNTIFS('Hedef Liste Karabük'!R:R,B13,'Hedef Liste Karabük'!C:C,"true",'Hedef Liste Karabük'!J:J,"=0%",'Hedef Liste Karabük'!P:P,"Geleneksel") -> 1 | Q13: =COUNTIFS('Hedef Liste Kastamonu'!R:R,B13,'Hedef Liste Kastamonu'!C:C,"true",'Hedef Liste Kastamonu'!J:J,"=0%",'Hedef Liste Kastamonu'!P:P,"Geleneksel") -> 0 | R13: =COUNTIFS('Hedef Liste Kırklareli'!R:R,B13,'Hedef Liste Kırklareli'!C:C,"doğru",'Hedef Liste Kırklareli'!J:J,"=0%",'Hedef Liste Kırklareli'!P:P,"Geleneksel") -> 0 | S13: =COUNTIFS('Hedef Liste Konya'!R:R,B13,'Hedef Liste Konya'!C:C,"doğru",'Hedef Liste Konya'!J:J,"=0%",'Hedef Liste Konya'!P:P,"Geleneksel") -> 1 | T13: =COUNTIFS('Hedef Liste Malatya'!R:R,B13,'Hedef Liste Malatya'!C:C,"doğru",'Hedef Liste Malatya'!J:J,"=0%",'Hedef Liste Malatya'!P:P,"Geleneksel") -> 0 | U13: =COUNTIFS('Hedef Liste Ordu'!R:R,B13,'Hedef Liste Ordu'!C:C,"true",'Hedef Liste Ordu'!J:J,"=0%",'Hedef Liste Ordu'!P:P,"Geleneksel") -> 0 | V13: =COUNTIFS('Hedef Liste Osmaniye'!R:R,B13,'Hedef Liste Osmaniye'!C:C,"doğru",'Hedef Liste Osmaniye'!J:J,"=0%",'Hedef Liste Osmaniye'!P:P,"Geleneksel") -> 1 | W13: =COUNTIFS('Hedef Liste Sinop'!T:T,B13,'Hedef Liste Sinop'!C:C,"doğru",'Hedef Liste Sinop'!J:J,"=0%",'Hedef Liste Sinop'!P:P,"Geleneksel") -> 0 | X13: =COUNTIFS('Hedef Liste Tokat'!R:R,B13,'Hedef Liste Tokat'!C:C,"doğru",'Hedef Liste Tokat'!J:J,"=0%",'Hedef Liste Tokat'!P:P,"Geleneksel") -> 0 | Y13: =COUNTIFS('Hedef Liste Uşak'!R:R,B13,'Hedef Liste Uşak'!C:C,"true",'Hedef Liste Uşak'!J:J,"=0%",'Hedef Liste Uşak'!P:P,"Geleneksel") -> 0 | Z13: =COUNTIFS('Hedef Liste Yalova'!R:R,B13,'Hedef Liste Yalova'!C:C,"true",'Hedef Liste Yalova'!J:J,"=0%",'Hedef Liste Yalova'!P:P,"Geleneksel") -> 0 | AA13: =COUNTIFS('Hedef Liste Zonguldak'!R:R,B13,'Hedef Liste Zonguldak'!C:C,"true",'Hedef Liste Zonguldak'!J:J,"=0%",'Hedef Liste Zonguldak'!P:P,"Geleneksel") -> 0 | AB13: =COUNTIFS('Hedef Liste Karaman'!R:R,B13,'Hedef Liste Karaman'!C:C,"doğru",'Hedef Liste Karaman'!J:J,"=0%",'Hedef Liste Karaman'!P:P,"Geleneksel") -> 1
B14: Randevu Alındı | C14: =COUNTIFS('Hedef Liste Adıyaman'!R:R,B14,'Hedef Liste Adıyaman'!C:C,"doğru",'Hedef Liste Adıyaman'!J:J,"=0%",'Hedef Liste Adıyaman'!P:P,"Geleneksel") -> 3 | D14: =COUNTIFS('Hedef Liste Afyon'!R:R,B14,'Hedef Liste Afyon'!C:C,"true",'Hedef Liste Afyon'!J:J,"=0%",'Hedef Liste Afyon'!P:P,"Geleneksel") -> 1 | E14: =COUNTIFS('Hedef Liste Amasya'!R:R,B14,'Hedef Liste Amasya'!C:C,"doğru",'Hedef Liste Amasya'!J:J,"=0%",'Hedef Liste Amasya'!P:P,"Geleneksel") -> 10 | F14: =COUNTIFS('Hedef Liste Bartın'!R:R,B14,'Hedef Liste Bartın'!C:C,"doğru",'Hedef Liste Bartın'!J:J,"=0%",'Hedef Liste Bartın'!P:P,"Geleneksel") -> 4 | G14: =COUNTIFS('Hedef Liste Bilecik'!R:R,B14,'Hedef Liste Bilecik'!C:C,"doğru",'Hedef Liste Bilecik'!J:J,"=0%",'Hedef Liste Bilecik'!P:P,"Geleneksel") -> 4 | H14: =COUNTIFS('Hedef Liste Bolu'!R:R,B14,'Hedef Liste Bolu'!C:C,"doğru",'Hedef Liste Bolu'!J:J,"=0%",'Hedef Liste Bolu'!P:P,"Geleneksel") -> 12 | I14: =COUNTIFS('Hedef Liste Çankırı'!R:R,B14,'Hedef Liste Çankırı'!C:C,"doğru",'Hedef Liste Çankırı'!J:J,"=0%",'Hedef Liste Çankırı'!P:P,"Geleneksel") -> 0 | J14: =COUNTIFS('Hedef Liste Diyarbakır'!R:R,B14,'Hedef Liste Diyarbakır'!C:C,"doğru",'Hedef Liste Diyarbakır'!J:J,"=0%",'Hedef Liste Diyarbakır'!P:P,"Geleneksel") -> 0 | K14: =COUNTIFS('Hedef Liste Düzce'!R:R,B14,'Hedef Liste Düzce'!C:C,"true",'Hedef Liste Düzce'!J:J,"=0%",'Hedef Liste Düzce'!P:P,"Geleneksel") -> 0 | L14: =COUNTIFS('Hedef Liste Elazığ'!R:R,B14,'Hedef Liste Elazığ'!C:C,"doğru",'Hedef Liste Elazığ'!J:J,"=0%",'Hedef Liste Elazığ'!P:P,"Geleneksel") -> 16 | M14: =COUNTIFS('Hedef Liste Erzurum'!R:R,B14,'Hedef Liste Erzurum'!C:C,"true",'Hedef Liste Erzurum'!J:J,"=0%",'Hedef Liste Erzurum'!P:P,"Geleneksel") -> 3 | N14: =COUNTIFS('Hedef Liste Giresun'!R:R,B14,'Hedef Liste Giresun'!C:C,"doğru",'Hedef Liste Giresun'!J:J,"=0%",'Hedef Liste Giresun'!P:P,"Geleneksel") -> 6 | O14: =COUNTIFS('Hedef Liste Iğdır'!R:R,B14,'Hedef Liste Iğdır'!C:C,"doğru",'Hedef Liste Iğdır'!J:J,"=0%",'Hedef Liste Iğdır'!P:P,"Geleneksel") -> 7 | P14: =COUNTIFS('Hedef Liste Karabük'!R:R,B14,'Hedef Liste Karabük'!C:C,"true",'Hedef Liste Karabük'!J:J,"=0%",'Hedef Liste Karabük'!P:P,"Geleneksel") -> 4 | Q14: =COUNTIFS('Hedef Liste Kastamonu'!R:R,B14,'Hedef Liste Kastamonu'!C:C,"true",'Hedef Liste Kastamonu'!J:J,"=0%",'Hedef Liste Kastamonu'!P:P,"Geleneksel") -> 0 | R14: =COUNTIFS('Hedef Liste Kırklareli'!R:R,B14,'Hedef Liste Kırklareli'!C:C,"doğru",'Hedef Liste Kırklareli'!J:J,"=0%",'Hedef Liste Kırklareli'!P:P,"Geleneksel") -> 10 | S14: =COUNTIFS('Hedef Liste Konya'!R:R,B14,'Hedef Liste Konya'!C:C,"doğru",'Hedef Liste Konya'!J:J,"=0%",'Hedef Liste Konya'!P:P,"Geleneksel") -> 17 | T14: =COUNTIFS('Hedef Liste Malatya'!R:R,B14,'Hedef Liste Malatya'!C:C,"doğru",'Hedef Liste Malatya'!J:J,"=0%",'Hedef Liste Malatya'!P:P,"Geleneksel") -> 8 | U14: =COUNTIFS('Hedef Liste Ordu'!R:R,B14,'Hedef Liste Ordu'!C:C,"true",'Hedef Liste Ordu'!J:J,"=0%",'Hedef Liste Ordu'!P:P,"Geleneksel") -> 3 | V14: =COUNTIFS('Hedef Liste Osmaniye'!R:R,B14,'Hedef Liste Osmaniye'!C:C,"doğru",'Hedef Liste Osmaniye'!J:J,"=0%",'Hedef Liste Osmaniye'!P:P,"Geleneksel") -> 1 | W14: =COUNTIFS('Hedef Liste Sinop'!T:T,B14,'Hedef Liste Sinop'!C:C,"doğru",'Hedef Liste Sinop'!J:J,"=0%",'Hedef Liste Sinop'!P:P,"Geleneksel") -> 1 | X14: =COUNTIFS('Hedef Liste Tokat'!R:R,B14,'Hedef Liste Tokat'!C:C,"doğru",'Hedef Liste Tokat'!J:J,"=0%",'Hedef Liste Tokat'!P:P,"Geleneksel") -> 4 | Y14: =COUNTIFS('Hedef Liste Uşak'!R:R,B14,'Hedef Liste Uşak'!C:C,"true",'Hedef Liste Uşak'!J:J,"=0%",'Hedef Liste Uşak'!P:P,"Geleneksel") -> 0 | Z14: =COUNTIFS('Hedef Liste Yalova'!R:R,B14,'Hedef Liste Yalova'!C:C,"true",'Hedef Liste Yalova'!J:J,"=0%",'Hedef Liste Yalova'!P:P,"Geleneksel") -> 1 | AA14: =COUNTIFS('Hedef Liste Zonguldak'!R:R,B14,'Hedef Liste Zonguldak'!C:C,"true",'Hedef Liste Zonguldak'!J:J,"=0%",'Hedef Liste Zonguldak'!P:P,"Geleneksel") -> 0 | AB14: =COUNTIFS('Hedef Liste Karaman'!R:R,B14,'Hedef Liste Karaman'!C:C,"doğru",'Hedef Liste Karaman'!J:J,"=0%",'Hedef Liste Karaman'!P:P,"Geleneksel") -> 5
... B20: Yılbaşından Sonra Aranacak | C20: =COUNTIFS('Hedef Liste Adıyaman'!R:R,B20,'Hedef Liste Adıyaman'!C:C,"doğru",'Hedef Liste Adıyaman'!J:J,"=0%",'Hedef Liste Adıyaman'!P:P,"Geleneksel") -> 0 | D20: =COUNTIFS('Hedef Liste Afyon'!R:R,B20,'Hedef Liste Afyon'!C:C,"true",'Hedef Liste Afyon'!J:J,"=0%",'Hedef Liste Afyon'!P:P,"Geleneksel") -> 0 | E20: =COUNTIFS('Hedef Liste Amasya'!R:R,B20,'Hedef Liste Amasya'!C:C,"doğru",'Hedef Liste Amasya'!J:J,"=0%",'Hedef Liste Amasya'!P:P,"Geleneksel") -> 0 | F20: =COUNTIFS('Hedef Liste Bartın'!R:R,B20,'Hedef Liste Bartın'!C:C,"doğru",'Hedef Liste Bartın'!J:J,"=0%",'Hedef Liste Bartın'!P:P,"Geleneksel") -> 0 | G20: =COUNTIFS('Hedef Liste Bilecik'!R:R,B20,'Hedef Liste Bilecik'!C:C,"doğru",'Hedef Liste Bilecik'!J:J,"=0%",'Hedef Liste Bilecik'!P:P,"Geleneksel") -> 0 | H20: =COUNTIFS('Hedef Liste Bolu'!R:R,B20,'Hedef Liste Bolu'!C:C,"doğru",'Hedef Liste Bolu'!J:J,"=0%",'Hedef Liste Bolu'!P:P,"Geleneksel") -> 0 | I20: =COUNTIFS('Hedef Liste Çankırı'!R:R,B20,'Hedef Liste Çankırı'!C:C,"doğru",'Hedef Liste Çankırı'!J:J,"=0%",'Hedef Liste Çankırı'!P:P,"Geleneksel") -> 0 | J20: =COUNTIFS('Hedef Liste Diyarbakır'!R:R,B20,'Hedef Liste Diyarbakır'!C:C,"doğru",'Hedef Liste Diyarbakır'!J:J,"=0%",'Hedef Liste Diyarbakır'!P:P,"Geleneksel") -> 0 | K20: =COUNTIFS('Hedef Liste Düzce'!R:R,B20,'Hedef Liste Düzce'!C:C,"true",'Hedef Liste Düzce'!J:J,"=0%",'Hedef Liste Düzce'!P:P,"Geleneksel") -> 0 | L20: =COUNTIFS('Hedef Liste Elazığ'!R:R,B20,'Hedef Liste Elazığ'!C:C,"doğru",'Hedef Liste Elazığ'!J:J,"=0%",'Hedef Liste Elazığ'!P:P,"Geleneksel") -> 0 | M20: =COUNTIFS('Hedef Liste Erzurum'!R:R,B20,'Hedef Liste Erzurum'!C:C,"true",'Hedef Liste Erzurum'!J:J,"=0%",'Hedef Liste Erzurum'!P:P,"Geleneksel") -> 0 | N20: =COUNTIFS('Hedef Liste Giresun'!R:R,B20,'Hedef Liste Giresun'!C:C,"doğru",'Hedef Liste Giresun'!J:J,"=0%",'Hedef Liste Giresun'!P:P,"Geleneksel") -> 0 | O20: =COUNTIFS('Hedef Liste Iğdır'!R:R,B20,'Hedef Liste Iğdır'!C:C,"doğru",'Hedef Liste Iğdır'!J:J,"=0%",'Hedef Liste Iğdır'!P:P,"Geleneksel") -> 0 | P20: =COUNTIFS('Hedef Liste Karabük'!R:R,B20,'Hedef Liste Karabük'!C:C,"true",'Hedef Liste Karabük'!J:J,"=0%",'Hedef Liste Karabük'!P:P,"Geleneksel") -> 0 | Q20: =COUNTIFS('Hedef Liste Kastamonu'!R:R,B20,'Hedef Liste Kastamonu'!C:C,"true",'Hedef Liste Kastamonu'!J:J,"=0%",'Hedef Liste Kastamonu'!P:P,"Geleneksel") -> 0 | R20: =COUNTIFS('Hedef Liste Kırklareli'!R:R,B20,'Hedef Liste Kırklareli'!C:C,"doğru",'Hedef Liste Kırklareli'!J:J,"=0%",'Hedef Liste Kırklareli'!P:P,"Geleneksel") -> 0 | S20: =COUNTIFS('Hedef Liste Konya'!R:R,B20,'Hedef Liste Konya'!C:C,"doğru",'Hedef Liste Konya'!J:J,"=0%",'Hedef Liste Konya'!P:P,"Geleneksel") -> 0 | T20: =COUNTIFS('Hedef Liste Malatya'!R:R,B20,'Hedef Liste Malatya'!C:C,"doğru",'Hedef Liste Malatya'!J:J,"=0%",'Hedef Liste Malatya'!P:P,"Geleneksel") -> 0 | U20: =COUNTIFS('Hedef Liste Ordu'!R:R,B20,'Hedef Liste Ordu'!C:C,"true",'Hedef Liste Ordu'!J:J,"=0%",'Hedef Liste Ordu'!P:P,"Geleneksel") -> 0 | V20: =COUNTIFS('Hedef Liste Osmaniye'!R:R,B20,'Hedef Liste Osmaniye'!C:C,"doğru",'Hedef Liste Osmaniye'!J:J,"=0%",'Hedef Liste Osmaniye'!P:P,"Geleneksel") -> 0 | W20: =COUNTIFS('Hedef Liste Sinop'!T:T,B20,'Hedef Liste Sinop'!C:C,"doğru",'Hedef Liste Sinop'!J:J,"=0%",'Hedef Liste Sinop'!P:P,"Geleneksel") -> 0 | X20: =COUNTIFS('Hedef Liste Tokat'!R:R,B20,'Hedef Liste Tokat'!C:C,"doğru",'Hedef Liste Tokat'!J:J,"=0%",'Hedef Liste Tokat'!P:P,"Geleneksel") -> 0 | Y20: =COUNTIFS('Hedef Liste Uşak'!R:R,B20,'Hedef Liste Uşak'!C:C,"true",'Hedef Liste Uşak'!J:J,"=0%",'Hedef Liste Uşak'!P:P,"Geleneksel") -> 0 | Z20: =COUNTIFS('Hedef Liste Yalova'!R:R,B20,'Hedef Liste Yalova'!C:C,"true",'Hedef Liste Yalova'!J:J,"=0%",'Hedef Liste Yalova'!P:P,"Geleneksel") -> 0 | AA20: =COUNTIFS('Hedef Liste Zonguldak'!R:R,B20,'Hedef Liste Zonguldak'!C:C,"true",'Hedef Liste Zonguldak'!J:J,"=0%",'Hedef Liste Zonguldak'!P:P,"Geleneksel") -> 0 | AB20: =COUNTIFS('Hedef Liste Karaman'!R:R,B20,'Hedef Liste Karaman'!C:C,"doğru",'Hedef Liste Karaman'!J:J,"=0%",'Hedef Liste Karaman'!P:P,"Geleneksel") -> 0
B21: Fotoğrafı Var | C21: =COUNTIFS('Hedef Liste Adıyaman'!Q:Q,"true",'Hedef Liste Adıyaman'!C:C,"doğru",'Hedef Liste Adıyaman'!J:J,"=0%",'Hedef Liste Adıyaman'!P:P,"Geleneksel") -> 5 | D21: =COUNTIFS('Hedef Liste Afyon'!Q:Q,"true",'Hedef Liste Afyon'!C:C,"true",'Hedef Liste Afyon'!J:J,"=0%",'Hedef Liste Afyon'!P:P,"Geleneksel",'Hedef Liste Afyon'!R:R,"") -> 18 | E21: =COUNTIFS('Hedef Liste Amasya'!Q:Q,TRUE,'Hedef Liste Amasya'!C:C,"doğru",'Hedef Liste Amasya'!J:J,"=0%",'Hedef Liste Amasya'!P:P,"Geleneksel") -> 3 | F21: =COUNTIFS('Hedef Liste Bartın'!Q:Q,"true",'Hedef Liste Bartın'!C:C,"doğru",'Hedef Liste Bartın'!J:J,"=0%",'Hedef Liste Bartın'!P:P,"Geleneksel") -> 3 | G21: =COUNTIFS('Hedef Liste Bilecik'!Q:Q,"true",'Hedef Liste Bilecik'!C:C,"doğru",'Hedef Liste Bilecik'!J:J,"=0%",'Hedef Liste Bilecik'!P:P,"Geleneksel") -> 5 | H21: =COUNTIFS('Hedef Liste Bolu'!Q:Q,"true",'Hedef Liste Bolu'!C:C,"doğru",'Hedef Liste Bolu'!J:J,"=0%",'Hedef Liste Bolu'!P:P,"Geleneksel") -> 2 | I21: =COUNTIFS('Hedef Liste Çankırı'!Q:Q,"true",'Hedef Liste Çankırı'!C:C,"doğru",'Hedef Liste Çankırı'!J:J,"=0%",'Hedef Liste Çankırı'!P:P,"Geleneksel") -> 0 | J21: =COUNTIFS('Hedef Liste Diyarbakır'!Q:Q,"true",'Hedef Liste Diyarbakır'!C:C,"doğru",'Hedef Liste Diyarbakır'!J:J,"=0%",'Hedef Liste Diyarbakır'!P:P,"Geleneksel",'Hedef Liste Diyarbakır'!R:R,"") -> 0 | K21: =COUNTIFS('Hedef Liste Düzce'!Q:Q,B12,'Hedef Liste Düzce'!C:C,"true",'Hedef Liste Düzce'!J:J,"=0%",'Hedef Liste Düzce'!P:P,"Geleneksel",'Hedef Liste Düzce'!R:R,"") -> 0 | L21: =COUNTIFS('Hedef Liste Elazığ'!Q:Q,"true",'Hedef Liste Elazığ'!C:C,"doğru",'Hedef Liste Elazığ'!J:J,"=0%",'Hedef Liste Elazığ'!P:P,"Geleneksel") -> 2 | M21: =COUNTIFS('Hedef Liste Erzurum'!Q:Q,"true",'Hedef Liste Erzurum'!C:C,"true",'Hedef Liste Erzurum'!J:J,"=0%",'Hedef Liste Erzurum'!P:P,"Geleneksel",'Hedef Liste Erzurum'!R:R,"") -> 13 | N21: =COUNTIFS('Hedef Liste Giresun'!Q:Q,"true",'Hedef Liste Giresun'!C:C,"doğru",'Hedef Liste Giresun'!J:J,"=0%",'Hedef Liste Giresun'!P:P,"Geleneksel") -> 3 | O21: =COUNTIFS('Hedef Liste Iğdır'!Q:Q,"true",'Hedef Liste Iğdır'!C:C,"doğru",'Hedef Liste Iğdır'!J:J,"=0%",'Hedef Liste Iğdır'!P:P,"Geleneksel") -> 2 | P21: =COUNTIFS('Hedef Liste Karabük'!Q:Q,B12,'Hedef Liste Karabük'!C:C,"true",'Hedef Liste Karabük'!J:J,"=0%",'Hedef Liste Karabük'!P:P,"Geleneksel",'Hedef Liste Karabük'!R:R,"") -> 0 | Q21: =COUNTIFS('Hedef Liste Kastamonu'!Q:Q,"true",'Hedef Liste Kastamonu'!C:C,"true",'Hedef Liste Kastamonu'!J:J,"=0%",'Hedef Liste Kastamonu'!P:P,"Geleneksel") -> 0 | R21: =COUNTIFS('Hedef Liste Kırklareli'!Q:Q,"true",'Hedef Liste Kırklareli'!C:C,"doğru",'Hedef Liste Kırklareli'!J:J,"=0%",'Hedef Liste Kırklareli'!P:P,"Geleneksel") -> 8 | S21: =COUNTIFS('Hedef Liste Konya'!Q:Q,"True",'Hedef Liste Konya'!C:C,"doğru",'Hedef Liste Konya'!J:J,"=0%",'Hedef Liste Konya'!P:P,"Geleneksel",'Hedef Liste Konya'!R:R,"") -> 63 | T21: =COUNTIFS('Hedef Liste Malatya'!Q:Q,"True",'Hedef Liste Malatya'!C:C,"doğru",'Hedef Liste Malatya'!J:J,"=0%",'Hedef Liste Malatya'!P:P,"Geleneksel",'Hedef Liste Malatya'!R:R,"") -> 16 | U21: =COUNTIFS('Hedef Liste Ordu'!Q:Q,"true",'Hedef Liste Ordu'!C:C,"true",'Hedef Liste Ordu'!J:J,"=0%",'Hedef Liste Ordu'!P:P,"Geleneksel",'Hedef Liste Ordu'!R:R,"") -> 12 | V21: =COUNTIFS('Hedef Liste Osmaniye'!R:R,B21,'Hedef Liste Osmaniye'!C:C,"doğru",'Hedef Liste Osmaniye'!J:J,"=0%",'Hedef Liste Osmaniye'!P:P,"Geleneksel") -> 0 | W21: =COUNTIFS('Hedef Liste Sinop'!S:S,"true",'Hedef Liste Sinop'!C:C,"doğru",'Hedef Liste Sinop'!J:J,"=0%",'Hedef Liste Sinop'!P:P,"Geleneksel") -> 1 | X21: =COUNTIFS('Hedef Liste Tokat'!Q:Q,"true",'Hedef Liste Tokat'!C:C,"doğru",'Hedef Liste Tokat'!J:J,"=0%",'Hedef Liste Tokat'!P:P,"Geleneksel") -> 4 | Y21: =COUNTIFS('Hedef Liste Uşak'!Q:Q,"true",'Hedef Liste Uşak'!C:C,"true",'Hedef Liste Uşak'!J:J,"=0%",'Hedef Liste Uşak'!P:P,"Geleneksel",'Hedef Liste Uşak'!R:R,"") -> 0 | Z21: =COUNTIFS('Hedef Liste Yalova'!Q:Q,"true",'Hedef Liste Yalova'!C:C,"true",'Hedef Liste Yalova'!J:J,"=0%",'Hedef Liste Yalova'!P:P,"Geleneksel",'Hedef Liste Yalova'!R:R,"") -> 11 | AA21: =COUNTIFS('Hedef Liste Zonguldak'!Q:Q,"true",'Hedef Liste Zonguldak'!C:C,"true",'Hedef Liste Zonguldak'!J:J,"=0%",'Hedef Liste Zonguldak'!P:P,"Geleneksel",'Hedef Liste Zonguldak'!R:R,"") -> 0 | AB21: =COUNTIFS('Hedef Liste Karaman'!Q:Q,"true",'Hedef Liste Karaman'!C:C,"doğru",'Hedef Liste Karaman'!J:J,"=0%",'Hedef Liste Karaman'!P:P,"Geleneksel") -> 3
B22: TOPLAM | C22: =SUM(C3:C21) -> 34 | D22: =SUM(D3:D21) -> 70 | E22: =SUM(E3:E21) -> 30 | F22: =SUM(F3:F21) -> 27 | G22: =SUM(G3:G21) -> 26 | H22: =SUM(H3:H21) -> 25 | I22: =SUM(I3:I21) -> 0 | J22: =SUM(J3:J21) -> 0 | ... AB22: =SUM(AB3:AB21) -> 28
B23: toplam rest | C23: =COUNTIFS('import Adıyaman'!$C:$C,"doğru",'import Adıyaman'!$P:$P,"Geleneksel") -> 60 | D23: =countifs('import Afyon'!$C:$C,"true",'import Afyon'!$P:$P,"Geleneksel") -> 196 | E23: =COUNTIFS('import Amasya'!$C:$C,"doğru",'import Amasya'!$P:$P,"Geleneksel") -> 57 | F23: =COUNTIFS('import Bartın-Çankırı-Kastamonu'!$C:$C,"doğru",'import Bartın-Çankırı-Kastamonu'!$P:$P,"Geleneksel",'import Bartın-Çankırı-Kastamonu'!$Q:$Q,"Bartın") -> 69 | G23: =COUNTIFS('import Bilecik'!$C:$C,"doğru",'import Bilecik'!$P:$P,"Geleneksel") -> 63 | H23: =COUNTIFS('import Bartın-Çankırı-Kastamonu'!$C:$C,"doğru",'import Bartın-Çankırı-Kastamonu'!$P:$P,"Geleneksel",'import Bartın-Çankırı-Kastamonu'!$Q:$Q,"Bolu") -> 110 | I23: =COUNTIFS('import Bartın-Çankırı-Kastamonu'!$C:$C,"doğru",'import Bartın-Çankırı-Kastamonu'!$P:$P,"Geleneksel",'import Bartın-Çankırı-Kastamonu'!$Q:$Q,"Çankırı") -> 45 | J23: =COUNTIFS('import Diyarbakır'!$C:$C,"doğru",'import Diyarbakır'!$J:$J,"Geleneksel") -> 177 | K23: =countifs('import Düzce'!$C:$C,"true",'import Düzce'!$P:$P,"Geleneksel") -> 122 | L23: =COUNTIFS('import Elazığ'!$C:$C,"doğru",'import Elazığ'!$P:$P,"Geleneksel") -> 155 | M23: =countifs('import Erzurum'!$C:$C,"true",'import Erzurum'!$P:$P,"Geleneksel") -> 164 | N23: =COUNTIFS('import Giresun'!$C:$C,"doğru",'import Giresun'!$P:$P,"Geleneksel") -> 95 | O23: =COUNTIFS('import Iğdır'!$C:$C,"doğru",'import Iğdır'!$P:$P,"Geleneksel") -> 44 | P23: =countifs('import Karabük'!$C:$C,"true",'import Karabük'!$P:$P,"Geleneksel") -> 148 | Q23: =COUNTIFS('import Bartın-Çankırı-Kastamonu'!$C:$C,"doğru",'import Bartın-Çankırı-Kastamonu'!$P:$P,"Geleneksel",'import Bartın-Çankırı-Kastamonu'!$Q:$Q,"Kastamonu") -> 79 | R23: =COUNTIFS('import Kırklareli'!$C:$C,"doğru",'import Kırklareli'!$P:$P,"Geleneksel") -> 209 | S23: =COUNTIFS('import Konya'!$C:$C,"doğru",'import Konya'!$P:$P,"Geleneksel") -> 665 | T23: =COUNTIFS('import Malatya'!$C:$C,"doğru",'import Malatya'!$P:$P,"Geleneksel") -> 168 | U23: =countifs('import Ordu'!$C:$C,"true",'import Ordu'!$P:$P,"Geleneksel") -> 132 | V23: =COUNTIFS('import Osmaniye'!$C:$C,"doğru",'import Osmaniye'!$P:$P,"Geleneksel") -> 107 | W23: =COUNTIFS('import Sinop'!$C:$C,"doğru",'import Sinop'!$P:$P,"Geleneksel") -> 63 | X23: =COUNTIFS('import Tokat'!$C:$C,"doğru",'import Tokat'!$P:$P,"Geleneksel") -> 127 | Y23: =COUNTIFS('import Uşak'!$C:$C,"doğru",'import Uşak'!$P:$P,"Geleneksel") -> 199 | Z23: =countifs('import Yalova'!$C:$C,"true",'import Yalova'!$P:$P,"Geleneksel") -> 111 | AA23: =COUNTIFS('import Zonguldak'!$C:$C,"doğru",'import Zonguldak'!$P:$P,"Geleneksel") -> 198 | AB23: =COUNTIFS('Import Karaman'!$C:$C,"doğru",'Import Karaman'!$P:$P,"Geleneksel") -> 89
B24: fotoğraflı | C24: =COUNTIFS('import Adıyaman'!$C:$C,"doğru",'import Adıyaman'!$P:$P,"Geleneksel",'import Adıyaman'!$J:$J,">0%") -> 19 | D24: =countifs('import Afyon'!$C:$C,"true",'import Afyon'!$P:$P,"Geleneksel",'import Afyon'!$J:$J,">0%") -> 97 | E24: =COUNTIFS('import Amasya'!$C:$C,"doğru",'import Amasya'!$P:$P,"Geleneksel",'import Amasya'!J:J,">0%") -> 14 | F24: =COUNTIFS('import Bartın-Çankırı-Kastamonu'!$C:$C,"doğru",'import Bartın-Çankırı-Kastamonu'!$P:$P,"Geleneksel",'import Bartın-Çankırı-Kastamonu'!$Q:$Q,"Bartın",'import Bartın-Çankırı-Kastamonu'!$J:$J,">0%") -> 26 | G24: =COUNTIFS('import Bilecik'!$C:$C,"doğru",'import Bilecik'!$P:$P,"Geleneksel",'import Bilecik'!$J:$J,">0%") -> 16 | H24: =COUNTIFS('import Bartın-Çankırı-Kastamonu'!$C:$C,"doğru",'import Bartın-Çankırı-Kastamonu'!$P:$P,"Geleneksel",'import Bartın-Çankırı-Kastamonu'!$Q:$Q,"Bolu",'import Bartın-Çankırı-Kastamonu'!$J:$J,">0%") -> 22 | I24: =COUNTIFS('import Bartın-Çankırı-Kastamonu'!$C:$C,"doğru",'import Bartın-Çankırı-Kastamonu'!$P:$P,"Geleneksel",'import Bartın-Çankırı-Kastamonu'!$Q:$Q,"Çankırı",'import Bartın-Çankırı-Kastamonu'!$J:$J,">0%") -> 8 | J24: =COUNTIFS('import Diyarbakır'!$C:$C,"doğru",'import Diyarbakır'!$J:$J,"Geleneksel",#REF!,">0%") -> #VALUE! | K24: =countifs('import Düzce'!$C:$C,"true",'import Düzce'!$P:$P,"Geleneksel",'import Düzce'!$J:$J,">0%") -> 42 | L24: =COUNTIFS('import Elazığ'!$C:$C,"doğru",'import Elazığ'!$P:$P,"Geleneksel",'import Elazığ'!$J:$J,">0%") -> 14 | M24: =countifs('import Erzurum'!$C:$C,"true",'import Erzurum'!$P:$P,"Geleneksel",'import Erzurum'!$J:$J,">0%") -> 55 | N24: =COUNTIFS('import Giresun'!$C:$C,"doğru",'import Giresun'!$P:$P,"Geleneksel",'import Giresun'!$J:$J,">0%") -> 15 | O24: =COUNTIFS('import Iğdır'!$C:$C,"doğru",'import Iğdır'!$P:$P,"Geleneksel",'import Iğdır'!$J:$J,">0%") -> 15 | P24: =countifs('import Karabük'!$C:$C,"true",'import Karabük'!$P:$P,"Geleneksel",'import Karabük'!$J:$J,">0%") -> 80 | Q24: =COUNTIFS('import Bartın-Çankırı-Kastamonu'!$C:$C,"doğru",'import Bartın-Çankırı-Kastamonu'!$P:$P,"Geleneksel",'import Bartın-Çankırı-Kastamonu'!$Q:$Q,"Kastamonu",'import Bartın-Çankırı-Kastamonu'!$J:$J,">0%") -> 6 | R24: =COUNTIFS('import Kırklareli'!$C:$C,"doğru",'import Kırklareli'!$P:$P,"Geleneksel",'import Kırklareli'!$J:$J,">0%") -> 64 | S24: =COUNTIFS('import Konya'!$C:$C,"doğru",'import Konya'!$P:$P,"Geleneksel",'import Konya'!$J:$J,">0%") -> 305 | T24: =COUNTIFS('import Malatya'!$C:$C,"doğru",'import Malatya'!$P:$P,"Geleneksel",'import Malatya'!$J:$J,">0%") -> 90 | U24: =countifs('import Ordu'!$C:$C,"true",'import Ordu'!$P:$P,"Geleneksel",'import Ordu'!$J:$J,">0%") -> 45 | V24: =COUNTIFS('import Osmaniye'!$C:$C,"doğru",'import Osmaniye'!$P:$P,"Geleneksel",'import Osmaniye'!$J:$J,">0%") -> 54 | W24: =COUNTIFS('import Sinop'!$C:$C,"doğru",'import Sinop'!$P:$P,"Geleneksel",'import Sinop'!$J:$J,">0%") -> 34 | X24: =COUNTIFS('import Tokat'!$C:$C,"doğru",'import Tokat'!$P:$P,"Geleneksel",'import Tokat'!$J:$J,">0%") -> 31 | Y24: =COUNTIFS('import Uşak'!$C:$C,"doğru",'import Uşak'!$P:$P,"Geleneksel",'import Uşak'!$J:$J,">0%") -> 89 | Z24: =countifs('import Yalova'!$C:$C,"true",'import Yalova'!$P:$P,"Geleneksel",'import Yalova'!$J:$J,">0%") -> 32 | AA24: =COUNTIFS('import Zonguldak'!$C:$C,"doğru",'import Zonguldak'!$P:$P,"Geleneksel",'import Zonguldak'!$J:$J,">0%") -> 71 | AB24: =COUNTIFS('Import Karaman'!$C:$C,"doğru",'Import Karaman'!$P:$P,"Geleneksel",'Import Karaman'!$J:$J,">0%") -> 42
B25: % | C25: =C24/C23 -> 0.31666667 | D25: =D24/D23 -> 0.49489796 | E25: =E24/E23 -> 0.24561404 | F25: =F24/F23 -> 0.37681159 | G25: =G24/G23 -> 0.25396825 | H25: =H24/H23 -> 0.2 | I25: =I24/I23 -> 0.17777778 | J25: =J24/J23 -> #VALUE! | ... AB25: =AB24/AB23 -> 0.47191011

Sheet Takvim Malatya
B1: TARİH | C1: Randevu Alan | D1: ID | E1: RESTORAN | F1: SAAT | G1: İLÇE / MAHALLE | H1: YETKİLİ KİŞİ / TELEFON | I1: ADRES | J1: Notlar | K1: Fotoğraf Adeti | L1: Toplam ürün | M1: Şubeli | N1: İptal
B2: 44522
A3: Ece Özşahin Battalgazi | D3: saat 11de başlayacak
B4: Ece Özşahin | C4: Sude Alkan | D4: 5ffec2b34a4dfa9d4fabcf04 | E4: BigBoss Chef's, Battalgazi (Kernek Mah. - Beşkonaklar Cad.) | F4: 0.45833333 | G4: Battalgazi/Kernek | H4: Cevdet Bey/5074634464 | I4: Kernek mah.Başkonaklar cd. 5/B | J4: erteleme talp etti
C5: Kübra Toprak | D5: 60795dbf10bf222b70b5a657 | E5: Beyzadem Lahmacun & Pide & Döner, Yeşilyurt (Saray Mah.) | F5: 11.30 | G5: Battalgazi/ Hamidiye | H5: Enver bey : 5454016835 | I5: Saray Mah. Şehit Fahri Koçyiğit Sok. No:13/A Battalgazi/Malatya
B6: Ece Özşahin | C6: Sude Alkan | D6: 6033c475d5eb857ee4eb02c8 | E6: Mehmet Usta Edem Dondurma & Künefe (Kernek Mah.) | F6: 13:00 | G6: Battalgazi/Kernek | H6: Haci Mehmet Çakar/4223253182/5327422286 | I6: Şehithamit Fendoğlu Cad. Kernek Mah. No: 25/B Battalgazi/Malatya
B7: Ece Özşahin | C7: Sude Alkan | D7: 6012a7183d98ed5756abc0c4 | E7: Aşıklar Tantuni & Künefe (Kernek Mah.) | F7: 0.625 | G7: Battalgazi/Kernek | H7: İrfan Aşık/4223260122/5306940807 | I7: Kernek Mah. Şehit Hamit Fendoğlu Cad. 52/B Battalgazi / Malatya
B8: Ece Özşahin | C8: Sude Alkan | D8: 6175e42d39765c196c00b09f | E8: Hosh Waffle & Makarna, Battalgazi (Kernek Mah. - Kanalboyu Cad.) | F8: 0.6875 | G8: Battalgazi/Kernek | H8: TURGUT DÖNMEZ/5495844344 | I8: Kernek Mah. Şehit Hamit Fendoğdu Cad. No: 46 / A Battalgazi / Malatya
B9: Ece Özşahin | C9: Sude Alkan | D9: 6036a23efaf46737f79ab05f | E9: Soykan Vitamin (İnönü Mah. - İnönü Cad. - Vilayet Arkası) | F9: 0.79166667 | G9: Battalgazi/Battalgazi | H9: mehmet bey 5541958858 | I9: İstiklal Mah. Mıh Osman Sok. İnönü Cad. No : 3/A Battalgazi/Malatya
B10: Ece Özşahin | C10: Sude Alkan | D10: 60364004768a97cde5354acc | E10: Soykan Vitamin, Yeşilyurt (İnönü Mah. - İnönü Cad.) | F10: 0.79166667 | G10: Battalgazi/Battalgazi | H10: mehmet bey 5541958858 | I10: İstiklal Mah. Mıh Osman Sok. İnönü Cad. No : 3/A Battalgazi/Malatya
B11: 44523
A12: Ece Özşahin Battalgazi
B13: Ece Özşahin | D13: saat 11de başlayacak
B14: Ece Özşahin | C14: Hatem Soyaslan | D14: 5ffec2b34a4dfa9d4fabcf04 | E14: BigBoss Chef's, Battalgazi (Kernek Mah. - Beşkonaklar Cad.) | F14: 0.45833333 | G14: Battalgazi/Kernek | H14: Cevdet Bey/5074634464 | I14: Kernek mah.Başkonaklar cd. 5/B
B15: Ece Özşahin | C15: Kübra Toprak | D15: 6123753645b702c3ca97a488 | E15: Ekrem Coşkun Döner, Battalgazi (Kavaklıbağ Mah.) | F15: 0.54166667 | G15: Battalgazi/ Dabakhane | H15: Halil aktaş/ 05380786244/ 4223245844 | I15: Kavaklıbağ Mah. Turgut Temelli Cad. Güven İş Hanı No:3/A Battalgazi/Malatya
B16: Ece Özşahin | C16: Ayşegül Kır | D16: 6175cdc736f5beba9f4f998a | E16: İktisat Cafe & Fast Food, Battalgazi (Bulgurlu Mah.-İnönü Üni.) | F16: 0.625 | G16: Battalgazi/Bulgurlu | H16: Kazım Bey/5446884991 | I16: Bulgurlu, Elazığ Yolu 15. Km., 44000 Malatya Merkez/Malatya | J16: İnönü Üniversitesi/ lokasyon uzak.
B17: Ece Özşahin | C17: Kübra Toprak | D17: 600c1b92276d0f30c47a5368 | E17: Mangal Dünyası, Battalgazi (Çöşnük Mah.) | F17: 0.625 | G17: Battalgazi/ Fırat | H17: Fatma hanım : 05327368344 /4223240334 | I17: Fırat Mah. Eşref Bitlis Cad. No:4A | J17: Fatma hanım diye birisi yok dedi kapattı.
B18: Ece Özşahin | C18: Kübra Toprak | D18: 600eccadcf43c16da9bca726 | E18: Hasan Baba Sandviç, Battalgazi (Hamidiye mah. - Antepli Sok.) | F18: 0.70833333 | G18: Battalgazi/ Hamidiye | H18: Zahide Gül Roma: 5302395990 | I18: Hamidiye Mah. Antepli Sok. No:9/F
C19: Sude Alkan | D19: 60e99a4a4c9fa92201911317 | E19: Konak Kebap & Kilo Mangal, Battalgazi (Akpınar Mah.) | F19: 0.79166667 | G19: Battalgazi/Akpınar | H19: Emrah Bey/5453475233 | I19: Akpınar Mah. Şht. Mehmet Özbek Sok. Akpınar Sürücü Kursu No:2/B Battalgazi/Malatya
B20: 44524
A21: Ece Özşahin Battalgazi
B22: Ece Özşahin | D22: saat 11de başlayacak
B23: Ece Özşahin | C23: Selcan Topçu | D23: 6042078cb04af544ac9a2c00 | E23: 7 Lokma, Battalgazi (Kernek Mah. - Kanalboyu Cad.) | F23: 13.00 | G23: Battalgazi/Kernek | H23: Zeynep Karaman/4223245443 | I23: Kernek Mah. Şehit Hamit Fendoğlu Cad. Pekşen No:5/B Battalgazi/Malatya
B24: Ece Özşahin | C24: Selcan Topçu | D24: 6077fe203e5254607968c408 | E24: Dönner, Battalgazi (Kavaklıbağ Mah.) | F24: 15.00 | G24: Battalgazi/Kavaklıbağ | H24: GAMZE DURMUŞ/4223220023/ 5321371136 | I24: Kavaklıbağ Mah. Turgut Temelli Cad. Malet Karşısı Battalgazi/Malatya | J24: iptalini istedi
B25: Ece Özşahin | C25: Hatem Soyaslan | D25: 60abe142531828cc62d9c454 | E25: Ahde Vefa Tavuk Evi, Battalgazi (Fırat Mah.) | F25: 0.70833333 | G25: Battalgazi / Fırat | H25: Veysel Bey / 5527845844 | I25: Fırat Mah. Erenler Sok. No:27/B Battalgazi/Malatya | J25: yetkilisi yokmuş
B26: Ece Özşahin | C26: Hatem Soyaslan | D26: 60abdfbce29a4f345240b31a | E26: Ahde Vefa Balık & Tavuk Evi, Battalgazi (Fırat Mah.) | F26: 0.70833333 | G26: Battalgazi / Fırat | H26: Veysel Bey / 5527845844 | I26: Fırat Mah. Erenler Sok. No:27/B Battalgazi/Malatya | J26: yetkilisi yokmuş
C27: Yurdagül Kulaksız | D27: 606a305fea511abc1465df92 | E27: Köfteci Cumali Usta, Battalgazi (Hamidiye Mah. - İnönü Cad.) | F27: 0.6875 | G27: Battalgazii/Hamidiye | H27: Burak/ 4223220010 / 5344386962 | I27: Hamidiye Mah. Nasuhi Cad. No:6/A Battalgazi/Malatya | J27: Büyük baharatçının karşısındaymış
B28: Ece Özşahin
B29: 44525
A30: Ece Özşahin Battalgazi
B31: Ece Özşahin | D31: saat 11de başlayacak
B32: Ece Özşahin | C32: Hatem Soyaslan | D32: 6036a23efaf46737f79ab05f | E32: Soykan Vitamin (İnönü Mah. - İnönü Cad. - Vilayet Arkası) | F32: 0.45833333 | G32: Battalgazi/Battalgazi | H32: mehmet bey 5541958858 | I32: İstiklal Mah. Mıh Osman Sok. İnönü Cad. No : 3/A Battalgazi/Malatya
B33: Ece Özşahin | C33: Hatem Soyaslan | D33: 60364004768a97cde5354acc | E33: Soykan Vitamin, Yeşilyurt (İnönü Mah. - İnönü Cad.) | F33: 0.45833333 | G33: Battalgazi/Battalgazi | H33: mehmet bey 5541958858 | I33: İstiklal Mah. Mıh Osman Sok. İnönü Cad. No : 3/A Battalgazi/Malatya
B34: Ece Özşahin | C34: ferhat köksal | D34: 60c0ac64cd4d3c457ec98918 | E34: Halil Usta Adıyaman Çiğ Köftecisi, Battalgazi (Paşaköşkü Mah.) | F34: 13.00 | G34: Battalgazi Paşaköşkü | H34: GÖKHAN KAYAŞ 4222213344 - 05459684202 | I34: Paşaköşkü Mah. İsmet Paşa Cad. No: 67/C Battalgazi/MALATYA
B35: Ece Özşahin | C35: ferhat köksal | D35: 6009ca1a26a65aa32e338f5e | E35: Neşe Pizza, Battalgazi (Paşaköşkü Mah.) | F35: 15.00 | G35: Battalgazi Paşaköşkü | H35: OSMAN AKBİYİK 4222230009 - 05445596939 | I35: PAŞAKÖŞKÜ MAH. CANLAR SOK. NO: 21/C BATTALGAZİ/MALATYA | J35: çekim istemiyor vazgeçtim der
B36: Ece Özşahin | C36: Betül Demir | D36: 607f546cc298afd1ee94ca03 | E36: Öz Urfa Kebap & Lahmacun, Battalgazi (Saray Mah.) | F36: 0.625 | G36: Battalgazi/ Hüseyinbey | H36: Mehmet Bey / 4223231112 | I36: B.Hüseyinbey Mah. Uygur Sok. Özurfa Kebap Lahmacun No:1/A Battalgazi/Malatya
B38: 44526
A39: Ece Özşahin Battalgazi
B40: Ece Özşahin | D40: saat 11de başlayacak
B41: Ece Özşahin
B42: Ece Özşahin | C42: Yurdagül Kulaksız | D42: 6033acc2f2a4cad8eec425d6 | E42: Besler Döner Et & Tavuk & Köfte (Battalgazi Mah.) | F42: 0.54166667 | G42: Battalgazi/Yeni Hamam | H42: Mücahit/ 5331706780 / 4223218641 | I42: Yenihamam Mah. Somuncubaba Sokak. No : 9 / B Battalgazi/Malatya
B43: Ece Özşahin | C43: Yurdagül Kulaksız | D43: 60437322763a4220a087445c | E43: Tarihi Lale Lokantası, Battalgazi (Yenihamam Mah.) | F43: 0.625 | G43: Battalgazi/Yeni Hamam | H43: Fatih/4223244639 | I43: Yeni hamam Mah. Neşeli sokak 1/b Eski sebze hali. Kasap pazarı
B44: Ece Özşahin | C44: Yurdagül Kulaksız | D44: 6001933cfba364856935847b | E44: Bilal Abi (B.hüseyinbey Mah.) | F44: 0.70833333 | G44: Battalgazi/ Büyük hüseyin bey | H44: Bilal/ 5335118143 | I44: Büyük hüseyin bey mahallesi turfanda sokak 49/A Battalgazi malatya
B45: Ece Özşahin | C45: Yurdagül Kulaksız | D45: 60059a168c17d6d55de1e0db | E45: Tat Pizza & Mangal, Battalgazi (Çöşnük Mah.) | F45: 0.77083333 | G45: Battalgazi/Çöşnük | H45: Mehmet/ 4223712044 | I45: Çöşnük Mah. Yusuf Özal Cad. No:24A | J45: Perşembe günü saat 17 için randevu ertelendi
C46: Yurdagül Kulaksız | D46: 5fff0890fa8f163fa3046181 | E46: Eymen Lahmacun, Battalgazi (Saray Mah.) | F46: 0.83333333 | G46: Battalgazi/Saray | H46: Ramazan/5334257688 / 4223211621 | I46: Saray mahallesi beskonaklar caddesi 2/1 Battalgazi- Malatya
B48: 44529
A49: Ece Özşahin Battalgazi
B50: Ece Özşahin | D50: saat 11de başlayacak | E50: başka randevu alınmayacak
B51: Ece Özşahin | C51: Selcan Topçu | D51: 6075ee93ac81a80ee3be7a0c | E51: Mersin 33 Tantuni, Yeşilyurt (İnönü Mah. - İnönü Cad.) | F51: 0.45833333 | G51: Battalgazi/İzzetiye | H51: Ramazan Bülent Avşar/05441001555 | I51: İstiklal Mah. Şehit Fahri Koçyiğit Sok. No:31/B Battalgazi/Malatya
B52: Ece Özşahin | C52: Selcan Topçu | D52: 600052ae3c3b6e07b562cee7 | E52: Gülümse Mantı Evi, Battalgazi (Paşaköşkü Mah.) | F52: 0.54166667 | G52: Battalgazi/K.mustafa Paşa | H52: Tülün Güner/5432280719 | I52: k.mustafa kemal mah ıpeksı sokak 23/f
B53: Ece Özşahin | C53: Selcan Topçu | D53: 600c1b92276d0f30c47a5368 | E53: Mangal Dünyası, Battalgazi (Çöşnük Mah.) | F53: 0.625 | G53: Battalgazi/Fırat | H53: Celal Kaplan/4223240334 | I53: Fırat Mah. Eşref Bitlis Cad. No:4A
B54: Ece Özşahin
B55: Ece Özşahin
B56: 44530
A57: Ece Özşahin Battalgazi | D57: saat 11de başlayacak
B58: Ece Özşahin | C58: Hatem Soyaslan | D58: 60e98df1a17d1e0e3259776d | E58: Ünlü Çiğ Köfteci Yusuf Usta, Yeşilyurt (Zaviye Mah.) | F58: 0.5 | G58: Yeşilyurt / Zaviye | H58: Mehmet Bey / 5441739444 / 5339228120 | I58: Zaviye Mah. Tevfik Temelli Cad. No:92/B Yeşilyurt / Malatya
B59: Ece Özşahin | C59: Hatem Soyaslan | D59: 607ca46c3273c84f7d7aab0b | E59: Köşem Mangal 2, Yeşilyurt (Özalper Mah.) | F59: 0.54166667 | G59: Yeşilyurt / Özalper | H59: Aziz bey / 4222129285 / 5373173044 | I59: Özalper Mah. Tevfik Temelli Cad. No:4/1 Yeşilyurt/Malatya | J59: İPTALİNİ İSTEDİ
B60: Ece Özşahin | C60: Hatem Soyaslan | D60: 6092a8988b8fec374ae64422 | E60: Hazarhan Çiğköfte Malatya, Yeşilyurt (Özalper Mah.) | F60: 0.625 | G60: Yeşilyurt / Özalper | H60: Osman Bey / 5300928533 | I60: Özalper Mah. Yenibahar Cad. No:23/A Yeşilyurt/Malatya
B61: Ece Özşahin | C61: Hatem Soyaslan | D61: 6092aa8b9f1f741ee1cae3e5 | E61: Hazarhan Piliç & Izgara, Yeşilyurt (Özalper Mah.) | F61: 0.625 | G61: Yeşilyurt / Özalper | H61: Osman Bey / 5300928533 | I61: Özalper Mah. Yenibahar Cad. No:23/A Yeşilyurt/Malatya
B62: Ece Özşahin | C62: Hatem Soyaslan | D62: 60716c4002a23e1d6a57a9ab | E62: Kebapçı Ahmet, Yeşilyurt (Zaviye Mah.) | F62: 0.70833333 | G62: Yeşilyurt / Zaviye | H62: Ahmet Bey / 5383633231 | I62: Zaviye Mah. hasanbey cad. manolya sokak 124/a
B63: Ece Özşahin | F63: 0.625
B64: 44531
A65: Ece Özşahin Battalgazi
B66: Ece Özşahin | D66: saat 11de başlayacak
B67: Ece Özşahin | C67: Tugba Buyur | D67: 602e64856f409c2b04d0a599 | E67: Yeşilçam Cafe & Restorant, Yeşilyurt (İnönü Mah. - İnönü Cad.) | F67: 0.45833333 | G67: Battalgazi/İzzetiye | H67: Abdullah Aksoğan/4223258828 | I67: Yeşil Sinama karşısı yakıncı iş merkezi zemin kat.Battalgazi Malatya | J67: ustası rahatsızmış daha sonra alınacak/FOTOĞRAFÇI RAHATSIZ
B68: Ece Özşahin | C68: Betül Demir | D68: 61955bee6a35b01bcd0d5d9f | E68: diğer şubeden | F68: 0.54166667 | G68: Battalgazi/Sarıcaoğlu | H68: Abuzer Bey / 5310879608 | I68: Sarıcıoğlu Mah. Taştepe Cad. Sarıcıoğlu Apt. Altı A/Blok No:1 Battalgazi/Malatya | J68: uzak olduğu için iptal / FOTOĞRfçı rahatsız
B69: Ece Özşahin | C69: Betül Demir | D69: 5fff02a9575743be14db89d2 | E69: Mersin Chef Tantuni, Battalgazi (Niyazi Mah. - İnönü Cad.) | F69: 0.625 | G69: Battalgazi/ Niyazi | H69: Nazım Bey / 5079236795 | I69: Niyazi mahallesi İnönü caddesi 118 A Baddalgazi MALATYA | J69: fotoğrafçı rahatsız olduğu için erteleme olacak erteleme yarına saglandı
B70: Ece Özşahin | C70: Betül Demir | D70: 6077fe203e5254607968c408 | E70: Dönner, Battalgazi (Kavaklıbağ Mah.) | F70: 0.70833333 | G70: Battalgazi/ Kavaklıbsğ | H70: Gamze Hanım / 5321371136 | I70: Kavaklıbağ Mah. Turgut Temelli Cad. Malet Karşısı Battalgazi/Malatya | J70: fotoğrafçı rahatsız olduğu için erteleme olacak ertelemesi yarına saglandı
B71: Ece Özşahin
B72: 44532
A73: Ece Özşahin Battalgazi
B74: Ece Özşahin | D74: saat 11de başlayacak
B75: Ece Özşahin | C75: Hatem Soyaslan | D75: 5ffec2b34a4dfa9d4fabcf04 | E75: BigBoss Chef's, Battalgazi (Kernek Mah. - Beşkonaklar Cad.) | F75: 0.45833333 | G75: Battalgazi/Kernek | H75: Cevdet Bey/5074634464 | I75: Kernek mah.Başkonaklar cd. 5/B | J75: devam çekimi / farklı bir güne erteleme istedi / haftaya yapalım dedi 15 nisan
B76: Ece Özşahin | C76: Betül Demir | D76: 5fff02a9575743be14db89d2 | E76: Mersin Chef Tantuni, Battalgazi (Niyazi Mah. - İnönü Cad.) | F76: 0.625 | G76: Battalgazi/ Niyazi | H76: Nazım Bey / 5079236795 | I76: Niyazi mahallesi İnönü caddesi 118 A Baddalgazi MALATYA | J76: yarına ertelendi
B77: Ece Özşahin | C77: Hatem Soyaslan | D77: 60059a168c17d6d55de1e0db | E77: Tat Pizza & Mangal, Battalgazi (Çöşnük Mah.) | F77: 0.6875 | G77: Battalgazi/Çöşnük | H77: Mehmet/ 4223712044 | I77: Çöşnük Mah. Yusuf Özal Cad. No:24A
B78: Ece Özşahin | C78: Hatem Soyaslan | D78: 6036a23efaf46737f79ab05f | E78: Soykan Vitamin (İnönü Mah. - İnönü Cad. - Vilayet Arkası) | F78: 0.75 | G78: Battalgazi/Battalgazi | H78: mehmet bey 5541958858 | I78: İstiklal Mah. Mıh Osman Sok. İnönü Cad. No : 3/A Battalgazi/Malatya | J78: devam çekimi
C79: Hatem Soyaslan | D79: 60364004768a97cde5354acc | E79: Soykan Vitamin, Yeşilyurt (İnönü Mah. - İnönü Cad.) | F79: 0.75 | G79: Battalgazi/Battalgazi | H79: mehmet bey 5541958858 | I79: İstiklal Mah. Mıh Osman Sok. İnönü Cad. No : 3/A Battalgazi/Malatya | J79: devam çekimi
B80: 44533 | C80: Betül Demir | D80: 6077fe203e5254607968c408 | E80: Dönner, Battalgazi (Kavaklıbağ Mah.) | F80: 0.8125 | G80: Battalgazi/ Kavaklıbsğ | H80: Gamze Hanım / 5321371136 | I80: Kavaklıbağ Mah. Turgut Temelli Cad. Malet Karşısı Battalgazi/Malatya | J80: getir ile tartışma yaşamış şuan panelimi kapattım düzelene kadar da çekim istemiyorum dedi
A81: Ece Özşahin Battalgazi
D82: saat 11de başlayacak
B83: Ece Özşahin | C83: Betül Demir | D83: 602e64856f409c2b04d0a599 | E83: Yeşilçam Cafe & Restorant, Yeşilyurt (İnönü Mah. - İnönü Cad.) | F83: 0.45833333 | G83: Battalgazi / İzzetiye | H83: Abdullah Bey / 4223258828 | I83: Yeşil Sinama karşısı yakıncı iş merkezi zemin kat.Battalgazi Malatya | J83: çrş gününe ertelemesi sağlandı
B84: Ece Özşahin | C84: Betül Demir | D84: 60ec904927b81c6f6cfeb760 | E84: Şehr-i Zade Izgara & Kebap , Yeşilyurt (Tecde Mah.) | F84: 0.5625 | G84: Yeşilyurt / Tecde | H84: Yusuf Bey / 5375414360 / 4225043623 | I84: Tecde Mah. İsmet Paşa Cad. No:256/B Yeşilyurt/Malatya
B85: Ece Özşahin | C85: Betül Demir | D85: 6166e039e05315f156650bce | E85: Ünlü Sincik Çiğ Köfte, Yeşilyurt (Tecde Mah.) | F85: 0.60416667 | G85: Yeşilyurt / Tecde | H85: Şevket Bey / 5444634873 / 4225039927 | I85: Tecde Mah. Güngör Cad. Beyaz Kule B Blok No:66/B Yeşilyurt/Malatya
B86: Ece Özşahin | C86: Betül Demir | D86: 60c0a4f2c5812cfafd5e85bc | E86: Ünlü Çiğ Köfteci Ömer Üngör, Yeşilyurt (Tecde Mah.) | F86: 0.64583333 | G86: Yeşilyurt / Tecde | H86: Berat Bey / 5318681366 / 4225022290 | I86: Tecde Mah. Gönültaş Cad. Faslı Koza Evleri No:318/1 Yeşilyurt/Malatya
B87: Ece Özşahin | C87: Betül Demir | D87: 5fff02a9575743be14db89d2 | E87: Mersin Chef Tantuni, Battalgazi (Niyazi Mah. - İnönü Cad.) | F87: 0.75 | G87: Battalgazi/ Niyazi | H87: Nazım Bey / 5079236795 | I87: Niyazi mahallesi İnönü caddesi 118 A Baddalgazi MALATYA
B88: 44538
A89: Ece Özşahin Battalgazi
B90: Ece Özşahin
B91: Ece Özşahin | C91: Betül Demir | D91: 602e64856f409c2b04d0a599 | E91: Yeşilçam Cafe & Restorant, Yeşilyurt (İnönü Mah. - İnönü Cad.) | F91: 0.45833333 | G91: Battalgazi / İzzetiye | H91: Abdullah Bey / 4223258828 | I91: Yeşil Sinama karşısı yakıncı iş merkezi zemin kat.Battalgazi Malatya
B92: Ece Özşahin | C92: Serap Apaydın | D92: 6047487141a491f84b97c814 | E92: Altın Sofra, Yeşilyurt (İnönü Mah. - İstasyon) | F92: 0.54166667 | G92: Yeşilyurt/&İnönü | H92: Cuma İmrak/05452607836/4225028888 | I92: İnönü Mah. Abdulkadir Eriş Cad. Esenlik Evleri Altı No:10/D Yeşilyurt/Malatya | J92: çekim istemiyorum
B93: Ece Özşahin | C93: Betül Demir | D93: 600035ae3b0c6d21470f7c6d | E93: İkram Mangal, Yeşilyurt (Zaviye Mah.) | F93: 0.54166667 | G93: Yeşilyurt / Zaviye | H93: Turan Bey / 4222124142 | I93: Zaviye Mah. Hasanbey Cad. 181/A Yeşilyurt, Malatya
B94: Ece Özşahin | C94: Ayşegül Kır | D94: 606a330ae407145ad88b271e | E94: Ünlü Çiğ Köfteci Müslüm Boztaş, Battalgazi(Şifa Mah.-İnönü Cad.) | F94: 0.625 | G94: Yeşilyurt/İnönü | H94: Mehmet Bey/5324279928/4223241050 | I94: Sıtmapınarı Şifa Mah. İnönü Cad. No:173/B Battalgazi/Malatya
B95: Ece Özşahin | C95: Ayşegül Kır | D95: 604224fc9756a0ca07d8954b | E95: Sivas Köfte, Yeşilyurt (Çukurdere Mah.) | F95: 0.6875 | G95: Yeşilyurt/İnönü | H95: Fatih Bey/5455461258/4222127575 | I95: Çukurdere Mah. İnönü Cad. No:177/A Yeşilyurt/Malatya
B96: Ece Özşahin | C96: Serap Apaydın | D96: 602019318adaa15d6be41dd6 | E96: Big Mamma's, Yeşilyurt (İnönü Mah. - İnönü Cad.) | F96: 0.77083333 | G96: Yeşilyurt/İnönü | H96: Serdar Bey/4225032844 | I96: İnönü Mah. İnönü Cad. No:174 /1A Yeşilyurt / Malatya
B97: 44539
A98: Ece Özşahin Battalgazi
B99: Ece Özşahin
B100: Ece Özşahin
B101: Ece Özşahin | C101: ferhat köksal | D101: 60ec904927b81c6f6cfeb760 | E101: Şehr-i Zade Izgara & Kebap , Yeşilyurt (Tecde Mah.) | F101: 12.00 | G101: Yeşilyurt / Tecde | H101: Yusuf Bey / 5375414360 / 4225043623 | I101: Tecde Mah. İsmet Paşa Cad. No:256/B Yeşilyurt/Malatya | J101: devam çekimi
B102: Ece Özşahin | C102: Betül Demir | D102: 61915dbaf04d4e70bd9f13f2 | E102: Yeşil Çiğ Köfte Salonu, Yeşilyurt (Tecde Mah.) | F102: 0.5625 | G102: Yeşilyurt / Tecde | H102: Mehmet Faruk Bey / 5461090244 | I102: Tecde Mah. Altınkayısı Blv. No:43 Yeşilyurt/Malatya
...

Sheet Takvim Afyon
A1: 13 | B1: TARİH | C1: Randevu Alan | D1: ID | E1: RESTORAN | F1: SAAT | G1: İLÇE / MAHALLE | H1: YETKİLİ KİŞİ / TELEFON | I1: ADRES | J1: Notlar | K1: Fotoğraf Adeti | L1: Toplam ürün | M1: Şubeli | N1: İptal
B2: 44341
A3: Abdullah Ergin Merkez
B4: Abdullah Ergin
B5: Abdullah Ergin | C5: Hatem Soyaslan | D5: 607586b0f925b0b51cf27701 | E5: Karavan Katmer & Gözleme, Merkez (Erenler Mah.) | F5: 0.5 | G5: merkez/erenler 1. bölge | H5: ELVAN TUTAR/5522020383 | I5: erenler mah. 2753 sok no 25 A erenler merkez
B6: Abdullah Ergin | C6: Hatem Soyaslan | D6: 6008365de4ab4ebb5e923507 | E6: Efeler Pide & Lahmacun, Merkez (Erenler Mah.) | F6: 0.58333333 | G6: merkez/erenler 1. bölge | H6: Oğuz Efe/5386433136 | I6: Erenler Mah., 2786. Sok., No:24, Afyonkarahisar Merkez, Afyonkarahisar, Türkiye,
B7: Abdullah Ergin | C7: Hatem Soyaslan | D7: 604f110f34b8b4699109d18d | E7: Akal Tostçusu, Merkez (Erenler Mah.) | F7: 16:00 | G7: merkez/erenler 1. bölge | H7: emre bey /5542157854 | I7: Erenler Mah. 2759 Sok 14B Merkez / afyonkarahisar
B8: Abdullah Ergin | C8: Hatem Soyaslan | D8: 60759c95b4a25c0e2f8dac0f | E8: Kadem Pide & Lahmacun, Merkez (Erenler Mah.) | F8: 0.72916667 | G8: merkez/erenler 1. bölge | H8: mustafa bey/5068038791 | I8: Erenler mah. 2772. sok. no 5/A Merkez afyonkarahisar
B9: 44342
A10: Abdullah Ergin Merkez
B11: Abdullah Ergin
B12: Abdullah Ergin | C12: Hatem Soyaslan | D12: 5ffefe1a37b1811ac907d498 | E12: Batmaz Pide & Lahmacun, Merkez (Fakıpaşa Mah.) | F12: 0.52083333 | G12: merkez/eşrefpaşa | H12: Hamza bey/5465704311//5523539605 | I12: eşrefpaşa mahallesi 657. sokak no 15
B13: Abdullah Ergin | C13: Hatem Soyaslan | D13: 5ffef598bd264d21d453c10a | E13: Maxiroll, Merkez (Dumlupınar Mah.) | F13: 0.58333333 | G13: merkez/dumlupınar | H13: ÇİĞDEM HANIM/2722121010 | I13: DUMLUPINAR MAH. KADINANA CAD. NO: 43 /1A
B14: Abdullah Ergin | C14: Hatem Soyaslan | D14: 601011a4ee867554f422d0ce | E14: Dönercim, Merkez (Dumlupınar Mah) | F14: 16:00 | G14: merkez/dumlupınar | H14: Abdullah bey/5414091517 | I14: Dumlupınar mahallesi Kadınana caddesi Dumlu sitesi B blok No:69/1B Dönercim Merkez/Afyonkarahisar
B15: Abdullah Ergin | C15: Hatem Soyaslan | D15: 607ed5f115d0a6022beee6f4 | E15: Kırmızı Beyaz Döner, Merkez (Cumhuriyet Mah.) | F15: 0.72916667 | G15: merkez/cumhuriyet | H15: SÜLEYMAN BEY/2722146552 | I15: Cumhuriyet mah. kadınana cad. no 120 B merkez afyonkarahisar
B16: 44344
A17: Abdullah Ergin Merkez
B20: Abdullah Ergin | C20: Hatem Soyaslan | D20: 60719d8a85c4956cffb285f0 | E20: Friesoze, Merkez (Mecidiye Mah.) | F20: 0.5 | G20: merkez/Hamidiye | H20: ŞERAFETTİN/5539415017 | I20: hamidiye mah. milli birlik cad. 193/B merkez afyonkarahisar | J20: teyit için arandı açmıyor.
B21: Abdullah Ergin | C21: Hatem Soyaslan | D21: 5ffeee303cc99fe847cd5986 | E21: Elif Katmer, Merkez (Cumhuriyet Mah.) | F21: 0.58333333 | G21: merkez/cumhuriyet | H21: bircan hanım/05541101275 | I21: Cumhuriyet Mah. Mehmet Arpacıoğlu Cad. No:6/B | J21: 28inde gidilecek
B22: Abdullah Ergin | C22: Hatem Soyaslan | D22: 605dac2d4df3489752a83dce | E22: Kokocu Kadir Usta, Merkez (Osmangazi Mah.) | F22: 0.58333333 | G22: merkez/osmangazi | H22: kadir bey/5539653343 | I22: osmangazi mah hammşehri bulvarı no73 a iç kapı no a merkez afyonkarahisar | M22: 28 mayıs aranacak tekrardan
B23: Abdullah Ergin | C23: Hatem Soyaslan | D23: 601d25da349a9677155ed3d2 | E23: Chef Közz Kumru & Tost, Merkez (Erenler Mah.) | F23: 16:00 | G23: merkez\ erenler 1. bölge | H23: tugran ayyıldız \ 05443990303 | J23: 28 inde gidilecek
B24: Abdullah Ergin | C24: Hatem Soyaslan | D24: 6075df1bf925b050dff282e9 | E24: Karadeniz Pidevi, Merkez (Cumhuriyet Mah.) | F24: 0.72916667 | G24: merkez/cumhuriyet 6. bölge | H24: MUSTAFA BEY/5458260061 | I24: CUMHURİYET MAH. İSMET İNÖNÜ BLV. NO: 49 A İÇ KAPI NO: A MERKEZ/ AFYONKARAHİSAR | J24: 28inde gidilcek
B25: 44344
A26: Abdullah Ergin Merkez
B27: Abdullah Ergin
B28: Abdullah Ergin | C28: Hatem Soyaslan | D28: 6009a7b9c795bdb46c42a9c4 | E28: Ece Cafe ve Izgara, Merkez (Cumhuriyet Mah.) | F28: 0.54166667 | G28: merkez/dumlupınar | H28: Ebru Hanım/(0272) 213 35 99 | J28: Dumlupınar Mah., Kadınana Cad., No:122, Afyonkarahisar Merkez, Afyonkarahisar, Türkiye,
B29: Abdullah Ergin | C29: Hatem Soyaslan | D29: 601d4b2b52cd2463c0034d91 | E29: Angara Kokoreç, Merkez (Nazmi Saatçi Mah.) | F29: 0.625 | G29: merkez/Nazmi Saatçi | H29: orçun bey/5079984152 | I29: Nazmi Saatçi mahallesi şeyh Şamil Bulvarı no 93 a
B30: Abdullah Ergin | C30: Hatem Soyaslan | D30: 60684daee4071475e5898d9a | E30: Has Döner Köfte (Eşrefpaşa Mah.) | F30: 16:00 | G30: merkez/eşrefpaşa | H30: mert hasabi/05511215378 | I30: Eşrefpaşa Mah. 690 sk. No: 13A Merkez Afyon | J30: AYIN 1İNE İSTERLER
B31: Abdullah Ergin | C31: Hatem Soyaslan | D31: 6001bc325f70cdd74c904f76 | E31: A & B Chicky Döner, Merkez (Dumlupınar Mah.) | F31: 0.72916667 | G31: merkez/dumlupınar | H31: buğra bey/05469019190 | I31: Dumlupınar mah. Kadınana cad. No:51/A
B32: 44347
A33: Abdullah Ergin Merkez
B34: Abdullah Ergin | C34: Simge Tüçay | D34: 5ffefc0035e5808c2f458218 | E34: Beyza Pide ve Lahmacun, Merkez (Nazmi Saatçi Mah.) | F34: 0.41666667 | G34: Merkez/Nazmi Saatçi | H34: MEHMET DAĞKUŞU/5327662473 | I34: Nazmi saatçi mah ibni sina cad 59/A Afyonkarahisar Beyza pide ve lahmacun
B35: Abdullah Ergin | C35: Simge Tüçay | D35: 60097b0b8c17d6aabfe29257 | E35: Çiğ Köfte Y, Merkez (Zafer Mah.) | F35: 0.45833333 | G35: Merkez/Zafer 1. Bölge | H35: Feride Gençer/5062348586 | I35: Zafer Mah. Adnan Menderes Bulv. No:22/B
B36: Abdullah Ergin | C36: Simge Tüçay | D36: 60801ea2a562d43df1f1ff91 | E36: Lokumcum, Merkez (Cumhuriyet Mah.) | F36: 0.5 | G36: Merkez/Cumhuriyet 2. Bölge | H36: NURİ DURAN/5449369557 | I36: cumhuriyet mahallesi ismet inönü cad. derya Apt. b blok no 39/2c afyonkarahisar
B37: Abdullah Ergin | C37: Simge Tüçay | D37: 6012a0efcaa0611fe27eea14 | E37: Rota Balık, Merkez (Sümer Mah.) | F37: 0.58333333 | G37: Merkez/Sümer | H37: NİMET ÖZOĞUL/2722139889 | I37: sümer mah. sanatokulu arkası caddesi no 2/A
B38: Abdullah Ergin | C38: Hatem Soyaslan | D38: 6002082c88198c67d113eade | E38: Semih Pide, Merkez (Yenice Mah.) | F38: 0.625 | G38: merkez/yenice | H38: mustafa bey/5340119011 | I38: Yenice mahallesi 1209.sokak no 2A şehitler camisi karşısı
B39: Abdullah Ergin
B40: 44348
A41: Abdullah Ergin Merkez
B42: Abdullah Ergin | C42: Hatem Soyaslan | D42: 6049e69e19345f1fe5428927 | E42: Kocatepe Dürümcüsü, Merkez (Erenler Mah) | F42: 0.41666667 | G42: Merkez Erenler 1. Bölge | H42: Nuri Yavuz 5393764999 | I42: Erenler Mah. 2759 Sok No 3A Afyonkarahisar Merkez
B43: Abdullah Ergin | C43: Ezgi Turan | D43: 607092c9354eaa6734aba461 | E43: Bi-Tek Pide & Lahmacun, Merkez (Cumhuriyet Mah.) | F43: 0.54166667 | G43: Merkez Cumhuriyet 6. Bölge | H43: İSA KARAKAYA 5452366063 | I43: cumhuriyet mah. hüseyin bayık cad.yeter sit. b blok no:2/1A | K43: cenazesi varmış o yüzden iptal etmiş
B44: Abdullah Ergin | C44: Hatem Soyaslan | D44: 5ffec8c8937d1b3464bdd532 | E44: Mood Fast Food, Merkez (Erenler Mah.) | F44: 0.58333333 | G44: Merkez Erenler 1. Bölge | H44: Onur Sümer/ 5464640303 | I44: Erenler mahallesi 2756 Sok. No:4/A
B45: Abdullah Ergin | C45: Hatem Soyaslan | D45: 605dac2d4df3489752a83dce | E45: Kokocu Kadir Usta, Merkez (Osmangazi Mah.) | F45: 0.66666667 | G45: Merkez / Osmangazi | H45: Kadir Bey / 5539653343 | I45: osmangazi mah hammşehri bulvarı no73 a iç kapı no: 73/A merkez afyonkarahisar
B46: Abdullah Ergin | C46: Hatice Özer | D46: 6087ef57868e5527bcd723b4 | E46: Tadım Pide & Simit Unlu Mamülleri, Merkez (Afium AVM) | F46: 18:30 | G46: Merkez/Fevzi Çakmak | H46: MUHAMMED KÖKHASAN/5432217803 | I46: DÖRTYOL MAH. 2088. SOKAK NO4/1D MERKEZ/ AFYONKARAHİSAR
B47: Abdullah Ergin
B48: 44349
A49: Abdullah Ergin Merkez
B50: Abdullah Ergin
B51: Abdullah Ergin | C51: Hatice Özer | D51: 601d25da349a9677155ed3d2 | E51: Chef Közz Kumru & Tost, Merkez (Erenler Mah.) | F51: 11.00 | G51: Merkez/Erenler 1. Bölge | H51: Tuğran Ayyıldız//5443990303 | I51: Erenler Mah. 2772 Sk. No: 7 A İç Kapı No: Z Merkez/Afyonkarahisar | L51: devam çekimi
B52: Abdullah Ergin | C52: Hatem Soyaslan | D52: 60719d8a85c4956cffb285f0 | E52: Friesoze, Merkez (Mecidiye Mah.) | F52: 0.54166667 | G52: merkez/Hamidiye | H52: ŞERAFETTİN/5539415017 | I52: hamidiye mah. milli birlik cad. 193/B merkez afyonkarahisar
B53: Abdullah Ergin | C53: Hatem Soyaslan | D53: 60684daee4071475e5898d9a | E53: Has Döner Köfte (Eşrefpaşa Mah.) | F53: 15:00 | G53: merkez/eşrefpaşa | H53: mert hasabi/05511215378 | I53: Eşrefpaşa Mah. 690 sk. No: 13A Merkez Afyon | L53: çok yoğun oluyormuş haftaya aranıp randevu durumu tekrar sorulacak
B54: Abdullah Ergin | C54: Simge Tüçay | D54: 60226c1b851ea94a27cd3f53 | E54: Lezz-Et Mersin Tantuni, Merkez (Erenler Mah.) | F54: 0.70833333 | G54: Merkez / Erenler 1.Bölge | H54: Sinan Bey / 5541558323 | I54: Erenler Mah. 2753 Sk. No:26 Merkez / Afyonkarahisar
B55: 44350
A56: Abdullah Ergin Merkez
B57: Abdullah Ergin | E57: RANDEVU ALINMAYACAK!!!
B58: Abdullah Ergin
B59: Abdullah Ergin
B60: Abdullah Ergin
B61: Abdullah Ergin
B62: 44351
A63: Abdullah Ergin Merkez
B64: Abdullah Ergin | E64: RANDEVU ALINMAYACAK!!!
B65: Abdullah Ergin
B66: Abdullah Ergin
B67: Abdullah Ergin
B68: Abdullah Ergin
B69: 44354
A70: Abdullah Ergin Merkez
B71: Abdullah Ergin | C71: Simge Tüçay | D71: 6011a0e45bc3491179c9cf90 | E71: Catch Him Cafe & Bistro, Merkez (Hasan Karaağaç Mah.) | F71: - | G71: Merkez/Hasan Karaağaç | H71: ABDULLAH TAKTAK//2726060303 | I71: Hasan Karaağaç Mah. Turgut Özal Bulvarı. No:39
B72: Abdullah Ergin | C72: Nazmiye Yuka | D72: 5ff4799cac60e8af986f44b0 | E72: Adıyaman Çiğ Köftecisi Kadir Usta, Merkez (Dumlupınar Mah) | F72: - | G72: Merkez Dumlupınar | H72: Burak Akosmanoğlu/538 495 34 15 2722137218 | I72: Dumlupınar Mah., Atatürk Cad., Ravza Apt. No:1/A, Afyonkarahisar
B73: Abdullah Ergin | C73: Nazmiye Yuka | D73: 5ffda742757a6c3506615154 | E73: Baklavacı Kardeşler, Merkez (Cumhuriyet Mah.) | F73: - | G73: Merkez Osman Gazi | H73: Atilla Efe 5418729108 | I73: Osmangazi mahallesi hamm şehri bulvarı no-c afyonkarahisar merkez
B74: Abdullah Ergin | C74: Simge Tüçay | D74: 60806b95c9d161125c154c8b | E74: Meşhur Adıyaman Çiğ Köftecisi, Merkez (Fakıpaşa Mah.) | F74: - | G74: Merkez/Fakıpaşa | H74: İSMAİL TEKELİ/5426087992 | I74: FAKIPAŞA MAH. AYNIOĞLU CAMİİ SK. NO: 2 A İÇ KAPI NO: A MERKEZ/ AFYONKARAHİSAR
B75: Abdullah Ergin
B76: 44355
A77: Abdullah Ergin Merkez
B78: Abdullah Ergin
B79: Abdullah Ergin | C79: Simge Tüçay | D79: 605482aac92799a4fc9e4e01 | E79: Meşhur Adıyaman Çiğ Köftecisi Kadir Usta (Marulcu Mah.) | F79: - | G79: MerkezMarulcu | H79: MEVLÜT KILINÇ/5315509777 | I79: MARULCU MAH. YEŞİLYOL CAD. NO: 66 A İÇ KAPI NO: A MERKEZ/ AFYONKARAHİSAR | J79: (erken saatlerde gelirse daha iyi olur dedi 12den önce)
B80: Abdullah Ergin | C80: Nazmiye Yuka | D80: 600ed688276d0fff177af74b | E80: Tatlıses Lahmacun, Merkez (Güvenevler Mah.) | F80: - | G80: Merkez Güvenevler | H80: MUSTAFA KESER 532 200 47 04 2722220708 | I80: GÜVENEVLER MAH. MAREŞAL FEVZİ ÇAKMAK MAH. NO:2
B81: Abdullah Ergin | C81: Derya Tatlı | D81: 60911eae8a81904511f5dd6f | E81: Meşhur Adıyaman Çiğ Köftecisi Ömer Aybak, Merkez (Sahipata Mah.) | F81: - | G81: Merkez/Hoca 2. Bölge | H81: İLYAS KÖKEN/5426930666 | I81: Veysel karani mah. tuna cad. 59B B merkez afyonkarahisar/ sayit ata mah.
B82: Abdullah Ergin | F82: -
B83: 44356
A84: Abdullah Ergin Merkez
B85: Abdullah Ergin | C85: Nazmiye Yuka | D85: 601eb1558adaa12ccde3f095 | E85: Tuncel Baklava & Tatlı, Merkez (Sahipata Mah.) | F85: - | G85: Merkez Veysel Karani | H85: Medine Tuncel 5446625885 | I85: Veysel Karani Mah. Tuna Cad. No:63 A Merkez/Afyonkarahisar
B86: Abdullah Ergin | C86: Nazmiye Yuka | D86: 60020bc6e2740f3f77198d1c | E86: Ye-Doy, Merkez (Dumlupınar Mah) | F86: - | G86: Merkez Marulcu | H86: nevzat emre akgöz 5556580498 | I86: yeşilyol cad. no:36/B
B87: Abdullah Ergin | C87: Nazmiye Yuka | D87: 605467ea37e752dfe184673f | E87: Afacan Osmanlı Izgara & Mangal & Çorba, Merkez (Güvenevler Mah.) | F87: - | G87: Merkez Güvenevler | H87: OSMAN ELTAŞ 5438304763 | I87: Güvenevler Mah. Şehit Selçuk Gürdal cad no56 H Merkez Afyonkarahisar
B88: Abdullah Ergin | C88: Eylem Ünal | D88: 604f39aae33f8b62739cb035 | E88: The Boulevart No:38 (Ordu Bulvarı Mah) | F88: - | G88: Merkez/Derviş Paşa | H88: MEHMET KOLAYLI 5433121304 | I88: Dervişpaşa Mah. Ordu Blv. Şehribanoğlu Apt. No:23/AA MErkez/ afyonkarahisar
B89: Abdullah Ergin
B90: 44357
A91: Abdullah Ergin Merkez
B92: Abdullah Ergin | C92: Nazmiye Yuka | D92: 607092c9354eaa6734aba461 | E92: Bi-Tek Pide & Lahmacun, Merkez (Cumhuriyet Mah.) | F92: - | G92: Merkez/Cumhuriyet 6. bölge | H92: İSA KARAKAYA 5452366063 | I92: cumhuriyet mah. hüseyin bayık cad.yeter sit. b blok no:2/1A
B93: Abdullah Ergin | C93: Hatice Özer | D93: 6012a0efcaa0611fe27eea14 | E93: Rota Balık, Merkez (Sümer Mah.) | F93: - | G93: Merkez/Sümer | H93: NİMET ÖZOĞUL/2722139889 | I93: sümer mah. sanatokulu arkası caddesi no 2/A | K93: not: öğleden sonra müsait olurlarmış
B94: Abdullah Ergin | C94: Hatice Özer | D94: 6002082c88198c67d113eade | E94: Semih Pide, Merkez (Yenice Mah.) | F94: - | G94: Merkez/Yenice | H94: Mehmet Bey/5340119011 | I94: Yenice mahallesi 1209.sokak no 2A şehitler camisi karşısı
B95: Abdullah Ergin
B96: Abdullah Ergin
B97: 44358
A98: Abdullah Ergin Merkez
B99: Abdullah Ergin | C99: Simge Tüçay | D99: 6087ef57868e5527bcd723b4 | E99: Tadım Pide & Simit Unlu Mamülleri, Merkez (Afium AVM) | F99: - | G99: Merkez/Fevzi Çakmak | H99: MUHAMMED KÖKHASAN/5432217803 | I99: Dörtyol mah 2088. sokak no 4
B100: Abdullah Ergin | F100: -
B101: Abdullah Ergin | F101: -
B102: Abdullah Ergin | F102: -
...

Sheet Hedef Liste Afyon
A1: Restaurant ID | B1: Restoran Adı | C1: Satışa Açık Mı? | D1: Mutfak | E1: TOPLAM SİPARİŞ | F1: SON 2 HAFTA | G1: RESİMLİ ÜRÜN | H1: RESİMSİZ ÜRÜN | I1: TOPLAM ÜRÜN | J1: Ratio | K1: Yetkili | L1: Telefon | M1: İLÇE | N1: MAHALLE | O1: ADRES | P1: Geleneksel Zincir | Q1: Kendi Fotosu Var | R1: Randevu Durumu | S1: Randevu Alan | T1: Fotoğrafçı | U1: Not | V1: Randevu Alma Tarihi | W1: Randevu Tarihi | X1: Anket Durum | Y1: 1. Arama | Z1: 1. Arama Tarihi | AA1: 2. Arama | AB1: 2. Arama Tarihi | AC1: 3. Arama | AD1: 3. Arama Tarihi | AE1: 4. Arama | AF1: 4. Arama Tarihi | AG1: 5. Arama | AH1: 5. Arama Tarihi | AI1: 1. Arayan | AJ1: 2. Arayan | AK1: 3. Arayan | AL1: 4. Arayan | AM1: 5. Arayan
A2: 60c34ef36cdf3770e51e5b7f | B2: 03 Burger, Merkez (Marulcu Mah.) | C2: =VLOOKUP(A2,'import Afyon'!A:P,3,0) -> TRUE | D2: Burger | E2: =VLOOKUP(A2,'import Afyon'!A:P,5,0) -> 1548 | F2: =VLOOKUP(A2,'import Afyon'!A:P,6,0) -> 77 | G2: =VLOOKUP(A2,'import Afyon'!A:P,7,0) -> 8 | H2: =VLOOKUP(A2,'import Afyon'!A:P,8,0) -> 23 | I2: =VLOOKUP(A2,'import Afyon'!A:P,9,0) -> 31 | J2: =VLOOKUP(A2,'import Afyon'!A:P,10,0) -> 0.26 | K2: İSA AKGÜL | L2: 5435467703 | M2: Merkez | N2: Marulcu | O2: MARULCU MAH. GEDİK AHMET PAŞA CAD. TÜRKKUŞU APT. NO: 6 A MEERKEZ AFYONKARAHİSAR | P2: =VLOOKUP(A2,'import Afyon'!A:P,16,0) -> Geleneksel | Q2: FALSE | R2: İleride Randevu Alınacak | S2: Betül Demir | T2: Hülya Özbek | U2: devam çekimi alındı / şuan yılbaşından dolayı yoğunum daha sonra görüşelim dedi | V2: 44554 | W2: 44558 | Y2: Görüşüldü | Z2: 44522 | AA2: Görüşüldü | AB2: 44554 | AC2: Görüşüldü | AD2: 44558 | AI2: Tuğba Buyur | AJ2: Betül Demir | AK2: Betül Demir
A3: 60129eac3a7478cfbb6024aa | B3: 1991 Tarihi Ortaköy Kumpircisi, Sandıklı (Ece Mah.) | C3: =VLOOKUP(A3,'import Afyon'!A:P,3,0) -> TRUE | D3: Sokak Lezzetleri | E3: =VLOOKUP(A3,'import Afyon'!A:P,5,0) -> 29 | F3: =VLOOKUP(A3,'import Afyon'!A:P,6,0) -> 0 | G3: =VLOOKUP(A3,'import Afyon'!A:P,7,0) -> 0 | H3: =VLOOKUP(A3,'import Afyon'!A:P,8,0) -> 30 | I3: =VLOOKUP(A3,'import Afyon'!A:P,9,0) -> 30 | J3: =VLOOKUP(A3,'import Afyon'!A:P,10,0) -> 0 | K3: Murat Koç | L3: 5068083236 | M3: Sandıklı | N3: Ece | O3: Ece Mah. Konak Sokak No : 3 / 1 Sandıklı Afyonkarahisar | P3: =VLOOKUP(A3,'import Afyon'!A:P,16,0) -> Geleneksel | Q3: FALSE | R3: Lokasyon Uzak | U3: cafeler açıldığı zaman aranacak Haziran ayında | Y3: Görüşüldü
A4: 61bb37a2cfa49ee2a32c1846 | B4: 5 Yıldız Çiğ Köfte, Afyon (Marulcu Mah.) | C4: =VLOOKUP(A4,'import Afyon'!A:P,3,0) -> TRUE | D4: Çiğ Köfte | E4: =VLOOKUP(A4,'import Afyon'!A:P,5,0) -> 79 | F4: =VLOOKUP(A4,'import Afyon'!A:P,6,0) -> 16 | G4: =VLOOKUP(A4,'import Afyon'!A:P,7,0) -> 0 | H4: =VLOOKUP(A4,'import Afyon'!A:P,8,0) -> 28 | I4: =VLOOKUP(A4,'import Afyon'!A:P,9,0) -> 28 | J4: =VLOOKUP(A4,'import Afyon'!A:P,10,0) -> 0 | K4: Hanife YILDIZ | L4: 5050524614 | M4: Merkez | N4: Dumlupınar | O4: Marulcu mah. Kurtuluş cad. no 1A Merkez Afyon | P4: =VLOOKUP(A4,'import Afyon'!A:P,16,0) -> Geleneksel | Q4: FALSE
A5: 61726453314de4d74d344f45 | B5: 7 Köfte & Burger, Merkez (Hasan Karaağaç Mah.) | C5: =VLOOKUP(A5,'import Afyon'!A:P,3,0) -> TRUE | D5: Burger | E5: =VLOOKUP(A5,'import Afyon'!A:P,5,0) -> 207 | F5: =VLOOKUP(A5,'import Afyon'!A:P,6,0) -> 17 | G5: =VLOOKUP(A5,'import Afyon'!A:P,7,0) -> 27 | H5: =VLOOKUP(A5,'import Afyon'!A:P,8,0) -> 14 | I5: =VLOOKUP(A5,'import Afyon'!A:P,9,0) -> 41 | J5: =VLOOKUP(A5,'import Afyon'!A:P,10,0) -> 0.66 | K5: Mevlüt BAYEZİT | L5: 5448649466 | M5: Merkez | N5: Hasan Karaağaç | O5: Hasan Karaağaç mah. Şehit murat saraç Cad. no:24 Merkez Afyon | P5: =VLOOKUP(A5,'import Afyon'!A:P,16,0) -> Geleneksel | Q5: FALSE | R5: Randevu Alındı | S5: Betül Demir | T5: Hülya Özbek | V5: 44526 | W5: 44529 | Y5: Görüşüldü | Z5: 44526 | AI5: Betül Demir
A6: 6001bc325f70cdd74c904f76 | B6: A & B Chicky Döner, Merkez (Dumlupınar Mah.) | C6: =VLOOKUP(A6,'import Afyon'!A:P,3,0) -> TRUE | D6: Döner | E6: =VLOOKUP(A6,'import Afyon'!A:P,5,0) -> 9593 | F6: =VLOOKUP(A6,'import Afyon'!A:P,6,0) -> 758 | G6: =VLOOKUP(A6,'import Afyon'!A:P,7,0) -> 0 | H6: =VLOOKUP(A6,'import Afyon'!A:P,8,0) -> 31 | I6: =VLOOKUP(A6,'import Afyon'!A:P,9,0) -> 31 | J6: =VLOOKUP(A6,'import Afyon'!A:P,10,0) -> 0 | K6: BUĞRA YALÇIN | L6: 2722151984 | M6: Merkez | N6: Dumlupınar | O6: Dumlupınar mah. Kadınana cad. No:51/A | P6: =VLOOKUP(A6,'import Afyon'!A:P,16,0) -> Geleneksel | Q6: FALSE | R6: Randevu İptal | S6: Betül Demir | T6: Hülya Özbek | U6: ürünleri gelecekmiş o yüzden dolayı haftaya müsait zaman için dönüş yapacaklar biz tarafından aranmasın çekimi istiyor daraltmayalım lütfen / FOTOĞRAFÇI ÇEKİME GİTMEMİŞ | V6: 44554 | W6: 44558 | Y6: Görüşüldü | Z6: 44538 | AA6: Dönüş Yapacak | AB6: 44538 | AC6: Görüşüldü | AD6: 44554 | AI6: Hatem Soyaslan | AJ6: Hatem Soyaslan | AK6: Betül Demir
A7: 61e876d1aa06107dd8564ab7 | B7: Acar Izgara & Kokoreç, Merkez ( M.Fevzi ÇAKMAK Mah.) | C7: =VLOOKUP(A7,'import Afyon'!A:P,3,0) -> TRUE | D7: Sokak Lezzetleri | E7: =VLOOKUP(A7,'import Afyon'!A:P,5,0) -> 4 | F7: =VLOOKUP(A7,'import Afyon'!A:P,6,0) -> 1 | G7: =VLOOKUP(A7,'import Afyon'!A:P,7,0) -> 0 | H7: =VLOOKUP(A7,'import Afyon'!A:P,8,0) -> 10 | I7: =VLOOKUP(A7,'import Afyon'!A:P,9,0) -> 10 | J7: =VLOOKUP(A7,'import Afyon'!A:P,10,0) -> 0 | K7: Özcan ACAR | L7: 5435620884 | M7: Merkez | N7: Mareşal 1. Bölge | O7: Mareşal Fevzi çakmak mahallesi 3370 sokak No 16 merkez afyonkarahisar | P7: =VLOOKUP(A7,'import Afyon'!A:P,16,0) -> Geleneksel | Q7: FALSE
A8: 619ff897af2d24626a3a137a | B8: Acar Kasap, Merkez (Osmangazi Mah.) | C8: =VLOOKUP(A8,'import Afyon'!A:P,3,0) -> TRUE | D8: Kebap | E8: =VLOOKUP(A8,'import Afyon'!A:P,5,0) -> 87 | F8: =VLOOKUP(A8,'import Afyon'!A:P,6,0) -> 22 | G8: =VLOOKUP(A8,'import Afyon'!A:P,7,0) -> 8 | H8: =VLOOKUP(A8,'import Afyon'!A:P,8,0) -> 7 | I8: =VLOOKUP(A8,'import Afyon'!A:P,9,0) -> 15 | J8: =VLOOKUP(A8,'import Afyon'!A:P,10,0) -> 0.53 | K8: Adem ACAR | L8: 5077948026 | M8: Merkez | N8: Osman Gazi | O8: osmangazi mah. 1547 sok no 111 Merkez AFYON | P8: =VLOOKUP(A8,'import Afyon'!A:P,16,0) -> Geleneksel | Q8: FALSE | R8: Randevu Alındı | S8: Ayşegül Kır | T8: Hülya Özbek | U8: osmangazi mah hüseyin tiryakioğlu cad. no 101/ fotoğraf çekimi gerçekleştimi diye teyit amaçlı arandı meşgule attı. | V8: 44539 | W8: 44546 | Y8: Görüşüldü | Z8: 44537 | AA8: Görüşüldü | AB8: 44539 | AC8: Ulaşılamadı | AD8: 44547 | AI8: Ayşegül Kır | AJ8: Ayşegül Kır | AK8: Kübra Toprak
A9: 61e87df8881bf74675512e48 | B9: Acıktım Pide & Lahmacun, Merkez (Karşıyaka Mah.) | C9: =VLOOKUP(A9,'import Afyon'!A:P,3,0) -> TRUE | D9: Pide | E9: =VLOOKUP(A9,'import Afyon'!A:P,5,0) -> 31 | F9: =VLOOKUP(A9,'import Afyon'!A:P,6,0) -> 19 | G9: =VLOOKUP(A9,'import Afyon'!A:P,7,0) -> 0 | H9: =VLOOKUP(A9,'import Afyon'!A:P,8,0) -> 13 | I9: =VLOOKUP(A9,'import Afyon'!A:P,9,0) -> 13 | J9: =VLOOKUP(A9,'import Afyon'!A:P,10,0) -> 0 | K9: Mustafa DAĞKUŞU | L9: 5458555532 | M9: Merkez | N9: Karşıyaka | O9: KARŞIYAKA MAH. HAMM ŞEHRİ BLV. NO: 18 B MERKEZ/ AFYONKARAHİSAR | P9: =VLOOKUP(A9,'import Afyon'!A:P,16,0) -> Geleneksel | Q9: FALSE
A10: 604f97f3e8100684324cc46b | B10: Adıyaman Çiğ Köfteci Erkan Usta, Merkez (Dumlupınar Mah) | C10: =VLOOKUP(A10,'import Afyon'!A:P,3,0) -> TRUE | D10: Çiğ Köfte | E10: =VLOOKUP(A10,'import Afyon'!A:P,5,0) -> 139 | F10: =VLOOKUP(A10,'import Afyon'!A:P,6,0) -> 8 | G10: =VLOOKUP(A10,'import Afyon'!A:P,7,0) -> 10 | H10: =VLOOKUP(A10,'import Afyon'!A:P,8,0) -> 6 | I10: =VLOOKUP(A10,'import Afyon'!A:P,9,0) -> 16 | J10: =VLOOKUP(A10,'import Afyon'!A:P,10,0) -> 0.63 | K10: KADİR KAHRAMAN | L10: 5443185944 | M10: Merkez | N10: Dumlupınar | O10: Dumlupınar Mahallesi Yeşilyol Caddesi D:No:34/A, 03200 Afyonkarahisar Merkez/Afyonkarahisar | P10: =VLOOKUP(A10,'import Afyon'!A:P,16,0) -> Geleneksel | Q10: FALSE | R10: Franchise | U10: getir sistemi kapalıymış | Y10: Görüşüldü | Z10: 44351 | AI10: Nazmiye Yuka
A11: 60c746bc24bd564bacf5d3c7 | B11: Adıyaman Çiğ Köftecisi Kadir Usta, Merkez (Atatürk Cad.) | C11: =VLOOKUP(A11,'import Afyon'!A:P,3,0) -> TRUE | D11: Çiğ Köfte | E11: =VLOOKUP(A11,'import Afyon'!A:P,5,0) -> 137 | F11: =VLOOKUP(A11,'import Afyon'!A:P,6,0) -> 0 | G11: =VLOOKUP(A11,'import Afyon'!A:P,7,0) -> 6 | H11: =VLOOKUP(A11,'import Afyon'!A:P,8,0) -> 9 | I11: =VLOOKUP(A11,'import Afyon'!A:P,9,0) -> 15 | J11: =VLOOKUP(A11,'import Afyon'!A:P,10,0) -> 0.4 | K11: MUHAMMED ALİ ÇETİN | L11: 5331287606 | M11: Merkez | N11: Dumlupınar | O11: Dumlupınar Mah. Atatürk cad. ravza apt no 1 / A merkez afyonkarahisar | P11: =VLOOKUP(A11,'import Afyon'!A:P,16,0) -> Geleneksel | Q11: FALSE | R11: Ulaşılamadı | U11: yarım saat sonra gelir/ açmadı. | Y11: Ulaşılamadı | Z11: 44522 | AA11: Ulaşılamadı | AB11: 44523 | AC11: Ulaşılamadı | AD11: 44524 | AE11: Ulaşılamadı | AF11: 44536 | AG11: Ulaşılamadı | AH11: 44548 | AI11: Tuğba Buyur | AJ11: Sude Alkan | AK11: Tuğba Buyur | AL11: Kübra Toprak | AM11: Sude Alkan
A12: 5ff4799cac60e8af986f44b0 | B12: Adıyaman Çiğ Köftecisi Kadir Usta, Merkez (Dumlupınar Mah) | C12: =VLOOKUP(A12,'import Afyon'!A:P,3,0) -> TRUE | D12: Çiğ Köfte | E12: =VLOOKUP(A12,'import Afyon'!A:P,5,0) -> 1829 | F12: =VLOOKUP(A12,'import Afyon'!A:P,6,0) -> 71 | G12: =VLOOKUP(A12,'import Afyon'!A:P,7,0) -> 13 | H12: =VLOOKUP(A12,'import Afyon'!A:P,8,0) -> 10 | I12: =VLOOKUP(A12,'import Afyon'!A:P,9,0) -> 23 | J12: =VLOOKUP(A12,'import Afyon'!A:P,10,0) -> 0.57 | K12: Burak Akosmanoğlu | L12: 2722137218 | M12: Merkez | N12: Dumlupınar | O12: Dumlupınar Mah., Atatürk Cad., Ravza Apt. No:1/A, Afyonkarahisar | P12: =VLOOKUP(A12,'import Afyon'!A:P,16,0) -> Geleneksel | Q12: FALSE | R12: Randevu Alındı | S12: Selcan Topçu | T12: Hülya Özbek | U12: teyit için arandı çekim gerçekleşmiş. | V12: 44530 | W12: 44532 | Y12: Görüşüldü | Z12: 44351 | AA12: Görüşüldü | AB12: 44530 | AC12: Görüşüldü | AD12: 44547 | AI12: Nazmiye Yuka | AJ12: Selcan Topçu | AK12: Kübra Toprak
A13: 616fb54810ad5e5284b6d0a8 | B13: Adıyaman Çiğ Köftecisi Kadir Usta, Merkez (Erenler - 2767 Sk.) | C13: =VLOOKUP(A13,'import Afyon'!A:P,3,0) -> TRUE | D13: Çiğ Köfte | E13: =VLOOKUP(A13,'import Afyon'!A:P,5,0) -> 398 | F13: =VLOOKUP(A13,'import Afyon'!A:P,6,0) -> 18 | G13: =VLOOKUP(A13,'import Afyon'!A:P,7,0) -> 6 | H13: =VLOOKUP(A13,'import Afyon'!A:P,8,0) -> 0 | I13: =VLOOKUP(A13,'import Afyon'!A:P,9,0) -> 6 | J13: =VLOOKUP(A13,'import Afyon'!A:P,10,0) -> 1 | K13: Ahmet Mücait NARCI | L13: 5376858903 | M13: Merkez | N13: Erenler 1. Bölge | O13: Erenler Mah. 2767 Sk. No:7 Merkez/ Afyonkarahisar | P13: =VLOOKUP(A13,'import Afyon'!A:P,16,0) -> Geleneksel | Q13: FALSE | R13: Çekim İstemiyor | S13: Yurdagül Kulaksız | T13: Hülya Özbek | U13: İptal nedeni daha önce çekim sağlanmış fakat fotoğraflar yüklenmeiş işletme yetkilisi randevuyu onayladı ve oluşturulmuştu görüşmek için arandı ulaşılamadı.Çekim sağlandığı için durum randevu iptal kalmamsı adına çekim istemiyor işaretlendi. | V13: 44550 | W13: 44552 | Y13: Görüşüldü | Z13: 44550 | AA13: Ulaşılamadı | AB13: 44551 | AI13: Sude Alkan | AJ13: Yurdagül Kulaksız | AK13: Yurdagül Kulaksız
A14: 6167d28b12a670c4d82f65b7 | B14: Adıyaman Çiğ Köftecisi Kadir Usta, Merkez (Erenler Mah.) | C14: =VLOOKUP(A14,'import Afyon'!A:P,3,0) -> TRUE | D14: Çiğ Köfte | E14: =VLOOKUP(A14,'import Afyon'!A:P,5,0) -> 301 | F14: =VLOOKUP(A14,'import Afyon'!A:P,6,0) -> 40 | G14: =VLOOKUP(A14,'import Afyon'!A:P,7,0) -> 13 | H14: =VLOOKUP(A14,'import Afyon'!A:P,8,0) -> 8 | I14: =VLOOKUP(A14,'import Afyon'!A:P,9,0) -> 21 | J14: =VLOOKUP(A14,'import Afyon'!A:P,10,0) -> 0.62 | K14: Vildan TÜR | L14: 5412728293 | M14: Merkez | N14: Erenler 1. Bölge | O14: Erenler mahallesi 2777 sokak no: 26 Merkez Afyonkarahisar | P14: =VLOOKUP(A14,'import Afyon'!A:P,16,0) -> Geleneksel | Q14: FALSE | R14: Randevu Alındı | S14: Sude Alkan | T14: Hülya Özbek | V14: 44520 | W14: 44526 | Y14: Görüşüldü | Z14: 44520 | AI14: Sude Alkan
A15: 60db022d7c3be284400a789d | B15: Adıyaman Çiğ Köftecisi Kadir Usta, Merkez (Kurtuluş Cad.) | C15: =VLOOKUP(A15,'import Afyon'!A:P,3,0) -> TRUE | D15: Çiğ Köfte | E15: =VLOOKUP(A15,'import Afyon'!A:P,5,0) -> 90 | F15: =VLOOKUP(A15,'import Afyon'!A:P,6,0) -> 0 | G15: =VLOOKUP(A15,'import Afyon'!A:P,7,0) -> 9 | H15: =VLOOKUP(A15,'import Afyon'!A:P,8,0) -> 5 | I15: =VLOOKUP(A15,'import Afyon'!A:P,9,0) -> 14 | J15: =VLOOKUP(A15,'import Afyon'!A:P,10,0) -> 0.64 | K15: AHMET ÇETİN | L15: 5464907186 | M15: Merkez | N15: Sümer | O15: CUMURİYET MAH. KURTULUŞ CAD. MÜCAHİDE APT. NO 123B MERKEZ AFYON | P15: =VLOOKUP(A15,'import Afyon'!A:P,16,0) -> Geleneksel | Q15: FALSE | R15: Restoran Silindi | U15: sistemden çıkmışlar | Y15: Ulaşılamadı | Z15: 44530 | AA15: Görüşüldü | AB15: 44537 | AI15: Sude Alkan | AJ15: Ayşegül Kır
A16: 615f5456d2c86b4969806af0 | B16: Adıyaman Çiğ Köftecisi Kadir Usta, Merkez (Selçuklu Mah.) | C16: =VLOOKUP(A16,'import Afyon'!A:P,3,0) -> TRUE | D16: Çiğ Köfte | E16: =VLOOKUP(A16,'import Afyon'!A:P,5,0) -> 21 | F16: =VLOOKUP(A16,'import Afyon'!A:P,6,0) -> 0 | G16: =VLOOKUP(A16,'import Afyon'!A:P,7,0) -> 7 | H16: =VLOOKUP(A16,'import Afyon'!A:P,8,0) -> 1 | I16: =VLOOKUP(A16,'import Afyon'!A:P,9,0) -> 8 | J16: =VLOOKUP(A16,'import Afyon'!A:P,10,0) -> 0.88 | K16: Yaşar KIYMIK | L16: 5051569940 | M16: Merkez | N16: Selçuklu 1. Bölge | O16: Selçuklu mah. Adnan KAHVECİ Cad. No: 65 Merkez AFYON | P16: =VLOOKUP(A16,'import Afyon'!A:P,16,0) -> Geleneksel | Q16: FALSE | R16: Çekim İstemiyor | U16: ytkili ameliyat olmuş iyileşince / dükkanı kapatacakmış sağlık nedeniyle oyüzden çekime gerek yokdedi. | Y16: Görüşüldü | Z16: 44526 | AA16: Ulaşılamadı | AB16: 44537 | AC16: Görüşüldü | AD16: 44537 | AI16: Betül Demir | AJ16: Ayşegül Kır | AK16: Kübra Toprak
A17: 5fff0a06def5a040cf570c7e | B17: Adıyaman Çiğ Köftesi, Merkez (Nazmi Saatçi Mah.) | C17: =VLOOKUP(A17,'import Afyon'!A:P,3,0) -> TRUE | D17: Çiğ Köfte | E17: =VLOOKUP(A17,'import Afyon'!A:P,5,0) -> 1018 | F17: =VLOOKUP(A17,'import Afyon'!A:P,6,0) -> 51 | G17: =VLOOKUP(A17,'import Afyon'!A:P,7,0) -> 6 | H17: =VLOOKUP(A17,'import Afyon'!A:P,8,0) -> 9 | I17: =VLOOKUP(A17,'import Afyon'!A:P,9,0) -> 15 | J17: =VLOOKUP(A17,'import Afyon'!A:P,10,0) -> 0.4 | K17: RAMAZAN YAVUZ | L17: 5427933712 | M17: Merkez | N17: Nazmi Saatçi | O17: Nazmi satttci mah seh şamil bulvari 65/a | P17: =VLOOKUP(A17,'import Afyon'!A:P,16,0) -> Geleneksel | Q17: FALSE | R17: Franchise | U17: şahsi değil | Y17: Görüşüldü | Z17: 44351 | AI17: Nazmiye Yuka
A18: 601d4f85d07d114912eb9558 | B18: Adıyamanlı Çiğ Köfteci Erkan Usta, Merkez (Gazi Mah.) | C18: =VLOOKUP(A18,'import Afyon'!A:P,3,0) -> TRUE | D18: Çiğ Köfte | E18: =VLOOKUP(A18,'import Afyon'!A:P,5,0) -> 364 | F18: =VLOOKUP(A18,'import Afyon'!A:P,6,0) -> 1 | G18: =VLOOKUP(A18,'import Afyon'!A:P,7,0) -> 8 | H18: =VLOOKUP(A18,'import Afyon'!A:P,8,0) -> 7 | I18: =VLOOKUP(A18,'import Afyon'!A:P,9,0) -> 15 | J18: =VLOOKUP(A18,'import Afyon'!A:P,10,0) -> 0.53 | K18: Kadir Yıldırım | L18: 2722169888 | M18: Merkez | N18: Gazi | O18: Gazi Mah. Adnan Menderes Blv. Üçüzler Sitesi B2 Blok No: 63/2B İç Kapı No: B Merkez/Afyonkarahisar | P18: =VLOOKUP(A18,'import Afyon'!A:P,16,0) -> Geleneksel | Q18: FALSE | R18: Franchise
A19: 60db08fb13bd950e02f052ed | B19: Adıyamanlı Çiğ Köfteci Oğuzhan Usta, Merkez (Erenler Mah.) | C19: =VLOOKUP(A19,'import Afyon'!A:P,3,0) -> TRUE | D19: Çiğ Köfte | E19: =VLOOKUP(A19,'import Afyon'!A:P,5,0) -> 275 | F19: =VLOOKUP(A19,'import Afyon'!A:P,6,0) -> 15 | G19: =VLOOKUP(A19,'import Afyon'!A:P,7,0) -> 0 | H19: =VLOOKUP(A19,'import Afyon'!A:P,8,0) -> 8 | I19: =VLOOKUP(A19,'import Afyon'!A:P,9,0) -> 8 | J19: =VLOOKUP(A19,'import Afyon'!A:P,10,0) -> 0 | K19: HABİBE ÖNER | L19: 5318230566 | M19: Merkez | N19: Erenler 1. Bölge | O19: ERENLER MAH. 2775 SK. NO 43/1 MERKEZ AFYONKARAHİSAR | P19: =VLOOKUP(A19,'import Afyon'!A:P,16,0) -> Geleneksel | Q19: FALSE | R19: Çekim İstemiyor | S19: Sude Alkan | T19: Hülya Özbek | U19: çekim istemiyorum lğtfen anlayış gösterin der | V19: 44520 | W19: 44523 | Y19: Görüşüldü | Z19: 44520 | AA19: Görüşüldü | AB19: 44523 | AI19: Sude Alkan | AJ19: Kübra Toprak
A20: 6082d325aa2e842f460b0665 | B20: Adıyamanlı Çiğ Köftecim, Merkez (Eşrefpaşa Mah.) | C20: =VLOOKUP(A20,'import Afyon'!A:P,3,0) -> FALSE | D20: Çiğ Köfte | E20: =VLOOKUP(A20,'import Afyon'!A:P,5,0) -> 4 | F20: =VLOOKUP(A20,'import Afyon'!A:P,6,0) -> 0 | G20: =VLOOKUP(A20,'import Afyon'!A:P,7,0) -> 0 | H20: =VLOOKUP(A20,'import Afyon'!A:P,8,0) -> 10 | I20: =VLOOKUP(A20,'import Afyon'!A:P,9,0) -> 10 | J20: =VLOOKUP(A20,'import Afyon'!A:P,10,0) -> 0 | K20: DUDU KÖSE | L20: 5529212579 | M20: Merkez | N20: Eşrefpaşa | O20: eşrefpaşa mah. taş ocakları yolu no 27c merkez afyonkarahisar | P20: =VLOOKUP(A20,'import Afyon'!A:P,16,0) -> Geleneksel | Q20: FALSE | R20: Çekim İstemiyor | U20: müsait değilim daha sonra görüşürüz der//2gün sonra mutlaka ara// suratıma kapattı//getiryemeğe giriş yapamıyo/Allah peygamber aşkı için beni aramayın dedi sistemi kapalıymış | Y20: Görüşüldü | AA20: Görüşüldü | AC20: Görüşüldü | AD20: 44354 | AK20: Nazmiye Yuka
A21: 61e479c115db9bc893b3f23e | B21: Adıyörem Çiğ Köfte V Midye, Merkez (Erenler Mah.) | C21: =VLOOKUP(A21,'import Afyon'!A:P,3,0) -> TRUE | D21: Çiğ Köfte | E21: =VLOOKUP(A21,'import Afyon'!A:P,5,0) -> 5 | F21: =VLOOKUP(A21,'import Afyon'!A:P,6,0) -> 0 | G21: =VLOOKUP(A21,'import Afyon'!A:P,7,0) -> 0 | H21: =VLOOKUP(A21,'import Afyon'!A:P,8,0) -> 9 | I21: =VLOOKUP(A21,'import Afyon'!A:P,9,0) -> 9 | J21: =VLOOKUP(A21,'import Afyon'!A:P,10,0) -> 0 | K21: Cem ANGIM | L21: 5433220303 | M21: Merkez | N21: Erenler 1. Bölge | O21: ERENLER MAH. 2759 SK. - NO: 7 A MERKEZ/ AFYONKARAHİSAR | P21: =VLOOKUP(A21,'import Afyon'!A:P,16,0) -> Geleneksel | Q21: FALSE
A22: 60afb6fd137b102dfdb55e28 | B22: Adios Cafe & Fast Food, Merkez (Erenler Mah.) | C22: =VLOOKUP(A22,'import Afyon'!A:P,3,0) -> TRUE | D22: Tost & Sandviç | E22: =VLOOKUP(A22,'import Afyon'!A:P,5,0) -> 1860 | F22: =VLOOKUP(A22,'import Afyon'!A:P,6,0) -> 256 | G22: =VLOOKUP(A22,'import Afyon'!A:P,7,0) -> 36 | H22: =VLOOKUP(A22,'import Afyon'!A:P,8,0) -> 18 | I22: =VLOOKUP(A22,'import Afyon'!A:P,9,0) -> 54 | J22: =VLOOKUP(A22,'import Afyon'!A:P,10,0) -> 0.67 | K22: ELVİDA DÜZDAŞ | L22: 5448440303 | M22: Merkez | N22: Erenler 1. Bölge | O22: ERENLER MAH. 2753. SK. 3/C MERKEZ AFYONKARAHİSAR | P22: =VLOOKUP(A22,'import Afyon'!A:P,16,0) -> Geleneksel | Q22: FALSE | R22: Randevu Alındı | S22: Betül Demir | T22: Hülya Özbek | U22: çekimleri tamamlanmış eksik ürünlerimizde kalmadı der. | V22: 44532 | W22: 44536 | Y22: Ulaşılamadı | Z22: 44361 | AA22: Dönüş Yapacak | AB22: 44363 | AC22: Görüşüldü | AD22: 44530 | AE22: Görüşüldü | AF22: 44532 | AG22: Görüşüldü | AH22: 44550 | AI22: Eylem Ünal | AJ22: Nazmiye Yuka | AK22: Ayşegül Kır | AL22: Betül Demir | AM22: Yurdagül Kulaksız
A23: 605467ea37e752dfe184673f | B23: Afacan Osmanlı Izgara & Mangal & Çorba, Merkez (Güvenevler Mah.) | C23: =VLOOKUP(A23,'import Afyon'!A:P,3,0) -> FALSE | D23: Kebap | E23: =VLOOKUP(A23,'import Afyon'!A:P,5,0) -> 155 | F23: =VLOOKUP(A23,'import Afyon'!A:P,6,0) -> 0 | G23: =VLOOKUP(A23,'import Afyon'!A:P,7,0) -> 0 | H23: =VLOOKUP(A23,'import Afyon'!A:P,8,0) -> 6 | I23: =VLOOKUP(A23,'import Afyon'!A:P,9,0) -> 6 | J23: =VLOOKUP(A23,'import Afyon'!A:P,10,0) -> 0 | K23: OSMAN ELTAŞ | L23: 5438304763 | M23: Merkez | N23: Güvenevler | O23: Güvenevler Mah. Şehit Selçuk Gürdal cad no56 H Merkez Afyonkarahisar | P23: =VLOOKUP(A23,'import Afyon'!A:P,16,0) -> Geleneksel | Q23: FALSE | R23: Çekim İstemiyor | S23: Nazmiye Yuka | T23: Abdullah Ergin | U23: dükkanım kapalı yılbaşından sonra belki açılabilir. | V23: 44355 | W23: 44356 | Y23: Görüşüldü | AA23: Görüşüldü | AB23: 44350 | AC23: Ulaşılamadı | AD23: 44355 | AE23: Görüşüldü | AF23: 44355 | AG23: Görüşüldü | AH23: 44537 | AJ23: Eylem Ünal | AK23: Nazmiye Yuka | AL23: Nazmiye Yuka | AM23: Ayşegül Kır
A24: 6213efa4025f5c094c28d7db | B24: Afyn Tost İşi, Merkez (Dumlupınar Mah) | C24: =VLOOKUP(A24,'import Afyon'!A:P,3,0) -> TRUE | D24: Tost & Sandviç | E24: =VLOOKUP(A24,'import Afyon'!A:P,5,0) -> 1 | F24: =VLOOKUP(A24,'import Afyon'!A:P,6,0) -> 1 | G24: =VLOOKUP(A24,'import Afyon'!A:P,7,0) -> 0 | H24: =VLOOKUP(A24,'import Afyon'!A:P,8,0) -> 16 | I24: =VLOOKUP(A24,'import Afyon'!A:P,9,0) -> 16 | J24: =VLOOKUP(A24,'import Afyon'!A:P,10,0) -> 0 | K24: Hüseyin BEYPAZARLI | L24: 5436225525 | M24: Merkez | N24: Dumlupınar | O24: dumlupınar mah. osman atilla cad. no:23 merkez afyon | P24: =VLOOKUP(A24,'import Afyon'!A:P,16,0) -> Geleneksel | Q24: FALSE
A25: 60c8a9a17258c77a07693662 | B25: Afyon Dürüm Evi, Merkez (Örnekevler Mah.) | C25: =VLOOKUP(A25,'import Afyon'!A:P,3,0) -> TRUE | D25: Döner | E25: =VLOOKUP(A25,'import Afyon'!A:P,5,0) -> 570 | F25: =VLOOKUP(A25,'import Afyon'!A:P,6,0) -> 1 | G25: =VLOOKUP(A25,'import Afyon'!A:P,7,0) -> 0 | H25: =VLOOKUP(A25,'import Afyon'!A:P,8,0) -> 13 | I25: =VLOOKUP(A25,'import Afyon'!A:P,9,0) -> 13 | J25: =VLOOKUP(A25,'import Afyon'!A:P,10,0) -> 0 | K25: ALİ KOÇ | L25: 5376605703 | M25: Merkez | N25: Örnekevler | O25: ÖRNEKEVLER MAH. ADNAN MENDERES BLV. HAKAN APT. NO 11 MERKEZ AFYONKARAHİSAR | P25: =VLOOKUP(A25,'import Afyon'!A:P,16,0) -> Geleneksel | Q25: FALSE | R25: İleride Randevu Alınacak | S25: Selcan Topçu | T25: Hülya Özbek | U25: paket servis var sadece o yüzden çekim yaptırmak istemiyor,mevut fotoğraflarını mailden gönderecek / şaun hava şartları çok kötü biraz daha sonra yapalım dedi | V25: 44530 | W25: 44532 | Y25: Görüşüldü | Z25: 44530 | AA25: Görüşüldü | AB25: 44537 | AC25: Görüşüldü | AD25: 44554 | AI25: Selcan Topçu | AJ25: Ayşegül Kır | AK25: Betül Demir
A26: 60b24a1ed450705aaa40141b | B26: Afyon Kellecisi Söğüş & Tandır Kokoreç, Merkez (Dumlupınar Mah) | C26: =VLOOKUP(A26,'import Afyon'!A:P,3,0) -> TRUE | D26: Sokak Lezzetleri | E26: =VLOOKUP(A26,'import Afyon'!A:P,5,0) -> 340 | F26: =VLOOKUP(A26,'import Afyon'!A:P,6,0) -> 9 | G26: =VLOOKUP(A26,'import Afyon'!A:P,7,0) -> 0 | H26: =VLOOKUP(A26,'import Afyon'!A:P,8,0) -> 18 | I26: =VLOOKUP(A26,'import Afyon'!A:P,9,0) -> 18 | J26: =VLOOKUP(A26,'import Afyon'!A:P,10,0) -> 0 | K26: EMRAH SEVİM | L26: 5344019401 | M26: Merkez | N26: Marulcu | O26: Dumlupınar Mah. osman atilla cad. no 24 / A merkez afyonkarahisar | P26: =VLOOKUP(A26,'import Afyon'!A:P,16,0) -> Geleneksel | Q26: FALSE | R26: Çekim İstemiyor | S26: Eylem Ünal | T26: Abdullah Ergin | U26: çekım dusunmuyoruz dedı | V26: 44361 | W26: 44362 | Y26: Görüşüldü | Z26: 44530 | AI26: Selcan Topçu
A27: 6171c392189e0a2132df0125 | B27: Ahmet Usta Köfte & Ciğer, Merkez (Güvenevler Mah.) | C27: =VLOOKUP(A27,'import Afyon'!A:P,3,0) -> TRUE | D27: Sokak Lezzetleri | E27: =VLOOKUP(A27,'import Afyon'!A:P,5,0) -> 0 | F27: =VLOOKUP(A27,'import Afyon'!A:P,6,0) -> 0 | G27: =VLOOKUP(A27,'import Afyon'!A:P,7,0) -> 0 | H27: =VLOOKUP(A27,'import Afyon'!A:P,8,0) -> 18 | I27: =VLOOKUP(A27,'import Afyon'!A:P,9,0) -> 18 | J27: =VLOOKUP(A27,'import Afyon'!A:P,10,0) -> 0 | K27: Hanife GÜNDOĞDU | L27: 5360653293 | M27: Merkez | N27: Güvenevler | O27: Güvenevler mah. Şehit Selçuk GÜRDAL cad. no:56H merkez afyon | P27: =VLOOKUP(A27,'import Afyon'!A:P,16,0) -> Geleneksel | Q27: FALSE
A28: 604f110f34b8b4699109d18d | B28: Akal Tostçusu, Merkez (Erenler Mah.) | C28: =VLOOKUP(A28,'import Afyon'!A:P,3,0) -> TRUE | D28: Tost & Sandviç | E28: =VLOOKUP(A28,'import Afyon'!A:P,5,0) -> 2581 | F28: =VLOOKUP(A28,'import Afyon'!A:P,6,0) -> 194 | G28: =VLOOKUP(A28,'import Afyon'!A:P,7,0) -> 1 | H28: =VLOOKUP(A28,'import Afyon'!A:P,8,0) -> 11 | I28: =VLOOKUP(A28,'import Afyon'!A:P,9,0) -> 12 | J28: =VLOOKUP(A28,'import Afyon'!A:P,10,0) -> 0.08 | K28: EMRE ÇETİNKAYA | L28: 5542157854 | M28: Merkez | N28: Erenler 1. Bölge | O28: Erenler Mah. 2759 Sok 14B Merkez / afyonkarahisar | P28: =VLOOKUP(A28,'import Afyon'!A:P,16,0) -> Geleneksel | Q28: FALSE | R28: Randevu İptal | S28: Betül Demir | T28: Hülya Özbek | U28: tüm ürünleri çekildiğini teyit için aradım çekilmiş / FOTOĞRAFÇI ÇEKİME GİTMEMİŞ | V28: 44554 | W28: 44559 | Y28: Görüşüldü | AA28: Görüşüldü | AB28: 44554 | AJ28: Betül Demir
A29: 6051ed22184329693c7068b8 | B29: Ala Restoran (Erenler Mah.) | C29: =VLOOKUP(A29,'import Afyon'!A:P,3,0) -> TRUE | D29: Tost & Sandviç | E29: =VLOOKUP(A29,'import Afyon'!A:P,5,0) -> 90 | F29: =VLOOKUP(A29,'import Afyon'!A:P,6,0) -> 0 | G29: =VLOOKUP(A29,'import Afyon'!A:P,7,0) -> 0 | H29: =VLOOKUP(A29,'import Afyon'!A:P,8,0) -> 16 | I29: =VLOOKUP(A29,'import Afyon'!A:P,9,0) -> 16 | J29: =VLOOKUP(A29,'import Afyon'!A:P,10,0) -> 0 | K29: ÖMER LÜTFİ GÜREL | L29: 5077250202 | M29: Merkez | N29: Erenler 1. Bölge | O29: Organize Sanayii Bölgesi 1. Cadde 12. Sokak Afyon/Merkez | P29: =VLOOKUP(A29,'import Afyon'!A:P,16,0) -> Geleneksel | Q29: FALSE | R29: Çekim İstemiyor | U29: numara aldı//açmadı//AÇMADI//çekim istemiyoruz dedi//özel sebeplerden istemiyorum | Y29: Dönüş Yapacak | AA29: Ulaşılamadı | AC29: Ulaşılamadı | AE29: Görüşüldü | AF29: 44348 | AG29: Ulaşılamadı | AH29: 44530 | AL29: Simge Tüçay | AM29: Ayşegül Kır
A30: 61a60815e4cef6378e9548ea | B30: Ali Ayranoğlu Et Mangal, Merkez (Selçuklu Mah.) | C30: =VLOOKUP(A30,'import Afyon'!A:P,3,0) -> TRUE | D30: Sokak Lezzetleri | E30: =VLOOKUP(A30,'import Afyon'!A:P,5,0) -> 96 | F30: =VLOOKUP(A30,'import Afyon'!A:P,6,0) -> 3 | G30: =VLOOKUP(A30,'import Afyon'!A:P,7,0) -> 0 | H30: =VLOOKUP(A30,'import Afyon'!A:P,8,0) -> 13 | I30: =VLOOKUP(A30,'import Afyon'!A:P,9,0) -> 13 | J30: =VLOOKUP(A30,'import Afyon'!A:P,10,0) -> 0 | K30: ŞÜKRÜ ORBAY | L30: 5375151718 | M30: Merkez | N30: Selçuklu 3. Bölge | O30: SELÇUKLU MAH. GÜNEŞ HATUN CAD. BEYAZ ŞEHİR EVLERİ A BLOK NO: 3 B İÇ KAPI NO: Z MERKEZ/ AFYONKARAHİSAR | P30: =VLOOKUP(A30,'import Afyon'!A:P,16,0) -> Geleneksel | Q30: FALSE | R30: İleride Randevu Alınacak | U30: haftaya istiyor/yılbasıbndan sonra aranılck | Y30: Tekrar Aranacak | Z30: 44537 | AA30: Tekrar Aranacak | AB30: 44544 | AI30: Ayşegül Kır | AJ30: Selcan Topçu
A31: 6013cdbc4e3bdf792d67089c | B31: Alperen Pide & Lahmacun, Merkez (Mareşal Fevzi Çakmak Mah.) | C31: =VLOOKUP(A31,'import Afyon'!A:P,3,0) -> TRUE | D31: Pide | E31: =VLOOKUP(A31,'import Afyon'!A:P,5,0) -> 1694 | F31: =VLOOKUP(A31,'import Afyon'!A:P,6,0) -> 107 | G31: =VLOOKUP(A31,'import Afyon'!A:P,7,0) -> 0 | H31: =VLOOKUP(A31,'import Afyon'!A:P,8,0) -> 19 | I31: =VLOOKUP(A31,'import Afyon'!A:P,9,0) -> 19 | J31: =VLOOKUP(A31,'import Afyon'!A:P,10,0) -> 0 | K31: Mustafa Kocakuş | L31: 5424830270 | M31: Merkez | N31: Mareşal Fevzi Çakmak | O31: mareşal fevzi çakmak mah 393. sok no:40 | P31: =VLOOKUP(A31,'import Afyon'!A:P,16,0) -> Geleneksel | Q31: FALSE | R31: Çekim İstemiyor | U31: şuan müsait değil 1 saat sonra arancak/meşgul/şuan müsait değil 1 saat sonra arancak// ben çekerim ya da daha sonra size ulaşırım dedi//müsait değil sonra ara dedi//görüştüm zorunlu değilse gerekte yok dedi/ben istemiyorum dediler//fotoğrafçı geldiğinde ürünlerim hazır olmayabilir | Y31: Tekrar Aranacak | AA31: Tekrar Aranacak | AC31: Dönüş Yapacak | AE31: Görüşüldü | AF31: 44351 | AG31: Görüşüldü | AH31: 44355 | AL31: Simge Tüçay | AM31: Nazmiye Yuka
A32: 601d4b2b52cd2463c0034d91 | B32: Angara Kokoreç, Merkez (Nazmi Saatçi Mah.) | C32: =VLOOKUP(A32,'import Afyon'!A:P,3,0) -> TRUE | D32: Sokak Lezzetleri | E32: =VLOOKUP(A32,'import Afyon'!A:P,5,0) -> 550 | F32: =VLOOKUP(A32,'import Afyon'!A:P,6,0) -> 12 | G32: =VLOOKUP(A32,'import Afyon'!A:P,7,0) -> 3 | H32: =VLOOKUP(A32,'import Afyon'!A:P,8,0) -> 11 | I32: =VLOOKUP(A32,'import Afyon'!A:P,9,0) -> 14 | J32: =VLOOKUP(A32,'import Afyon'!A:P,10,0) -> 0.21 | K32: Orçun Öner | L32: 5079984152 | M32: Merkez | N32: Nazmi Saatçi | O32: Nazmi Saatçi mahallesi şeyh Şamil Bulvarı no 93 a | P32: =VLOOKUP(A32,'import Afyon'!A:P,16,0) -> Geleneksel | Q32: FALSE | R32: Randevu Alındı | S32: Hatem Soyaslan | U32: tüm ürünleri çekildiğini teyit için aradım çekilmiş / hava şartları olumsuz olduğu için paket servisi kapalıymış | V32: 44342 | W32: 44344 | Y32: Görüşüldü | AA32: Tekrar Aranacak | AB32: 44233 | AC32: Görüşüldü | AD32: 44554 | AJ32: Hatem Soyaslan | AK32: Betül Demir
A33: 61764fdb39765c41ec0228e1 | B33: Antalya 07 Mezecim, Merkez (Erenler Mah.) | C33: =VLOOKUP(A33,'import Afyon'!A:P,3,0) -> TRUE | D33: Kebap | E33: =VLOOKUP(A33,'import Afyon'!A:P,5,0) -> 200 | F33: =VLOOKUP(A33,'import Afyon'!A:P,6,0) -> 0 | G33: =VLOOKUP(A33,'import Afyon'!A:P,7,0) -> 9 | H33: =VLOOKUP(A33,'import Afyon'!A:P,8,0) -> 11 | I33: =VLOOKUP(A33,'import Afyon'!A:P,9,0) -> 20 | J33: =VLOOKUP(A33,'import Afyon'!A:P,10,0) -> 0.45 | K33: Mevlüt GÜNDOĞAR | L33: 5437125593 | M33: Merkez | N33: Erenler 1. Bölge | O33: Erenler mahallesi 2764 sokak no: 7 Merkez Afyonkarahisar | P33: =VLOOKUP(A33,'import Afyon'!A:P,16,0) -> Geleneksel | Q33: FALSE | R33: Randevu Alındı | S33: Betül Demir | T33: Hülya Özbek | U33: ayın 15i gibi çekim olabilir ama ayın 9-unda arancak o tarihlerde görüşme sağlanması gerek bu tarihten önce biz tarafından aranma sağlanmaın | V33: 44532 | W33: 44536 | Y33: Ulaşılamadı | Z33: 44520 | AA33: Görüşüldü | AB33: 44529 | AC33: Görüşüldü | AD33: 44531 | AE33: Görüşüldü | AF33: 44532 | AI33: Sude Alkan | AJ33: Ayşegül Kır | AK33: Hatem Soyaslan | AL33: Betül Demir
A34: 6213f280b1f02cdf55561a55 | B34: Ateş Pide & Lahmacun, Merkez (Sahipata Mah.) | C34: =VLOOKUP(A34,'import Afyon'!A:P,3,0) -> TRUE | D34: Pide | E34: =VLOOKUP(A34,'import Afyon'!A:P,5,0) -> 0 | F34: =VLOOKUP(A34,'import Afyon'!A:P,6,0) -> 0 | G34: =VLOOKUP(A34,'import Afyon'!A:P,7,0) -> 0 | H34: =VLOOKUP(A34,'import Afyon'!A:P,8,0) -> 11 | I34: =VLOOKUP(A34,'import Afyon'!A:P,9,0) -> 11 | J34: =VLOOKUP(A34,'import Afyon'!A:P,10,0) -> 0 | K34: Hasan Ateş | L34: 5399723179 | M34: Merkez | N34: Sahipata | O34: Sahipata mah. Tuna Cad. no:40 Afyon | P34: =VLOOKUP(A34,'import Afyon'!A:P,16,0) -> Geleneksel | Q34: FALSE
A35: 5fff05963c3b6e008262a094 | B35: Aydınkent Mutfak, Merkez (Erenler Mah.) | C35: =VLOOKUP(A35,'import Afyon'!A:P,3,0) -> FALSE | D35: Tavuk | E35: =VLOOKUP(A35,'import Afyon'!A:P,5,0) -> 0 | F35: =VLOOKUP(A35,'import Afyon'!A:P,6,0) -> 0 | G35: =VLOOKUP(A35,'import Afyon'!A:P,7,0) -> 0 | H35: =VLOOKUP(A35,'import Afyon'!A:P,8,0) -> 17 | I35: =VLOOKUP(A35,'import Afyon'!A:P,9,0) -> 17 | J35: =VLOOKUP(A35,'import Afyon'!A:P,10,0) -> 0 | K35: Özgür Aydın | L35: 5324106848 | M35: Merkez | N35: Erenler 1. Bölge | O35: afyon merkez erenler mah.2754 sok no:20/A | P35: =VLOOKUP(A35,'import Afyon'!A:P,16,0) -> Geleneksel | Q35: FALSE | R35: İleride Randevu Alınacak | U35: 1hafta sonra ulaşım sağlanacak boya işleri varmış | Y35: Ulaşılamadı | AA35: Ulaşılamadı | AC35: Ulaşılamadı | AE35: Ulaşılamadı | AG35: Görüşüldü | AH35: 44361 | AM35: Tutku Erdoğan
A36: 604cad317ebf170270325ee8 | B36: Ayvalık Tost (Adliye Mah.) | C36: =VLOOKUP(A36,'import Afyon'!A:P,3,0) -> TRUE | D36: Tost & Sandviç | E36: =VLOOKUP(A36,'import Afyon'!A:P,5,0) -> 226 | F36: =VLOOKUP(A36,'import Afyon'!A:P,6,0) -> 10 | G36: =VLOOKUP(A36,'import Afyon'!A:P,7,0) -> 0 | H36: =VLOOKUP(A36,'import Afyon'!A:P,8,0) -> 132 | I36: =VLOOKUP(A36,'import Afyon'!A:P,9,0) -> 132 | J36: =VLOOKUP(A36,'import Afyon'!A:P,10,0) -> 0 | K36: ALİ GÜNGÖREN | L36: 5443533939 | M36: Dinar | N36: Adliye | O36: Adliye Mah. İsmail Onbaşı sok No3 Dinar/Afyonkarahisar | P36: =VLOOKUP(A36,'import Afyon'!A:P,16,0) -> Geleneksel | Q36: TRUE | R36: Lokasyon Uzak | U36: fotoğraf çektirmek istemiyorum | Y36: Görüşüldü
A37: 61ad2ec4d5cd8618e8895ebf | B37: Ayvalık Tost, Merkez (Selçuklu Mah.) | C37: =VLOOKUP(A37,'import Afyon'!A:P,3,0) -> TRUE | D37: Tost & Sandviç | E37: =VLOOKUP(A37,'import Afyon'!A:P,5,0) -> 462 | F37: =VLOOKUP(A37,'import Afyon'!A:P,6,0) -> 70 | G37: =VLOOKUP(A37,'import Afyon'!A:P,7,0) -> 20 | H37: =VLOOKUP(A37,'import Afyon'!A:P,8,0) -> 7 | I37: =VLOOKUP(A37,'import Afyon'!A:P,9,0) -> 27 | J37: =VLOOKUP(A37,'import Afyon'!A:P,10,0) -> 0.74 | K37: Tolga Samet Dilek | L37: 5061333843 | M37: Merkez | N37: Selçuklu 3. Bölge | O37: SELÇUKLU MAH. NiYAZ HATUN CAD. NO: 5 MERKEZ/ AFYONKARAHİSAR | P37: =VLOOKUP(A37,'import Afyon'!A:P,16,0) -> Geleneksel | Q37: FALSE | R37: Randevu Alındı | S37: Yurdagül Kulaksız | T37: Hülya Özbek | U37: 2722281808 / Tolga/ 5061333843 | W37: 44546 | Y37: Yetkili Yok | Z37: 44543 | AA37: Görüşüldü | AB37: 44544 | AI37: Tuğba Buyur | AJ37: Yurdagül Kulaksız
A38: 5ffda742757a6c3506615154 | B38: Baklavacı Kardeşler, Merkez (Cumhuriyet Mah.) | C38: =VLOOKUP(A38,'import Afyon'!A:P,3,0) -> FALSE | D38: Pasta & Tatlı | E38: =VLOOKUP(A38,'import Afyon'!A:P,5,0) -> 40 | F38: =VLOOKUP(A38,'import Afyon'!A:P,6,0) -> 0 | G38: =VLOOKUP(A38,'import Afyon'!A:P,7,0) -> 0 | H38: =VLOOKUP(A38,'import Afyon'!A:P,8,0) -> 30 | I38: =VLOOKUP(A38,'import Afyon'!A:P,9,0) -> 30 | J38: =VLOOKUP(A38,'import Afyon'!A:P,10,0) -> 0 | K38: Atilla Efe | L38: 5418729108 | M38: Merkez | N38: Osman Gazi | O38: Osmangazi mahallesi hamm şehri bulvarı no-c afyonkarahisar merkez | P38: =VLOOKUP(A38,'import Afyon'!A:P,16,0) -> Geleneksel | Q38: FALSE | R38: Randevu İptal | S38: Nazmiye Yuka | T38: Abdullah Ergin | U38: randevu alındı | V38: 44351 | W38: 44354 | Y38: Tekrar Aranacak | AA38: Ulaşılamadı | AB38: 44348 | AC38: Tekrar Aranacak | AD38: 44348 | AE38: Ulaşılamadı | AF38: 44349 | AG38: Görüşüldü | AH38: 44351 | AJ38: Simge Tüçay | AK38: Nurhayat Kabataş | AL38: Hatem Soyaslan | AM38: Nazmiye Yuka
A39: 60bdf94fc8b2421a484166a1 | B39: Başak Pide & Lahmacun, Merkez (Fakıpaşa Mah.) | C39: =VLOOKUP(A39,'import Afyon'!A:P,3,0) -> FALSE | D39: Pide | E39: =VLOOKUP(A39,'import Afyon'!A:P,5,0) -> 0 | F39: =VLOOKUP(A39,'import Afyon'!A:P,6,0) -> 0 | G39: =VLOOKUP(A39,'import Afyon'!A:P,7,0) -> 0 | H39: =VLOOKUP(A39,'import Afyon'!A:P,8,0) -> 10 | I39: =VLOOKUP(A39,'import Afyon'!A:P,9,0) -> 10 | J39: =VLOOKUP(A39,'import Afyon'!A:P,10,0) -> 0 | K39: KEMAL ADIBELLİ | L39: 5466109923 | M39: Merkez | N39: Fakıpaşa | O39: Fakıpaşa Mah. SAHİPLER SULTAN TÜRBESİ SK NO 15C afyon merkez | P39: =VLOOKUP(A39,'import Afyon'!A:P,16,0) -> Geleneksel | Q39: FALSE | R39: Ulaşılamadı | U39: ulaşılamıyor. | Y39: Ulaşılamadı | Z39: 44522 | AA39: Ulaşılamadı | AB39: 44524 | AC39: Ulaşılamadı | AD39: 44536 | AE39: Ulaşılamadı | AF39: 44537 | AI39: Tuğba Buyur | AJ39: Tuğba Buyur | AK39: Kübra Toprak | AL39: Ayşegül Kır
A40: 60ce0f557c312d32c45e6ae2 | B40: Bayramefendi Osmanlı Kahvecisi, Merkez (Dumlupınar Mah) | C40: =VLOOKUP(A40,'import Afyon'!A:P,3,0) -> TRUE | D40: Kahve | E40: =VLOOKUP(A40,'import Afyon'!A:P,5,0) -> 38 | F40: =VLOOKUP(A40,'import Afyon'!A:P,6,0) -> 0 | G40: =VLOOKUP(A40,'import Afyon'!A:P,7,0) -> 0 | H40: =VLOOKUP(A40,'import Afyon'!A:P,8,0) -> 23 | I40: =VLOOKUP(A40,'import Afyon'!A:P,9,0) -> 23 | J40: =VLOOKUP(A40,'import Afyon'!A:P,10,0) -> 0 | K40: hayrettin ukan | L40: 5454564839 | M40: Merkez | N40: Ali 4. Bölge | O40: Dumlupınar, Ali İhsan Sabri Cd. 16/C, 03200 Afyonkarahisar Merkez/Afyonkarahisar | P40: =VLOOKUP(A40,'import Afyon'!A:P,16,0) -> Geleneksel | Q40: FALSE | R40: Çekim İstemiyor | U40: müsait değilmiş | Y40: Görüşüldü | Z40: 44522 | AA40: Görüşüldü | AB40: 44532 | AC40: Görüşüldü | AD40: 44554 | AI40: Tuğba Buyur | AJ40: Betül Demir | AK40: Betül Demir
A41: 60084d2d9873d865f78c3db4 | B41: Bedesten Midye, Merkez (Akmescit Mah.) | C41: =VLOOKUP(A41,'import Afyon'!A:P,3,0) -> FALSE | D41: Sokak Lezzetleri | E41: =VLOOKUP(A41,'import Afyon'!A:P,5,0) -> 29 | F41: =VLOOKUP(A41,'import Afyon'!A:P,6,0) -> 0 | G41: =VLOOKUP(A41,'import Afyon'!A:P,7,0) -> 0 | H41: =VLOOKUP(A41,'import Afyon'!A:P,8,0) -> 9 | I41: =VLOOKUP(A41,'import Afyon'!A:P,9,0) -> 9 | J41: =VLOOKUP(A41,'import Afyon'!A:P,10,0) -> 0 | K41: HAMZA GÜMÜŞKANAT | L41: 5543428787 | M41: Merkez | N41: Akmescit | O41: Akmescit Mah. Bedesten Meydanı No:7/A | P41: =VLOOKUP(A41,'import Afyon'!A:P,16,0) -> Geleneksel | Q41: FALSE | U41: sadece midye satıyor / paket sevisi yokmuş | Y41: Görüşüldü | AA41: Ulaşılamadı | AB41: 44523 | AC41: Görüşüldü | AD41: 44526 | AJ41: Sude Alkan | AK41: Betül Demir
A42: 6173ceb7354b4ea8c23c43a4 | B42: Bereket Pide & Lahmacun, Merkez (Nazmi Saatçi Mah.) | C42: =VLOOKUP(A42,'import Afyon'!A:P,3,0) -> TRUE | D42: Kebap | E42: =VLOOKUP(A42,'import Afyon'!A:P,5,0) -> 209 | F42: =VLOOKUP(A42,'import Afyon'!A:P,6,0) -> 20 | G42: =VLOOKUP(A42,'import Afyon'!A:P,7,0) -> 6 | H42: =VLOOKUP(A42,'import Afyon'!A:P,8,0) -> 9 | I42: =VLOOKUP(A42,'import Afyon'!A:P,9,0) -> 15 | J42: =VLOOKUP(A42,'import Afyon'!A:P,10,0) -> 0.4 | K42: Bilal Ulu | L42: 2722174170 | M42: Merkez | N42: Nazmi Saatçi | O42: Nazmı saatçi mahallesi şeyh şamil bulvarı no89 /A Merkez AFYON | P42: =VLOOKUP(A42,'import Afyon'!A:P,16,0) -> Geleneksel | Q42: FALSE | R42: Randevu Alındı | S42: Selcan Topçu | T42: Hülya Özbek | U42: 5377928544/çekim gerçekleşmiş. | V42: 44530 | W42: 44532 | Y42: Görüşüldü | Z42: 44530 | AA42: Görüşüldü | AB42: 44547 | AI42: Selcan Topçu | AJ42: Kübra Toprak
A43: 605b85389c610894a29142c0 | B43: Between Bread's, Merkez (Erenler Mah.) | C43: =VLOOKUP(A43,'import Afyon'!A:P,3,0) -> TRUE | D43: Burger | E43: =VLOOKUP(A43,'import Afyon'!A:P,5,0) -> 217 | F43: =VLOOKUP(A43,'import Afyon'!A:P,6,0) -> 0 | G43: =VLOOKUP(A43,'import Afyon'!A:P,7,0) -> 0 | H43: =VLOOKUP(A43,'import Afyon'!A:P,8,0) -> 13 | I43: =VLOOKUP(A43,'import Afyon'!A:P,9,0) -> 13 | J43: =VLOOKUP(A43,'import Afyon'!A:P,10,0) -> 0 | K43: TAMER KURNAZ | L43: 5414018248 | M43: Merkez | N43: Erenler 1. Bölge | O43: Erenler, 2775. Sk 6/B, afyonkarahisar | P43: =VLOOKUP(A43,'import Afyon'!A:P,16,0) -> Geleneksel | Q43: FALSE | R43: Ulaşılamadı | U43: 1saat içinde aranacak// ulaşılmıyor//meşgule attı//AÇIP KAPATTI/5414018248-1 saat sonra ulaş dedı//açmadı//meşgul//meşgul/meşgul//meşgul / küçük çaplı sorunları olduğu için restorantı kapalıymış | Y43: Tekrar Aranacak | AA43: Ulaşılamadı | AC43: Ulaşılamadı | AE43: Ulaşılamadı | AF43: 44347 | AG43: Ulaşılamadı | AH43: 44548 | AK43: Simge Tüçay | AM43: Sude Alkan
A44: 6140d7f81e1bc781f2bfd229 | B44: Beyoğlu Kebapçısı, Merkez (Erenler Mah.) | C44: =VLOOKUP(A44,'import Afyon'!A:P,3,0) -> TRUE | D44: Kebap | E44: =VLOOKUP(A44,'import Afyon'!A:P,5,0) -> 507 | F44: =VLOOKUP(A44,'import Afyon'!A:P,6,0) -> 0 | G44: =VLOOKUP(A44,'import Afyon'!A:P,7,0) -> 0 | H44: =VLOOKUP(A44,'import Afyon'!A:P,8,0) -> 7 | I44: =VLOOKUP(A44,'import Afyon'!A:P,9,0) -> 7 | J44: =VLOOKUP(A44,'import Afyon'!A:P,10,0) -> 0 | K44: Hakan Ekin | L44: 5076422058 | M44: Merkez | N44: Erenler 1. Bölge | O44: Erenler mahallesi 2755 sokak no:18/A merkez Afyonkarahisar | P44: =VLOOKUP(A44,'import Afyon'!A:P,16,0) -> Geleneksel | Q44: FALSE | R44: İleride Randevu Alınacak | U44: açmadı /aralıgın ortası ıletısıme gecılcek/açmadı.düğünüm vardı oyüzden dükkan kapalı daha sonra iletişime geçelim dedi. | Y44: Ulaşılamadı | Z44: 44529 | AA44: Görüşüldü | AB44: 44529 | AC44: Ulaşılamadı | AD44: 44543 | AE44: Tekrar Aranacak | AF44: 44543 | AI44: Zeliha Özer | AJ44: Selcan Topçu | AK44: Kübra Toprak | AL44: Kübra Toprak
A45: 5ffefc0035e5808c2f458218 | B45: Beyza Pide ve Lahmacun, Merkez (Nazmi Saatçi Mah.) | C45: =VLOOKUP(A45,'import Afyon'!A:P,3,0) -> TRUE | D45: Pide | E45: =VLOOKUP(A45,'import Afyon'!A:P,5,0) -> 76 | F45: =VLOOKUP(A45,'import Afyon'!A:P,6,0) -> 3 | G45: =VLOOKUP(A45,'import Afyon'!A:P,7,0) -> 3 | H45: =VLOOKUP(A45,'import Afyon'!A:P,8,0) -> 4 | I45: =VLOOKUP(A45,'import Afyon'!A:P,9,0) -> 7 | J45: =VLOOKUP(A45,'import Afyon'!A:P,10,0) -> 0.43 | K45: MEHMET DAĞKUŞU | L45: 2722174806 | M45: Merkez | N45: Nazmi Saatçi | O45: Nazmi saatçi mah ibni sina cad 59/A Afyonkarahisar Beyza pide ve lahmacun | P45: =VLOOKUP(A45,'import Afyon'!A:P,16,0) -> Geleneksel | Q45: FALSE | R45: Randevu Alındı | S45: Simge Tüçay | T45: Abdullah Ergin | U45: 5327662473 mehmet bey verildi alındı//sistemden bakıldı 3 ürünü kalmış | V45: 44343 | W45: 44347 | Y45: Görüşüldü
A46: 61bf91637d01417a39ac08d0 | B46: Bi Dilim Baklava, Merkez (Selçuklu Mah.) | C46: =VLOOKUP(A46,'import Afyon'!A:P,3,0) -> TRUE | D46: Pasta & Tatlı | E46: =VLOOKUP(A46,'import Afyon'!A:P,5,0) -> 285 | F46: =VLOOKUP(A46,'import Afyon'!A:P,6,0) -> 39 | G46: =VLOOKUP(A46,'import Afyon'!A:P,7,0) -> 0 | H46: =VLOOKUP(A46,'import Afyon'!A:P,8,0) -> 29 | I46: =VLOOKUP(A46,'import Afyon'!A:P,9,0) -> 29 | J46: =VLOOKUP(A46,'import Afyon'!A:P,10,0) -> 0 | K46: Süleyman YALÇINKAYA | L46: 5308290223 | M46: Merkez | N46: Selçuklu 3. Bölge | O46: Selçuklu Mahallesi Şehit Erdal Hamamcı Cad.4/F Uydukent/Afyonkarahisar | P46: =VLOOKUP(A46,'import Afyon'!A:P,16,0) -> Geleneksel | Q46: FALSE
A47: 607092c9354eaa6734aba461 | B47: Bi-Tek Pide & Lahmacun, Merkez (Cumhuriyet Mah.) | C47: =VLOOKUP(A47,'import Afyon'!A:P,3,0) -> TRUE | D47: Pide | E47: =VLOOKUP(A47,'import Afyon'!A:P,5,0) -> 598 | F47: =VLOOKUP(A47,'import Afyon'!A:P,6,0) -> 91 | G47: =VLOOKUP(A47,'import Afyon'!A:P,7,0) -> 6 | H47: =VLOOKUP(A47,'import Afyon'!A:P,8,0) -> 28 | I47: =VLOOKUP(A47,'import Afyon'!A:P,9,0) -> 34 | J47: =VLOOKUP(A47,'import Afyon'!A:P,10,0) -> 0.18 | K47: İSA KARAKAYA | L47: 5452366063 | M47: Merkez | N47: Cumhuriyet 6. Bölge | O47: cumhuriyet mah. hüseyin bayık cad.yeter sit. b blok no:2/1A | P47: =VLOOKUP(A47,'import Afyon'!A:P,16,0) -> Geleneksel | Q47: FALSE | R47: Randevu Alındı | S47: Serap Apaydın | T47: Hülya Özbek | U47: iptalin yerine alındı / kalan ürünler aynı ürünün menüsüumüş gerek yok dedi | V47: 44534 | W47: 44538 | Y47: Görüşüldü | AA47: Görüşüldü | AC47: Görüşüldü | AD47: 44348 | AE47: Tekrar Aranacak | AF47: 44354 | AG47: Görüşüldü | AH47: 44554 | AK47: Simge Tüçay | AL47: Derya Tatlı | AM47: Betül Demir
A48: 6215442f00a6cdf0ee12189b | B48: Big Bang, Merkez (Erenler Mah.) | C48: =VLOOKUP(A48,'import Afyon'!A:P,3,0) -> TRUE | D48: Burger | E48: =VLOOKUP(A48,'import Afyon'!A:P,5,0) -> 4 | F48: =VLOOKUP(A48,'import Afyon'!A:P,6,0) -> 4 | G48: =VLOOKUP(A48,'import Afyon'!A:P,7,0) -> 0 | H48: =VLOOKUP(A48,'import Afyon'!A:P,8,0) -> 12 | I48: =VLOOKUP(A48,'import Afyon'!A:P,9,0) -> 12 | J48: =VLOOKUP(A48,'import Afyon'!A:P,10,0) -> 0 | K48: Kadir Can MICIRLAR | L48: 5344327289 | M48: Merkez | N48: Erenler 1. Bölge | O48: Erenler mahallesi 2759 sokak no: 7 Merkez Afyonkarahisar | P48: =VLOOKUP(A48,'import Afyon'!A:P,16,0) -> Geleneksel | Q48: FALSE
A49: 60084af0f9bae42ea35354b9 | B49: Biyarım, Merkez (Mecidiye Mah.) | C49: =VLOOKUP(A49,'import Afyon'!A:P,3,0) -> FALSE | D49: Kebap | E49: =VLOOKUP(A49,'import Afyon'!A:P,5,0) -> 246 | F49: =VLOOKUP(A49,'import Afyon'!A:P,6,0) -> 0 | G49: =VLOOKUP(A49,'import Afyon'!A:P,7,0) -> 0 | H49: =VLOOKUP(A49,'import Afyon'!A:P,8,0) -> 29 | I49: =VLOOKUP(A49,'import Afyon'!A:P,9,0) -> 29 | J49: =VLOOKUP(A49,'import Afyon'!A:P,10,0) -> 0 | K49: DOĞAN KARAN | L49: 5466300598 | M49: Merkez | N49: Mecidiye | O49: Mecidiye Mah. Milli Birlik Cad. No:64/A | P49: =VLOOKUP(A49,'import Afyon'!A:P,16,0) -> Geleneksel | Q49: FALSE | R49: Çekim İstemiyor | S49: Hatem Soyaslan | U49: düşünmüyorlarmış | V49: 44341 | W49: 44343 | Y49: Görüşüldü | AA49: Tekrar Aranacak | AB49: 44355 | AC49: Dönüş Yapacak | AD49: 44361 | AE49: Görüşüldü | AF49: 44537 | AJ49: Nazmiye Yuka | AK49: Hatem Soyaslan | AL49: Ayşegül Kır
A50: 617655968aa3056f8201a327 | B50: Bomba Tantuni & Fast Food, Merkez (Erenler Mah.) | C50: =VLOOKUP(A50,'import Afyon'!A:P,3,0) -> TRUE | D50: Sokak Lezzetleri | E50: =VLOOKUP(A50,'import Afyon'!A:P,5,0) -> 771 | F50: =VLOOKUP(A50,'import Afyon'!A:P,6,0) -> 10 | G50: =VLOOKUP(A50,'import Afyon'!A:P,7,0) -> 14 | H50: =VLOOKUP(A50,'import Afyon'!A:P,8,0) -> 1 | I50: =VLOOKUP(A50,'import Afyon'!A:P,9,0) -> 15 | J50: =VLOOKUP(A50,'import Afyon'!A:P,10,0) -> 0.93 | K50: Serhat KARAYEL | L50: 5069399442 | M50: Merkez | N50: Erenler 1. Bölge | O50: Erenler mahallesi 2777 sokak no: 30 Merkez Afyonkarahisar | P50: =VLOOKUP(A50,'import Afyon'!A:P,16,0) -> Geleneksel | Q50: FALSE | R50: Randevu Alındı | S50: Zeliha Özer | V50: 44529 | W50: 44530 | Y50: Görüşüldü | Z50: 44529 | AI50: Zeliha Özer
A51: 61a922e7a06150043e75418a | B51: Burdur Şiş Mangal & Izgara, Merkez (Dumlupınar Mah) | C51: =VLOOKUP(A51,'import Afyon'!A:P,3,0) -> TRUE | D51: Kebap | E51: =VLOOKUP(A51,'import Afyon'!A:P,5,0) -> 982 | F51: =VLOOKUP(A51,'import Afyon'!A:P,6,0) -> 148 | G51: =VLOOKUP(A51,'import Afyon'!A:P,7,0) -> 6 | H51: =VLOOKUP(A51,'import Afyon'!A:P,8,0) -> 13 | I51: =VLOOKUP(A51,'import Afyon'!A:P,9,0) -> 19 | J51: =VLOOKUP(A51,'import Afyon'!A:P,10,0) -> 0.32 | K51: Sultan TURSUN | L51: 5446056245 | M51: Merkez | N51: Dumlupınar | O51: dumlupınar mah. osman atilla cad. no:19 merkez afyon | P51: =VLOOKUP(A51,'import Afyon'!A:P,16,0) -> Geleneksel | Q51: FALSE | R51: Randevu Alındı | S51: Kübra Toprak | T51: Hülya Özbek | U51: açmadı.sultan beyden randevu alındı. | V51: 44536 | W51: 44538 | Y51: Ulaşılamadı | Z51: 44536 | AA51: Görüşüldü | AB51: 44536 | AI51: Kübra Toprak | AJ51: Kübra Toprak
A52: 618c2e7b3cad2773c9bb02c0 | B52: Burger Point, Merkez (Marulcu Mah.) | C52: =VLOOKUP(A52,'import Afyon'!A:P,3,0) -> FALSE | D52: Burger | E52: =VLOOKUP(A52,'import Afyon'!A:P,5,0) -> 23 | F52: =VLOOKUP(A52,'import Afyon'!A:P,6,0) -> 0 | G52: =VLOOKUP(A52,'import Afyon'!A:P,7,0) -> 0 | H52: =VLOOKUP(A52,'import Afyon'!A:P,8,0) -> 16 | I52: =VLOOKUP(A52,'import Afyon'!A:P,9,0) -> 16 | J52: =VLOOKUP(A52,'import Afyon'!A:P,10,0) -> 0 | K52: Özlem SERTBAŞ | L52: 2722155500 | M52: Merkez | N52: Cumhuriyet 2. Bölge | O52: Marulcu Mah.Erdal Sokak No:22 Merkez / Afyonkarahisar | P52: =VLOOKUP(A52,'import Afyon'!A:P,16,0) -> Geleneksel | Q52: FALSE | R52: Dönüş Yapacak | S52: Tuğba Buyur | T52: Hülya Özbek | U52: Sıkıntılarımız var şu anda beklemede kalalım sonra dönüş sağlarız diyor. | V52: 44522 | W52: 44524 | Y52: Görüşüldü | Z52: 44522 | AA52: Görüşüldü | AB52: 44537 | AI52: Tuğba Buyur | AJ52: Ayşegül Kır
A53: 60a7ae37b469d28023017d2b | B53: By Fırından Pide & Lahmacun, Merkez (Selçuklu Mah.) | C53: =VLOOKUP(A53,'import Afyon'!A:P,3,0) -> TRUE | D53: Pide | E53: =VLOOKUP(A53,'import Afyon'!A:P,5,0) -> 301 | F53: =VLOOKUP(A53,'import Afyon'!A:P,6,0) -> 12 | G53: =VLOOKUP(A53,'import Afyon'!A:P,7,0) -> 0 | H53: =VLOOKUP(A53,'import Afyon'!A:P,8,0) -> 13 | I53: =VLOOKUP(A53,'import Afyon'!A:P,9,0) -> 13 | J53: =VLOOKUP(A53,'import Afyon'!A:P,10,0) -> 0 | K53: HARUN ÇOBANBAY | L53: 2722130213 | M53: Merkez | N53: Selçuklu 1. Bölge | O53: SELÇUKLU MAH. ADNAN KAHVECİ CAD. C BLOK NO 65/A AFYONKARAHİSAR | P53: =VLOOKUP(A53,'import Afyon'!A:P,16,0) -> Geleneksel | Q53: TRUE | U53: 15 20 dakka sonra ara//kendisi çekecek biriyle anlaşmış | Y53: Yetkili Yok | Z53: 44361 | AA53: Görüşüldü | AB53: 44361 | AI53: Eylem Ünal | AJ53: Eylem Ünal
A54: 5ffe0ed74a4dfaceaeaba257 | B54: Candaroğlu Börek & Pide & Pizza, Merkez (Dumlupınar Mah) | C54: =VLOOKUP(A54,'import Afyon'!A:P,3,0) -> TRUE | D54: Pide | E54: =VLOOKUP(A54,'import Afyon'!A:P,5,0) -> 3710 | F54: =VLOOKUP(A54,'import Afyon'!A:P,6,0) -> 202 | G54: =VLOOKUP(A54,'import Afyon'!A:P,7,0) -> 0 | H54: =VLOOKUP(A54,'import Afyon'!A:P,8,0) -> 59 | I54: =VLOOKUP(A54,'import Afyon'!A:P,9,0) -> 59 | J54: =VLOOKUP(A54,'import Afyon'!A:P,10,0) -> 0 | K54: Mehmet Yetgin Akın | L54: 2722139402 | M54: Merkez | N54: Marulcu | O54: marulcu mah kadınana cd no 14 | P54: =VLOOKUP(A54,'import Afyon'!A:P,16,0) -> Geleneksel | Q54: TRUE | U54: meşgul//mail verilmiş elinde fotoğraflar var// yetkili telefona bakmak bile istemedi reklamcıyı bekliyormuş çektirip gönderecek / fotoğraflar eline ulaşmış mail adresine atacak | Y54: Görüşüldü | AA54: Görüşüldü | AB54: 44356 | AC54: Görüşüldü | AD54: 44545 | AJ54: Hatice Özer | AK54: Betül Demir
A55: 614502237c92ffe854e175ad | B55: Candaroğlu Börek & Pide & Pizza, Merkez (Erenler Mah.) | C55: =VLOOKUP(A55,'import Afyon'!A:P,3,0) -> TRUE | D55: Pizza | E55: =VLOOKUP(A55,'import Afyon'!A:P,5,0) -> 3875 | F55: =VLOOKUP(A55,'import Afyon'!A:P,6,0) -> 311 | G55: =VLOOKUP(A55,'import Afyon'!A:P,7,0) -> 9 | H55: =VLOOKUP(A55,'import Afyon'!A:P,8,0) -> 35 | I55: =VLOOKUP(A55,'import Afyon'!A:P,9,0) -> 44 | J55: =VLOOKUP(A55,'import Afyon'!A:P,10,0) -> 0.2 | K55: Eyüp Altuntaş | L55: 5435518685 | M55: Merkez | N55: Erenler 1. Bölge | O55: Erenler mahallesi 2773 sokak no: 6 Merkez Afyonkarahisar | P55: =VLOOKUP(A55,'import Afyon'!A:P,16,0) -> Geleneksel | Q55: FALSE | R55: Randevu Alındı | S55: Ayşegül Kır | T55: Hülya Özbek | U55: ürünü kalmadığı için iptal etti diğerinde de gidilmemiş. / salı için tekrar alındı | V55: 44526 | W55: 44530 | Y55: Görüşüldü | Z55: 44518 | AA55: Görüşüldü | AB55: 44526 | AI55: Ayşegül Kır | AJ55: Betül Demir
A56: 61c22b5a7d272c6ab9259bdb | B56: Caramelito Coffee, Merkez (Erenler Mah.) | C56: =VLOOKUP(A56,'import Afyon'!A:P,3,0) -> TRUE | D56: Burger | E56: =VLOOKUP(A56,'import Afyon'!A:P,5,0) -> 160 | F56: =VLOOKUP(A56,'import Afyon'!A:P,6,0) -> 26 | G56: =VLOOKUP(A56,'import Afyon'!A:P,7,0) -> 0 | H56: =VLOOKUP(A56,'import Afyon'!A:P,8,0) -> 107 | I56: =VLOOKUP(A56,'import Afyon'!A:P,9,0) -> 107 | J56: =VLOOKUP(A56,'import Afyon'!A:P,10,0) -> 0 | K56: OMY MADEN GIDA İNŞ.OTO.TUR.SAN.VE TİC.LTD.ŞTİ. | L56: 5447134156 | M56: Merkez | N56: Erenler 1. Bölge | O56: Erenler Mah. 2752 Sk. No:36 Merkez/ Afyonkarahisar | P56: =VLOOKUP(A56,'import Afyon'!A:P,16,0) -> Geleneksel | Q56: FALSE
A57: 6011a0e45bc3491179c9cf90 | B57: Catch Him Cafe & Bistro, Merkez (Hasan Karaağaç Mah.) | C57: =VLOOKUP(A57,'import Afyon'!A:P,3,0) -> FALSE | D57: Tost & Sandviç | E57: =VLOOKUP(A57,'import Afyon'!A:P,5,0) -> 107 | F57: =VLOOKUP(A57,'import Afyon'!A:P,6,0) -> 0 | G57: =VLOOKUP(A57,'import Afyon'!A:P,7,0) -> 0 | H57: =VLOOKUP(A57,'import Afyon'!A:P,8,0) -> 35 | I57: =VLOOKUP(A57,'import Afyon'!A:P,9,0) -> 35 | J57: =VLOOKUP(A57,'import Afyon'!A:P,10,0) -> 0 | K57: ABDULLAH TAKTAK | L57: 2726060303 | M57: Merkez | N57: Hasan Karaağaç | O57: Hasan Karaağaç Mah. Turgut Özal Bulvarı. No:39 | P57: =VLOOKUP(A57,'import Afyon'!A:P,16,0) -> Geleneksel | Q57: FALSE | R57: İleride Randevu Alınacak | S57: Tutku Erdoğan | T57: Abdullah Ergin | U57: 15.30 gibi tekrar ara gelir/ yetkili biraz önce çıktı yarın öğleden sonra ararsanız ulaşırsınız dendi/ işletme sahibi işletmeye cok az geliyor kendileri dönüş saglayacak | V57: 44363 | W57: 44365 | Y57: Tekrar Aranacak | AA57: Dönüş Yapacak | AC57: Yetkili Yok | AD57: 44351 | AE57: Görüşüldü | AF57: 44351 | AG57: Yetkili Yok | AH57: 44538 | AK57: Simge Tüçay | AL57: Simge Tüçay | AM57: Serap Apaydın
A58: 61a5d0db2a8495096bee6c14 | B58: Cesa Çiğ Köfte, Merkez (Erenler Mah.) | C58: =VLOOKUP(A58,'import Afyon'!A:P,3,0) -> TRUE | D58: Çiğ Köfte | E58: =VLOOKUP(A58,'import Afyon'!A:P,5,0) -> 34 | F58: =VLOOKUP(A58,'import Afyon'!A:P,6,0) -> 0 | G58: =VLOOKUP(A58,'import Afyon'!A:P,7,0) -> 9 | H58: =VLOOKUP(A58,'import Afyon'!A:P,8,0) -> 10 | I58: =VLOOKUP(A58,'import Afyon'!A:P,9,0) -> 19 | J58: =VLOOKUP(A58,'import Afyon'!A:P,10,0) -> 0.47 | K58: Halil İbrahim ÇELİK | L58: 5512712372 | M58: Merkez | N58: Erenler 1. Bölge | O58: Erenler mahallesi 2775 sokak no: 20 Merkez Afyonkarahisar | P58: =VLOOKUP(A58,'import Afyon'!A:P,16,0) -> Geleneksel | Q58: FALSE | R58: Randevu Alındı | S58: Kübra Toprak | T58: Hülya Özbek | U58: açmadı.açmadı.Yetkili Fatma hanım kızı ,fatma hanımdan randevu alındı. | V58: 44543 | W58: 44544 | Y58: Ulaşılamadı | Z58: 44536 | AA58: Ulaşılamadı | AB58: 44543 | AC58: Görüşüldü | AD58: 44543 | AI58: Kübra Toprak | AJ58: Kübra Toprak | AK58: Kübra Toprak
A59: 601d25da349a9677155ed3d2 | B59: Chef Közz Kumru & Tost, Merkez (Erenler Mah.) | C59: =VLOOKUP(A59,'import Afyon'!A:P,3,0) -> TRUE | D59: Tost & Sandviç | E59: =VLOOKUP(A59,'import Afyon'!A:P,5,0) -> 2588 | F59: =VLOOKUP(A59,'import Afyon'!A:P,6,0) -> 88 | G59: =VLOOKUP(A59,'import Afyon'!A:P,7,0) -> 68 | H59: =VLOOKUP(A59,'import Afyon'!A:P,8,0) -> 9 | I59: =VLOOKUP(A59,'import Afyon'!A:P,9,0) -> 77 | J59: =VLOOKUP(A59,'import Afyon'!A:P,10,0) -> 0.88 | K59: Tuğran Ayyıldız | L59: 5443990303 | M59: Merkez | N59: Erenler 1. Bölge | O59: Erenler Mah. 2772 Sk. No: 7 A İç Kapı No: Z Merkez/Afyonkarahisar | P59: =VLOOKUP(A59,'import Afyon'!A:P,16,0) -> Geleneksel | Q59: FALSE | R59: Randevu Alındı | S59: Selcan Topçu | U59: devam çekimi | V59: 44545 | W59: 44550 | Y59: Görüşüldü | AA59: Görüşüldü | AB59: 44544 | AC59: Görüşüldü | AD59: 44545 | AJ59: Selcan Topçu | AK59: Selcan Topçu
A60: 61b7bed6b1a9d5b6c44745c1 | B60: Chicky & Dany Döner, Sandıklı (Ece Mah.) | C60: =VLOOKUP(A60,'import Afyon'!A:P,3,0) -> TRUE | D60: Döner | E60: =VLOOKUP(A60,'import Afyon'!A:P,5,0) -> 58 | F60: =VLOOKUP(A60,'import Afyon'!A:P,6,0) -> 5 | G60: =VLOOKUP(A60,'import Afyon'!A:P,7,0) -> 0 | H60: =VLOOKUP(A60,'import Afyon'!A:P,8,0) -> 22 | I60: =VLOOKUP(A60,'import Afyon'!A:P,9,0) -> 22 | J60: =VLOOKUP(A60,'import Afyon'!A:P,10,0) -> 0 | K60: Fatma Coşkun | L60: 5013597266 | M60: Sandıklı | N60: Fatih | O60: Ece mahallesi alaaddin sokak no:8 sandıklı/Afyonkarahisar | P60: =VLOOKUP(A60,'import Afyon'!A:P,16,0) -> Geleneksel | Q60: FALSE
A61: 616888f22e51437af9d2877e | B61: Chicky Döner, Merkez (Erenler Mah) | C61: =VLOOKUP(A61,'import Afyon'!A:P,3,0) -> TRUE | D61: Döner | E61: =VLOOKUP(A61,'import Afyon'!A:P,5,0) -> 5467 | F61: =VLOOKUP(A61,'import Afyon'!A:P,6,0) -> 324 | G61: =VLOOKUP(A61,'import Afyon'!A:P,7,0) -> 12 | H61: =VLOOKUP(A61,'import Afyon'!A:P,8,0) -> 12 | I61: =VLOOKUP(A61,'import Afyon'!A:P,9,0) -> 24 | J61: =VLOOKUP(A61,'import Afyon'!A:P,10,0) -> 0.5 | K61: Ersin Alpaslan | L61: 5428468483 | M61: Merkez | N61: Erenler 1. Bölge | O61: Erenler mahallesi 2775 sokak no: 6 Merkez Afyonkarahisar | P61: =VLOOKUP(A61,'import Afyon'!A:P,16,0) -> Geleneksel | Q61: FALSE | R61: Randevu Alındı | S61: Sude Alkan | T61: Hülya Özbek | V61: 44520 | W61: 44526 | Y61: Görüşüldü | Z61: 44520 | AA61: Ulaşılamadı | AB61: 44550 | AI61: Sude Alkan | AJ61: Tuğba Buyur
A62: 6171cbdb8aa3055db1821a9b | B62: Ciğerci Baba, Merkez (Güvenevler Mah.) | C62: =VLOOKUP(A62,'import Afyon'!A:P,3,0) -> TRUE | D62: Döner | E62: =VLOOKUP(A62,'import Afyon'!A:P,5,0) -> 222 | F62: =VLOOKUP(A62,'import Afyon'!A:P,6,0) -> 0 | G62: =VLOOKUP(A62,'import Afyon'!A:P,7,0) -> 20 | H62: =VLOOKUP(A62,'import Afyon'!A:P,8,0) -> 16 | I62: =VLOOKUP(A62,'import Afyon'!A:P,9,0) -> 36 | J62: =VLOOKUP(A62,'import Afyon'!A:P,10,0) -> 0.56 | K62: Hayriye GÖKMEN | L62: 5325589338 | M62: Merkez | N62: Güvenevler | O62: Güvenevler mah. Şehit Selçuk GÜRDAL cad. no:56E merkez afyon | P62: =VLOOKUP(A62,'import Afyon'!A:P,16,0) -> Geleneksel | Q62: FALSE | R62: Randevu Alındı | S62: Tuğba Buyur | T62: Hülya Özbek | U62: serkan bey | V62: 44524 | W62: 44525 | Y62: Ulaşılamadı | Z62: 44522 | AA62: Görüşüldü | AB62: 44524 | AI62: Tuğba Buyur | AJ62: Tuğba Buyur
A63: 6171c9d8f801e3e886bec45c | B63: Ciğerci Karam, Merkez (Güvenevler Mah.) | C63: =VLOOKUP(A63,'import Afyon'!A:P,3,0) -> TRUE | D63: Köfte | E63: =VLOOKUP(A63,'import Afyon'!A:P,5,0) -> 233 | F63: =VLOOKUP(A63,'import Afyon'!A:P,6,0) -> 70 | G63: =VLOOKUP(A63,'import Afyon'!A:P,7,0) -> 5 | H63: =VLOOKUP(A63,'import Afyon'!A:P,8,0) -> 23 | I63: =VLOOKUP(A63,'import Afyon'!A:P,9,0) -> 28 | J63: =VLOOKUP(A63,'import Afyon'!A:P,10,0) -> 0.18 | K63: Hanım TUTAR | L63: 5447179933 | M63: Merkez | N63: Güvenevler | O63: Güvenevler mah. Şehit Selçuk GÜRDAL cad. no:56F merkez afyon | P63: =VLOOKUP(A63,'import Afyon'!A:P,16,0) -> Geleneksel | Q63: FALSE | R63: Randevu Alındı | S63: Hatem Soyaslan | T63: Hülya Özbek | U63: ahmet bey | V63: 44524 | W63: 44525 | Y63: Görüşüldü | Z63: 44522 | AA63: Görüşüldü | AB63: 44524 | AI63: Tuğba Buyur | AJ63: Hatem Soyaslan
A64: 607ecb1107047f7b6cb4ed81 | B64: Corner Social Waffle & Kumpir, Merkez (Dervişpaşa Mah.) | C64: =VLOOKUP(A64,'import Afyon'!A:P,3,0) -> TRUE | D64: Pasta & Tatlı | E64: =VLOOKUP(A64,'import Afyon'!A:P,5,0) -> 1712 | F64: =VLOOKUP(A64,'import Afyon'!A:P,6,0) -> 98 | G64: =VLOOKUP(A64,'import Afyon'!A:P,7,0) -> 0 | H64: =VLOOKUP(A64,'import Afyon'!A:P,8,0) -> 14 | I64: =VLOOKUP(A64,'import Afyon'!A:P,9,0) -> 14 | J64: =VLOOKUP(A64,'import Afyon'!A:P,10,0) -> 0 | K64: İBRAHİM ÖZTEKE | L64: 5550440362 | M64: Merkez | N64: Derviş Paşa | O64: dervişpaşa mah. atatürk bul. bulvar apt. no 51 A merkez afyonkarahisar | P64: =VLOOKUP(A64,'import Afyon'!A:P,16,0) -> Geleneksel | Q64: FALSE | R64: Çekim İstemiyor | U64: aranmak ve çekim istemiyormuş | Y64: Tekrar Aranacak | AA64: Tekrar Aranacak | AC64: Dönüş Yapacak | AE64: Yetkili Yok | AG64: Görüşüldü | AH64: 44363 | AM64: Tutku Erdoğan
A65: 6053492d184329665270b777 | B65: Çiçek Waffle & Kumpir, Merkez (Dumlupınar Mah) | C65: =VLOOKUP(A65,'import Afyon'!A:P,3,0) -> FALSE | D65: Pasta & Tatlı | E65: =VLOOKUP(A65,'import Afyon'!A:P,5,0) -> 15 | F65: =VLOOKUP(A65,'import Afyon'!A:P,6,0) -> 0 | G65: =VLOOKUP(A65,'import Afyon'!A:P,7,0) -> 0 | H65: =VLOOKUP(A65,'import Afyon'!A:P,8,0) -> 21 | I65: =VLOOKUP(A65,'import Afyon'!A:P,9,0) -> 21 | J65: =VLOOKUP(A65,'import Afyon'!A:P,10,0) -> 0 | K65: AHMET DÖNERKAYA | L65: 5427958800 | M65: Merkez | N65: Dumlupınar | O65: Dumlupınar, Yeşil Yol Cd. No:2/C, 03200 Merkez/Afyonkarahisar | P65: =VLOOKUP(A65,'import Afyon'!A:P,16,0) -> Geleneksel | Q65: TRUE | U65: kendi fotoğraflarını çekeceklermiş/teyit etmek için aradım atmamış randevuda istemiyor/aktif olarak kullanmıyorum dediler | Y65: Görüşüldü
A66: 6192b3c6bc7e8624173b781a | B66: Çiğ Köfte Point, Merkez (Marulcu Mah.) | C66: =VLOOKUP(A66,'import Afyon'!A:P,3,0) -> FALSE | D66: Çiğ Köfte | E66: =VLOOKUP(A66,'import Afyon'!A:P,5,0) -> 1 | F66: =VLOOKUP(A66,'import Afyon'!A:P,6,0) -> 0 | G66: =VLOOKUP(A66,'import Afyon'!A:P,7,0) -> 0 | H66: =VLOOKUP(A66,'import Afyon'!A:P,8,0) -> 5 | I66: =VLOOKUP(A66,'import Afyon'!A:P,9,0) -> 5 | J66: =VLOOKUP(A66,'import Afyon'!A:P,10,0) -> 0 | K66: Özlem SERTBAŞ | L66: 2722155500 | M66: Merkez | N66: Cumhuriyet 2. Bölge | O66: Marulcu Mah.Erdal Sokak No:22 Merkez / Afyonkarahisar | P66: =VLOOKUP(A66,'import Afyon'!A:P,16,0) -> Geleneksel | Q66: FALSE | R66: Dönüş Yapacak | S66: Tuğba Buyur | T66: Hülya Özbek | U66: Sıkıntılarımız var şu anda beklemede kalalım sonra dönüş sağlarız diyor. | V66: 44522 | W66: 44524 | Y66: Görüşüldü | Z66: 44522 | AA66: Görüşüldü | AB66: 44537 | AI66: Tuğba Buyur | AJ66: Ayşegül Kır
A67: 60097b0b8c17d6aabfe29257 | B67: Çiğ Köfte Y, Merkez (Zafer Mah.) | C67: =VLOOKUP(A67,'import Afyon'!A:P,3,0) -> TRUE | D67: Çiğ Köfte | E67: =VLOOKUP(A67,'import Afyon'!A:P,5,0) -> 879 | F67: =VLOOKUP(A67,'import Afyon'!A:P,6,0) -> 51 | G67: =VLOOKUP(A67,'import Afyon'!A:P,7,0) -> 9 | H67: =VLOOKUP(A67,'import Afyon'!A:P,8,0) -> 7 | I67: =VLOOKUP(A67,'import Afyon'!A:P,9,0) -> 16 | J67: =VLOOKUP(A67,'import Afyon'!A:P,10,0) -> 0.56 | K67: Feride Gençer | L67: 5062348586 | M67: Merkez | N67: Zafer 1. Bölge | O67: Zafer Mah. Adnan Menderes Bulv. No:22/B | P67: =VLOOKUP(A67,'import Afyon'!A:P,16,0) -> Geleneksel | Q67: TRUE | R67: Randevu Alındı | S67: Simge Tüçay | T67: Abdullah Ergin | V67: 44343 | W67: 44347 | Y67: Görüşüldü
A68: 60101300262a184fd4673da5 | B68: Çiğ Köfteci Ömer Usta, Merkez (Nazmi Saatçi Mah.) | C68: =VLOOKUP(A68,'import Afyon'!A:P,3,0) -> FALSE | D68: Çiğ Köfte | E68: =VLOOKUP(A68,'import Afyon'!A:P,5,0) -> 296 | F68: =VLOOKUP(A68,'import Afyon'!A:P,6,0) -> 0 | G68: =VLOOKUP(A68,'import Afyon'!A:P,7,0) -> 10 | H68: =VLOOKUP(A68,'import Afyon'!A:P,8,0) -> 25 | I68: =VLOOKUP(A68,'import Afyon'!A:P,9,0) -> 35 | J68: =VLOOKUP(A68,'import Afyon'!A:P,10,0) -> 0.29 | K68: Orçun Öner | L68: 5079984152 | M68: Merkez | N68: Nazmi Saatçi | O68: Nazmi Saatçi mahallesi şeyh Şamil Bulvarı no 93 a | P68: =VLOOKUP(A68,'import Afyon'!A:P,16,0) -> Geleneksel | Q68: FALSE | R68: Franchise | U68: çekim istemiyor ilgilenmiyorum dedi kapattı | Y68: Görüşüldü | Z68: 44351 | AI68: Simge Tüçay
A69: 6167d7158f102c1f8b80d1f6 | B69: Çiğköftem, Merkez (Erenler Mah.) | C69: =VLOOKUP(A69,'import Afyon'!A:P,3,0) -> TRUE | D69: Çiğ Köfte | E69: =VLOOKUP(A69,'import Afyon'!A:P,5,0) -> 356 | F69: =VLOOKUP(A69,'import Afyon'!A:P,6,0) -> 71 | G69: =VLOOKUP(A69,'import Afyon'!A:P,7,0) -> 46 | H69: =VLOOKUP(A69,'import Afyon'!A:P,8,0) -> 8 | I69: =VLOOKUP(A69,'import Afyon'!A:P,9,0) -> 54 | J69: =VLOOKUP(A69,'import Afyon'!A:P,10,0) -> 0.85 | K69: MURAT ÖNER | L69: 5060997897 | M69: Merkez | N69: Erenler 1. Bölge | O69: Erenler mahallesi 2775 sokak no: 29 Merkez Afyonkarahisar | P69: =VLOOKUP(A69,'import Afyon'!A:P,16,0) -> Key | Q69: FALSE | R69: Franchise
A70: 60a7ca74cef1ff05368b6571 | B70: Damak Pide & Lahmacun, Merkez (Kocatepe Mah.) | C70: =VLOOKUP(A70,'import Afyon'!A:P,3,0) -> TRUE | D70: Pide | E70: =VLOOKUP(A70,'import Afyon'!A:P,5,0) -> 1101 | F70: =VLOOKUP(A70,'import Afyon'!A:P,6,0) -> 50 | G70: =VLOOKUP(A70,'import Afyon'!A:P,7,0) -> 0 | H70: =VLOOKUP(A70,'import Afyon'!A:P,8,0) -> 15 | I70: =VLOOKUP(A70,'import Afyon'!A:P,9,0) -> 15 | J70: =VLOOKUP(A70,'import Afyon'!A:P,10,0) -> 0 | K70: MEHMET DALKILIÇ | L70: 2722167883 | M70: Merkez | N70: Kocatepe 1. Bölge | O70: KOCATEPE MAH. ADNAN MENDERES BLV. NO: 33 A MERKEZ AFYONKARAHİSAR | P70: =VLOOKUP(A70,'import Afyon'!A:P,16,0) -> Geleneksel | Q70: TRUE | U70: saha temsilcisi fotoğrafları almış | Y70: Görüşüldü | Z70: 44361 | AI70: Eylem Ünal
A71: 6213f5922d18ff164a9e005f | B71: Damla Döner, Merkez (Marulcu Mah.) | C71: =VLOOKUP(A71,'import Afyon'!A:P,3,0) -> TRUE | D71: Döner | E71: =VLOOKUP(A71,'import Afyon'!A:P,5,0) -> 6 | F71: =VLOOKUP(A71,'import Afyon'!A:P,6,0) -> 6 | G71: =VLOOKUP(A71,'import Afyon'!A:P,7,0) -> 0 | H71: =VLOOKUP(A71,'import Afyon'!A:P,8,0) -> 18 | I71: =VLOOKUP(A71,'import Afyon'!A:P,9,0) -> 18 | J71: =VLOOKUP(A71,'import Afyon'!A:P,10,0) -> 0 | K71: Seyfettin AYDOĞDU | L71: 2722154000 | M71: Merkez | N71: Fakıpaşa | O71: Marulcu mah. Kurtuluş cad. no 17A Merkez Afyon | P71: =VLOOKUP(A71,'import Afyon'!A:P,16,0) -> Geleneksel | Q71: FALSE
A72: 6171b6197853516b34e34774 | B72: Dede Kokoreç, Merkez (Fakıpaşa Mah.) | C72: =VLOOKUP(A72,'import Afyon'!A:P,3,0) -> TRUE | D72: Sokak Lezzetleri | E72: =VLOOKUP(A72,'import Afyon'!A:P,5,0) -> 30 | F72: =VLOOKUP(A72,'import Afyon'!A:P,6,0) -> 2 | G72: =VLOOKUP(A72,'import Afyon'!A:P,7,0) -> 0 | H72: =VLOOKUP(A72,'import Afyon'!A:P,8,0) -> 9 | I72: =VLOOKUP(A72,'import Afyon'!A:P,9,0) -> 9 | J72: =VLOOKUP(A72,'import Afyon'!A:P,10,0) -> 0 | K72: Özcan EROĞLU | L72: 5444233487 | M72: Merkez | N72: Fakıpaşa | O72: Fakıpaşa Mah. Kebapçıoğlu sokak no:2 Merkez AFYON | P72: =VLOOKUP(A72,'import Afyon'!A:P,16,0) -> Geleneksel | Q72: FALSE | R72: Çekim İstemiyor | U72: ilgilenecek durumumuz yok düşünmüyoruz potansiyelim de yüksek diyor. | Y72: Ulaşılamadı | Z72: 44522 | AA72: Ulaşılamadı | AB72: 44524 | AC72: Görüşüldü | AD72: 44537 | AI72: Tuğba Buyur | AJ72: Tuğba Buyur | AK72: Ayşegül Kır
A73: 61c238225eed8c5f7155fa9d | B73: Dedeoğlu Köfte, Afyon (Güvenevler Mah.) | C73: =VLOOKUP(A73,'import Afyon'!A:P,3,0) -> TRUE | D73: Sokak Lezzetleri | E73: =VLOOKUP(A73,'import Afyon'!A:P,5,0) -> 57 | F73: =VLOOKUP(A73,'import Afyon'!A:P,6,0) -> 0 | G73: =VLOOKUP(A73,'import Afyon'!A:P,7,0) -> 0 | H73: =VLOOKUP(A73,'import Afyon'!A:P,8,0) -> 15 | I73: =VLOOKUP(A73,'import Afyon'!A:P,9,0) -> 15 | J73: =VLOOKUP(A73,'import Afyon'!A:P,10,0) -> 0 | K73: Abdurrahman DEDEOĞLU | L73: 5425813991 | M73: Merkez | N73: Güvenevler | O73: Güvenevler mah. Şehit Selçuk GÜRDAL cad. no:58 merkez afyon | P73: =VLOOKUP(A73,'import Afyon'!A:P,16,0) -> Geleneksel | Q73: FALSE
A74: 604cba924fbb43f331313b15 | B74: Dinar Getir Marketing (Adliye Mah.) | C74: =VLOOKUP(A74,'import Afyon'!A:P,3,0) -> TRUE | D74: Diğer | E74: =VLOOKUP(A74,'import Afyon'!A:P,5,0) -> 107 | F74: =VLOOKUP(A74,'import Afyon'!A:P,6,0) -> 0 | G74: =VLOOKUP(A74,'import Afyon'!A:P,7,0) -> 0 | H74: =VLOOKUP(A74,'import Afyon'!A:P,8,0) -> 56 | I74: =VLOOKUP(A74,'import Afyon'!A:P,9,0) -> 56 | J74: =VLOOKUP(A74,'import Afyon'!A:P,10,0) -> 0 | K74: KADRİYE KIRELLİ | L74: 5443533939 | M74: Dinar | N74: Adliye | O74: Adliye Mah., İsmail Onbaşı Sok., No:3, Dinar, Afyonkarahisar, Türkiye, | P74: =VLOOKUP(A74,'import Afyon'!A:P,16,0) -> Geleneksel | Q74: FALSE | R74: Lokasyon Uzak
A75: 6023d0a049682fd8cea087f3 | B75: Down Restaurant, Merkez (Dumlupınar Mah.) | C75: =VLOOKUP(A75,'import Afyon'!A:P,3,0) -> TRUE | D75: Pasta & Tatlı | E75: =VLOOKUP(A75,'import Afyon'!A:P,5,0) -> 545 | F75: =VLOOKUP(A75,'import Afyon'!A:P,6,0) -> 20 | G75: =VLOOKUP(A75,'import Afyon'!A:P,7,0) -> 0 | H75: =VLOOKUP(A75,'import Afyon'!A:P,8,0) -> 55 | I75: =VLOOKUP(A75,'import Afyon'!A:P,9,0) -> 55 | J75: =VLOOKUP(A75,'import Afyon'!A:P,10,0) -> 0 | K75: Hüsnü Serteser | L75: 2722120019 | M75: Merkez | N75: Dumlupınar | O75: Dumlupınar Mah. Dumlupınar2 Cad. No:14 A Merkez/Afyonkarahisar | P75: =VLOOKUP(A75,'import Afyon'!A:P,16,0) -> Geleneksel | Q75: FALSE | R75: İleride Randevu Alınacak | U75: Kardeşi vefat etmiş ilgilenecek durumda değilim ilerleyen süreçte görüşelim diyor. 05336202772 fatma hanım yetkili | Y75: Görüşüldü | AA75: Yetkili Yok | AB75: 44354 | AC75: Dönüş Yapacak | AD75: 44355 | AE75: Yetkili Yok | AF75: 44361 | AG75: Görüşüldü | AH75: 44537 | AJ75: Nazmiye Yuka | AK75: Nazmiye Yuka | AL75: Hatem Soyaslan | AM75: Ayşegül Kır
A76: 60092056b4fcb4e0147602c1 | B76: Döner Ateşi, Merkez (Dörtyol Mah.,Kolaylı) | C76: =VLOOKUP(A76,'import Afyon'!A:P,3,0) -> FALSE | D76: Döner | E76: =VLOOKUP(A76,'import Afyon'!A:P,5,0) -> 89 | F76: =VLOOKUP(A76,'import Afyon'!A:P,6,0) -> 0 | G76: =VLOOKUP(A76,'import Afyon'!A:P,7,0) -> 0 | H76: =VLOOKUP(A76,'import Afyon'!A:P,8,0) -> 56 | I76: =VLOOKUP(A76,'import Afyon'!A:P,9,0) -> 56 | J76: =VLOOKUP(A76,'import Afyon'!A:P,10,0) -> 0 | K76: Ahmet Kolaylı | L76: 2722525555 | M76: Merkez | N76: Fevzi Çakmak | O76: DÖRTYOL MAHALLESİ TURGUT ÖZAL CADDESİ NO:69/1 MERKEZ AFYONKARAHİSAR KOLAYLI DİNLENME TESİSLERİ | P76: =VLOOKUP(A76,'import Afyon'!A:P,16,0) -> Geleneksel | Q76: FALSE | R76: Çekim İstemiyor | U76: numara verildi arayacaklar//numara aldı yetkili şehir dışında dönüş yapıcaklar// bi kopukluk olmuş sanırım ben hatem hanımla zaten görüşmüştüm dedi/birdaha bu konuyla alakalı beni aramasınlar dediler | Y76: Tekrar Aranacak | AA76: Yetkili Yok | AC76: Dönüş Yapacak | AE76: Görüşüldü | AF76: 44355 | AL76: Nazmiye Yuka
A77: 601011a4ee867554f422d0ce | B77: Dönercim, Merkez (Dumlupınar Mah) | C77: =VLOOKUP(A77,'import Afyon'!A:P,3,0) -> TRUE | D77: Döner | E77: =VLOOKUP(A77,'import Afyon'!A:P,5,0) -> 1490 | F77: =VLOOKUP(A77,'import Afyon'!A:P,6,0) -> 132 | G77: =VLOOKUP(A77,'import Afyon'!A:P,7,0) -> 11 | H77: =VLOOKUP(A77,'import Afyon'!A:P,8,0) -> 3 | I77: =VLOOKUP(A77,'import Afyon'!A:P,9,0) -> 14 | J77: =VLOOKUP(A77,'import Afyon'!A:P,10,0) -> 0.79 | K77: Abdullah Boran | L77: 5414091517 | M77: Merkez | N77: Nazmi Saatçi | O77: Dumlupınar mahallesi Kadınana caddesi Dumlu sitesi B blok No:69/1B Dönercim Merkez/Afyonkarahisar | P77: =VLOOKUP(A77,'import Afyon'!A:P,16,0) -> Geleneksel | Q77: FALSE | R77: Randevu Alındı | S77: Hatem Soyaslan | V77: 44341 | W77: 44342 | Y77: Görüşüldü
A78: 600bd373104d8b1d92f28041 | B78: Dürüm Vakti (Sahipata Mah.) | C78: =VLOOKUP(A78,'import Afyon'!A:P,3,0) -> FALSE | D78: Kebap | E78: =VLOOKUP(A78,'import Afyon'!A:P,5,0) -> 3 | F78: =VLOOKUP(A78,'import Afyon'!A:P,6,0) -> 0 | G78: =VLOOKUP(A78,'import Afyon'!A:P,7,0) -> 0 | H78: =VLOOKUP(A78,'import Afyon'!A:P,8,0) -> 8 | I78: =VLOOKUP(A78,'import Afyon'!A:P,9,0) -> 8 | J78: =VLOOKUP(A78,'import Afyon'!A:P,10,0) -> 0 | K78: EMİNE ŞAHİN | L78: 5418962113 | M78: Merkez | N78: Örnekevler | O78: veysel karani mahallesi 1094 sokak no:77 Ayfonkarahisar | P78: =VLOOKUP(A78,'import Afyon'!A:P,16,0) -> Geleneksel | Q78: FALSE | R78: Ulaşılamadı | U78: vodofona kayıtlı böyle bir numara bulunmamaktadır. | Y78: Ulaşılamadı | AA78: Ulaşılamadı | AC78: Ulaşılamadı | AE78: Ulaşılamadı | AF78: 44356 | AG78: Ulaşılamadı | AH78: 44363 | AK78: Hatem Soyaslan | AL78: Hatice Özer | AM78: Hatice Özer
A79: 601d3867d07d11eea1eb8faa | B79: Dürümcüm, Merkez (Güvenevler Mah.) | C79: =VLOOKUP(A79,'import Afyon'!A:P,3,0) -> TRUE | D79: Döner | E79: =VLOOKUP(A79,'import Afyon'!A:P,5,0) -> 1991 | F79: =VLOOKUP(A79,'import Afyon'!A:P,6,0) -> 82 | G79: =VLOOKUP(A79,'import Afyon'!A:P,7,0) -> 0 | H79: =VLOOKUP(A79,'import Afyon'!A:P,8,0) -> 10 | I79: =VLOOKUP(A79,'import Afyon'!A:P,9,0) -> 10 | J79: =VLOOKUP(A79,'import Afyon'!A:P,10,0) -> 0 | K79: Fatih Mehmet Çal | L79: 5461453006 | M79: Merkez | N79: Güvenevler | O79: Güvenevler Mah. Şehit Selçuk Gürdal Cad. No:24 A Merkez/Afyonkarahisar | P79: =VLOOKUP(A79,'import Afyon'!A:P,16,0) -> Geleneksel | Q79: FALSE | R79: Ulaşılamadı | U79: No kullanılmıyor/BÖYLE BİR NUMARA YOK | Y79: Ulaşılamadı | AA79: Ulaşılamadı | AC79: Ulaşılamadı | AE79: Ulaşılamadı | AG79: Ulaşılamadı | AH79: 44550 | AI79: Nurhayat Kabataş | AM79: Tuğba Buyur
A80: 6009a7b9c795bdb46c42a9c4 | B80: Ece Cafe ve Izgara, Merkez (Cumhuriyet Mah.) | C80: =VLOOKUP(A80,'import Afyon'!A:P,3,0) -> TRUE | D80: Tost & Sandviç | E80: =VLOOKUP(A80,'import Afyon'!A:P,5,0) -> 301 | F80: =VLOOKUP(A80,'import Afyon'!A:P,6,0) -> 1 | G80: =VLOOKUP(A80,'import Afyon'!A:P,7,0) -> 22 | H80: =VLOOKUP(A80,'import Afyon'!A:P,8,0) -> 25 | I80: =VLOOKUP(A80,'import Afyon'!A:P,9,0) -> 47 | J80: =VLOOKUP(A80,'import Afyon'!A:P,10,0) -> 0.47 | K80: Ebru Karakol | L80: 2723133599 | M80: Merkez | N80: Cumhuriyet | O80: Dumlupınar Mah., Kadınana Cad., No:122, Afyonkarahisar Merkez, Afyonkarahisar, Türkiye, | P80: =VLOOKUP(A80,'import Afyon'!A:P,16,0) -> Geleneksel | Q80: FALSE | R80: Randevu Alındı | S80: Zeliha Özer | U80: (0272) 213 35 99 eşiyle konuşcak saat 5 gibi arancak | V80: 44543 | W80: 44547 | Y80: Görüşüldü | AA80: Görüşüldü | AB80: 44540 | AC80: Görüşüldü | AD80: 44543 | AI80: Zeliha Özer | AJ80: Ferhat Köksal
A81: 61d5c1a829d8ce34d8093f8b | B81: Efe Adana Dürüm & Balık, Merkez (Erenler Mah.) | C81: =VLOOKUP(A81,'import Afyon'!A:P,3,0) -> TRUE | D81: Sokak Lezzetleri | E81: =VLOOKUP(A81,'import Afyon'!A:P,5,0) -> 260 | F81: =VLOOKUP(A81,'import Afyon'!A:P,6,0) -> 29 | G81: =VLOOKUP(A81,'import Afyon'!A:P,7,0) -> 0 | H81: =VLOOKUP(A81,'import Afyon'!A:P,8,0) -> 34 | I81: =VLOOKUP(A81,'import Afyon'!A:P,9,0) -> 34 | J81: =VLOOKUP(A81,'import Afyon'!A:P,10,0) -> 0 | K81: İhsan YAĞDAN | L81: 5379413323 | M81: Merkez | N81: Erenler 1. Bölge | O81: Erenler Mah. 2753 Sk. No:26 Merkez/ Afyonkarahisar | P81: =VLOOKUP(A81,'import Afyon'!A:P,16,0) -> Geleneksel | Q81: FALSE
A82: 616fb897e47d148f09179561 | B82: Efe'm Büfe & Tost, Merkez (Erenler Mah.) | C82: =VLOOKUP(A82,'import Afyon'!A:P,3,0) -> TRUE | D82: Tost & Sandviç | E82: =VLOOKUP(A82,'import Afyon'!A:P,5,0) -> 1142 | F82: =VLOOKUP(A82,'import Afyon'!A:P,6,0) -> 94 | G82: =VLOOKUP(A82,'import Afyon'!A:P,7,0) -> 8 | H82: =VLOOKUP(A82,'import Afyon'!A:P,8,0) -> 6 | I82: =VLOOKUP(A82,'import Afyon'!A:P,9,0) -> 14 | J82: =VLOOKUP(A82,'import Afyon'!A:P,10,0) -> 0.57 | K82: Ahmet Mücait NARCI | L82: 5376858903 | M82: Merkez | N82: Erenler 1. Bölge | O82: Erenler Mah. 2767 Sk. No:7 Merkez/ Afyonkarahisar | P82: =VLOOKUP(A82,'import Afyon'!A:P,16,0) -> Geleneksel | Q82: FALSE | R82: Randevu İptal | S82: Serap Apaydın | T82: Hülya Özbek | U82: tüm ürün çekimleri tekrardan saglanacak / FOTOĞRAFÇI ÇEKİME GİTMEMİŞ | V82: 44553 | W82: 44559 | Y82: Görüşüldü | Z82: 44529 | AA82: Görüşüldü | AB82: 44550 | AC82: Görüşüldü | AD82: 44553 | AI82: Zeliha Özer | AJ82: Tuğba Buyur | AK82: Serap Apaydın
A83: 6008365de4ab4ebb5e923507 | B83: Efeler Pide & Lahmacun, Merkez (Erenler Mah.) | C83: =VLOOKUP(A83,'import Afyon'!A:P,3,0) -> TRUE | D83: Pide | E83: =VLOOKUP(A83,'import Afyon'!A:P,5,0) -> 1324 | F83: =VLOOKUP(A83,'import Afyon'!A:P,6,0) -> 30 | G83: =VLOOKUP(A83,'import Afyon'!A:P,7,0) -> 7 | H83: =VLOOKUP(A83,'import Afyon'!A:P,8,0) -> 10 | I83: =VLOOKUP(A83,'import Afyon'!A:P,9,0) -> 17 | J83: =VLOOKUP(A83,'import Afyon'!A:P,10,0) -> 0.41 | K83: Oğuz Efe | L83: 5386433136 | M83: Merkez | N83: Erenler 1. Bölge | O83: Erenler Mah., 2786. Sok., No:24, Afyonkarahisar Merkez, Afyonkarahisar, Türkiye, | P83: =VLOOKUP(A83,'import Afyon'!A:P,16,0) -> Geleneksel | Q83: FALSE | R83: Randevu Alındı | S83: Serap Apaydın | U83: devam çekimi / daha sonra aranacak | V83: 44550 | W83: 44552 | Y83: Görüşüldü | AA83: Görüşüldü | AB83: 44540 | AC83: Görüşüldü | AD83: 44550 | AE83: Tekrar Aranacak | AF83: 44554 | AI83: Zeliha Özer | AJ83: Serap Apaydın | AK83: Betül Demir
A84: 601bdefedcf239caac7054d0 | B84: Egem Köfte Kokoreç Kebap Salonu, İscehisar ( Zeybek Mah.) | C84: =VLOOKUP(A84,'import Afyon'!A:P,3,0) -> FALSE | D84: Köfte | E84: =VLOOKUP(A84,'import Afyon'!A:P,5,0) -> 0 | F84: =VLOOKUP(A84,'import Afyon'!A:P,6,0) -> 0 | G84: =VLOOKUP(A84,'import Afyon'!A:P,7,0) -> 0 | H84: =VLOOKUP(A84,'import Afyon'!A:P,8,0) -> 26 | I84: =VLOOKUP(A84,'import Afyon'!A:P,9,0) -> 26 | J84: =VLOOKUP(A84,'import Afyon'!A:P,10,0) -> 0 | K84: Dilek Sav | L84: 5412903266 | M84: İscehisar | N84: Zeybek | O84: Zeybek Mah. Ankara Cad. No:41 İç Kapı No : 0 İscehisar/Afyonkarahisar | P84: =VLOOKUP(A84,'import Afyon'!A:P,16,0) -> Geleneksel | Q84: FALSE | R84: Lokasyon Uzak
A85: 60b23d676727d1d6a4a3dade | B85: Ehl-i Keyf Fast Food & Izgara, Merkez (Erenler Mah.) | C85: =VLOOKUP(A85,'import Afyon'!A:P,3,0) -> TRUE | D85: Pide | E85: =VLOOKUP(A85,'import Afyon'!A:P,5,0) -> 2125 | F85: =VLOOKUP(A85,'import Afyon'!A:P,6,0) -> 95 | G85: =VLOOKUP(A85,'import Afyon'!A:P,7,0) -> 29 | H85: =VLOOKUP(A85,'import Afyon'!A:P,8,0) -> 22 | I85: =VLOOKUP(A85,'import Afyon'!A:P,9,0) -> 51 | J85: =VLOOKUP(A85,'import Afyon'!A:P,10,0) -> 0.57 | K85: RAMAZAN POYRAZ | L85: 5315566303 | M85: Merkez | N85: Erenler 1. Bölge | O85: Erenler mah. 2750 sk no 9 Z merkez afyonkarahisar | P85: =VLOOKUP(A85,'import Afyon'!A:P,16,0) -> Geleneksel | Q85: FALSE | R85: Randevu İptal | S85: Tuğba Buyur | T85: Hülya Özbek | U85: personelim eksik şuan çekim sağlayamayız dei | V85: 44547 | W85: 44550 | Y85: Görüşüldü | Z85: 44361 | AA85: Yetkili Yok | AB85: 44530 | AC85: Görüşüldü | AD85: 44531 | AE85: Görüşüldü | AF85: 44547 | AG85: Görüşüldü | AH85: 44554 | AI85: Eylem Ünal | AJ85: Ayşegül Kır | AK85: Tuğba Buyur | AL85: Betül Demir
A86: 61c4d0280775a9f76ec2aabb | B86: Ekrem Coşkun Döner, Afyon (Dumlupınar Mah.) | C86: =VLOOKUP(A86,'import Afyon'!A:P,3,0) -> TRUE | D86: Döner | E86: =VLOOKUP(A86,'import Afyon'!A:P,5,0) -> 181 | F86: =VLOOKUP(A86,'import Afyon'!A:P,6,0) -> 36 | G86: =VLOOKUP(A86,'import Afyon'!A:P,7,0) -> 0 | H86: =VLOOKUP(A86,'import Afyon'!A:P,8,0) -> 23 | I86: =VLOOKUP(A86,'import Afyon'!A:P,9,0) -> 23 | J86: =VLOOKUP(A86,'import Afyon'!A:P,10,0) -> 0 | K86: Sitem Tuz.ve Gıda San.ve Tic. Ltd.Şti. | L86: 5541326888 | M86: Merkez | N86: Dumlupınar | O86: dumlupınar mah. Ordu Bulv. no:10 merkez afyon | P86: =VLOOKUP(A86,'import Afyon'!A:P,16,0) -> Geleneksel | Q86: FALSE
A87: 5ffeee303cc99fe847cd5986 | B87: Elif Katmer, Merkez (Cumhuriyet Mah.) | C87: =VLOOKUP(A87,'import Afyon'!A:P,3,0) -> TRUE | D87: Kahvaltı | E87: =VLOOKUP(A87,'import Afyon'!A:P,5,0) -> 892 | F87: =VLOOKUP(A87,'import Afyon'!A:P,6,0) -> 68 | G87: =VLOOKUP(A87,'import Afyon'!A:P,7,0) -> 10 | H87: =VLOOKUP(A87,'import Afyon'!A:P,8,0) -> 42 | I87: =VLOOKUP(A87,'import Afyon'!A:P,9,0) -> 52 | J87: =VLOOKUP(A87,'import Afyon'!A:P,10,0) -> 0.19 | K87: BİRCAN KAPLAN | L87: 5468578425 | M87: Merkez | N87: Cumhuriyet | O87: Cumhuriyet Mah. Mehmet Arpacıoğlu Cad. No:6/B | P87: =VLOOKUP(A87,'import Afyon'!A:P,16,0) -> Geleneksel | Q87: FALSE | R87: Randevu Alındı | S87: Hatem Soyaslan | U87: 905541101275// dönecekler /çekım ıstemıyorlar suanlşk / suratıma kapattı terbiyesizce | V87: 44342 | W87: 44344 | Y87: Görüşüldü | AA87: Görüşüldü | AB87: 44540 | AC87: Görüşüldü | AD87: 44546 | AE87: Görüşüldü | AF87: 44554 | AI87: Zeliha Özer | AK87: Selcan Topçu | AL87: Betül Demir
A88: 600163b5c92252efe93a9f1a | B88: Elit Bükme & Katmer & Gözleme Evi, Merkez (Cumhuriyet Mah.) | C88: =VLOOKUP(A88,'import Afyon'!A:P,3,0) -> TRUE | D88: Kahvaltı | E88: =VLOOKUP(A88,'import Afyon'!A:P,5,0) -> 319 | F88: =VLOOKUP(A88,'import Afyon'!A:P,6,0) -> 22 | G88: =VLOOKUP(A88,'import Afyon'!A:P,7,0) -> 0 | H88: =VLOOKUP(A88,'import Afyon'!A:P,8,0) -> 41 | I88: =VLOOKUP(A88,'import Afyon'!A:P,9,0) -> 41 | J88: =VLOOKUP(A88,'import Afyon'!A:P,10,0) -> 0 | K88: AYŞEGÜL KARAKUŞ | L88: 5445460603 | M88: Merkez | N88: Cumhuriyet | O88: Cumhuriyet Mah. Bekir Gümüş Cad. No:4/A | P88: =VLOOKUP(A88,'import Afyon'!A:P,16,0) -> Geleneksel | Q88: FALSE | R88: BlackList | U88: numara atıldı kendisi arayacak/müsait olunca ben arıycam dediler//sizin işiniz gücünüz yok mu kardeşim bune ya günde 4 kere arıyosunuz birbirinizden hiçmi haberiniz yok bir daha beni aramayın /canım isterse çektiririm istemezse çektirmem dedi | Y88: Tekrar Aranacak | AA88: Tekrar Aranacak | AC88: Dönüş Yapacak | AE88: Görüşüldü | AF88: 44354 | AG88: Görüşüldü | AH88: 44526 | AM88: Betül Demir
A89: 600e7aa1cb8d05c51d0c4595 | B89: Elit kebabistan | C89: =VLOOKUP(A89,'import Afyon'!A:P,3,0) -> TRUE | D89: Pide | E89: =VLOOKUP(A89,'import Afyon'!A:P,5,0) -> 95 | F89: =VLOOKUP(A89,'import Afyon'!A:P,6,0) -> 5 | G89: =VLOOKUP(A89,'import Afyon'!A:P,7,0) -> 0 | H89: =VLOOKUP(A89,'import Afyon'!A:P,8,0) -> 39 | I89: =VLOOKUP(A89,'import Afyon'!A:P,9,0) -> 39 | J89: =VLOOKUP(A89,'import Afyon'!A:P,10,0) -> 0 | K89: Mustafa çakal | L89: 5438531767 | M89: İhsaniye | N89: Yunus Emre 2. Bölge | O89: cumhuriyet mahallesi Atatürk caddesi no 2/1 Gazlıgöl kasabası İhsaniye/ Afyonkarahisar | P89: =VLOOKUP(A89,'import Afyon'!A:P,16,0) -> Geleneksel | Q89: FALSE | R89: Lokasyon Uzak
A90: 6213fc12f1a7d5da0c26a99b | B90: Elsa Izgara, Merkez (Erenler Mah.) | C90: =VLOOKUP(A90,'import Afyon'!A:P,3,0) -> TRUE | D90: Sokak Lezzetleri | E90: =VLOOKUP(A90,'import Afyon'!A:P,5,0) -> 9 | F90: =VLOOKUP(A90,'import Afyon'!A:P,6,0) -> 9 | G90: =VLOOKUP(A90,'import Afyon'!A:P,7,0) -> 0 | H90: =VLOOKUP(A90,'import Afyon'!A:P,8,0) -> 17 | I90: =VLOOKUP(A90,'import Afyon'!A:P,9,0) -> 17 | J90: =VLOOKUP(A90,'import Afyon'!A:P,10,0) -> 0 | K90: Doğukan TOPSAKAL | L90: 5333017203 | M90: Merkez | N90: Erenler 1. Bölge | O90: Erenler Mah. 2764 Sk. No:1 Merkez/ Afyonkarahisar | P90: =VLOOKUP(A90,'import Afyon'!A:P,16,0) -> Geleneksel | Q90: FALSE
A91: 60097a60f5c83e0e2a916fa1 | B91: Emilya ve Neşe Döner & Kokoreç | C91: =VLOOKUP(A91,'import Afyon'!A:P,3,0) -> TRUE | D91: Döner | E91: =VLOOKUP(A91,'import Afyon'!A:P,5,0) -> 502 | F91: =VLOOKUP(A91,'import Afyon'!A:P,6,0) -> 13 | G91: =VLOOKUP(A91,'import Afyon'!A:P,7,0) -> 0 | H91: =VLOOKUP(A91,'import Afyon'!A:P,8,0) -> 18 | I91: =VLOOKUP(A91,'import Afyon'!A:P,9,0) -> 18 | J91: =VLOOKUP(A91,'import Afyon'!A:P,10,0) -> 0 | K91: Embiye Mutlu | L91: 2722281200 | M91: Merkez | N91: Erenler 1. Bölge | O91: Erenler mahllesi.2753 sk.14/A merkez Afyonkarahisar | P91: =VLOOKUP(A91,'import Afyon'!A:P,16,0) -> Geleneksel | Q91: TRUE | R91: Çekim İstemiyor | U91: şuan fotosu yok ama çektirip maile atacak | Y91: Görüşüldü | AA91: Yetkili Yok | AB91: 44350 | AJ91: Eylem Ünal
A92: 60a63267c8ef45017fc21d34 | B92: Ercan ve Şakir Usta Kebap & Pide, İhsaniye (Esentepe Mah.) | C92: =VLOOKUP(A92,'import Afyon'!A:P,3,0) -> TRUE | D92: Kebap | E92: =VLOOKUP(A92,'import Afyon'!A:P,5,0) -> 50 | F92: =VLOOKUP(A92,'import Afyon'!A:P,6,0) -> 3 | G92: =VLOOKUP(A92,'import Afyon'!A:P,7,0) -> 0 | H92: =VLOOKUP(A92,'import Afyon'!A:P,8,0) -> 60 | I92: =VLOOKUP(A92,'import Afyon'!A:P,9,0) -> 60 | J92: =VLOOKUP(A92,'import Afyon'!A:P,10,0) -> 0 | K92: NURGÜL ÇALTEPE | L92: 5448303386 | M92: İhsaniye | N92: Cumhuriyet 2. Bölge | O92: ESENTEPE MAH. FATİH SULTAN MEHMET CAD. NO 54 İHSANİYE AFYONKARAHİSAR | P92: =VLOOKUP(A92,'import Afyon'!A:P,16,0) -> Geleneksel | Q92: FALSE | R92: Lokasyon Uzak
A93: 61e88271b5d55403eae43885 | B93: Eryiğit Pide & Kebap, Merkez (Orhangazi Mah.) | C93: =VLOOKUP(A93,'import Afyon'!A:P,3,0) -> TRUE | D93: Pide | E93: =VLOOKUP(A93,'import Afyon'!A:P,5,0) -> 59 | F93: =VLOOKUP(A93,'import Afyon'!A:P,6,0) -> 15 | G93: =VLOOKUP(A93,'import Afyon'!A:P,7,0) -> 0 | H93: =VLOOKUP(A93,'import Afyon'!A:P,8,0) -> 40 | I93: =VLOOKUP(A93,'import Afyon'!A:P,9,0) -> 40 | J93: =VLOOKUP(A93,'import Afyon'!A:P,10,0) -> 0 | K93: Osman ERYİĞİT | L93: 5454705771 | M93: Merkez | N93: Orhangazi | O93: osmangazi mah. 1818 sok no 1 Merkez AFYON | P93: =VLOOKUP(A93,'import Afyon'!A:P,16,0) -> Geleneksel | Q93: FALSE
A94: 614ad6aa2d69891e490dd927 | B94: Es Es Tantuni, Merkez (Erenler Mah.) | C94: =VLOOKUP(A94,'import Afyon'!A:P,3,0) -> TRUE | D94: Sokak Lezzetleri | E94: =VLOOKUP(A94,'import Afyon'!A:P,5,0) -> 1105 | F94: =VLOOKUP(A94,'import Afyon'!A:P,6,0) -> 16 | G94: =VLOOKUP(A94,'import Afyon'!A:P,7,0) -> 10 | H94: =VLOOKUP(A94,'import Afyon'!A:P,8,0) -> 0 | I94: =VLOOKUP(A94,'import Afyon'!A:P,9,0) -> 10 | J94: =VLOOKUP(A94,'import Afyon'!A:P,10,0) -> 1 | K94: Elif Yalman | L94: 5524602643 | M94: Merkez | N94: Erenler 1. Bölge | O94: Erenler 2768 sok. //A afyonkarahisar | P94: =VLOOKUP(A94,'import Afyon'!A:P,16,0) -> Geleneksel | Q94: FALSE | R94: Randevu Alındı | U94: yeni devir almış vergi levhası,isim değişikliği filan bekliyormuş sonrasında bizi arayacak osman beyden randevu alındı | V94: 44531 | W94: 44503 | Y94: Ulaşılamadı | Z94: 44529 | AA94: Dönüş Yapacak | AB94: 44529 | AC94: Görüşüldü | AD94: 44531 | AI94: Zeliha Özer | AJ94: Ayşegül Kır | AK94: Ayşegül Kır
A95: 604f5fd036e00204cb98d17f | B95: Eylül Pide & Lahmacun, Merkez (Erenler Mah.) | C95: =VLOOKUP(A95,'import Afyon'!A:P,3,0) -> TRUE | D95: Pide | E95: =VLOOKUP(A95,'import Afyon'!A:P,5,0) -> 1161 | F95: =VLOOKUP(A95,'import Afyon'!A:P,6,0) -> 34 | G95: =VLOOKUP(A95,'import Afyon'!A:P,7,0) -> 20 | H95: =VLOOKUP(A95,'import Afyon'!A:P,8,0) -> 14 | I95: =VLOOKUP(A95,'import Afyon'!A:P,9,0) -> 34 | J95: =VLOOKUP(A95,'import Afyon'!A:P,10,0) -> 0.59 | K95: FAHRETTİN ÇAVLAN | L95: 5074710506 | M95: Merkez | N95: Erenler 1. Bölge | O95: Erenler Mah. 2801. Sok No:3 Merkez Afyonkarahisar | P95: =VLOOKUP(A95,'import Afyon'!A:P,16,0) -> Geleneksel | Q95: FALSE | R95: Randevu Alındı | U95: dç için daha sonra görüşülcek ilerde / devam çekimini kesinlikle istemiyor | V95: 44531 | W95: 44533 | Y95: Tekrar Aranacak | AA95: Tekrar Aranacak | AC95: Tekrar Aranacak | AD95: 44348 | AE95: Ulaşılamadı | AF95: 44348 | AG95: Görüşüldü | AH95: 44554 | AK95: Simge Tüçay | AL95: Simge Tüçay | AM95: Betül Demir
A96: 6213f9ca4989141dea8070d4 | B96: Fatih 2 Pide, Merkez (Mareşal Fevzi Çakmak Mah.) | C96: =VLOOKUP(A96,'import Afyon'!A:P,3,0) -> TRUE | D96: Pide | E96: =VLOOKUP(A96,'import Afyon'!A:P,5,0) -> 1 | F96: =VLOOKUP(A96,'import Afyon'!A:P,6,0) -> 1 | G96: =VLOOKUP(A96,'import Afyon'!A:P,7,0) -> 0 | H96: =VLOOKUP(A96,'import Afyon'!A:P,8,0) -> 17 | I96: =VLOOKUP(A96,'import Afyon'!A:P,9,0) -> 17 | J96: =VLOOKUP(A96,'import Afyon'!A:P,10,0) -> 0 | K96: Adem ÖZKAYA | L96: 2722166381 | M96: Merkez | N96: Mareşal 1. Bölge | O96: Mareşal Fevzi çakmak mahallesi 384 sokak No 1 merkez afyonkarahisar | P96: =VLOOKUP(A96,'import Afyon'!A:P,16,0) -> Geleneksel | Q96: FALSE
A97: 607f0baf74815546ccdfd86f | B97: Fatih Cheff Çorba & Izgara, Merkez (Erenler Mah.) | C97: =VLOOKUP(A97,'import Afyon'!A:P,3,0) -> TRUE | D97: Tavuk | E97: =VLOOKUP(A97,'import Afyon'!A:P,5,0) -> 2 | F97: =VLOOKUP(A97,'import Afyon'!A:P,6,0) -> 0 | G97: =VLOOKUP(A97,'import Afyon'!A:P,7,0) -> 0 | H97: =VLOOKUP(A97,'import Afyon'!A:P,8,0) -> 16 | I97: =VLOOKUP(A97,'import Afyon'!A:P,9,0) -> 16 | J97: =VLOOKUP(A97,'import Afyon'!A:P,10,0) -> 0 | K97: FATİH ÇETİN | L97: 5543824379 | M97: Merkez | N97: Erenler 1. Bölge | O97: Erenler mah. 2775. sok no 29 A Merkez afyonkarahisar | P97: =VLOOKUP(A97,'import Afyon'!A:P,16,0) -> Geleneksel | Q97: FALSE | R97: Sistemden Çıkmak İstiyor | U97: 3 ürünü var sadece/yarım saat sonra ara/ getiri kapattım kullanmıycam | Y97: Görüşüldü | AA97: Tekrar Aranacak | AB97: 44547 | AC97: Görüşüldü | AD97: 44548 | AJ97: Tuğba Buyur | AK97: Sude Alkan
A98: 61314562c41035bc9b442a5f | B98: Fatih Kebap, Merkez (Fatih Mah.) | C98: =VLOOKUP(A98,'import Afyon'!A:P,3,0) -> TRUE | D98: Kebap | E98: =VLOOKUP(A98,'import Afyon'!A:P,5,0) -> 78 | F98: =VLOOKUP(A98,'import Afyon'!A:P,6,0) -> 0 | G98: =VLOOKUP(A98,'import Afyon'!A:P,7,0) -> 0 | H98: =VLOOKUP(A98,'import Afyon'!A:P,8,0) -> 40 | I98: =VLOOKUP(A98,'import Afyon'!A:P,9,0) -> 40 | J98: =VLOOKUP(A98,'import Afyon'!A:P,10,0) -> 0 | K98: Muhammed Özkaya | L98: 5339190584 | M98: Merkez | N98: Eşrefpaşa | O98: Afyon merkez fatih mahallesi taşocakları yolu üzeri no:6 fatih pazar yeri karşısı | P98: =VLOOKUP(A98,'import Afyon'!A:P,16,0) -> Geleneksel | Q98: TRUE | U98: yt yok döncekler | Y98: Yetkili Yok | Z98: 44522 | AA98: Görüşüldü | AB98: 44524 | AI98: Tuğba Buyur | AJ98: Tuğba Buyur
A99: 60533567b11073519b9b5d2d | B99: Fatih Pide, Merkez (Eşrefpaşa Mah.) | C99: =VLOOKUP(A99,'import Afyon'!A:P,3,0) -> TRUE | D99: Pide | E99: =VLOOKUP(A99,'import Afyon'!A:P,5,0) -> 1330 | F99: =VLOOKUP(A99,'import Afyon'!A:P,6,0) -> 219 | G99: =VLOOKUP(A99,'import Afyon'!A:P,7,0) -> 0 | H99: =VLOOKUP(A99,'import Afyon'!A:P,8,0) -> 34 | I99: =VLOOKUP(A99,'import Afyon'!A:P,9,0) -> 34 | J99: =VLOOKUP(A99,'import Afyon'!A:P,10,0) -> 0 | K99: AYŞE ÖZKAYA | L99: 5436566785 | M99: Merkez | N99: Eşrefpaşa | O99: Eşrefpaşa Mah. Taş Ocakları Yolu Cad. No:31/B Merkez Afyon | P99: =VLOOKUP(A99,'import Afyon'!A:P,16,0) -> Geleneksel | Q99: TRUE | R99: İleride Randevu Alınacak | U99: 5523766079verildi yanlış numara// fotoğrafı atmış maile//teyit için arandı gndermiş | Y99: Tekrar Aranacak | AA99: Görüşüldü | AB99: 44350
A100: 6082db378a6396c2a2023a84 | B100: Fatih Pide, Merkez (Fatih Mah.) | C100: =VLOOKUP(A100,'import Afyon'!A:P,3,0) -> TRUE | D100: Pide | E100: =VLOOKUP(A100,'import Afyon'!A:P,5,0) -> 455 | F100: =VLOOKUP(A100,'import Afyon'!A:P,6,0) -> 30 | G100: =VLOOKUP(A100,'import Afyon'!A:P,7,0) -> 9 | H100: =VLOOKUP(A100,'import Afyon'!A:P,8,0) -> 4 | I100: =VLOOKUP(A100,'import Afyon'!A:P,9,0) -> 13 | J100: =VLOOKUP(A100,'import Afyon'!A:P,10,0) -> 0.69 | K100: MEHMET ÖZKAYA | L100: 2722167224 | M100: Merkez | N100: Eşrefpaşa | O100: FATİH MAH. TAŞ OCAKLARI YOLU CAD. NO: 8 B İÇ KAPI NO: A MERKEZ/ AFYONKARAHİSAR | P100: =VLOOKUP(A100,'import Afyon'!A:P,16,0) -> Geleneksel | Q100: FALSE | R100: Randevu Alındı | S100: Betül Demir | T100: Hülya Özbek | U100: yt yok 1 saat sonra | V100: 44526 | W100: 44529 | Y100: Yetkili Yok | Z100: 44524 | AA100: Görüşüldü | AB100: 44526 | AI100: Tuğba Buyur | AJ100: Betül Demir
...

Sheet import Afyon
A1: Restaurant ID | B1: Restoran Adı | C1: Satışa Açık Mı? | D1: Mutfak | E1: TOPLAM SİPARİŞ | F1: SON 2 HAFTA | G1: RESİMLİ ÜRÜN | H1: RESİMSİZ ÜRÜN | I1: TOPLAM ÜRÜN | J1: Ratio | K1: Yetkili | L1: Telefon | M1: İLÇE | N1: MAHALLE | O1: ADRES | P1: Geleneksel Zincir | Q1: Eklendi Mi?
A2: 60c34ef36cdf3770e51e5b7f | B2: 03 Burger, Merkez (Marulcu Mah.) | C2: TRUE | D2: Burger | E2: 1548 | F2: 77 | G2: 8 | H2: 23 | I2: 31 | J2: 0.26 | K2: İSA AKGÜL | L2: 5435467703 | M2: Merkez | N2: Marulcu | O2: MARULCU MAH. GEDİK AHMET PAŞA CAD. TÜRKKUŞU APT. NO: 6 A MEERKEZ AFYONKARAHİSAR | P2: Geleneksel | Q2: =COUNTIF('Hedef Liste Afyon'!A:A,A2) -> 1
A3: 60129eac3a7478cfbb6024aa | B3: 1991 Tarihi Ortaköy Kumpircisi, Sandıklı (Ece Mah.) | C3: TRUE | D3: Sokak Lezzetleri | E3: 29 | F3: 0 | G3: 0 | H3: 30 | I3: 30 | J3: 0 | K3: Murat Koç | L3: 5068083236 | M3: Sandıklı | N3: Fatih | O3: Ece Mah. Konak Sokak No : 3 / 1 Sandıklı Afyonkarahisar | P3: Geleneksel | Q3: =COUNTIF('Hedef Liste Afyon'!A:A,A3) -> 1
A4: 61bb37a2cfa49ee2a32c1846 | B4: 5 Yıldız El Yoğurma Çiğ Köfte, Afyon (Marulcu Mah.) | C4: TRUE | D4: Çiğ Köfte | E4: 79 | F4: 16 | G4: 0 | H4: 28 | I4: 28 | J4: 0 | K4: Hanife YILDIZ | L4: 5050524614 | M4: Merkez | N4: Dumlupınar | O4: Marulcu mah. Kurtuluş cad. no 1A Merkez Afyon | P4: Geleneksel | Q4: =COUNTIF('Hedef Liste Afyon'!A:A,A4) -> 1
A5: 61726453314de4d74d344f45 | B5: 7 Köfte & Burger, Merkez (Hasan Karaağaç Mah.) | C5: TRUE | D5: Burger | E5: 207 | F5: 17 | G5: 27 | H5: 14 | I5: 41 | J5: 0.66 | K5: Mevlüt BAYEZİT | L5: 5448649466 | M5: Merkez | N5: Hasan Karaağaç | O5: Hasan Karaağaç mah. Şehit murat saraç Cad. no:24 Merkez Afyon | P5: Geleneksel | Q5: =COUNTIF('Hedef Liste Afyon'!A:A,A5) -> 1
A6: 6001bc325f70cdd74c904f76 | B6: A & B Chicky Döner, Merkez (Dumlupınar Mah.) | C6: TRUE | D6: Döner | E6: 9593 | F6: 758 | G6: 0 | H6: 31 | I6: 31 | J6: 0 | K6: BUĞRA YALÇIN | L6: 2722151984 | M6: Merkez | N6: Dumlupınar | O6: Dumlupınar mah. Kadınana cad. No:51/A | P6: Geleneksel | Q6: =COUNTIF('Hedef Liste Afyon'!A:A,A6) -> 1
A7: 616888f22e51437af9d2877e | B7: A & B Chicky, Merkez (Erenler Mah.) | C7: TRUE | D7: Döner | E7: 5467 | F7: 324 | G7: 12 | H7: 12 | I7: 24 | J7: 0.5 | K7: Ersin Alpaslan | L7: 2725026116 | M7: Merkez | N7: Erenler 1. Bölge | O7: Erenler mahallesi 2775 sokak no: 6 Merkez Afyonkarahisar | P7: Geleneksel | Q7: =COUNTIF('Hedef Liste Afyon'!A:A,A7) -> 1
A8: 61e876d1aa06107dd8564ab7 | B8: Acar Izgara & Kokoreç, Merkez ( M.Fevzi Çakmak Mah.) | C8: TRUE | D8: Sokak Lezzetleri | E8: 4 | F8: 1 | G8: 0 | H8: 10 | I8: 10 | J8: 0 | K8: Özcan ACAR | L8: 5435620884 | M8: Merkez | N8: Mareşal 2. Bölge | O8: Mareşal Fevzi çakmak mahallesi 370 sokak No 16 merkez afyonkarahisar | P8: Geleneksel | Q8: =COUNTIF('Hedef Liste Afyon'!A:A,A8) -> 1
A9: 619ff897af2d24626a3a137a | B9: Acar Kasap, Merkez (Osmangazi Mah.) | C9: TRUE | D9: Kebap | E9: 87 | F9: 22 | G9: 8 | H9: 7 | I9: 15 | J9: 0.53 | K9: Adem ACAR | L9: 5077948026 | M9: Merkez | N9: Osman Gazi | O9: osmangazi mah. 1547 sok no 111 Merkez AFYON | P9: Geleneksel | Q9: =COUNTIF('Hedef Liste Afyon'!A:A,A9) -> 1
A10: 61e87df8881bf74675512e48 | B10: Acıktım Pide & Lahmacun, Merkez (Karşıyaka Mah.) | C10: TRUE | D10: Pide | E10: 31 | F10: 19 | G10: 0 | H10: 13 | I10: 13 | J10: 0 | K10: Mustafa DAĞKUŞU | L10: 5458555532 | M10: Merkez | N10: Karşıyaka | O10: KARŞIYAKA MAH. HAMM ŞEHRİ BLV. NO: 18 B MERKEZ/ AFYONKARAHİSAR | P10: Geleneksel | Q10: =COUNTIF('Hedef Liste Afyon'!A:A,A10) -> 1
A11: 60afb6fd137b102dfdb55e28 | B11: Adios Cafe & Fast Food, Merkez (Erenler Mah.) | C11: TRUE | D11: Tost & Sandviç | E11: 1860 | F11: 256 | G11: 36 | H11: 18 | I11: 54 | J11: 0.67 | K11: Zehra ERKMEN | L11: 5448440303 | M11: Merkez | N11: Erenler 1. Bölge | O11: ERENLER MAH. 2753. SK. 3/C MERKEZ AFYONKARAHİSAR | P11: Geleneksel | Q11: =COUNTIF('Hedef Liste Afyon'!A:A,A11) -> 1
A12: 604f97f3e8100684324cc46b | B12: Adıyaman Çiğ Köfteci Erkan Usta, Merkez (Dumlupınar Mah) | C12: TRUE | D12: Çiğ Köfte | E12: 139 | F12: 8 | G12: 10 | H12: 6 | I12: 16 | J12: 0.63 | K12: KADİR KAHRAMAN | L12: 5443185944 | M12: Merkez | N12: Dumlupınar | O12: Dumlupınar Mahallesi Yeşilyol Caddesi D:No:34/A, 03200 Afyonkarahisar Merkez/Afyonkarahisar | P12: Geleneksel | Q12: =COUNTIF('Hedef Liste Afyon'!A:A,A12) -> 1
A13: 60c746bc24bd564bacf5d3c7 | B13: Adıyaman Çiğ Köftecisi Kadir Usta, Merkez (Atatürk Cad.) | C13: TRUE | D13: Çiğ Köfte | E13: 137 | F13: 0 | G13: 6 | H13: 9 | I13: 15 | J13: 0.4 | K13: MUHAMMED ALİ ÇETİN | L13: 5331287606 | M13: Merkez | N13: Güvenevler | O13: Dumlupınar Mah. Atatürk cad. ravza apt no 1 / A merkez afyonkarahisar | P13: Geleneksel | Q13: =COUNTIF('Hedef Liste Afyon'!A:A,A13) -> 1
... A260: 61c22f836ad39c1a64523108 | B260: Zekiler Pide, Merkez (Burmalı Mah.) | C260: FALSE | D260: Pide | E260: 0 | F260: 0 | G260: 0 | H260: 8 | I260: 8 | J260: 0 | K260: Nurcan DEMİRAYAK | L260: 5369222514 | M260: Merkez | N260: Burmalı | O260: burmalı mah. basın cad. no:52 merkez Afyon | P260: Geleneksel | Q260: =COUNTIF('Hedef Liste Afyon'!A:A,A260) -> 0

Sheet Sayfa41

Sheet Hedef Liste Malatya
A1: Restaurant ID | B1: Restoran Adı | C1: Satışa Açık Mı? | D1: Mutfak | E1: TOPLAM SİPARİŞ | F1: SON 2 HAFTA | G1: RESİMLİ ÜRÜN | H1: RESİMSİZ ÜRÜN | I1: TOPLAM ÜRÜN | J1: Ratio | K1: Yetkili | L1: Telefon | M1: İLÇE | N1: MAHALLE | O1: ADRES | P1: Geleneksel Zincir | Q1: Kendi Fotosu Var | R1: Randevu Durumu | S1: Randevu Alan | T1: Fotoğrafçı | U1: Not | V1: Randevu Alma Tarihi | W1: Randevu Tarihi | X1: Anket Durum | Y1: 1. Arama | Z1: 1. Arama Tarihi | AA1: 2. Arama | AB1: 2. Arama Tarihi | AC1: 3. Arama | AD1: 3. Arama Tarihi | AE1: 4. Arama | AF1: 4. Arama Tarihi | AG1: 5. Arama | AH1: 5. Arama Tarihi | AI1: 1. Arayan | AJ1: 2. Arayan | AK1: 3. Arayan | AL1: 4. Arayan | AM1: 5. Arayan
A2: 6009855fc669c202f69d2c3e | B2: @'li Burger, Yeşilyurt (İnönü Mah. - Malatyapark Avm) | C2: =VLOOKUP(A2,'import Malatya'!A:P,3,0) -> DOĞRU | D2: Burger | E2: =VLOOKUP(A2,'import Malatya'!A:P,5,0) -> 101 | F2: =VLOOKUP(A2,'import Malatya'!A:P,6,0) | G2: =VLOOKUP(A2,'import Malatya'!A:P,7,0) -> 7 | H2: =VLOOKUP(A2,'import Malatya'!A:P,8,0) -> 11 | I2: =VLOOKUP(A2,'import Malatya'!A:P,9,0) -> 18 | J2: =VLOOKUP(A2,'import Malatya'!A:P,10,0) -> 0.39 | K2: Engin Kalkan | L2: 5379567496 | M2: Yeşilyurt | N2: İnönü | O2: İnönü mahallesi İnönü caddesi Malatyapark no:178/2035 Yeşilyurt Malatya | P2: =VLOOKUP(A2,'import Malatya'!A:P,16,0) -> Geleneksel | Q2: FALSE | R2: Randevu Alındı | S2: Betül Demir | T2: Ece Özşahin | U2: yetkili şehir dışına çıkmış cuma gününe ert. sağlanıldı | V2: 44602 | W2: 44603 | Y2: Ulaşılamadı | Z2: 44564 | AA2: Görüşüldü | AB2: 44571 | AC2: Görüşüldü | AD2: 44582 | AE2: Görüşüldü | AF2: 44581 | AG2: Görüşüldü | AH2: 44602 | AI2: Hatem Soyaslan | AJ2: Selcan Topçu | AK2: Selcan Topçu | AL2: Kübra Toprak | AM2: Betül Demir
A3: 600036fadef388f964e0c07e | B3: 1517 KAHVEM (Tecde Mah.) | C3: =VLOOKUP(A3,'import Malatya'!A:P,3,0) -> DOĞRU | D3: Burger | E3: =VLOOKUP(A3,'import Malatya'!A:P,5,0) -> 174 | F3: =VLOOKUP(A3,'import Malatya'!A:P,6,0) -> 1 | G3: =VLOOKUP(A3,'import Malatya'!A:P,7,0) -> 0 | H3: =VLOOKUP(A3,'import Malatya'!A:P,8,0) -> 59 | I3: =VLOOKUP(A3,'import Malatya'!A:P,9,0) -> 59 | J3: =VLOOKUP(A3,'import Malatya'!A:P,10,0) -> 0 | K3: Sevilay Okuşluk | L3: 5394401517 | M3: Yeşilyurt | N3: Tecde 2. Bölge | O3: Tecde Mah. Altınkayısı Blv. No:19B | P3: =VLOOKUP(A3,'import Malatya'!A:P,16,0) -> Geleneksel | Q3: FALSE | R3: Dönüş Yapacak | U3: meşgule atıyor.- geldiğinde ara sizi dedi | Y3: Dönüş Yapacak | Z3: 44537 | AA3: Ulaşılamadı | AB3: 44539 | AC3: Ulaşılamadı | AD3: 44543 | AE3: Görüşüldü | AF3: 44607 | AI3: Betül Demir | AJ3: Ayşegül Kır | AK3: Ayşegül Kır | AL3: Ferhat Köksal
A4: 606a3b8d0c5b641869d69028 | B4: 1991 Tarihi Ortaköy Kumpircisi Premium, Yeşilyurt (Tecde Mah.) | C4: =VLOOKUP(A4,'import Malatya'!A:P,3,0) -> DOĞRU | D4: Sokak Lezzetleri | E4: =VLOOKUP(A4,'import Malatya'!A:P,5,0) -> 592 | F4: =VLOOKUP(A4,'import Malatya'!A:P,6,0) -> 17 | G4: =VLOOKUP(A4,'import Malatya'!A:P,7,0) -> 0 | H4: =VLOOKUP(A4,'import Malatya'!A:P,8,0) -> 11 | I4: =VLOOKUP(A4,'import Malatya'!A:P,9,0) -> 11 | J4: =VLOOKUP(A4,'import Malatya'!A:P,10,0) -> 0 | K4: METİN ÖNER ÖZTÜRK | L4: 5423214475 | M4: Yeşilyurt | N4: Çilesiz | O4: Tecde Mah. Figen Sok. No : 6/A Yeşilyurt / Malatya | P4: =VLOOKUP(A4,'import Malatya'!A:P,16,0) -> Geleneksel | Q4: TRUE | U4: fotoğrafları varmış sisteme yükleyecekmiş | Y4: Görüşüldü | Z4: 44538 | AI4: Betül Demir
A5: 6042078cb04af544ac9a2c00 | B5: 7 Lokma, Battalgazi (Kernek Mah. - Kanalboyu Cad.) | C5: =VLOOKUP(A5,'import Malatya'!A:P,3,0) -> DOĞRU | D5: Pasta & Tatlı | E5: =VLOOKUP(A5,'import Malatya'!A:P,5,0) -> 170 | F5: =VLOOKUP(A5,'import Malatya'!A:P,6,0) -> 18 | G5: =VLOOKUP(A5,'import Malatya'!A:P,7,0) -> 8 | H5: =VLOOKUP(A5,'import Malatya'!A:P,8,0) -> 3 | I5: =VLOOKUP(A5,'import Malatya'!A:P,9,0) -> 11 | J5: =VLOOKUP(A5,'import Malatya'!A:P,10,0) -> 0.73 | K5: Zeynep Karaman | L5: 4223245443 | M5: Battalgazi | N5: Kernek | O5: Kernek Mah. Şehit Hamit Fendoğlu Cad. Pekşen No:5/B Battalgazi/Malatya | P5: =VLOOKUP(A5,'import Malatya'!A:P,16,0) -> Geleneksel | Q5: FALSE | R5: Randevu Alındı | S5: Selcan Topçu | V5: 44522 | W5: 44524 | Y5: Tekrar Aranacak | Z5: 44518 | AA5: Görüşüldü | AB5: 44522 | AI5: Sude Alkan | AJ5: Selcan Topçu
A6: 603e1e129ba18ef12304a9cc | B6: Abooov Kebap & Dürüm, Battalgazi (Akpınar Mah.) | C6: =VLOOKUP(A6,'import Malatya'!A:P,3,0) -> DOĞRU | D6: Kebap | E6: =VLOOKUP(A6,'import Malatya'!A:P,5,0) -> 856 | F6: =VLOOKUP(A6,'import Malatya'!A:P,6,0) -> 47 | G6: =VLOOKUP(A6,'import Malatya'!A:P,7,0) -> 0 | H6: =VLOOKUP(A6,'import Malatya'!A:P,8,0) -> 39 | I6: =VLOOKUP(A6,'import Malatya'!A:P,9,0) -> 39 | J6: =VLOOKUP(A6,'import Malatya'!A:P,10,0) -> 0 | K6: MEHMET BERKAN KUŞANAÇ | L6: 4223260026 | M6: Battalgazi | N6: Akpınar | O6: Akpınar Mah. Dışbudak Sok. Demircigil Ap. No : 19/A Battalgazi/Malatya | P6: =VLOOKUP(A6,'import Malatya'!A:P,16,0) -> Geleneksel | Q6: TRUE | R6: Çekim İstemiyor | U6: kendı cekıp atmak ıstedı / yetkili 12 gibi gelir | Y6: Dönüş Yapacak | Z6: 44522 | AA6: Görüşüldü | AB6: 44527 | AC6: Yetkili Yok | AD6: 44657 | AI6: Sude Alkan | AJ6: Betül Demir | AK6: Betül Demir
A7: 61237ab2367008cdcd1a485f | B7: Acım Çiğ Köfte, Yeşilyurt (Bostanbaşı Mah.) | C7: =VLOOKUP(A7,'import Malatya'!A:P,3,0) -> DOĞRU | D7: Çiğ Köfte | E7: =VLOOKUP(A7,'import Malatya'!A:P,5,0) -> 464 | F7: =VLOOKUP(A7,'import Malatya'!A:P,6,0) -> 16 | G7: =VLOOKUP(A7,'import Malatya'!A:P,7,0) -> 9 | H7: =VLOOKUP(A7,'import Malatya'!A:P,8,0) -> 4 | I7: =VLOOKUP(A7,'import Malatya'!A:P,9,0) -> 13 | J7: =VLOOKUP(A7,'import Malatya'!A:P,10,0) -> 0.69 | K7: Talha Turan | L7: 5303983970 | M7: Yeşilyurt | N7: Bostanbaşı | O7: Barguzu sosyal tesisleri arkası | P7: =VLOOKUP(A7,'import Malatya'!A:P,16,0) -> Geleneksel | Q7: FALSE | R7: Randevu Alındı | S7: Ayşegül Kır | T7: Ece Özşahin | U7: Eylül sok. No:6 /Lokasyon Uzak Bundan dolayı ertelendı// çekim sağlamış | V7: 44543 | W7: 44546 | Y7: Tekrar Aranacak | Z7: 44538 | AA7: Görüşüldü | AB7: 44539 | AC7: Görüşüldü | AD7: 44543 | AI7: Ayşegül Kır | AJ7: Ayşegül Kır | AK7: Ayşegül Kır
A8: 6040cd724366fc929cc9442e | B8: Adana Ciğer 01, Yeşilyurt (Turgut Özal Mah.) | C8: =VLOOKUP(A8,'import Malatya'!A:P,3,0) -> DOĞRU | D8: Kebap | E8: =VLOOKUP(A8,'import Malatya'!A:P,5,0) -> 887 | F8: =VLOOKUP(A8,'import Malatya'!A:P,6,0) -> 95 | G8: =VLOOKUP(A8,'import Malatya'!A:P,7,0) -> 20 | H8: =VLOOKUP(A8,'import Malatya'!A:P,8,0) -> 14 | I8: =VLOOKUP(A8,'import Malatya'!A:P,9,0) -> 34 | J8: =VLOOKUP(A8,'import Malatya'!A:P,10,0) -> 0.59 | K8: Deniz Kurnaz | L8: 5340364949 | M8: Yeşilyurt | N8: Turgut Özal | O8: Turgut Özal Mah. Fahri Kayahan Bulvarı No:81/A Yeşilyurt / Malatya | P8: =VLOOKUP(A8,'import Malatya'!A:P,16,0) -> Geleneksel | Q8: FALSE | R8: Çekim İstemiyor | U8: kurye hizmetinden yaralnmak istiyor diğer konularda da biraz şikayetçi oyüzden çekimi istemedi ben yardımcı olabileceğimi yetikili kişilere ileteceğimi belirttim ama istemedi / yetkili gelince dönüş sağlayacak | Y8: Dönüş Yapacak | Z8: 44529 | AA8: Görüşüldü | AB8: 44529 | AC8: Dönüş Yapacak | AD8: 44572 | AI8: Hatem Soyaslan | AJ8: Hatem Soyaslan | AK8: Betül Demir
A9: 6227670418d081d731697ce4 | B9: Adıyaman Çiğ Köftecisi Halil Gençalp, Battalgazi (Fırat Mah.) | C9: =VLOOKUP(A9,'import Malatya'!A:P,3,0) -> DOĞRU | D9: Çiğ Köfte | E9: =VLOOKUP(A9,'import Malatya'!A:P,5,0) -> 41 | F9: =VLOOKUP(A9,'import Malatya'!A:P,6,0) -> 30 | G9: =VLOOKUP(A9,'import Malatya'!A:P,7,0) -> 0 | H9: =VLOOKUP(A9,'import Malatya'!A:P,8,0) -> 4 | I9: =VLOOKUP(A9,'import Malatya'!A:P,9,0) -> 4 | J9: =VLOOKUP(A9,'import Malatya'!A:P,10,0) -> 0 | K9: Halil gençalp | L9: 4223251015 | M9: Battalgazi | N9: Fırat | O9: Fırat mahallesi inderesi caddesi no 2/A battalgazi Malatya | P9: =VLOOKUP(A9,'import Malatya'!A:P,16,0) -> Geleneksel | Q9: FALSE
A10: 620ab034b24b4a40a81105b3 | B10: Adıyaman Çiğ Köftecisi Ramazan Doğru, Battalgazi (Üçbağlar Mah.) | C10: =VLOOKUP(A10,'import Malatya'!A:P,3,0) -> DOĞRU | D10: Çiğ Köfte | E10: =VLOOKUP(A10,'import Malatya'!A:P,5,0) -> 64 | F10: =VLOOKUP(A10,'import Malatya'!A:P,6,0) -> 12 | G10: =VLOOKUP(A10,'import Malatya'!A:P,7,0) -> 0 | H10: =VLOOKUP(A10,'import Malatya'!A:P,8,0) -> 10 | I10: =VLOOKUP(A10,'import Malatya'!A:P,9,0) -> 10 | J10: =VLOOKUP(A10,'import Malatya'!A:P,10,0) -> 0 | K10: HASAN DOĞRU | L10: 4223240206 | M10: Battalgazi | N10: Üçbağlar | O10: Üçbağlar Mah. Sivas Cad. No:51/B Battalgazi/Malatya | P10: =VLOOKUP(A10,'import Malatya'!A:P,16,0) -> Geleneksel | Q10: FALSE | R10: Franchise
A11: 6156054cbda542c00fd4c169 | B11: Adıyaman Çiğköftecisi Mehmet Usta,Yeşilyurt(Tevfik Temelli Cad.) | C11: =VLOOKUP(A11,'import Malatya'!A:P,3,0) -> DOĞRU | D11: Çiğ Köfte | E11: =VLOOKUP(A11,'import Malatya'!A:P,5,0) -> 17 | F11: =VLOOKUP(A11,'import Malatya'!A:P,6,0) -> 11 | G11: =VLOOKUP(A11,'import Malatya'!A:P,7,0) -> 1 | H11: =VLOOKUP(A11,'import Malatya'!A:P,8,0) -> 6 | I11: =VLOOKUP(A11,'import Malatya'!A:P,9,0) -> 7 | J11: =VLOOKUP(A11,'import Malatya'!A:P,10,0) -> 0.14 | K11: Mehmet Can Akıncı | L11: 5337036830 | M11: Yeşilyurt | N11: Zaviye | O11: Tevfik Temelli Cad. Dilemma Sok. Evkur Sitesi No:A1 Yeşilyurt/Malatya | P11: =VLOOKUP(A11,'import Malatya'!A:P,16,0) -> Geleneksel | Q11: FALSE | R11: İleride Randevu Alınacak | S11: Ferhat Köksal | T11: Ece Özşahin | U11: ulaşılamadı / diğer haftalarda oalbilir dedi | V11: 44572 | W11: 44575 | Y11: Ulaşılamadı | Z11: 44539 | AA11: Görüşüldü | AB11: 44543 | AC11: Ulaşılamadı | AD11: 44557 | AE11: Görüşüldü | AF11: 44560 | AG11: Ulaşılamadı | AH11: 44629 | AI11: Ayşegül Kır | AJ11: Ayşegül Kır | AK11: Yurdagül Kulaksız | AL11: Selcan Topçu | AM11: Yurdagül Kulaksız
A12: 6204253801d93e2abe39196b | B12: Adıyamanlıgil Çiğ Köfte, Battalgazi (Saray Mah.) | C12: =VLOOKUP(A12,'import Malatya'!A:P,3,0) -> DOĞRU | D12: Çiğ Köfte | E12: =VLOOKUP(A12,'import Malatya'!A:P,5,0) -> 24 | F12: =VLOOKUP(A12,'import Malatya'!A:P,6,0) | G12: =VLOOKUP(A12,'import Malatya'!A:P,7,0) -> 15 | H12: =VLOOKUP(A12,'import Malatya'!A:P,8,0) -> 5 | I12: =VLOOKUP(A12,'import Malatya'!A:P,9,0) -> 20 | J12: =VLOOKUP(A12,'import Malatya'!A:P,10,0) -> 0.75 | K12: İbrahim Bulut | L12: 4223239800 | M12: Battalgazi | N12: Saray | O12: Saray Mah. Beşkonaklar Cad. Akça No:12/A Battalgazi/Malatya | P12: =VLOOKUP(A12,'import Malatya'!A:P,16,0) -> Geleneksel | Q12: FALSE | R12: Randevu Alındı | S12: Selcan Topçu | T12: Ece Özşahin | V12: 44631 | W12: 44634 | Y12: Görüşüldü | Z12: 44608 | AA12: Görüşüldü | AB12: 44631 | AI12: Ferhat Köksal | AJ12: Selcan Topçu
A13: 61c4ecc12c30501b8bd55c70 | B13: Adil Usta Kadayıf & Baklava, Yeşilyurt (Şifa Mah.) | C13: =VLOOKUP(A13,'import Malatya'!A:P,3,0) -> DOĞRU | D13: Pasta & Tatlı | E13: =VLOOKUP(A13,'import Malatya'!A:P,5,0) -> 3 | F13: =VLOOKUP(A13,'import Malatya'!A:P,6,0) | G13: =VLOOKUP(A13,'import Malatya'!A:P,7,0) -> 19 | H13: =VLOOKUP(A13,'import Malatya'!A:P,8,0) -> 12 | I13: =VLOOKUP(A13,'import Malatya'!A:P,9,0) -> 31 | J13: =VLOOKUP(A13,'import Malatya'!A:P,10,0) -> 0.61 | K13: ADİL ATALAY | L13: 5437605487 | M13: Battalgazi | N13: Şifa | O13: Çavuşoğlu mah yeşiltepe yolu sok.No:14 merkez yeşilyurt/malatya | P13: =VLOOKUP(A13,'import Malatya'!A:P,16,0) -> Geleneksel | Q13: FALSE | R13: Randevu Alındı | S13: Betül Demir | T13: Ece Özşahin | V13: 44600 | W13: 44602 | Y13: Görüşüldü | Z13: 44578 | AA13: Görüşüldü | AB13: 44580 | AC13: Görüşüldü | AD13: 44599 | AE13: Görüşüldü | AF13: 44600 | AI13: Hatem Soyaslan | AJ13: Zeliha Özer | AK13: Betül Demir | AL13: Betül Demir
A14: 62264d1c73b5976c4a7668a5 | B14: Ado Dondurma & Pastane, Battalgazi (Kernek Mah.) | C14: =VLOOKUP(A14,'import Malatya'!A:P,3,0) -> DOĞRU | D14: Pasta & Tatlı | E14: =VLOOKUP(A14,'import Malatya'!A:P,5,0) -> 159 | F14: =VLOOKUP(A14,'import Malatya'!A:P,6,0) -> 93 | G14: =VLOOKUP(A14,'import Malatya'!A:P,7,0) -> 70 | H14: =VLOOKUP(A14,'import Malatya'!A:P,8,0) -> 31 | I14: =VLOOKUP(A14,'import Malatya'!A:P,9,0) -> 101 | J14: =VLOOKUP(A14,'import Malatya'!A:P,10,0) -> 0.69 | K14: Abdulkadir Oğuzlar | L14: 5448004646 | M14: Battalgazi | N14: Kernek | O14: Kernek Mah. Şehit Hamit Fendoğlu Cad. No:7 Battalgazi/Malatya | P14: =VLOOKUP(A14,'import Malatya'!A:P,16,0) -> Geleneksel | Q14: FALSE | R14: Randevu Alındı | S14: Ferhat Köksal | T14: Ece Özşahin | U14: devam çekimi alındı | V14: 44657 | W14: 44658 | Y14: Görüşüldü | Z14: 44634 | AA14: Görüşüldü | AB14: 44635 | AC14: Görüşüldü | AD14: 44657 | AI14: Ferhat Köksal | AJ14: Ferhat Köksal | AK14: Ferhat Köksal
